ISO-10303-21;
HEADER;
/* Generated by software containing ST-Developer
 * from STEP Tools, Inc. (www.steptools.com) 
 */

FILE_DESCRIPTION(
/* description */ ('AMORTECEDOR XTZ'),
/* implementation_level */ '2;1');

FILE_NAME(
/* name */ 'C:\\Users\\anderson\\Desktop\\GRABCAD\\AMORTECEDOR XTZ.stp',

/* time_stamp */ '2017-09-13T07:56:06-03:00',
/* author */ ('anderson'),
/* organization */ (' '),
/* preprocessor_version */ 'ST-DEVELOPER v16.1',
/* originating_system */ 'Autodesk Inventor 2016',
/* authorisation */ '');

FILE_SCHEMA (('AUTOMOTIVE_DESIGN { 1 0 10303 214 3 1 1 }'));
ENDSEC;

DATA;
#10=MECHANICAL_DESIGN_GEOMETRIC_PRESENTATION_REPRESENTATION('',(#2581,#2582,
#2583,#2584,#2585,#2586,#2542,#2543,#2544,#2545,#2546,#2555,#2556,#2557,
#2558,#2559,#2571,#2572,#2573,#2574,#2575,#2528,#2529,#2530,#2531,#2532,
#2533,#2474,#2475,#2476,#2477,#2478,#2447,#2448,#2449,#2466,#2467,#2468,
#2469,#2470,#2534,#2535,#2536,#2537,#2538,#2539,#2540,#2541,#2560,#2561,
#2562,#2563,#2564,#2565,#2566,#2450,#2451,#2452,#2511,#2512,#2513,#2514,
#2515,#2516,#2462,#2463,#2464,#2465,#2576,#2577,#2578,#2579,#2580,#2587,
#2588,#2589,#2590,#2591,#2592,#2567,#2568,#2569,#2570,#2488,#2489,#2490,
#2491,#2492,#2459,#2455,#2456,#2457,#2458,#2460,#2461,#2484,#2485,#2486,
#2487,#2547,#2548,#2549,#2550,#2551,#2552,#2553,#2554,#2593,#2594,#2595,
#2596,#2597,#2598,#2599,#2600,#2601,#2602,#2603,#2604,#2605,#2606,#2607,
#2608,#2609,#2610,#2611,#2612,#2471,#2472,#2473,#2523,#2524,#2525,#2526,
#2527,#2479,#2480,#2481,#2482,#2483,#2446,#2493,#2494,#2495,#2496,#2497,
#2498,#2505,#2506,#2507,#2508,#2509,#2510,#2499,#2500,#2501,#2502,#2503,
#2504,#2453,#2454,#2517,#2518,#2519,#2520,#2521,#2522),#7641);
#11=SHAPE_REPRESENTATION_RELATIONSHIP('SRR','None',#7650,#12);
#12=ADVANCED_BREP_SHAPE_REPRESENTATION('',(#13,#14),#7640);
#13=MANIFOLD_SOLID_BREP('Solid4',#2778);
#14=MANIFOLD_SOLID_BREP('Solid4',#2779);
#15=CONICAL_SURFACE('',#2951,17.9125,47.2233784153628);
#16=CONICAL_SURFACE('',#2987,16.7,45.);
#17=CONICAL_SURFACE('',#3041,15.25,24.2277453179542);
#18=TOROIDAL_SURFACE('',#2840,30.1,3.);
#19=TOROIDAL_SURFACE('',#2856,3.675,0.5);
#20=TOROIDAL_SURFACE('',#2862,3.675,0.5);
#21=TOROIDAL_SURFACE('',#2871,3.675,0.5);
#22=TOROIDAL_SURFACE('',#2877,3.675,0.5);
#23=TOROIDAL_SURFACE('',#2934,15.05,0.5);
#24=TOROIDAL_SURFACE('',#2941,15.05,0.5);
#25=TOROIDAL_SURFACE('',#2945,13.725,2.);
#26=TOROIDAL_SURFACE('',#2948,13.725,2.);
#27=TOROIDAL_SURFACE('',#2957,21.1,1.);
#28=TOROIDAL_SURFACE('',#2993,12.4928932188135,0.5);
#29=TOROIDAL_SURFACE('',#2994,15.05,0.5);
#30=TOROIDAL_SURFACE('',#2999,15.05,0.5);
#31=TOROIDAL_SURFACE('',#3001,12.4928932188135,0.5);
#32=TOROIDAL_SURFACE('',#3004,20.2,0.5);
#33=TOROIDAL_SURFACE('',#3031,34.625,0.5);
#34=TOROIDAL_SURFACE('',#3037,23.925,3.175);
#35=TOROIDAL_SURFACE('',#3038,9.76707195013468,5.);
#36=TOROIDAL_SURFACE('',#3045,12.5,5.);
#37=TOROIDAL_SURFACE('',#3049,12.5,5.);
#38=FACE_BOUND('',#802,.T.);
#39=FACE_BOUND('',#808,.T.);
#40=FACE_BOUND('',#813,.T.);
#41=FACE_BOUND('',#815,.T.);
#42=FACE_BOUND('',#860,.T.);
#43=FACE_BOUND('',#875,.T.);
#44=FACE_BOUND('',#877,.T.);
#45=FACE_BOUND('',#878,.T.);
#46=FACE_BOUND('',#880,.T.);
#47=FACE_BOUND('',#882,.T.);
#48=FACE_BOUND('',#884,.T.);
#49=FACE_BOUND('',#885,.T.);
#50=FACE_BOUND('',#886,.T.);
#51=FACE_BOUND('',#892,.T.);
#52=FACE_BOUND('',#896,.T.);
#53=FACE_BOUND('',#898,.T.);
#54=FACE_BOUND('',#900,.T.);
#55=FACE_BOUND('',#902,.T.);
#56=FACE_BOUND('',#904,.T.);
#57=FACE_BOUND('',#906,.T.);
#58=FACE_BOUND('',#908,.T.);
#59=FACE_BOUND('',#910,.T.);
#60=FACE_BOUND('',#912,.T.);
#61=FACE_BOUND('',#926,.T.);
#62=FACE_BOUND('',#930,.T.);
#63=FACE_BOUND('',#933,.T.);
#64=FACE_BOUND('',#937,.T.);
#65=FACE_BOUND('',#939,.T.);
#66=FACE_BOUND('',#941,.T.);
#67=FACE_BOUND('',#943,.T.);
#68=FACE_BOUND('',#945,.T.);
#69=FACE_BOUND('',#947,.T.);
#70=FACE_BOUND('',#949,.T.);
#71=FACE_BOUND('',#951,.T.);
#72=FACE_BOUND('',#953,.T.);
#73=FACE_BOUND('',#955,.T.);
#74=FACE_BOUND('',#957,.T.);
#75=FACE_BOUND('',#959,.T.);
#76=FACE_BOUND('',#961,.T.);
#77=FACE_BOUND('',#963,.T.);
#78=FACE_BOUND('',#965,.T.);
#79=FACE_BOUND('',#967,.T.);
#80=FACE_BOUND('',#969,.T.);
#81=FACE_BOUND('',#971,.T.);
#82=FACE_BOUND('',#973,.T.);
#83=FACE_BOUND('',#975,.T.);
#84=FACE_BOUND('',#977,.T.);
#85=FACE_BOUND('',#979,.T.);
#86=FACE_BOUND('',#981,.T.);
#87=FACE_BOUND('',#983,.T.);
#88=FACE_BOUND('',#985,.T.);
#89=FACE_BOUND('',#987,.T.);
#90=FACE_BOUND('',#989,.T.);
#91=CYLINDRICAL_SURFACE('',#2800,4.);
#92=CYLINDRICAL_SURFACE('',#2802,4.);
#93=CYLINDRICAL_SURFACE('',#2804,4.);
#94=CYLINDRICAL_SURFACE('',#2808,4.);
#95=CYLINDRICAL_SURFACE('',#2810,4.);
#96=CYLINDRICAL_SURFACE('',#2814,4.);
#97=CYLINDRICAL_SURFACE('',#2816,4.);
#98=CYLINDRICAL_SURFACE('',#2818,4.);
#99=CYLINDRICAL_SURFACE('',#2822,4.);
#100=CYLINDRICAL_SURFACE('',#2823,24.1);
#101=CYLINDRICAL_SURFACE('',#2829,4.);
#102=CYLINDRICAL_SURFACE('',#2834,27.1);
#103=CYLINDRICAL_SURFACE('',#2853,0.5);
#104=CYLINDRICAL_SURFACE('',#2860,0.5);
#105=CYLINDRICAL_SURFACE('',#2865,4.175);
#106=CYLINDRICAL_SURFACE('',#2868,0.5);
#107=CYLINDRICAL_SURFACE('',#2875,0.5);
#108=CYLINDRICAL_SURFACE('',#2880,4.175);
#109=CYLINDRICAL_SURFACE('',#2883,4.175);
#110=CYLINDRICAL_SURFACE('',#2884,4.175);
#111=CYLINDRICAL_SURFACE('',#2921,37.4);
#112=CYLINDRICAL_SURFACE('',#2922,37.4);
#113=CYLINDRICAL_SURFACE('',#2923,37.4);
#114=CYLINDRICAL_SURFACE('',#2924,37.4);
#115=CYLINDRICAL_SURFACE('',#2925,37.4);
#116=CYLINDRICAL_SURFACE('',#2926,37.4);
#117=CYLINDRICAL_SURFACE('',#2927,37.4);
#118=CYLINDRICAL_SURFACE('',#2928,37.4);
#119=CYLINDRICAL_SURFACE('',#2929,37.4);
#120=CYLINDRICAL_SURFACE('',#2933,37.4);
#121=CYLINDRICAL_SURFACE('',#2937,15.55);
#122=CYLINDRICAL_SURFACE('',#2952,11.725);
#123=CYLINDRICAL_SURFACE('',#2953,11.725);
#124=CYLINDRICAL_SURFACE('',#2954,6.);
#125=CYLINDRICAL_SURFACE('',#2962,22.1);
#126=CYLINDRICAL_SURFACE('',#2964,7.00000000000003);
#127=CYLINDRICAL_SURFACE('',#2969,7.5);
#128=CYLINDRICAL_SURFACE('',#2972,24.1);
#129=CYLINDRICAL_SURFACE('',#2979,2.);
#130=CYLINDRICAL_SURFACE('',#2986,2.);
#131=CYLINDRICAL_SURFACE('',#2997,15.55);
#132=CYLINDRICAL_SURFACE('',#3006,20.7);
#133=CYLINDRICAL_SURFACE('',#3012,6.);
#134=CYLINDRICAL_SURFACE('',#3015,8.96);
#135=CYLINDRICAL_SURFACE('',#3017,8.96);
#136=CYLINDRICAL_SURFACE('',#3022,8.96);
#137=CYLINDRICAL_SURFACE('',#3024,8.96);
#138=CYLINDRICAL_SURFACE('',#3036,35.125);
#139=CYLINDRICAL_SURFACE('',#3047,17.5);
#140=CYLINDRICAL_SURFACE('',#3053,8.);
#141=LINE('',#4143,#310);
#142=LINE('',#4146,#311);
#143=LINE('',#4172,#312);
#144=LINE('',#4174,#313);
#145=LINE('',#4176,#314);
#146=LINE('',#4180,#315);
#147=LINE('',#4182,#316);
#148=LINE('',#4184,#317);
#149=LINE('',#4188,#318);
#150=LINE('',#4190,#319);
#151=LINE('',#4192,#320);
#152=LINE('',#4196,#321);
#153=LINE('',#4202,#322);
#154=LINE('',#4205,#323);
#155=LINE('',#5993,#324);
#156=LINE('',#6005,#325);
#157=LINE('',#6008,#326);
#158=LINE('',#6010,#327);
#159=LINE('',#6012,#328);
#160=LINE('',#6014,#329);
#161=LINE('',#6015,#330);
#162=LINE('',#6030,#331);
#163=LINE('',#6042,#332);
#164=LINE('',#6045,#333);
#165=LINE('',#6047,#334);
#166=LINE('',#6048,#335);
#167=LINE('',#6072,#336);
#168=LINE('',#6077,#337);
#169=LINE('',#6102,#338);
#170=LINE('',#6105,#339);
#171=LINE('',#6107,#340);
#172=LINE('',#6108,#341);
#173=LINE('',#6122,#342);
#174=LINE('',#6137,#343);
#175=LINE('',#6152,#344);
#176=LINE('',#6165,#345);
#177=LINE('',#6167,#346);
#178=LINE('',#6169,#347);
#179=LINE('',#6171,#348);
#180=LINE('',#6172,#349);
#181=LINE('',#6187,#350);
#182=LINE('',#6199,#351);
#183=LINE('',#6202,#352);
#184=LINE('',#6204,#353);
#185=LINE('',#6205,#354);
#186=LINE('',#6229,#355);
#187=LINE('',#6234,#356);
#188=LINE('',#6250,#357);
#189=LINE('',#6262,#358);
#190=LINE('',#6266,#359);
#191=LINE('',#6280,#360);
#192=LINE('',#6301,#361);
#193=LINE('',#6323,#362);
#194=LINE('',#6344,#363);
#195=LINE('',#6367,#364);
#196=LINE('',#6368,#365);
#197=LINE('',#6382,#366);
#198=LINE('',#6385,#367);
#199=LINE('',#6392,#368);
#200=LINE('',#6393,#369);
#201=LINE('',#6397,#370);
#202=LINE('',#6398,#371);
#203=LINE('',#6405,#372);
#204=LINE('',#6409,#373);
#205=LINE('',#6411,#374);
#206=LINE('',#6413,#375);
#207=LINE('',#6417,#376);
#208=LINE('',#6419,#377);
#209=LINE('',#6421,#378);
#210=LINE('',#6425,#379);
#211=LINE('',#6427,#380);
#212=LINE('',#6429,#381);
#213=LINE('',#6433,#382);
#214=LINE('',#6435,#383);
#215=LINE('',#6437,#384);
#216=LINE('',#6441,#385);
#217=LINE('',#6443,#386);
#218=LINE('',#6445,#387);
#219=LINE('',#6449,#388);
#220=LINE('',#6451,#389);
#221=LINE('',#6453,#390);
#222=LINE('',#6457,#391);
#223=LINE('',#6459,#392);
#224=LINE('',#6461,#393);
#225=LINE('',#6465,#394);
#226=LINE('',#6467,#395);
#227=LINE('',#6469,#396);
#228=LINE('',#6473,#397);
#229=LINE('',#6475,#398);
#230=LINE('',#6477,#399);
#231=LINE('',#6481,#400);
#232=LINE('',#6482,#401);
#233=LINE('',#6488,#402);
#234=LINE('',#6491,#403);
#235=LINE('',#6500,#404);
#236=LINE('',#6505,#405);
#237=LINE('',#6507,#406);
#238=LINE('',#6514,#407);
#239=LINE('',#6517,#408);
#240=LINE('',#6526,#409);
#241=LINE('',#6531,#410);
#242=LINE('',#6533,#411);
#243=LINE('',#6539,#412);
#244=LINE('',#6541,#413);
#245=LINE('',#6542,#414);
#246=LINE('',#6545,#415);
#247=LINE('',#6547,#416);
#248=LINE('',#6548,#417);
#249=LINE('',#6550,#418);
#250=LINE('',#6553,#419);
#251=LINE('',#6555,#420);
#252=LINE('',#6556,#421);
#253=LINE('',#6559,#422);
#254=LINE('',#6561,#423);
#255=LINE('',#6562,#424);
#256=LINE('',#6564,#425);
#257=LINE('',#6567,#426);
#258=LINE('',#6569,#427);
#259=LINE('',#6570,#428);
#260=LINE('',#6573,#429);
#261=LINE('',#6575,#430);
#262=LINE('',#6576,#431);
#263=LINE('',#6578,#432);
#264=LINE('',#6581,#433);
#265=LINE('',#6583,#434);
#266=LINE('',#6584,#435);
#267=LINE('',#6587,#436);
#268=LINE('',#6589,#437);
#269=LINE('',#6590,#438);
#270=LINE('',#6592,#439);
#271=LINE('',#6594,#440);
#272=LINE('',#6595,#441);
#273=LINE('',#6598,#442);
#274=LINE('',#6600,#443);
#275=LINE('',#6601,#444);
#276=LINE('',#6603,#445);
#277=LINE('',#6605,#446);
#278=LINE('',#6606,#447);
#279=LINE('',#6608,#448);
#280=LINE('',#6609,#449);
#281=LINE('',#6612,#450);
#282=LINE('',#6613,#451);
#283=LINE('',#6615,#452);
#284=LINE('',#6616,#453);
#285=LINE('',#6619,#454);
#286=LINE('',#6621,#455);
#287=LINE('',#6622,#456);
#288=LINE('',#6624,#457);
#289=LINE('',#6626,#458);
#290=LINE('',#6627,#459);
#291=LINE('',#6629,#460);
#292=LINE('',#6632,#461);
#293=LINE('',#6634,#462);
#294=LINE('',#6635,#463);
#295=LINE('',#6638,#464);
#296=LINE('',#6640,#465);
#297=LINE('',#6641,#466);
#298=LINE('',#6643,#467);
#299=LINE('',#6649,#468);
#300=LINE('',#6651,#469);
#301=LINE('',#6653,#470);
#302=LINE('',#6662,#471);
#303=LINE('',#6672,#472);
#304=LINE('',#6673,#473);
#305=LINE('',#6675,#474);
#306=LINE('',#7294,#475);
#307=LINE('',#7295,#476);
#308=LINE('',#7544,#477);
#309=LINE('',#7545,#478);
#310=VECTOR('',#3072,7.92500000000002);
#311=VECTOR('',#3075,5.17499999999998);
#312=VECTOR('',#3082,10.5865689058056);
#313=VECTOR('',#3083,2.47161186961003);
#314=VECTOR('',#3084,4.72829109991463);
#315=VECTOR('',#3087,4.72829109991463);
#316=VECTOR('',#3088,9.);
#317=VECTOR('',#3089,4.72829109991463);
#318=VECTOR('',#3092,4.72829109991463);
#319=VECTOR('',#3093,9.);
#320=VECTOR('',#3094,4.72829109991463);
#321=VECTOR('',#3097,4.70078766622578);
#322=VECTOR('',#3098,2.98220155488238);
#323=VECTOR('',#3101,2.5134310941944);
#324=VECTOR('',#3110,3.04085648375019);
#325=VECTOR('',#3111,3.00007033902869);
#326=VECTOR('',#3114,0.250000000000057);
#327=VECTOR('',#3115,2.76438593589793);
#328=VECTOR('',#3116,5.74999999999996);
#329=VECTOR('',#3117,0.276470547852257);
#330=VECTOR('',#3118,6.00000000000001);
#331=VECTOR('',#3121,3.);
#332=VECTOR('',#3122,3.03743982222885);
#333=VECTOR('',#3125,1.99999999999999);
#334=VECTOR('',#3126,3.);
#335=VECTOR('',#3127,1.99999999999999);
#336=VECTOR('',#3130,3.03743982222884);
#337=VECTOR('',#3135,3.03743982222884);
#338=VECTOR('',#3140,3.00000000000001);
#339=VECTOR('',#3143,12.);
#340=VECTOR('',#3144,3.00000000000001);
#341=VECTOR('',#3145,12.);
#342=VECTOR('',#3148,3.03743982222884);
#343=VECTOR('',#3153,3.00007033902869);
#344=VECTOR('',#3158,3.04085648375018);
#345=VECTOR('',#3161,0.250000000000057);
#346=VECTOR('',#3162,2.76438593589793);
#347=VECTOR('',#3163,5.74999999999996);
#348=VECTOR('',#3164,0.276470547852257);
#349=VECTOR('',#3165,6.00000000000001);
#350=VECTOR('',#3168,3.00000000000012);
#351=VECTOR('',#3169,3.03743982222884);
#352=VECTOR('',#3172,1.99999999999996);
#353=VECTOR('',#3173,3.00000000000012);
#354=VECTOR('',#3174,1.99999999999996);
#355=VECTOR('',#3177,3.03743982222884);
#356=VECTOR('',#3182,3.03743982222884);
#357=VECTOR('',#3187,3.03743982222884);
#358=VECTOR('',#3188,3.00000000000001);
#359=VECTOR('',#3193,12.);
#360=VECTOR('',#3196,5.25000000000006);
#361=VECTOR('',#3197,11.);
#362=VECTOR('',#3200,5.25000000000006);
#363=VECTOR('',#3201,11.);
#364=VECTOR('',#3206,12.);
#365=VECTOR('',#3207,3.00000000000001);
#366=VECTOR('',#3214,2.76438593589793);
#367=VECTOR('',#3219,2.76438593589793);
#368=VECTOR('',#3228,5.25000000000006);
#369=VECTOR('',#3229,2.76438593589793);
#370=VECTOR('',#3234,5.25000000000006);
#371=VECTOR('',#3235,2.76438593589793);
#372=VECTOR('',#3242,4.72829109991463);
#373=VECTOR('',#3245,4.72829109991463);
#374=VECTOR('',#3246,9.);
#375=VECTOR('',#3247,4.72829109991463);
#376=VECTOR('',#3250,4.72829109991463);
#377=VECTOR('',#3251,9.);
#378=VECTOR('',#3252,4.72829109991463);
#379=VECTOR('',#3255,4.72829109991463);
#380=VECTOR('',#3256,9.);
#381=VECTOR('',#3257,4.72829109991462);
#382=VECTOR('',#3260,4.72829109991463);
#383=VECTOR('',#3261,9.);
#384=VECTOR('',#3262,4.72829109991463);
#385=VECTOR('',#3265,4.72829109991463);
#386=VECTOR('',#3266,9.);
#387=VECTOR('',#3267,4.72829109991463);
#388=VECTOR('',#3270,4.72829109991463);
#389=VECTOR('',#3271,9.);
#390=VECTOR('',#3272,4.72829109991463);
#391=VECTOR('',#3275,4.72829109991463);
#392=VECTOR('',#3276,9.);
#393=VECTOR('',#3277,4.72829109991463);
#394=VECTOR('',#3280,4.72829109991463);
#395=VECTOR('',#3281,9.00000000000001);
#396=VECTOR('',#3282,4.72829109991462);
#397=VECTOR('',#3285,4.72829109991463);
#398=VECTOR('',#3286,9.);
#399=VECTOR('',#3287,4.72829109991463);
#400=VECTOR('',#3290,4.72829109991462);
#401=VECTOR('',#3291,9.);
#402=VECTOR('',#3296,11.);
#403=VECTOR('',#3299,11.);
#404=VECTOR('',#3312,11.);
#405=VECTOR('',#3321,2.76438593589793);
#406=VECTOR('',#3324,2.76438593589793);
#407=VECTOR('',#3331,11.);
#408=VECTOR('',#3334,11.);
#409=VECTOR('',#3347,11.);
#410=VECTOR('',#3356,2.76438593589793);
#411=VECTOR('',#3359,2.76438593589793);
#412=VECTOR('',#3368,2.39999999999998);
#413=VECTOR('',#3369,4.72829109991462);
#414=VECTOR('',#3370,2.39999999999998);
#415=VECTOR('',#3373,2.39999999999998);
#416=VECTOR('',#3374,2.39999999999998);
#417=VECTOR('',#3375,4.72829109991463);
#418=VECTOR('',#3378,9.);
#419=VECTOR('',#3381,2.39999999999998);
#420=VECTOR('',#3382,4.72829109991463);
#421=VECTOR('',#3383,2.39999999999998);
#422=VECTOR('',#3386,2.39999999999998);
#423=VECTOR('',#3387,2.39999999999998);
#424=VECTOR('',#3388,4.72829109991463);
#425=VECTOR('',#3391,9.);
#426=VECTOR('',#3394,2.39999999999998);
#427=VECTOR('',#3395,4.72829109991463);
#428=VECTOR('',#3396,2.39999999999998);
#429=VECTOR('',#3399,2.39999999999998);
#430=VECTOR('',#3400,2.39999999999998);
#431=VECTOR('',#3401,4.72829109991462);
#432=VECTOR('',#3404,9.00000000000001);
#433=VECTOR('',#3407,2.39999999999998);
#434=VECTOR('',#3408,4.72829109991463);
#435=VECTOR('',#3409,2.39999999999998);
#436=VECTOR('',#3412,2.39999999999998);
#437=VECTOR('',#3413,2.39999999999998);
#438=VECTOR('',#3414,4.72829109991463);
#439=VECTOR('',#3417,9.);
#440=VECTOR('',#3420,2.39999999999998);
#441=VECTOR('',#3421,2.39999999999998);
#442=VECTOR('',#3424,2.39999999999998);
#443=VECTOR('',#3425,2.39999999999998);
#444=VECTOR('',#3426,4.72829109991463);
#445=VECTOR('',#3429,6.52838813038997);
#446=VECTOR('',#3432,2.39999999999998);
#447=VECTOR('',#3433,2.39999999999998);
#448=VECTOR('',#3436,2.39999999999998);
#449=VECTOR('',#3437,2.39999999999998);
#450=VECTOR('',#3442,2.39999999999998);
#451=VECTOR('',#3443,2.39999999999998);
#452=VECTOR('',#3446,2.39999999999998);
#453=VECTOR('',#3447,2.39999999999998);
#454=VECTOR('',#3452,2.39999999999998);
#455=VECTOR('',#3453,1.74608954503225);
#456=VECTOR('',#3454,2.39999999999998);
#457=VECTOR('',#3457,2.39999999999998);
#458=VECTOR('',#3458,2.39999999999998);
#459=VECTOR('',#3459,0.0275034336888358);
#460=VECTOR('',#3462,9.);
#461=VECTOR('',#3465,2.39999999999998);
#462=VECTOR('',#3466,4.72829109991463);
#463=VECTOR('',#3467,2.39999999999998);
#464=VECTOR('',#3470,2.39999999999998);
#465=VECTOR('',#3471,2.39999999999998);
#466=VECTOR('',#3472,4.72829109991463);
#467=VECTOR('',#3475,9.);
#468=VECTOR('',#3482,4.72829109991463);
#469=VECTOR('',#3483,9.);
#470=VECTOR('',#3484,4.72829109991463);
#471=VECTOR('',#3499,2.39999999999998);
#472=VECTOR('',#3518,2.39999999999998);
#473=VECTOR('',#3519,2.39999999999998);
#474=VECTOR('',#3522,2.39999999999998);
#475=VECTOR('',#3621,7.43922199606252);
#476=VECTOR('',#3622,7.43922199606252);
#477=VECTOR('',#3635,7.43922199606251);
#478=VECTOR('',#3636,7.43922199606251);
#479=PLANE('',#2787);
#480=PLANE('',#2789);
#481=PLANE('',#2791);
#482=PLANE('',#2796);
#483=PLANE('',#2801);
#484=PLANE('',#2803);
#485=PLANE('',#2805);
#486=PLANE('',#2809);
#487=PLANE('',#2811);
#488=PLANE('',#2815);
#489=PLANE('',#2817);
#490=PLANE('',#2819);
#491=PLANE('',#2828);
#492=PLANE('',#2830);
#493=PLANE('',#2832);
#494=PLANE('',#2837);
#495=PLANE('',#2838);
#496=PLANE('',#2839);
#497=PLANE('',#2842);
#498=PLANE('',#2866);
#499=PLANE('',#2867);
#500=PLANE('',#2881);
#501=PLANE('',#2882);
#502=PLANE('',#2885);
#503=PLANE('',#2886);
#504=PLANE('',#2887);
#505=PLANE('',#2888);
#506=PLANE('',#2889);
#507=PLANE('',#2890);
#508=PLANE('',#2891);
#509=PLANE('',#2892);
#510=PLANE('',#2893);
#511=PLANE('',#2894);
#512=PLANE('',#2895);
#513=PLANE('',#2896);
#514=PLANE('',#2897);
#515=PLANE('',#2898);
#516=PLANE('',#2899);
#517=PLANE('',#2900);
#518=PLANE('',#2901);
#519=PLANE('',#2902);
#520=PLANE('',#2903);
#521=PLANE('',#2904);
#522=PLANE('',#2905);
#523=PLANE('',#2906);
#524=PLANE('',#2907);
#525=PLANE('',#2908);
#526=PLANE('',#2909);
#527=PLANE('',#2910);
#528=PLANE('',#2911);
#529=PLANE('',#2912);
#530=PLANE('',#2930);
#531=PLANE('',#2931);
#532=PLANE('',#2932);
#533=PLANE('',#2939);
#534=PLANE('',#2943);
#535=PLANE('',#2960);
#536=PLANE('',#2967);
#537=PLANE('',#2970);
#538=PLANE('',#2991);
#539=PLANE('',#3003);
#540=PLANE('',#3008);
#541=PLANE('',#3010);
#542=PLANE('',#3019);
#543=PLANE('',#3020);
#544=PLANE('',#3021);
#545=PLANE('',#3026);
#546=PLANE('',#3027);
#547=PLANE('',#3028);
#548=PLANE('',#3034);
#549=PLANE('',#3043);
#550=PLANE('',#3051);
#551=B_SPLINE_CURVE_WITH_KNOTS('',3,(#3931,#3932,#3933,#3934,#3935,#3936,
#3937,#3938,#3939,#3940),.UNSPECIFIED.,.F.,.F.,(4,2,2,2,4),(0.499999999999999,
0.624999999999999,0.75,0.875,1.),.UNSPECIFIED.);
#552=B_SPLINE_CURVE_WITH_KNOTS('',3,(#4101,#4102,#4103,#4104,#4105,#4106,
#4107,#4108,#4109,#4110),.UNSPECIFIED.,.F.,.F.,(4,2,2,2,4),(0.500000000000001,
0.625000000000001,0.75,0.875,1.),.UNSPECIFIED.);
#553=B_SPLINE_CURVE_WITH_KNOTS('',3,(#4117,#4118,#4119,#4120,#4121,#4122,
#4123,#4124,#4125,#4126,#4127,#4128,#4129,#4130,#4131,#4132,#4133,#4134,
#4135,#4136,#4137,#4138,#4139,#4140,#4141,#4142),.UNSPECIFIED.,.F.,.F.,
(4,2,2,2,2,2,2,2,2,2,2,2,4),(-7.61017438020666,-6.86980185860113,-6.17191938558643,
-5.36858384893136,-4.66236302765894,-4.26199898592164,-4.05433811264935,
-3.94201829228045,-3.86919802671432,-3.80110899560056,-3.71653696243731,
-3.58681266285484,-3.51705383965923),.UNSPECIFIED.);
#554=B_SPLINE_CURVE_WITH_KNOTS('',3,(#4153,#4154,#4155,#4156,#4157,#4158,
#4159,#4160,#4161,#4162,#4163,#4164,#4165,#4166,#4167,#4168,#4169,#4170),
 .UNSPECIFIED.,.F.,.F.,(4,2,2,2,2,2,2,2,4),(-13.4855138851962,-12.3277358136741,
-11.2052700424308,-10.0397399835883,-8.92741267955384,-7.84001199939416,
-7.01605902504005,-6.62249567799143,-6.57863987681708),.UNSPECIFIED.);
#555=B_SPLINE_CURVE_WITH_KNOTS('',3,(#4198,#4199,#4200,#4201),
 .UNSPECIFIED.,.F.,.F.,(4,4),(-5.60389977547832,-4.84023712962311),
 .UNSPECIFIED.);
#556=B_SPLINE_CURVE_WITH_KNOTS('',3,(#4904,#4905,#4906,#4907,#4908,#4909,
#4910,#4911,#4912,#4913),.UNSPECIFIED.,.F.,.F.,(4,2,2,2,4),(0.,1.32189118431419,
2.29393111423951,3.2720764940478,3.5163469575038),.UNSPECIFIED.);
#557=B_SPLINE_CURVE_WITH_KNOTS('',3,(#4915,#4916,#4917,#4918,#4919,#4920,
#4921,#4922,#4923,#4924,#4925,#4926,#4927,#4928,#4929,#4930,#4931,#4932,
#4933,#4934,#4935,#4936,#4937,#4938,#4939,#4940,#4941,#4942,#4943,#4944,
#4945,#4946,#4947,#4948,#4949,#4950,#4951,#4952,#4953,#4954,#4955),
 .UNSPECIFIED.,.F.,.F.,(4,1,1,1,1,1,1,1,1,1,1,1,1,1,1,1,1,1,1,1,1,1,1,1,
1,1,1,1,1,1,1,1,1,1,1,1,1,1,4),(0.,0.496040945303652,0.992081890607303,
1.48812283591095,1.98416378121461,2.48020472651826,2.97624567182191,3.47228661712556,
3.96832756242921,4.46436850773286,4.96040945303652,5.45645039834017,5.95249134364382,
6.44853228894747,6.94457323425112,7.44061417955477,7.93665512485842,8.43269607016208,
8.92873701546573,9.42477796076938,9.92081890607303,10.4168598513767,10.9129007966803,
11.408941741984,11.9049826872876,12.4010236325913,12.8970645778949,13.3931055231986,
13.8891464685022,14.3851874138059,14.8812283591095,15.3772693044132,15.8733102497169,
16.3693511950205,16.8653921403242,17.3614330856278,17.8574740309315,18.3535149762351,
18.8495559215388),.UNSPECIFIED.);
#558=B_SPLINE_CURVE_WITH_KNOTS('',3,(#5894,#5895,#5896,#5897,#5898,#5899,
#5900,#5901,#5902,#5903,#5904,#5905,#5906,#5907,#5908,#5909,#5910,#5911),
 .UNSPECIFIED.,.F.,.F.,(4,2,2,2,2,2,2,2,4),(5.60389977438211,5.61728987594307,
6.09849434395524,6.20871962609341,6.27942487499772,6.33616659500254,6.39677666647795,
6.49091659472373,6.59576018043116),.UNSPECIFIED.);
#559=B_SPLINE_CURVE_WITH_KNOTS('',3,(#5912,#5913,#5914,#5915,#5916,#5917,
#5918,#5919,#5920,#5921,#5922,#5923),.UNSPECIFIED.,.F.,.F.,(4,2,2,2,2,4),
(0.,1.22930788860028,2.45150866231462,3.67802071950233,4.6458150643222,
4.84023712962431),.UNSPECIFIED.);
#560=B_SPLINE_CURVE_WITH_KNOTS('',3,(#5924,#5925,#5926,#5927,#5928,#5929,
#5930,#5931,#5932,#5933,#5934,#5935,#5936,#5937,#5938,#5939,#5940,#5941,
#5942,#5943,#5944,#5945,#5946,#5947,#5948,#5949,#5950,#5951,#5952,#5953,
#5954,#5955,#5956,#5957,#5958,#5959,#5960,#5961,#5962,#5963,#5964,#5965,
#5966,#5967,#5968,#5969,#5970,#5971,#5972,#5973,#5974,#5975,#5976,#5977,
#5978),.UNSPECIFIED.,.F.,.F.,(4,1,1,1,1,1,1,1,1,1,1,1,1,1,1,1,1,1,1,1,1,
1,1,1,1,1,1,1,1,1,1,1,1,1,1,1,1,1,1,1,1,1,1,1,1,1,1,1,1,1,1,1,4),(0.,0.483321946706122,
0.966643893412244,1.44996584011837,1.93328778682449,2.41660973353061,2.89993168023673,
3.38325362694285,3.86657557364898,4.3498975203551,4.83321946706122,5.31654141376734,
5.79986336047346,6.28318530717959,6.76650725388571,7.24982920059183,7.73315114729795,
8.21647309400407,8.6997950407102,9.18311698741632,9.66643893412244,10.1497608808286,
10.6330828275347,11.1164047742408,11.5997267209469,12.083048667653,12.5663706143592,
13.0496925610653,13.5330145077714,14.0163364544775,14.4996584011837,14.9829803478898,
15.4663022945959,15.949624241302,16.4329461880081,16.9162681347143,17.3995900814204,
17.8829120281265,18.3662339748326,18.8495559215388,19.3328778682449,19.816199814951,
20.2995217616571,20.7828437083632,21.2661656550694,21.7494876017755,22.2328095484816,
22.7161314951877,23.1994534418939,23.6827753886,24.1660973353061,24.6494192820122,
25.1327412287183),.UNSPECIFIED.);
#561=B_SPLINE_CURVE_WITH_KNOTS('',3,(#5982,#5983,#5984,#5985,#5986,#5987,
#5988,#5989,#5990,#5991),.UNSPECIFIED.,.F.,.F.,(4,2,2,2,4),(1.20781884515858,
1.35880395439452,1.50978906363046,1.66083794782838,1.81188683202631),
 .UNSPECIFIED.);
#562=B_SPLINE_CURVE_WITH_KNOTS('',3,(#5995,#5996,#5997,#5998,#5999,#6000,
#6001,#6002,#6003,#6004),.UNSPECIFIED.,.F.,.F.,(4,2,2,2,4),(1.20730693728773,
1.35824570771906,1.50918447815038,1.66013484289209,1.8110852076338),
 .UNSPECIFIED.);
#563=B_SPLINE_CURVE_WITH_KNOTS('',3,(#6019,#6020,#6021,#6022,#6023,#6024,
#6025,#6026,#6027,#6028),.UNSPECIFIED.,.F.,.F.,(4,2,2,2,4),(1.21665112566015,
1.36735358560252,1.51805604554488,1.66961274222328,1.82116943890167),
 .UNSPECIFIED.);
#564=B_SPLINE_CURVE_WITH_KNOTS('',3,(#6032,#6033,#6034,#6035,#6036,#6037,
#6038,#6039,#6040,#6041),.UNSPECIFIED.,.F.,.F.,(4,2,2,2,4),(1.21419605474131,
1.36489269637538,1.51558933800945,1.6669594517192,1.81832956542895),
 .UNSPECIFIED.);
#565=B_SPLINE_CURVE_WITH_KNOTS('',3,(#6051,#6052,#6053,#6054,#6055,#6056,
#6057,#6058,#6059,#6060),.UNSPECIFIED.,.F.,.F.,(4,2,2,2,4),(0.610062544053682,
0.76143265776343,0.912802771473177,1.06349941310725,1.21419605474132),
 .UNSPECIFIED.);
#566=B_SPLINE_CURVE_WITH_KNOTS('',3,(#6062,#6063,#6064,#6065,#6066,#6067,
#6068,#6069,#6070,#6071),.UNSPECIFIED.,.F.,.F.,(4,2,2,2,4),(0.61213281241863,
0.763689509097024,0.915246205775418,1.06594866571778,1.21665112566015),
 .UNSPECIFIED.);
#567=B_SPLINE_CURVE_WITH_KNOTS('',3,(#6081,#6082,#6083,#6084,#6085,#6086,
#6087,#6088,#6089,#6090),.UNSPECIFIED.,.F.,.F.,(4,2,2,2,4),(1.21419605474131,
1.36489269637538,1.51558933800945,1.6669594517192,1.81832956542895),
 .UNSPECIFIED.);
#568=B_SPLINE_CURVE_WITH_KNOTS('',3,(#6092,#6093,#6094,#6095,#6096,#6097,
#6098,#6099,#6100,#6101),.UNSPECIFIED.,.F.,.F.,(4,2,2,2,4),(1.21665112566015,
1.36735358560252,1.51805604554488,1.66961274222328,1.82116943890167),
 .UNSPECIFIED.);
#569=B_SPLINE_CURVE_WITH_KNOTS('',3,(#6111,#6112,#6113,#6114,#6115,#6116,
#6117,#6118,#6119,#6120),.UNSPECIFIED.,.F.,.F.,(4,2,2,2,4),(0.61213281241863,
0.763689509097024,0.915246205775418,1.06594866571778,1.21665112566015),
 .UNSPECIFIED.);
#570=B_SPLINE_CURVE_WITH_KNOTS('',3,(#6123,#6124,#6125,#6126,#6127,#6128,
#6129,#6130,#6131,#6132),.UNSPECIFIED.,.F.,.F.,(4,2,2,2,4),(0.610062544053682,
0.76143265776343,0.912802771473178,1.06349941310725,1.21419605474132),
 .UNSPECIFIED.);
#571=B_SPLINE_CURVE_WITH_KNOTS('',3,(#6141,#6142,#6143,#6144,#6145,#6146,
#6147,#6148,#6149,#6150),.UNSPECIFIED.,.F.,.F.,(4,2,2,2,4),(1.20781884515858,
1.35880395439452,1.50978906363046,1.66083794782838,1.81188683202631),
 .UNSPECIFIED.);
#572=B_SPLINE_CURVE_WITH_KNOTS('',3,(#6153,#6154,#6155,#6156,#6157,#6158,
#6159,#6160,#6161,#6162),.UNSPECIFIED.,.F.,.F.,(4,2,2,2,4),(1.20730693728773,
1.35824570771906,1.50918447815038,1.66013484289209,1.8110852076338),
 .UNSPECIFIED.);
#573=B_SPLINE_CURVE_WITH_KNOTS('',3,(#6176,#6177,#6178,#6179,#6180,#6181,
#6182,#6183,#6184,#6185),.UNSPECIFIED.,.F.,.F.,(4,2,2,2,4),(1.21665112566015,
1.36735358560252,1.51805604554488,1.66961274222328,1.82116943890167),
 .UNSPECIFIED.);
#574=B_SPLINE_CURVE_WITH_KNOTS('',3,(#6189,#6190,#6191,#6192,#6193,#6194,
#6195,#6196,#6197,#6198),.UNSPECIFIED.,.F.,.F.,(4,2,2,2,4),(1.21419605474131,
1.36489269637538,1.51558933800945,1.6669594517192,1.81832956542895),
 .UNSPECIFIED.);
#575=B_SPLINE_CURVE_WITH_KNOTS('',3,(#6208,#6209,#6210,#6211,#6212,#6213,
#6214,#6215,#6216,#6217),.UNSPECIFIED.,.F.,.F.,(4,2,2,2,4),(0.610062544053682,
0.76143265776343,0.912802771473178,1.06349941310725,1.21419605474132),
 .UNSPECIFIED.);
#576=B_SPLINE_CURVE_WITH_KNOTS('',3,(#6219,#6220,#6221,#6222,#6223,#6224,
#6225,#6226,#6227,#6228),.UNSPECIFIED.,.F.,.F.,(4,2,2,2,4),(0.612132812418629,
0.763689509097023,0.915246205775416,1.06594866571778,1.21665112566015),
 .UNSPECIFIED.);
#577=B_SPLINE_CURVE_WITH_KNOTS('',3,(#6239,#6240,#6241,#6242,#6243,#6244,
#6245,#6246,#6247,#6248),.UNSPECIFIED.,.F.,.F.,(4,2,2,2,4),(0.61213281241863,
0.763689509097024,0.915246205775418,1.06594866571778,1.21665112566015),
 .UNSPECIFIED.);
#578=B_SPLINE_CURVE_WITH_KNOTS('',3,(#6252,#6253,#6254,#6255,#6256,#6257,
#6258,#6259,#6260,#6261),.UNSPECIFIED.,.F.,.F.,(4,2,2,2,4),(0.610062544053682,
0.76143265776343,0.912802771473178,1.06349941310725,1.21419605474132),
 .UNSPECIFIED.);
#579=B_SPLINE_CURVE_WITH_KNOTS('',3,(#6267,#6268,#6269,#6270,#6271,#6272,
#6273,#6274,#6275,#6276),.UNSPECIFIED.,.F.,.F.,(4,2,2,2,4),(1.21665112566015,
1.36735358560252,1.51805604554488,1.66961274222328,1.82116943890167),
 .UNSPECIFIED.);
#580=B_SPLINE_CURVE_WITH_KNOTS('',3,(#6282,#6283,#6284,#6285,#6286,#6287,
#6288,#6289,#6290,#6291,#6292,#6293,#6294,#6295,#6296,#6297,#6298,#6299),
 .UNSPECIFIED.,.F.,.F.,(4,2,2,2,2,2,2,2,4),(0.,0.157611389932535,0.31522277986507,
0.472829245659651,0.630435711454233,0.788042177248814,0.945648643043396,
1.10326003297593,1.26087142290847),.UNSPECIFIED.);
#581=B_SPLINE_CURVE_WITH_KNOTS('',3,(#6302,#6303,#6304,#6305,#6306,#6307,
#6308,#6309,#6310,#6311,#6312,#6313,#6314,#6315,#6316,#6317,#6318,#6319),
 .UNSPECIFIED.,.F.,.F.,(4,2,2,2,2,2,2,2,4),(-1.26087142290847,-1.10326003297593,
-0.945648643043396,-0.788042177248815,-0.630435711454233,-0.472829245659652,
-0.31522277986507,-0.157611389932535,0.),.UNSPECIFIED.);
#582=B_SPLINE_CURVE_WITH_KNOTS('',3,(#6325,#6326,#6327,#6328,#6329,#6330,
#6331,#6332,#6333,#6334,#6335,#6336,#6337,#6338,#6339,#6340,#6341,#6342),
 .UNSPECIFIED.,.F.,.F.,(4,2,2,2,2,2,2,2,4),(-1.26087142290847,-1.10326003297593,
-0.945648643043395,-0.788042177248814,-0.630435711454232,-0.472829245659651,
-0.31522277986507,-0.157611389932535,0.),.UNSPECIFIED.);
#583=B_SPLINE_CURVE_WITH_KNOTS('',3,(#6345,#6346,#6347,#6348,#6349,#6350,
#6351,#6352,#6353,#6354,#6355,#6356,#6357,#6358,#6359,#6360,#6361,#6362),
 .UNSPECIFIED.,.F.,.F.,(4,2,2,2,2,2,2,2,4),(0.,0.157611389932535,0.31522277986507,
0.472829245659651,0.630435711454233,0.788042177248814,0.945648643043396,
1.10326003297593,1.26087142290847),.UNSPECIFIED.);
#584=B_SPLINE_CURVE_WITH_KNOTS('',3,(#6370,#6371,#6372,#6373,#6374,#6375,
#6376,#6377,#6378,#6379),.UNSPECIFIED.,.F.,.F.,(4,2,2,2,4),(1.21419605474131,
1.36489269637538,1.51558933800945,1.6669594517192,1.81832956542895),
 .UNSPECIFIED.);
#585=B_SPLINE_CURVE_WITH_KNOTS('',3,(#6686,#6687,#6688,#6689,#6690,#6691,
#6692,#6693,#6694,#6695),.UNSPECIFIED.,.F.,.F.,(4,2,2,2,4),(0.,0.125,0.25,
0.374999999999999,0.499999999999999),.UNSPECIFIED.);
#586=B_SPLINE_CURVE_WITH_KNOTS('',3,(#6696,#6697,#6698,#6699,#6700,#6701,
#6702,#6703,#6704),.UNSPECIFIED.,.F.,.F.,(4,1,1,1,1,1,4),(-10.2663297146065,
-9.93433496089764,-9.60234020718881,-9.27034545347999,-8.93835069977116,
-8.60635594606233,-7.94236643864468),.UNSPECIFIED.);
#587=B_SPLINE_CURVE_WITH_KNOTS('',3,(#6705,#6706,#6707,#6708,#6709,#6710,
#6711,#6712,#6713,#6714),.UNSPECIFIED.,.F.,.F.,(4,2,2,2,4),(0.,0.125,0.250000000000001,
0.375000000000001,0.500000000000001),.UNSPECIFIED.);
#588=B_SPLINE_CURVE_WITH_KNOTS('',3,(#6715,#6716,#6717,#6718,#6719,#6720,
#6721,#6722,#6723,#6724),.UNSPECIFIED.,.F.,.F.,(4,1,1,1,1,1,1,4),(-10.2663297146065,
-9.93433496089763,-9.60234020718881,-9.27034545347998,-8.93835069977116,
-8.60635594606233,-8.27436119235351,-7.94236643864468),.UNSPECIFIED.);
#589=B_SPLINE_CURVE_WITH_KNOTS('',3,(#6936,#6937,#6938,#6939,#6940,#6941,
#6942,#6943,#6944),.UNSPECIFIED.,.F.,.F.,(4,1,1,1,1,1,4),(7.94236643864468,
8.60635594606233,8.93835069977116,9.27034545347999,9.60234020718881,9.93433496089764,
10.2663297146065),.UNSPECIFIED.);
#590=B_SPLINE_CURVE_WITH_KNOTS('',3,(#6995,#6996,#6997,#6998,#6999,#7000,
#7001,#7002,#7003,#7004),.UNSPECIFIED.,.F.,.F.,(4,1,1,1,1,1,1,4),(7.94236643864468,
8.27436119235351,8.60635594606233,8.93835069977116,9.27034545347998,9.60234020718881,
9.93433496089763,10.2663297146065),.UNSPECIFIED.);
#591=B_SPLINE_CURVE_WITH_KNOTS('',3,(#7072,#7073,#7074,#7075),
 .UNSPECIFIED.,.F.,.F.,(4,4),(-0.54225001096689,0.),.UNSPECIFIED.);
#592=B_SPLINE_CURVE_WITH_KNOTS('',3,(#7078,#7079,#7080,#7081),
 .UNSPECIFIED.,.F.,.F.,(4,4),(0.,0.54225001096689),.UNSPECIFIED.);
#593=B_SPLINE_CURVE_WITH_KNOTS('',3,(#7107,#7108,#7109,#7110),
 .UNSPECIFIED.,.F.,.F.,(4,4),(-0.511727281256393,0.),.UNSPECIFIED.);
#594=B_SPLINE_CURVE_WITH_KNOTS('',3,(#7113,#7114,#7115,#7116),
 .UNSPECIFIED.,.F.,.F.,(4,4),(0.,0.511727281256393),.UNSPECIFIED.);
#595=B_SPLINE_CURVE_WITH_KNOTS('',3,(#7192,#7193,#7194,#7195,#7196,#7197,
#7198,#7199,#7200,#7201,#7202,#7203),.UNSPECIFIED.,.F.,.F.,(4,1,1,1,1,1,
1,1,1,4),(-1.90246108110387,-1.76657100388499,-1.63068092666611,-1.35890077222835,
-1.08712061779058,-0.815340463352823,-0.543560308915062,-0.271780154477301,
-0.13589007725842,-3.95399371626137E-11),.UNSPECIFIED.);
#596=B_SPLINE_CURVE_WITH_KNOTS('',3,(#7204,#7205,#7206,#7207,#7208,#7209,
#7210,#7211,#7212,#7213,#7214,#7215),.UNSPECIFIED.,.F.,.F.,(4,1,1,1,1,1,
1,1,1,4),(3.95399371626137E-11,0.13589007725842,0.271780154477301,0.543560308915062,
0.815340463352823,1.08712061779058,1.35890077222835,1.63068092666611,1.76657100388499,
1.90246108110387),.UNSPECIFIED.);
#597=B_SPLINE_CURVE_WITH_KNOTS('',3,(#7241,#7242,#7243,#7244),
 .UNSPECIFIED.,.F.,.F.,(4,4),(-0.511727281281494,0.),.UNSPECIFIED.);
#598=B_SPLINE_CURVE_WITH_KNOTS('',3,(#7247,#7248,#7249,#7250),
 .UNSPECIFIED.,.F.,.F.,(4,4),(0.,0.511727281281494),.UNSPECIFIED.);
#599=B_SPLINE_CURVE_WITH_KNOTS('',3,(#7282,#7283,#7284,#7285),
 .UNSPECIFIED.,.F.,.F.,(4,4),(-0.54225001096918,-1.68588227822869E-12),
 .UNSPECIFIED.);
#600=B_SPLINE_CURVE_WITH_KNOTS('',3,(#7286,#7287,#7288,#7289),
 .UNSPECIFIED.,.F.,.F.,(4,4),(1.68588227822869E-12,0.54225001096918),
 .UNSPECIFIED.);
#601=B_SPLINE_CURVE_WITH_KNOTS('',3,(#7327,#7328,#7329,#7330),
 .UNSPECIFIED.,.F.,.F.,(4,4),(-0.542250008060401,0.),.UNSPECIFIED.);
#602=B_SPLINE_CURVE_WITH_KNOTS('',3,(#7331,#7332,#7333,#7334),
 .UNSPECIFIED.,.F.,.F.,(4,4),(0.,0.542250008060401),.UNSPECIFIED.);
#603=B_SPLINE_CURVE_WITH_KNOTS('',3,(#7360,#7361,#7362,#7363),
 .UNSPECIFIED.,.F.,.F.,(4,4),(-0.511727281256395,0.),.UNSPECIFIED.);
#604=B_SPLINE_CURVE_WITH_KNOTS('',3,(#7366,#7367,#7368,#7369),
 .UNSPECIFIED.,.F.,.F.,(4,4),(0.,0.511727281256395),.UNSPECIFIED.);
#605=B_SPLINE_CURVE_WITH_KNOTS('',3,(#7445,#7446,#7447,#7448,#7449,#7450,
#7451,#7452,#7453,#7454,#7455,#7456),.UNSPECIFIED.,.F.,.F.,(4,1,1,1,1,1,
1,1,1,4),(-1.90246108110387,-1.76657100388499,-1.63068092666611,-1.35890077222835,
-1.08712061779059,-0.815340463352824,-0.543560308915063,-0.271780154477302,
-0.135890077258421,-3.95408420756617E-11),.UNSPECIFIED.);
#606=B_SPLINE_CURVE_WITH_KNOTS('',3,(#7457,#7458,#7459,#7460,#7461,#7462,
#7463,#7464,#7465,#7466,#7467,#7468),.UNSPECIFIED.,.F.,.F.,(4,1,1,1,1,1,
1,1,1,4),(3.95408420756617E-11,0.135890077258421,0.271780154477302,0.543560308915063,
0.815340463352824,1.08712061779059,1.35890077222835,1.63068092666611,1.76657100388499,
1.90246108110387),.UNSPECIFIED.);
#607=B_SPLINE_CURVE_WITH_KNOTS('',3,(#7494,#7495,#7496,#7497),
 .UNSPECIFIED.,.F.,.F.,(4,4),(-0.511727281281493,0.),.UNSPECIFIED.);
#608=B_SPLINE_CURVE_WITH_KNOTS('',3,(#7500,#7501,#7502,#7503),
 .UNSPECIFIED.,.F.,.F.,(4,4),(0.,0.511727281281493),.UNSPECIFIED.);
#609=B_SPLINE_CURVE_WITH_KNOTS('',3,(#7535,#7536,#7537,#7538),
 .UNSPECIFIED.,.F.,.F.,(4,4),(-0.542250010969191,-1.69047303805132E-12),
 .UNSPECIFIED.);
#610=B_SPLINE_CURVE_WITH_KNOTS('',3,(#7539,#7540,#7541,#7542),
 .UNSPECIFIED.,.F.,.F.,(4,4),(1.69047303805132E-12,0.542250010969191),
 .UNSPECIFIED.);
#611=FACE_OUTER_BOUND('',#774,.T.);
#612=FACE_OUTER_BOUND('',#775,.T.);
#613=FACE_OUTER_BOUND('',#776,.T.);
#614=FACE_OUTER_BOUND('',#777,.T.);
#615=FACE_OUTER_BOUND('',#778,.T.);
#616=FACE_OUTER_BOUND('',#779,.T.);
#617=FACE_OUTER_BOUND('',#780,.T.);
#618=FACE_OUTER_BOUND('',#781,.T.);
#619=FACE_OUTER_BOUND('',#782,.T.);
#620=FACE_OUTER_BOUND('',#783,.T.);
#621=FACE_OUTER_BOUND('',#784,.T.);
#622=FACE_OUTER_BOUND('',#785,.T.);
#623=FACE_OUTER_BOUND('',#786,.T.);
#624=FACE_OUTER_BOUND('',#787,.T.);
#625=FACE_OUTER_BOUND('',#788,.T.);
#626=FACE_OUTER_BOUND('',#789,.T.);
#627=FACE_OUTER_BOUND('',#790,.T.);
#628=FACE_OUTER_BOUND('',#791,.T.);
#629=FACE_OUTER_BOUND('',#792,.T.);
#630=FACE_OUTER_BOUND('',#793,.T.);
#631=FACE_OUTER_BOUND('',#794,.T.);
#632=FACE_OUTER_BOUND('',#795,.T.);
#633=FACE_OUTER_BOUND('',#796,.T.);
#634=FACE_OUTER_BOUND('',#797,.T.);
#635=FACE_OUTER_BOUND('',#798,.T.);
#636=FACE_OUTER_BOUND('',#799,.T.);
#637=FACE_OUTER_BOUND('',#800,.T.);
#638=FACE_OUTER_BOUND('',#801,.T.);
#639=FACE_OUTER_BOUND('',#803,.T.);
#640=FACE_OUTER_BOUND('',#804,.T.);
#641=FACE_OUTER_BOUND('',#805,.T.);
#642=FACE_OUTER_BOUND('',#806,.T.);
#643=FACE_OUTER_BOUND('',#807,.T.);
#644=FACE_OUTER_BOUND('',#809,.T.);
#645=FACE_OUTER_BOUND('',#810,.T.);
#646=FACE_OUTER_BOUND('',#811,.T.);
#647=FACE_OUTER_BOUND('',#812,.T.);
#648=FACE_OUTER_BOUND('',#814,.T.);
#649=FACE_OUTER_BOUND('',#816,.T.);
#650=FACE_OUTER_BOUND('',#817,.T.);
#651=FACE_OUTER_BOUND('',#818,.T.);
#652=FACE_OUTER_BOUND('',#819,.T.);
#653=FACE_OUTER_BOUND('',#820,.T.);
#654=FACE_OUTER_BOUND('',#821,.T.);
#655=FACE_OUTER_BOUND('',#822,.T.);
#656=FACE_OUTER_BOUND('',#823,.T.);
#657=FACE_OUTER_BOUND('',#824,.T.);
#658=FACE_OUTER_BOUND('',#825,.T.);
#659=FACE_OUTER_BOUND('',#826,.T.);
#660=FACE_OUTER_BOUND('',#827,.T.);
#661=FACE_OUTER_BOUND('',#828,.T.);
#662=FACE_OUTER_BOUND('',#829,.T.);
#663=FACE_OUTER_BOUND('',#830,.T.);
#664=FACE_OUTER_BOUND('',#831,.T.);
#665=FACE_OUTER_BOUND('',#832,.T.);
#666=FACE_OUTER_BOUND('',#833,.T.);
#667=FACE_OUTER_BOUND('',#834,.T.);
#668=FACE_OUTER_BOUND('',#835,.T.);
#669=FACE_OUTER_BOUND('',#836,.T.);
#670=FACE_OUTER_BOUND('',#837,.T.);
#671=FACE_OUTER_BOUND('',#838,.T.);
#672=FACE_OUTER_BOUND('',#839,.T.);
#673=FACE_OUTER_BOUND('',#840,.T.);
#674=FACE_OUTER_BOUND('',#841,.T.);
#675=FACE_OUTER_BOUND('',#842,.T.);
#676=FACE_OUTER_BOUND('',#843,.T.);
#677=FACE_OUTER_BOUND('',#844,.T.);
#678=FACE_OUTER_BOUND('',#845,.T.);
#679=FACE_OUTER_BOUND('',#846,.T.);
#680=FACE_OUTER_BOUND('',#847,.T.);
#681=FACE_OUTER_BOUND('',#848,.T.);
#682=FACE_OUTER_BOUND('',#849,.T.);
#683=FACE_OUTER_BOUND('',#850,.T.);
#684=FACE_OUTER_BOUND('',#851,.T.);
#685=FACE_OUTER_BOUND('',#852,.T.);
#686=FACE_OUTER_BOUND('',#853,.T.);
#687=FACE_OUTER_BOUND('',#854,.T.);
#688=FACE_OUTER_BOUND('',#855,.T.);
#689=FACE_OUTER_BOUND('',#856,.T.);
#690=FACE_OUTER_BOUND('',#857,.T.);
#691=FACE_OUTER_BOUND('',#858,.T.);
#692=FACE_OUTER_BOUND('',#859,.T.);
#693=FACE_OUTER_BOUND('',#861,.T.);
#694=FACE_OUTER_BOUND('',#862,.T.);
#695=FACE_OUTER_BOUND('',#863,.T.);
#696=FACE_OUTER_BOUND('',#864,.T.);
#697=FACE_OUTER_BOUND('',#865,.T.);
#698=FACE_OUTER_BOUND('',#866,.T.);
#699=FACE_OUTER_BOUND('',#867,.T.);
#700=FACE_OUTER_BOUND('',#868,.T.);
#701=FACE_OUTER_BOUND('',#869,.T.);
#702=FACE_OUTER_BOUND('',#870,.T.);
#703=FACE_OUTER_BOUND('',#871,.T.);
#704=FACE_OUTER_BOUND('',#872,.T.);
#705=FACE_OUTER_BOUND('',#873,.T.);
#706=FACE_OUTER_BOUND('',#874,.T.);
#707=FACE_OUTER_BOUND('',#876,.T.);
#708=FACE_OUTER_BOUND('',#879,.T.);
#709=FACE_OUTER_BOUND('',#881,.T.);
#710=FACE_OUTER_BOUND('',#883,.T.);
#711=FACE_OUTER_BOUND('',#887,.T.);
#712=FACE_OUTER_BOUND('',#888,.T.);
#713=FACE_OUTER_BOUND('',#889,.T.);
#714=FACE_OUTER_BOUND('',#890,.T.);
#715=FACE_OUTER_BOUND('',#891,.T.);
#716=FACE_OUTER_BOUND('',#893,.T.);
#717=FACE_OUTER_BOUND('',#894,.T.);
#718=FACE_OUTER_BOUND('',#895,.T.);
#719=FACE_OUTER_BOUND('',#897,.T.);
#720=FACE_OUTER_BOUND('',#899,.T.);
#721=FACE_OUTER_BOUND('',#901,.T.);
#722=FACE_OUTER_BOUND('',#903,.T.);
#723=FACE_OUTER_BOUND('',#905,.T.);
#724=FACE_OUTER_BOUND('',#907,.T.);
#725=FACE_OUTER_BOUND('',#909,.T.);
#726=FACE_OUTER_BOUND('',#911,.T.);
#727=FACE_OUTER_BOUND('',#913,.T.);
#728=FACE_OUTER_BOUND('',#914,.T.);
#729=FACE_OUTER_BOUND('',#915,.T.);
#730=FACE_OUTER_BOUND('',#916,.T.);
#731=FACE_OUTER_BOUND('',#917,.T.);
#732=FACE_OUTER_BOUND('',#918,.T.);
#733=FACE_OUTER_BOUND('',#919,.T.);
#734=FACE_OUTER_BOUND('',#920,.T.);
#735=FACE_OUTER_BOUND('',#921,.T.);
#736=FACE_OUTER_BOUND('',#922,.T.);
#737=FACE_OUTER_BOUND('',#923,.T.);
#738=FACE_OUTER_BOUND('',#924,.T.);
#739=FACE_OUTER_BOUND('',#925,.T.);
#740=FACE_OUTER_BOUND('',#927,.T.);
#741=FACE_OUTER_BOUND('',#928,.T.);
#742=FACE_OUTER_BOUND('',#929,.T.);
#743=FACE_OUTER_BOUND('',#931,.T.);
#744=FACE_OUTER_BOUND('',#932,.T.);
#745=FACE_OUTER_BOUND('',#934,.T.);
#746=FACE_OUTER_BOUND('',#935,.T.);
#747=FACE_OUTER_BOUND('',#936,.T.);
#748=FACE_OUTER_BOUND('',#938,.T.);
#749=FACE_OUTER_BOUND('',#940,.T.);
#750=FACE_OUTER_BOUND('',#942,.T.);
#751=FACE_OUTER_BOUND('',#944,.T.);
#752=FACE_OUTER_BOUND('',#946,.T.);
#753=FACE_OUTER_BOUND('',#948,.T.);
#754=FACE_OUTER_BOUND('',#950,.T.);
#755=FACE_OUTER_BOUND('',#952,.T.);
#756=FACE_OUTER_BOUND('',#954,.T.);
#757=FACE_OUTER_BOUND('',#956,.T.);
#758=FACE_OUTER_BOUND('',#958,.T.);
#759=FACE_OUTER_BOUND('',#960,.T.);
#760=FACE_OUTER_BOUND('',#962,.T.);
#761=FACE_OUTER_BOUND('',#964,.T.);
#762=FACE_OUTER_BOUND('',#966,.T.);
#763=FACE_OUTER_BOUND('',#968,.T.);
#764=FACE_OUTER_BOUND('',#970,.T.);
#765=FACE_OUTER_BOUND('',#972,.T.);
#766=FACE_OUTER_BOUND('',#974,.T.);
#767=FACE_OUTER_BOUND('',#976,.T.);
#768=FACE_OUTER_BOUND('',#978,.T.);
#769=FACE_OUTER_BOUND('',#980,.T.);
#770=FACE_OUTER_BOUND('',#982,.T.);
#771=FACE_OUTER_BOUND('',#984,.T.);
#772=FACE_OUTER_BOUND('',#986,.T.);
#773=FACE_OUTER_BOUND('',#988,.T.);
#774=EDGE_LOOP('',(#1712,#1713));
#775=EDGE_LOOP('',(#1714,#1715));
#776=EDGE_LOOP('',(#1716,#1717));
#777=EDGE_LOOP('',(#1718,#1719));
#778=EDGE_LOOP('',(#1720,#1721,#1722));
#779=EDGE_LOOP('',(#1723,#1724,#1725));
#780=EDGE_LOOP('',(#1726,#1727,#1728,#1729,#1730,#1731,#1732,#1733,#1734,
#1735,#1736,#1737,#1738,#1739,#1740,#1741,#1742));
#781=EDGE_LOOP('',(#1743,#1744,#1745));
#782=EDGE_LOOP('',(#1746,#1747,#1748,#1749,#1750,#1751,#1752));
#783=EDGE_LOOP('',(#1753,#1754,#1755,#1756,#1757,#1758,#1759,#1760,#1761));
#784=EDGE_LOOP('',(#1762,#1763,#1764,#1765));
#785=EDGE_LOOP('',(#1766,#1767,#1768,#1769,#1770,#1771));
#786=EDGE_LOOP('',(#1772,#1773,#1774,#1775));
#787=EDGE_LOOP('',(#1776,#1777,#1778,#1779));
#788=EDGE_LOOP('',(#1780,#1781,#1782,#1783));
#789=EDGE_LOOP('',(#1784,#1785,#1786,#1787));
#790=EDGE_LOOP('',(#1788,#1789,#1790,#1791));
#791=EDGE_LOOP('',(#1792,#1793,#1794,#1795));
#792=EDGE_LOOP('',(#1796,#1797,#1798,#1799));
#793=EDGE_LOOP('',(#1800,#1801,#1802,#1803));
#794=EDGE_LOOP('',(#1804,#1805,#1806,#1807));
#795=EDGE_LOOP('',(#1808,#1809,#1810,#1811,#1812,#1813));
#796=EDGE_LOOP('',(#1814,#1815,#1816,#1817));
#797=EDGE_LOOP('',(#1818,#1819,#1820,#1821));
#798=EDGE_LOOP('',(#1822,#1823,#1824,#1825));
#799=EDGE_LOOP('',(#1826,#1827,#1828,#1829));
#800=EDGE_LOOP('',(#1830,#1831,#1832,#1833));
#801=EDGE_LOOP('',(#1834,#1835,#1836,#1837,#1838,#1839,#1840,#1841,#1842,
#1843,#1844,#1845,#1846,#1847,#1848,#1849,#1850,#1851,#1852,#1853,#1854,
#1855,#1856,#1857,#1858,#1859,#1860,#1861,#1862,#1863));
#802=EDGE_LOOP('',(#1864));
#803=EDGE_LOOP('',(#1865,#1866,#1867,#1868));
#804=EDGE_LOOP('',(#1869,#1870,#1871,#1872));
#805=EDGE_LOOP('',(#1873,#1874,#1875,#1876,#1877));
#806=EDGE_LOOP('',(#1878,#1879,#1880,#1881,#1882));
#807=EDGE_LOOP('',(#1883,#1884,#1885,#1886,#1887,#1888,#1889,#1890,#1891,
#1892,#1893,#1894,#1895,#1896,#1897,#1898,#1899,#1900,#1901,#1902,#1903,
#1904));
#808=EDGE_LOOP('',(#1905));
#809=EDGE_LOOP('',(#1906,#1907,#1908,#1909));
#810=EDGE_LOOP('',(#1910,#1911,#1912,#1913));
#811=EDGE_LOOP('',(#1914,#1915,#1916,#1917));
#812=EDGE_LOOP('',(#1918));
#813=EDGE_LOOP('',(#1919));
#814=EDGE_LOOP('',(#1920,#1921,#1922,#1923,#1924,#1925,#1926,#1927,#1928,
#1929,#1930,#1931,#1932,#1933,#1934,#1935,#1936,#1937,#1938,#1939,#1940,
#1941,#1942,#1943,#1944,#1945,#1946,#1947,#1948,#1949,#1950,#1951,#1952,
#1953,#1954,#1955,#1956,#1957,#1958,#1959));
#815=EDGE_LOOP('',(#1960));
#816=EDGE_LOOP('',(#1961,#1962,#1963,#1964));
#817=EDGE_LOOP('',(#1965,#1966,#1967,#1968));
#818=EDGE_LOOP('',(#1969,#1970,#1971,#1972,#1973));
#819=EDGE_LOOP('',(#1974,#1975,#1976,#1977));
#820=EDGE_LOOP('',(#1978,#1979,#1980,#1981));
#821=EDGE_LOOP('',(#1982,#1983,#1984,#1985));
#822=EDGE_LOOP('',(#1986,#1987,#1988,#1989));
#823=EDGE_LOOP('',(#1990,#1991,#1992,#1993));
#824=EDGE_LOOP('',(#1994,#1995,#1996,#1997));
#825=EDGE_LOOP('',(#1998,#1999,#2000,#2001,#2002));
#826=EDGE_LOOP('',(#2003,#2004,#2005,#2006));
#827=EDGE_LOOP('',(#2007,#2008,#2009,#2010));
#828=EDGE_LOOP('',(#2011,#2012,#2013,#2014));
#829=EDGE_LOOP('',(#2015,#2016,#2017,#2018));
#830=EDGE_LOOP('',(#2019,#2020,#2021,#2022));
#831=EDGE_LOOP('',(#2023,#2024,#2025,#2026));
#832=EDGE_LOOP('',(#2027,#2028,#2029,#2030));
#833=EDGE_LOOP('',(#2031,#2032,#2033,#2034));
#834=EDGE_LOOP('',(#2035,#2036,#2037,#2038));
#835=EDGE_LOOP('',(#2039,#2040,#2041,#2042));
#836=EDGE_LOOP('',(#2043,#2044,#2045,#2046));
#837=EDGE_LOOP('',(#2047,#2048,#2049,#2050));
#838=EDGE_LOOP('',(#2051,#2052,#2053,#2054));
#839=EDGE_LOOP('',(#2055,#2056,#2057,#2058));
#840=EDGE_LOOP('',(#2059,#2060,#2061,#2062));
#841=EDGE_LOOP('',(#2063,#2064,#2065,#2066));
#842=EDGE_LOOP('',(#2067,#2068,#2069,#2070));
#843=EDGE_LOOP('',(#2071,#2072,#2073,#2074));
#844=EDGE_LOOP('',(#2075,#2076,#2077,#2078));
#845=EDGE_LOOP('',(#2079,#2080,#2081,#2082));
#846=EDGE_LOOP('',(#2083,#2084,#2085,#2086,#2087));
#847=EDGE_LOOP('',(#2088,#2089,#2090,#2091));
#848=EDGE_LOOP('',(#2092,#2093,#2094,#2095));
#849=EDGE_LOOP('',(#2096,#2097,#2098,#2099));
#850=EDGE_LOOP('',(#2100,#2101,#2102,#2103));
#851=EDGE_LOOP('',(#2104,#2105,#2106,#2107));
#852=EDGE_LOOP('',(#2108,#2109,#2110,#2111));
#853=EDGE_LOOP('',(#2112,#2113,#2114,#2115,#2116));
#854=EDGE_LOOP('',(#2117,#2118,#2119,#2120,#2121));
#855=EDGE_LOOP('',(#2122,#2123,#2124,#2125));
#856=EDGE_LOOP('',(#2126,#2127,#2128,#2129));
#857=EDGE_LOOP('',(#2130,#2131,#2132,#2133));
#858=EDGE_LOOP('',(#2134,#2135,#2136,#2137));
#859=EDGE_LOOP('',(#2138,#2139,#2140,#2141,#2142,#2143,#2144,#2145,#2146,
#2147,#2148,#2149,#2150,#2151,#2152,#2153,#2154,#2155,#2156,#2157,#2158,
#2159,#2160,#2161,#2162,#2163,#2164,#2165,#2166,#2167,#2168,#2169,#2170));
#860=EDGE_LOOP('',(#2171));
#861=EDGE_LOOP('',(#2172,#2173,#2174,#2175));
#862=EDGE_LOOP('',(#2176,#2177,#2178,#2179,#2180));
#863=EDGE_LOOP('',(#2181,#2182,#2183,#2184));
#864=EDGE_LOOP('',(#2185,#2186,#2187,#2188));
#865=EDGE_LOOP('',(#2189,#2190,#2191,#2192));
#866=EDGE_LOOP('',(#2193,#2194,#2195,#2196));
#867=EDGE_LOOP('',(#2197,#2198,#2199,#2200));
#868=EDGE_LOOP('',(#2201,#2202,#2203,#2204));
#869=EDGE_LOOP('',(#2205,#2206,#2207,#2208));
#870=EDGE_LOOP('',(#2209,#2210,#2211,#2212));
#871=EDGE_LOOP('',(#2213,#2214,#2215,#2216));
#872=EDGE_LOOP('',(#2217,#2218,#2219,#2220));
#873=EDGE_LOOP('',(#2221,#2222,#2223,#2224));
#874=EDGE_LOOP('',(#2225));
#875=EDGE_LOOP('',(#2226));
#876=EDGE_LOOP('',(#2227));
#877=EDGE_LOOP('',(#2228,#2229,#2230,#2231,#2232,#2233));
#878=EDGE_LOOP('',(#2234));
#879=EDGE_LOOP('',(#2235));
#880=EDGE_LOOP('',(#2236));
#881=EDGE_LOOP('',(#2237));
#882=EDGE_LOOP('',(#2238));
#883=EDGE_LOOP('',(#2239));
#884=EDGE_LOOP('',(#2240));
#885=EDGE_LOOP('',(#2241));
#886=EDGE_LOOP('',(#2242));
#887=EDGE_LOOP('',(#2243,#2244,#2245));
#888=EDGE_LOOP('',(#2246,#2247,#2248));
#889=EDGE_LOOP('',(#2249,#2250,#2251));
#890=EDGE_LOOP('',(#2252,#2253,#2254));
#891=EDGE_LOOP('',(#2255));
#892=EDGE_LOOP('',(#2256,#2257,#2258,#2259));
#893=EDGE_LOOP('',(#2260,#2261));
#894=EDGE_LOOP('',(#2262,#2263));
#895=EDGE_LOOP('',(#2264));
#896=EDGE_LOOP('',(#2265));
#897=EDGE_LOOP('',(#2266));
#898=EDGE_LOOP('',(#2267));
#899=EDGE_LOOP('',(#2268));
#900=EDGE_LOOP('',(#2269));
#901=EDGE_LOOP('',(#2270));
#902=EDGE_LOOP('',(#2271));
#903=EDGE_LOOP('',(#2272));
#904=EDGE_LOOP('',(#2273));
#905=EDGE_LOOP('',(#2274));
#906=EDGE_LOOP('',(#2275));
#907=EDGE_LOOP('',(#2276));
#908=EDGE_LOOP('',(#2277));
#909=EDGE_LOOP('',(#2278));
#910=EDGE_LOOP('',(#2279));
#911=EDGE_LOOP('',(#2280));
#912=EDGE_LOOP('',(#2281));
#913=EDGE_LOOP('',(#2282,#2283,#2284,#2285));
#914=EDGE_LOOP('',(#2286,#2287,#2288,#2289));
#915=EDGE_LOOP('',(#2290,#2291,#2292,#2293));
#916=EDGE_LOOP('',(#2294,#2295,#2296,#2297));
#917=EDGE_LOOP('',(#2298,#2299,#2300,#2301));
#918=EDGE_LOOP('',(#2302,#2303,#2304,#2305));
#919=EDGE_LOOP('',(#2306,#2307,#2308,#2309));
#920=EDGE_LOOP('',(#2310,#2311,#2312,#2313));
#921=EDGE_LOOP('',(#2314,#2315,#2316,#2317));
#922=EDGE_LOOP('',(#2318,#2319,#2320,#2321));
#923=EDGE_LOOP('',(#2322,#2323,#2324,#2325));
#924=EDGE_LOOP('',(#2326,#2327,#2328,#2329));
#925=EDGE_LOOP('',(#2330));
#926=EDGE_LOOP('',(#2331,#2332,#2333,#2334,#2335,#2336,#2337,#2338));
#927=EDGE_LOOP('',(#2339,#2340));
#928=EDGE_LOOP('',(#2341,#2342,#2343,#2344));
#929=EDGE_LOOP('',(#2345));
#930=EDGE_LOOP('',(#2346,#2347));
#931=EDGE_LOOP('',(#2348,#2349,#2350,#2351,#2352,#2353,#2354,#2355,#2356,
#2357,#2358,#2359));
#932=EDGE_LOOP('',(#2360));
#933=EDGE_LOOP('',(#2361,#2362));
#934=EDGE_LOOP('',(#2363,#2364,#2365,#2366));
#935=EDGE_LOOP('',(#2367,#2368));
#936=EDGE_LOOP('',(#2369));
#937=EDGE_LOOP('',(#2370));
#938=EDGE_LOOP('',(#2371));
#939=EDGE_LOOP('',(#2372));
#940=EDGE_LOOP('',(#2373));
#941=EDGE_LOOP('',(#2374));
#942=EDGE_LOOP('',(#2375));
#943=EDGE_LOOP('',(#2376));
#944=EDGE_LOOP('',(#2377));
#945=EDGE_LOOP('',(#2378));
#946=EDGE_LOOP('',(#2379));
#947=EDGE_LOOP('',(#2380));
#948=EDGE_LOOP('',(#2381));
#949=EDGE_LOOP('',(#2382));
#950=EDGE_LOOP('',(#2383));
#951=EDGE_LOOP('',(#2384));
#952=EDGE_LOOP('',(#2385));
#953=EDGE_LOOP('',(#2386));
#954=EDGE_LOOP('',(#2387));
#955=EDGE_LOOP('',(#2388));
#956=EDGE_LOOP('',(#2389));
#957=EDGE_LOOP('',(#2390));
#958=EDGE_LOOP('',(#2391));
#959=EDGE_LOOP('',(#2392));
#960=EDGE_LOOP('',(#2393));
#961=EDGE_LOOP('',(#2394));
#962=EDGE_LOOP('',(#2395));
#963=EDGE_LOOP('',(#2396));
#964=EDGE_LOOP('',(#2397,#2398,#2399));
#965=EDGE_LOOP('',(#2400));
#966=EDGE_LOOP('',(#2401));
#967=EDGE_LOOP('',(#2402));
#968=EDGE_LOOP('',(#2403));
#969=EDGE_LOOP('',(#2404));
#970=EDGE_LOOP('',(#2405,#2406));
#971=EDGE_LOOP('',(#2407));
#972=EDGE_LOOP('',(#2408));
#973=EDGE_LOOP('',(#2409));
#974=EDGE_LOOP('',(#2410));
#975=EDGE_LOOP('',(#2411));
#976=EDGE_LOOP('',(#2412));
#977=EDGE_LOOP('',(#2413));
#978=EDGE_LOOP('',(#2414));
#979=EDGE_LOOP('',(#2415));
#980=EDGE_LOOP('',(#2416));
#981=EDGE_LOOP('',(#2417));
#982=EDGE_LOOP('',(#2418));
#983=EDGE_LOOP('',(#2419));
#984=EDGE_LOOP('',(#2420));
#985=EDGE_LOOP('',(#2421));
#986=EDGE_LOOP('',(#2422));
#987=EDGE_LOOP('',(#2423));
#988=EDGE_LOOP('',(#2424));
#989=EDGE_LOOP('',(#2425));
#990=CIRCLE('',#2781,1.99999999999999);
#991=CIRCLE('',#2782,12.3667162726454);
#992=CIRCLE('',#2783,2.);
#993=CIRCLE('',#2784,1.99999999999999);
#994=CIRCLE('',#2785,12.3667162726454);
#995=CIRCLE('',#2786,2.);
#996=CIRCLE('',#2788,35.125);
#997=CIRCLE('',#2790,6.55);
#998=CIRCLE('',#2792,37.4);
#999=CIRCLE('',#2793,37.4);
#1000=CIRCLE('',#2794,37.4);
#1001=CIRCLE('',#2795,37.4);
#1002=CIRCLE('',#2797,6.55);
#1003=CIRCLE('',#2798,6.55);
#1004=CIRCLE('',#2799,6.55);
#1005=CIRCLE('',#2806,24.1);
#1006=CIRCLE('',#2807,27.1);
#1007=CIRCLE('',#2812,24.1);
#1008=CIRCLE('',#2813,27.1);
#1009=CIRCLE('',#2820,24.1);
#1010=CIRCLE('',#2821,27.1);
#1011=CIRCLE('',#2824,24.1);
#1012=CIRCLE('',#2825,24.1);
#1013=CIRCLE('',#2826,24.1);
#1014=CIRCLE('',#2827,24.1);
#1015=CIRCLE('',#2831,27.1);
#1016=CIRCLE('',#2833,27.1);
#1017=CIRCLE('',#2835,27.1);
#1018=CIRCLE('',#2836,27.1);
#1019=CIRCLE('',#2841,30.1);
#1020=CIRCLE('',#2843,37.4);
#1021=CIRCLE('',#2844,37.4);
#1022=CIRCLE('',#2845,37.4);
#1023=CIRCLE('',#2846,37.4);
#1024=CIRCLE('',#2847,37.4);
#1025=CIRCLE('',#2848,37.4);
#1026=CIRCLE('',#2849,37.4);
#1027=CIRCLE('',#2850,37.4);
#1028=CIRCLE('',#2851,37.4);
#1029=CIRCLE('',#2852,37.4);
#1030=CIRCLE('',#2854,0.499999999999998);
#1031=CIRCLE('',#2855,0.5);
#1032=CIRCLE('',#2857,0.499999999999998);
#1033=CIRCLE('',#2858,3.675);
#1034=CIRCLE('',#2859,4.175);
#1035=CIRCLE('',#2861,0.5);
#1036=CIRCLE('',#2863,3.675);
#1037=CIRCLE('',#2864,4.175);
#1038=CIRCLE('',#2869,0.499999999999998);
#1039=CIRCLE('',#2870,0.5);
#1040=CIRCLE('',#2872,0.499999999999999);
#1041=CIRCLE('',#2873,3.675);
#1042=CIRCLE('',#2874,4.175);
#1043=CIRCLE('',#2876,0.5);
#1044=CIRCLE('',#2878,3.675);
#1045=CIRCLE('',#2879,4.175);
#1046=CIRCLE('',#2913,37.4);
#1047=CIRCLE('',#2914,37.4);
#1048=CIRCLE('',#2915,37.4);
#1049=CIRCLE('',#2916,37.4);
#1050=CIRCLE('',#2917,37.4);
#1051=CIRCLE('',#2918,37.4);
#1052=CIRCLE('',#2919,37.4);
#1053=CIRCLE('',#2920,24.1);
#1054=CIRCLE('',#2935,15.55);
#1055=CIRCLE('',#2936,15.05);
#1056=CIRCLE('',#2938,15.55);
#1057=CIRCLE('',#2940,8.96);
#1058=CIRCLE('',#2942,15.05);
#1059=CIRCLE('',#2944,8.96);
#1060=CIRCLE('',#2946,12.3667162726454);
#1061=CIRCLE('',#2947,11.725);
#1062=CIRCLE('',#2949,11.725);
#1063=CIRCLE('',#2950,12.3667162726454);
#1064=CIRCLE('',#2955,6.);
#1065=CIRCLE('',#2956,6.);
#1066=CIRCLE('',#2958,21.1);
#1067=CIRCLE('',#2959,22.1);
#1068=CIRCLE('',#2961,7.5);
#1069=CIRCLE('',#2963,22.1);
#1070=CIRCLE('',#2965,7.);
#1071=CIRCLE('',#2966,7.00000000000003);
#1072=CIRCLE('',#2968,7.5);
#1073=CIRCLE('',#2971,24.1);
#1074=CIRCLE('',#2973,2.);
#1075=CIRCLE('',#2974,2.);
#1076=CIRCLE('',#2975,2.);
#1077=CIRCLE('',#2976,2.);
#1078=CIRCLE('',#2977,2.);
#1079=CIRCLE('',#2978,2.);
#1080=CIRCLE('',#2980,2.);
#1081=CIRCLE('',#2981,2.);
#1082=CIRCLE('',#2982,2.);
#1083=CIRCLE('',#2983,2.);
#1084=CIRCLE('',#2984,2.);
#1085=CIRCLE('',#2985,2.);
#1086=CIRCLE('',#2988,20.5535533905933);
#1087=CIRCLE('',#2989,12.8464466094067);
#1088=CIRCLE('',#2990,12.8464466094067);
#1089=CIRCLE('',#2992,12.4928932188135);
#1090=CIRCLE('',#2995,15.05);
#1091=CIRCLE('',#2996,15.55);
#1092=CIRCLE('',#2998,15.55);
#1093=CIRCLE('',#3000,15.05);
#1094=CIRCLE('',#3002,12.4928932188135);
#1095=CIRCLE('',#3005,20.7);
#1096=CIRCLE('',#3007,20.7);
#1097=CIRCLE('',#3009,8.96);
#1098=CIRCLE('',#3011,8.96);
#1099=CIRCLE('',#3013,6.);
#1100=CIRCLE('',#3014,6.);
#1101=CIRCLE('',#3016,8.96);
#1102=CIRCLE('',#3018,8.96);
#1103=CIRCLE('',#3023,8.96);
#1104=CIRCLE('',#3025,8.96);
#1105=CIRCLE('',#3029,35.125);
#1106=CIRCLE('',#3030,20.75);
#1107=CIRCLE('',#3032,35.125);
#1108=CIRCLE('',#3033,34.625);
#1109=CIRCLE('',#3035,23.925);
#1110=CIRCLE('',#3039,14.3266794760102);
#1111=CIRCLE('',#3040,9.76707195013468);
#1112=CIRCLE('',#3042,17.0596075258755);
#1113=CIRCLE('',#3044,8.);
#1114=CIRCLE('',#3046,17.5);
#1115=CIRCLE('',#3048,17.5);
#1116=CIRCLE('',#3050,12.5);
#1117=CIRCLE('',#3052,8.);
#1118=VERTEX_POINT('',#3849);
#1119=VERTEX_POINT('',#3850);
#1120=VERTEX_POINT('',#3930);
#1121=VERTEX_POINT('',#4019);
#1122=VERTEX_POINT('',#4020);
#1123=VERTEX_POINT('',#4100);
#1124=VERTEX_POINT('',#4113);
#1125=VERTEX_POINT('',#4114);
#1126=VERTEX_POINT('',#4116);
#1127=VERTEX_POINT('',#4145);
#1128=VERTEX_POINT('',#4149);
#1129=VERTEX_POINT('',#4150);
#1130=VERTEX_POINT('',#4152);
#1131=VERTEX_POINT('',#4171);
#1132=VERTEX_POINT('',#4173);
#1133=VERTEX_POINT('',#4175);
#1134=VERTEX_POINT('',#4177);
#1135=VERTEX_POINT('',#4179);
#1136=VERTEX_POINT('',#4181);
#1137=VERTEX_POINT('',#4183);
#1138=VERTEX_POINT('',#4185);
#1139=VERTEX_POINT('',#4187);
#1140=VERTEX_POINT('',#4189);
#1141=VERTEX_POINT('',#4191);
#1142=VERTEX_POINT('',#4193);
#1143=VERTEX_POINT('',#4195);
#1144=VERTEX_POINT('',#4197);
#1145=VERTEX_POINT('',#4204);
#1146=VERTEX_POINT('',#4914);
#1147=VERTEX_POINT('',#4956);
#1148=VERTEX_POINT('',#5980);
#1149=VERTEX_POINT('',#5981);
#1150=VERTEX_POINT('',#5992);
#1151=VERTEX_POINT('',#5994);
#1152=VERTEX_POINT('',#6007);
#1153=VERTEX_POINT('',#6009);
#1154=VERTEX_POINT('',#6011);
#1155=VERTEX_POINT('',#6013);
#1156=VERTEX_POINT('',#6017);
#1157=VERTEX_POINT('',#6018);
#1158=VERTEX_POINT('',#6029);
#1159=VERTEX_POINT('',#6031);
#1160=VERTEX_POINT('',#6044);
#1161=VERTEX_POINT('',#6046);
#1162=VERTEX_POINT('',#6050);
#1163=VERTEX_POINT('',#6061);
#1164=VERTEX_POINT('',#6074);
#1165=VERTEX_POINT('',#6076);
#1166=VERTEX_POINT('',#6080);
#1167=VERTEX_POINT('',#6091);
#1168=VERTEX_POINT('',#6104);
#1169=VERTEX_POINT('',#6106);
#1170=VERTEX_POINT('',#6110);
#1171=VERTEX_POINT('',#6121);
#1172=VERTEX_POINT('',#6134);
#1173=VERTEX_POINT('',#6136);
#1174=VERTEX_POINT('',#6140);
#1175=VERTEX_POINT('',#6151);
#1176=VERTEX_POINT('',#6164);
#1177=VERTEX_POINT('',#6166);
#1178=VERTEX_POINT('',#6168);
#1179=VERTEX_POINT('',#6170);
#1180=VERTEX_POINT('',#6174);
#1181=VERTEX_POINT('',#6175);
#1182=VERTEX_POINT('',#6186);
#1183=VERTEX_POINT('',#6188);
#1184=VERTEX_POINT('',#6201);
#1185=VERTEX_POINT('',#6203);
#1186=VERTEX_POINT('',#6207);
#1187=VERTEX_POINT('',#6218);
#1188=VERTEX_POINT('',#6231);
#1189=VERTEX_POINT('',#6233);
#1190=VERTEX_POINT('',#6237);
#1191=VERTEX_POINT('',#6238);
#1192=VERTEX_POINT('',#6249);
#1193=VERTEX_POINT('',#6251);
#1194=VERTEX_POINT('',#6265);
#1195=VERTEX_POINT('',#6277);
#1196=VERTEX_POINT('',#6279);
#1197=VERTEX_POINT('',#6281);
#1198=VERTEX_POINT('',#6300);
#1199=VERTEX_POINT('',#6320);
#1200=VERTEX_POINT('',#6322);
#1201=VERTEX_POINT('',#6324);
#1202=VERTEX_POINT('',#6343);
#1203=VERTEX_POINT('',#6363);
#1204=VERTEX_POINT('',#6366);
#1205=VERTEX_POINT('',#6388);
#1206=VERTEX_POINT('',#6391);
#1207=VERTEX_POINT('',#6396);
#1208=VERTEX_POINT('',#6400);
#1209=VERTEX_POINT('',#6403);
#1210=VERTEX_POINT('',#6404);
#1211=VERTEX_POINT('',#6406);
#1212=VERTEX_POINT('',#6408);
#1213=VERTEX_POINT('',#6410);
#1214=VERTEX_POINT('',#6412);
#1215=VERTEX_POINT('',#6414);
#1216=VERTEX_POINT('',#6416);
#1217=VERTEX_POINT('',#6418);
#1218=VERTEX_POINT('',#6420);
#1219=VERTEX_POINT('',#6422);
#1220=VERTEX_POINT('',#6424);
#1221=VERTEX_POINT('',#6426);
#1222=VERTEX_POINT('',#6428);
#1223=VERTEX_POINT('',#6430);
#1224=VERTEX_POINT('',#6432);
#1225=VERTEX_POINT('',#6434);
#1226=VERTEX_POINT('',#6436);
#1227=VERTEX_POINT('',#6438);
#1228=VERTEX_POINT('',#6440);
#1229=VERTEX_POINT('',#6442);
#1230=VERTEX_POINT('',#6444);
#1231=VERTEX_POINT('',#6446);
#1232=VERTEX_POINT('',#6448);
#1233=VERTEX_POINT('',#6450);
#1234=VERTEX_POINT('',#6452);
#1235=VERTEX_POINT('',#6454);
#1236=VERTEX_POINT('',#6456);
#1237=VERTEX_POINT('',#6458);
#1238=VERTEX_POINT('',#6460);
#1239=VERTEX_POINT('',#6462);
#1240=VERTEX_POINT('',#6464);
#1241=VERTEX_POINT('',#6466);
#1242=VERTEX_POINT('',#6468);
#1243=VERTEX_POINT('',#6470);
#1244=VERTEX_POINT('',#6472);
#1245=VERTEX_POINT('',#6474);
#1246=VERTEX_POINT('',#6476);
#1247=VERTEX_POINT('',#6478);
#1248=VERTEX_POINT('',#6480);
#1249=VERTEX_POINT('',#6484);
#1250=VERTEX_POINT('',#6485);
#1251=VERTEX_POINT('',#6487);
#1252=VERTEX_POINT('',#6489);
#1253=VERTEX_POINT('',#6493);
#1254=VERTEX_POINT('',#6498);
#1255=VERTEX_POINT('',#6510);
#1256=VERTEX_POINT('',#6511);
#1257=VERTEX_POINT('',#6513);
#1258=VERTEX_POINT('',#6515);
#1259=VERTEX_POINT('',#6519);
#1260=VERTEX_POINT('',#6524);
#1261=VERTEX_POINT('',#6538);
#1262=VERTEX_POINT('',#6540);
#1263=VERTEX_POINT('',#6544);
#1264=VERTEX_POINT('',#6546);
#1265=VERTEX_POINT('',#6552);
#1266=VERTEX_POINT('',#6554);
#1267=VERTEX_POINT('',#6558);
#1268=VERTEX_POINT('',#6560);
#1269=VERTEX_POINT('',#6566);
#1270=VERTEX_POINT('',#6568);
#1271=VERTEX_POINT('',#6572);
#1272=VERTEX_POINT('',#6574);
#1273=VERTEX_POINT('',#6580);
#1274=VERTEX_POINT('',#6582);
#1275=VERTEX_POINT('',#6586);
#1276=VERTEX_POINT('',#6588);
#1277=VERTEX_POINT('',#6597);
#1278=VERTEX_POINT('',#6599);
#1279=VERTEX_POINT('',#6620);
#1280=VERTEX_POINT('',#6625);
#1281=VERTEX_POINT('',#6631);
#1282=VERTEX_POINT('',#6633);
#1283=VERTEX_POINT('',#6637);
#1284=VERTEX_POINT('',#6639);
#1285=VERTEX_POINT('',#6646);
#1286=VERTEX_POINT('',#6648);
#1287=VERTEX_POINT('',#6650);
#1288=VERTEX_POINT('',#6652);
#1289=VERTEX_POINT('',#6659);
#1290=VERTEX_POINT('',#6679);
#1291=VERTEX_POINT('',#6681);
#1292=VERTEX_POINT('',#6684);
#1293=VERTEX_POINT('',#6726);
#1294=VERTEX_POINT('',#6729);
#1295=VERTEX_POINT('',#6732);
#1296=VERTEX_POINT('',#7012);
#1297=VERTEX_POINT('',#7014);
#1298=VERTEX_POINT('',#7017);
#1299=VERTEX_POINT('',#7019);
#1300=VERTEX_POINT('',#7022);
#1301=VERTEX_POINT('',#7025);
#1302=VERTEX_POINT('',#7028);
#1303=VERTEX_POINT('',#7030);
#1304=VERTEX_POINT('',#7033);
#1305=VERTEX_POINT('',#7037);
#1306=VERTEX_POINT('',#7068);
#1307=VERTEX_POINT('',#7069);
#1308=VERTEX_POINT('',#7071);
#1309=VERTEX_POINT('',#7076);
#1310=VERTEX_POINT('',#7106);
#1311=VERTEX_POINT('',#7111);
#1312=VERTEX_POINT('',#7189);
#1313=VERTEX_POINT('',#7190);
#1314=VERTEX_POINT('',#7240);
#1315=VERTEX_POINT('',#7245);
#1316=VERTEX_POINT('',#7279);
#1317=VERTEX_POINT('',#7280);
#1318=VERTEX_POINT('',#7291);
#1319=VERTEX_POINT('',#7292);
#1320=VERTEX_POINT('',#7324);
#1321=VERTEX_POINT('',#7325);
#1322=VERTEX_POINT('',#7359);
#1323=VERTEX_POINT('',#7364);
#1324=VERTEX_POINT('',#7442);
#1325=VERTEX_POINT('',#7443);
#1326=VERTEX_POINT('',#7493);
#1327=VERTEX_POINT('',#7498);
#1328=VERTEX_POINT('',#7532);
#1329=VERTEX_POINT('',#7533);
#1330=VERTEX_POINT('',#7547);
#1331=VERTEX_POINT('',#7555);
#1332=VERTEX_POINT('',#7561);
#1333=VERTEX_POINT('',#7567);
#1334=VERTEX_POINT('',#7570);
#1335=VERTEX_POINT('',#7573);
#1336=VERTEX_POINT('',#7576);
#1337=VERTEX_POINT('',#7579);
#1338=VERTEX_POINT('',#7581);
#1339=VERTEX_POINT('',#7584);
#1340=VERTEX_POINT('',#7587);
#1341=VERTEX_POINT('',#7593);
#1342=VERTEX_POINT('',#7596);
#1343=VERTEX_POINT('',#7602);
#1344=VERTEX_POINT('',#7605);
#1345=VERTEX_POINT('',#7607);
#1346=VERTEX_POINT('',#7610);
#1347=VERTEX_POINT('',#7615);
#1348=VERTEX_POINT('',#7617);
#1349=VERTEX_POINT('',#7620);
#1350=VERTEX_POINT('',#7623);
#1351=VERTEX_POINT('',#7626);
#1352=VERTEX_POINT('',#7629);
#1353=VERTEX_POINT('',#7632);
#1354=VERTEX_POINT('',#7635);
#1355=EDGE_CURVE('',#1118,#1119,#990,.F.);
#1356=EDGE_CURVE('',#1118,#1119,#991,.T.);
#1357=EDGE_CURVE('',#1119,#1120,#551,.T.);
#1358=EDGE_CURVE('',#1119,#1120,#992,.T.);
#1359=EDGE_CURVE('',#1121,#1122,#993,.T.);
#1360=EDGE_CURVE('',#1121,#1122,#994,.T.);
#1361=EDGE_CURVE('',#1122,#1123,#552,.T.);
#1362=EDGE_CURVE('',#1122,#1123,#995,.F.);
#1363=EDGE_CURVE('',#1124,#1125,#996,.T.);
#1364=EDGE_CURVE('',#1126,#1125,#553,.T.);
#1365=EDGE_CURVE('',#1124,#1126,#141,.T.);
#1366=EDGE_CURVE('',#1124,#1127,#142,.T.);
#1367=EDGE_CURVE('',#1126,#1127,#997,.T.);
#1368=EDGE_CURVE('',#1128,#1129,#998,.T.);
#1369=EDGE_CURVE('',#1130,#1129,#554,.T.);
#1370=EDGE_CURVE('',#1131,#1130,#143,.T.);
#1371=EDGE_CURVE('',#1131,#1132,#144,.T.);
#1372=EDGE_CURVE('',#1132,#1133,#145,.T.);
#1373=EDGE_CURVE('',#1133,#1134,#999,.T.);
#1374=EDGE_CURVE('',#1134,#1135,#146,.T.);
#1375=EDGE_CURVE('',#1135,#1136,#147,.T.);
#1376=EDGE_CURVE('',#1136,#1137,#148,.T.);
#1377=EDGE_CURVE('',#1137,#1138,#1000,.T.);
#1378=EDGE_CURVE('',#1138,#1139,#149,.T.);
#1379=EDGE_CURVE('',#1139,#1140,#150,.T.);
#1380=EDGE_CURVE('',#1140,#1141,#151,.T.);
#1381=EDGE_CURVE('',#1141,#1142,#1001,.T.);
#1382=EDGE_CURVE('',#1142,#1143,#152,.T.);
#1383=EDGE_CURVE('',#1144,#1143,#555,.T.);
#1384=EDGE_CURVE('',#1144,#1128,#153,.T.);
#1385=EDGE_CURVE('',#1131,#1145,#154,.T.);
#1386=EDGE_CURVE('',#1130,#1145,#1002,.T.);
#1387=EDGE_CURVE('',#1127,#1125,#556,.T.);
#1388=EDGE_CURVE('',#1146,#1126,#557,.T.);
#1389=EDGE_CURVE('',#1146,#1147,#1003,.T.);
#1390=EDGE_CURVE('',#1147,#1146,#1004,.T.);
#1391=EDGE_CURVE('',#1144,#1129,#558,.T.);
#1392=EDGE_CURVE('',#1145,#1143,#559,.T.);
#1393=EDGE_CURVE('',#1130,#1146,#560,.T.);
#1394=EDGE_CURVE('',#1148,#1149,#561,.T.);
#1395=EDGE_CURVE('',#1148,#1150,#155,.T.);
#1396=EDGE_CURVE('',#1150,#1151,#562,.T.);
#1397=EDGE_CURVE('',#1151,#1149,#156,.T.);
#1398=EDGE_CURVE('',#1152,#1148,#157,.T.);
#1399=EDGE_CURVE('',#1152,#1153,#158,.T.);
#1400=EDGE_CURVE('',#1154,#1153,#159,.T.);
#1401=EDGE_CURVE('',#1155,#1154,#160,.T.);
#1402=EDGE_CURVE('',#1150,#1155,#161,.T.);
#1403=EDGE_CURVE('',#1156,#1157,#563,.T.);
#1404=EDGE_CURVE('',#1156,#1158,#162,.T.);
#1405=EDGE_CURVE('',#1158,#1159,#564,.T.);
#1406=EDGE_CURVE('',#1159,#1157,#163,.T.);
#1407=EDGE_CURVE('',#1160,#1156,#164,.T.);
#1408=EDGE_CURVE('',#1161,#1160,#165,.T.);
#1409=EDGE_CURVE('',#1158,#1161,#166,.T.);
#1410=EDGE_CURVE('',#1162,#1161,#565,.T.);
#1411=EDGE_CURVE('',#1160,#1163,#566,.F.);
#1412=EDGE_CURVE('',#1163,#1162,#167,.T.);
#1413=EDGE_CURVE('',#1164,#1163,#1005,.T.);
#1414=EDGE_CURVE('',#1165,#1164,#168,.T.);
#1415=EDGE_CURVE('',#1165,#1162,#1006,.T.);
#1416=EDGE_CURVE('',#1166,#1165,#567,.T.);
#1417=EDGE_CURVE('',#1164,#1167,#568,.F.);
#1418=EDGE_CURVE('',#1167,#1166,#169,.T.);
#1419=EDGE_CURVE('',#1168,#1167,#170,.T.);
#1420=EDGE_CURVE('',#1169,#1168,#171,.T.);
#1421=EDGE_CURVE('',#1169,#1166,#172,.T.);
#1422=EDGE_CURVE('',#1170,#1168,#569,.T.);
#1423=EDGE_CURVE('',#1170,#1171,#173,.T.);
#1424=EDGE_CURVE('',#1171,#1169,#570,.T.);
#1425=EDGE_CURVE('',#1172,#1170,#1007,.T.);
#1426=EDGE_CURVE('',#1173,#1172,#174,.T.);
#1427=EDGE_CURVE('',#1173,#1171,#1008,.T.);
#1428=EDGE_CURVE('',#1174,#1172,#571,.T.);
#1429=EDGE_CURVE('',#1174,#1175,#175,.T.);
#1430=EDGE_CURVE('',#1175,#1173,#572,.T.);
#1431=EDGE_CURVE('',#1176,#1174,#176,.T.);
#1432=EDGE_CURVE('',#1176,#1177,#177,.T.);
#1433=EDGE_CURVE('',#1178,#1177,#178,.T.);
#1434=EDGE_CURVE('',#1179,#1178,#179,.T.);
#1435=EDGE_CURVE('',#1175,#1179,#180,.T.);
#1436=EDGE_CURVE('',#1180,#1181,#573,.T.);
#1437=EDGE_CURVE('',#1180,#1182,#181,.T.);
#1438=EDGE_CURVE('',#1182,#1183,#574,.T.);
#1439=EDGE_CURVE('',#1183,#1181,#182,.T.);
#1440=EDGE_CURVE('',#1184,#1180,#183,.T.);
#1441=EDGE_CURVE('',#1185,#1184,#184,.T.);
#1442=EDGE_CURVE('',#1182,#1185,#185,.T.);
#1443=EDGE_CURVE('',#1186,#1185,#575,.T.);
#1444=EDGE_CURVE('',#1184,#1187,#576,.F.);
#1445=EDGE_CURVE('',#1187,#1186,#186,.T.);
#1446=EDGE_CURVE('',#1188,#1187,#1009,.T.);
#1447=EDGE_CURVE('',#1189,#1188,#187,.T.);
#1448=EDGE_CURVE('',#1189,#1186,#1010,.T.);
#1449=EDGE_CURVE('',#1190,#1191,#577,.T.);
#1450=EDGE_CURVE('',#1190,#1192,#188,.T.);
#1451=EDGE_CURVE('',#1192,#1193,#578,.T.);
#1452=EDGE_CURVE('',#1193,#1191,#189,.T.);
#1453=EDGE_CURVE('',#1149,#1190,#1011,.T.);
#1454=EDGE_CURVE('',#1191,#1194,#190,.T.);
#1455=EDGE_CURVE('',#1188,#1194,#579,.F.);
#1456=EDGE_CURVE('',#1181,#1195,#1012,.T.);
#1457=EDGE_CURVE('',#1195,#1196,#191,.T.);
#1458=EDGE_CURVE('',#1196,#1197,#580,.T.);
#1459=EDGE_CURVE('',#1197,#1198,#192,.T.);
#1460=EDGE_CURVE('',#1198,#1176,#581,.T.);
#1461=EDGE_CURVE('',#1157,#1199,#1013,.T.);
#1462=EDGE_CURVE('',#1199,#1200,#193,.T.);
#1463=EDGE_CURVE('',#1200,#1201,#582,.T.);
#1464=EDGE_CURVE('',#1201,#1202,#194,.T.);
#1465=EDGE_CURVE('',#1202,#1152,#583,.T.);
#1466=EDGE_CURVE('',#1203,#1203,#1014,.T.);
#1467=EDGE_CURVE('',#1193,#1204,#195,.T.);
#1468=EDGE_CURVE('',#1194,#1204,#196,.T.);
#1469=EDGE_CURVE('',#1204,#1189,#584,.T.);
#1470=EDGE_CURVE('',#1159,#1155,#1015,.T.);
#1471=EDGE_CURVE('',#1199,#1154,#197,.T.);
#1472=EDGE_CURVE('',#1183,#1179,#1016,.T.);
#1473=EDGE_CURVE('',#1195,#1178,#198,.T.);
#1474=EDGE_CURVE('',#1151,#1192,#1017,.T.);
#1475=EDGE_CURVE('',#1205,#1205,#1018,.T.);
#1476=EDGE_CURVE('',#1206,#1154,#199,.T.);
#1477=EDGE_CURVE('',#1200,#1206,#200,.T.);
#1478=EDGE_CURVE('',#1207,#1178,#201,.T.);
#1479=EDGE_CURVE('',#1207,#1196,#202,.T.);
#1480=EDGE_CURVE('',#1208,#1208,#1019,.T.);
#1481=EDGE_CURVE('',#1209,#1210,#203,.T.);
#1482=EDGE_CURVE('',#1210,#1211,#1020,.T.);
#1483=EDGE_CURVE('',#1211,#1212,#204,.T.);
#1484=EDGE_CURVE('',#1212,#1213,#205,.T.);
#1485=EDGE_CURVE('',#1213,#1214,#206,.T.);
#1486=EDGE_CURVE('',#1214,#1215,#1021,.T.);
#1487=EDGE_CURVE('',#1215,#1216,#207,.T.);
#1488=EDGE_CURVE('',#1216,#1217,#208,.T.);
#1489=EDGE_CURVE('',#1217,#1218,#209,.T.);
#1490=EDGE_CURVE('',#1218,#1219,#1022,.T.);
#1491=EDGE_CURVE('',#1219,#1220,#210,.T.);
#1492=EDGE_CURVE('',#1220,#1221,#211,.T.);
#1493=EDGE_CURVE('',#1221,#1222,#212,.T.);
#1494=EDGE_CURVE('',#1222,#1223,#1023,.T.);
#1495=EDGE_CURVE('',#1223,#1224,#213,.T.);
#1496=EDGE_CURVE('',#1224,#1225,#214,.T.);
#1497=EDGE_CURVE('',#1225,#1226,#215,.T.);
#1498=EDGE_CURVE('',#1226,#1227,#1024,.T.);
#1499=EDGE_CURVE('',#1227,#1228,#216,.T.);
#1500=EDGE_CURVE('',#1228,#1229,#217,.T.);
#1501=EDGE_CURVE('',#1229,#1230,#218,.T.);
#1502=EDGE_CURVE('',#1230,#1231,#1025,.T.);
#1503=EDGE_CURVE('',#1231,#1232,#219,.T.);
#1504=EDGE_CURVE('',#1232,#1233,#220,.T.);
#1505=EDGE_CURVE('',#1233,#1234,#221,.T.);
#1506=EDGE_CURVE('',#1234,#1235,#1026,.T.);
#1507=EDGE_CURVE('',#1235,#1236,#222,.T.);
#1508=EDGE_CURVE('',#1236,#1237,#223,.T.);
#1509=EDGE_CURVE('',#1237,#1238,#224,.T.);
#1510=EDGE_CURVE('',#1238,#1239,#1027,.T.);
#1511=EDGE_CURVE('',#1239,#1240,#225,.T.);
#1512=EDGE_CURVE('',#1240,#1241,#226,.T.);
#1513=EDGE_CURVE('',#1241,#1242,#227,.T.);
#1514=EDGE_CURVE('',#1242,#1243,#1028,.T.);
#1515=EDGE_CURVE('',#1243,#1244,#228,.T.);
#1516=EDGE_CURVE('',#1244,#1245,#229,.T.);
#1517=EDGE_CURVE('',#1245,#1246,#230,.T.);
#1518=EDGE_CURVE('',#1246,#1247,#1029,.T.);
#1519=EDGE_CURVE('',#1247,#1248,#231,.T.);
#1520=EDGE_CURVE('',#1248,#1209,#232,.T.);
#1521=EDGE_CURVE('',#1249,#1250,#1030,.T.);
#1522=EDGE_CURVE('',#1250,#1251,#233,.T.);
#1523=EDGE_CURVE('',#1251,#1252,#1031,.T.);
#1524=EDGE_CURVE('',#1252,#1249,#234,.T.);
#1525=EDGE_CURVE('',#1207,#1253,#1032,.T.);
#1526=EDGE_CURVE('',#1253,#1252,#1033,.T.);
#1527=EDGE_CURVE('',#1251,#1207,#1034,.T.);
#1528=EDGE_CURVE('',#1177,#1254,#1035,.T.);
#1529=EDGE_CURVE('',#1254,#1253,#235,.T.);
#1530=EDGE_CURVE('',#1249,#1254,#1036,.T.);
#1531=EDGE_CURVE('',#1177,#1250,#1037,.T.);
#1532=EDGE_CURVE('',#1251,#1197,#236,.T.);
#1533=EDGE_CURVE('',#1250,#1198,#237,.T.);
#1534=EDGE_CURVE('',#1255,#1256,#1038,.T.);
#1535=EDGE_CURVE('',#1256,#1257,#238,.T.);
#1536=EDGE_CURVE('',#1257,#1258,#1039,.T.);
#1537=EDGE_CURVE('',#1258,#1255,#239,.T.);
#1538=EDGE_CURVE('',#1206,#1259,#1040,.T.);
#1539=EDGE_CURVE('',#1259,#1258,#1041,.T.);
#1540=EDGE_CURVE('',#1257,#1206,#1042,.T.);
#1541=EDGE_CURVE('',#1153,#1260,#1043,.T.);
#1542=EDGE_CURVE('',#1260,#1259,#240,.T.);
#1543=EDGE_CURVE('',#1255,#1260,#1044,.T.);
#1544=EDGE_CURVE('',#1153,#1256,#1045,.T.);
#1545=EDGE_CURVE('',#1201,#1257,#241,.T.);
#1546=EDGE_CURVE('',#1256,#1202,#242,.T.);
#1547=EDGE_CURVE('',#1261,#1247,#243,.T.);
#1548=EDGE_CURVE('',#1262,#1261,#244,.T.);
#1549=EDGE_CURVE('',#1262,#1248,#245,.T.);
#1550=EDGE_CURVE('',#1210,#1263,#246,.T.);
#1551=EDGE_CURVE('',#1264,#1209,#247,.T.);
#1552=EDGE_CURVE('',#1263,#1264,#248,.T.);
#1553=EDGE_CURVE('',#1264,#1262,#249,.T.);
#1554=EDGE_CURVE('',#1265,#1243,#250,.T.);
#1555=EDGE_CURVE('',#1266,#1265,#251,.T.);
#1556=EDGE_CURVE('',#1266,#1244,#252,.T.);
#1557=EDGE_CURVE('',#1246,#1267,#253,.T.);
#1558=EDGE_CURVE('',#1268,#1245,#254,.T.);
#1559=EDGE_CURVE('',#1267,#1268,#255,.T.);
#1560=EDGE_CURVE('',#1268,#1266,#256,.T.);
#1561=EDGE_CURVE('',#1269,#1239,#257,.T.);
#1562=EDGE_CURVE('',#1270,#1269,#258,.T.);
#1563=EDGE_CURVE('',#1270,#1240,#259,.T.);
#1564=EDGE_CURVE('',#1242,#1271,#260,.T.);
#1565=EDGE_CURVE('',#1272,#1241,#261,.T.);
#1566=EDGE_CURVE('',#1271,#1272,#262,.T.);
#1567=EDGE_CURVE('',#1272,#1270,#263,.T.);
#1568=EDGE_CURVE('',#1273,#1235,#264,.T.);
#1569=EDGE_CURVE('',#1274,#1273,#265,.T.);
#1570=EDGE_CURVE('',#1274,#1236,#266,.T.);
#1571=EDGE_CURVE('',#1238,#1275,#267,.T.);
#1572=EDGE_CURVE('',#1276,#1237,#268,.T.);
#1573=EDGE_CURVE('',#1275,#1276,#269,.T.);
#1574=EDGE_CURVE('',#1276,#1274,#270,.T.);
#1575=EDGE_CURVE('',#1133,#1231,#271,.T.);
#1576=EDGE_CURVE('',#1132,#1232,#272,.T.);
#1577=EDGE_CURVE('',#1234,#1277,#273,.T.);
#1578=EDGE_CURVE('',#1278,#1233,#274,.T.);
#1579=EDGE_CURVE('',#1277,#1278,#275,.T.);
#1580=EDGE_CURVE('',#1278,#1131,#276,.T.);
#1581=EDGE_CURVE('',#1137,#1227,#277,.T.);
#1582=EDGE_CURVE('',#1136,#1228,#278,.T.);
#1583=EDGE_CURVE('',#1230,#1134,#279,.T.);
#1584=EDGE_CURVE('',#1135,#1229,#280,.T.);
#1585=EDGE_CURVE('',#1141,#1223,#281,.T.);
#1586=EDGE_CURVE('',#1140,#1224,#282,.T.);
#1587=EDGE_CURVE('',#1226,#1138,#283,.T.);
#1588=EDGE_CURVE('',#1139,#1225,#284,.T.);
#1589=EDGE_CURVE('',#1128,#1219,#285,.T.);
#1590=EDGE_CURVE('',#1279,#1144,#286,.T.);
#1591=EDGE_CURVE('',#1279,#1220,#287,.T.);
#1592=EDGE_CURVE('',#1222,#1142,#288,.T.);
#1593=EDGE_CURVE('',#1280,#1221,#289,.T.);
#1594=EDGE_CURVE('',#1143,#1280,#290,.T.);
#1595=EDGE_CURVE('',#1280,#1279,#291,.T.);
#1596=EDGE_CURVE('',#1281,#1215,#292,.T.);
#1597=EDGE_CURVE('',#1282,#1281,#293,.T.);
#1598=EDGE_CURVE('',#1282,#1216,#294,.T.);
#1599=EDGE_CURVE('',#1218,#1283,#295,.T.);
#1600=EDGE_CURVE('',#1284,#1217,#296,.T.);
#1601=EDGE_CURVE('',#1283,#1284,#297,.T.);
#1602=EDGE_CURVE('',#1284,#1282,#298,.T.);
#1603=EDGE_CURVE('',#1129,#1283,#1046,.T.);
#1604=EDGE_CURVE('',#1281,#1285,#1047,.T.);
#1605=EDGE_CURVE('',#1285,#1286,#299,.T.);
#1606=EDGE_CURVE('',#1286,#1287,#300,.T.);
#1607=EDGE_CURVE('',#1287,#1288,#301,.T.);
#1608=EDGE_CURVE('',#1288,#1263,#1048,.T.);
#1609=EDGE_CURVE('',#1261,#1267,#1049,.T.);
#1610=EDGE_CURVE('',#1265,#1271,#1050,.T.);
#1611=EDGE_CURVE('',#1269,#1275,#1051,.T.);
#1612=EDGE_CURVE('',#1273,#1277,#1052,.T.);
#1613=EDGE_CURVE('',#1289,#1289,#1053,.T.);
#1614=EDGE_CURVE('',#1214,#1285,#302,.T.);
#1615=EDGE_CURVE('',#1288,#1211,#303,.T.);
#1616=EDGE_CURVE('',#1287,#1212,#304,.T.);
#1617=EDGE_CURVE('',#1286,#1213,#305,.T.);
#1618=EDGE_CURVE('',#1290,#1290,#1054,.T.);
#1619=EDGE_CURVE('',#1291,#1291,#1055,.T.);
#1620=EDGE_CURVE('',#1292,#1292,#1056,.T.);
#1621=EDGE_CURVE('',#1119,#1119,#585,.T.);
#1622=EDGE_CURVE('',#1123,#1119,#586,.T.);
#1623=EDGE_CURVE('',#1122,#1122,#587,.T.);
#1624=EDGE_CURVE('',#1120,#1122,#588,.T.);
#1625=EDGE_CURVE('',#1293,#1293,#1057,.T.);
#1626=EDGE_CURVE('',#1294,#1294,#1058,.T.);
#1627=EDGE_CURVE('',#1295,#1295,#1059,.T.);
#1628=EDGE_CURVE('',#1119,#1121,#1060,.T.);
#1629=EDGE_CURVE('',#1122,#1119,#1061,.T.);
#1630=EDGE_CURVE('',#1119,#1122,#589,.T.);
#1631=EDGE_CURVE('',#1122,#1119,#590,.T.);
#1632=EDGE_CURVE('',#1119,#1122,#1062,.T.);
#1633=EDGE_CURVE('',#1122,#1118,#1063,.T.);
#1634=EDGE_CURVE('',#1296,#1296,#1064,.T.);
#1635=EDGE_CURVE('',#1297,#1297,#1065,.T.);
#1636=EDGE_CURVE('',#1298,#1298,#1066,.T.);
#1637=EDGE_CURVE('',#1299,#1299,#1067,.T.);
#1638=EDGE_CURVE('',#1300,#1300,#1068,.T.);
#1639=EDGE_CURVE('',#1301,#1301,#1069,.T.);
#1640=EDGE_CURVE('',#1302,#1302,#1070,.T.);
#1641=EDGE_CURVE('',#1303,#1303,#1071,.T.);
#1642=EDGE_CURVE('',#1304,#1304,#1072,.T.);
#1643=EDGE_CURVE('',#1305,#1305,#1073,.T.);
#1644=EDGE_CURVE('',#1306,#1307,#1074,.T.);
#1645=EDGE_CURVE('',#1307,#1308,#591,.T.);
#1646=EDGE_CURVE('',#1308,#1309,#1075,.T.);
#1647=EDGE_CURVE('',#1309,#1306,#592,.T.);
#1648=EDGE_CURVE('',#1306,#1310,#593,.T.);
#1649=EDGE_CURVE('',#1310,#1311,#1076,.T.);
#1650=EDGE_CURVE('',#1311,#1307,#594,.T.);
#1651=EDGE_CURVE('',#1312,#1313,#1077,.T.);
#1652=EDGE_CURVE('',#1313,#1311,#595,.T.);
#1653=EDGE_CURVE('',#1310,#1312,#596,.T.);
#1654=EDGE_CURVE('',#1312,#1314,#597,.T.);
#1655=EDGE_CURVE('',#1314,#1315,#1078,.T.);
#1656=EDGE_CURVE('',#1315,#1313,#598,.T.);
#1657=EDGE_CURVE('',#1316,#1317,#1079,.T.);
#1658=EDGE_CURVE('',#1317,#1315,#599,.T.);
#1659=EDGE_CURVE('',#1314,#1316,#600,.T.);
#1660=EDGE_CURVE('',#1318,#1319,#1080,.T.);
#1661=EDGE_CURVE('',#1319,#1317,#306,.T.);
#1662=EDGE_CURVE('',#1316,#1318,#307,.T.);
#1663=EDGE_CURVE('',#1320,#1321,#1081,.T.);
#1664=EDGE_CURVE('',#1321,#1319,#601,.T.);
#1665=EDGE_CURVE('',#1318,#1320,#602,.T.);
#1666=EDGE_CURVE('',#1320,#1322,#603,.T.);
#1667=EDGE_CURVE('',#1322,#1323,#1082,.T.);
#1668=EDGE_CURVE('',#1323,#1321,#604,.T.);
#1669=EDGE_CURVE('',#1324,#1325,#1083,.T.);
#1670=EDGE_CURVE('',#1325,#1323,#605,.T.);
#1671=EDGE_CURVE('',#1322,#1324,#606,.T.);
#1672=EDGE_CURVE('',#1324,#1326,#607,.T.);
#1673=EDGE_CURVE('',#1326,#1327,#1084,.T.);
#1674=EDGE_CURVE('',#1327,#1325,#608,.T.);
#1675=EDGE_CURVE('',#1328,#1329,#1085,.T.);
#1676=EDGE_CURVE('',#1329,#1327,#609,.T.);
#1677=EDGE_CURVE('',#1326,#1328,#610,.T.);
#1678=EDGE_CURVE('',#1308,#1329,#308,.T.);
#1679=EDGE_CURVE('',#1328,#1309,#309,.T.);
#1680=EDGE_CURVE('',#1330,#1330,#1086,.T.);
#1681=EDGE_CURVE('',#1307,#1327,#1087,.T.);
#1682=EDGE_CURVE('',#1321,#1315,#1088,.T.);
#1683=EDGE_CURVE('',#1329,#1308,#1089,.T.);
#1684=EDGE_CURVE('',#1331,#1331,#1090,.T.);
#1685=EDGE_CURVE('',#1322,#1324,#1091,.T.);
#1686=EDGE_CURVE('',#1310,#1312,#1092,.T.);
#1687=EDGE_CURVE('',#1332,#1332,#1093,.T.);
#1688=EDGE_CURVE('',#1317,#1319,#1094,.T.);
#1689=EDGE_CURVE('',#1333,#1333,#1095,.T.);
#1690=EDGE_CURVE('',#1334,#1334,#1096,.T.);
#1691=EDGE_CURVE('',#1335,#1335,#1097,.T.);
#1692=EDGE_CURVE('',#1336,#1336,#1098,.T.);
#1693=EDGE_CURVE('',#1337,#1337,#1099,.T.);
#1694=EDGE_CURVE('',#1338,#1338,#1100,.T.);
#1695=EDGE_CURVE('',#1339,#1339,#1101,.T.);
#1696=EDGE_CURVE('',#1340,#1340,#1102,.T.);
#1697=EDGE_CURVE('',#1341,#1341,#1103,.T.);
#1698=EDGE_CURVE('',#1342,#1342,#1104,.T.);
#1699=EDGE_CURVE('',#1125,#1124,#1105,.T.);
#1700=EDGE_CURVE('',#1343,#1343,#1106,.T.);
#1701=EDGE_CURVE('',#1344,#1344,#1107,.T.);
#1702=EDGE_CURVE('',#1345,#1345,#1108,.T.);
#1703=EDGE_CURVE('',#1346,#1346,#1109,.T.);
#1704=EDGE_CURVE('',#1347,#1347,#1110,.T.);
#1705=EDGE_CURVE('',#1348,#1348,#1111,.T.);
#1706=EDGE_CURVE('',#1349,#1349,#1112,.T.);
#1707=EDGE_CURVE('',#1350,#1350,#1113,.T.);
#1708=EDGE_CURVE('',#1351,#1351,#1114,.T.);
#1709=EDGE_CURVE('',#1352,#1352,#1115,.T.);
#1710=EDGE_CURVE('',#1353,#1353,#1116,.T.);
#1711=EDGE_CURVE('',#1354,#1354,#1117,.T.);
#1712=ORIENTED_EDGE('',*,*,#1355,.F.);
#1713=ORIENTED_EDGE('',*,*,#1356,.T.);
#1714=ORIENTED_EDGE('',*,*,#1357,.T.);
#1715=ORIENTED_EDGE('',*,*,#1358,.F.);
#1716=ORIENTED_EDGE('',*,*,#1359,.F.);
#1717=ORIENTED_EDGE('',*,*,#1360,.T.);
#1718=ORIENTED_EDGE('',*,*,#1361,.T.);
#1719=ORIENTED_EDGE('',*,*,#1362,.F.);
#1720=ORIENTED_EDGE('',*,*,#1363,.T.);
#1721=ORIENTED_EDGE('',*,*,#1364,.F.);
#1722=ORIENTED_EDGE('',*,*,#1365,.F.);
#1723=ORIENTED_EDGE('',*,*,#1366,.F.);
#1724=ORIENTED_EDGE('',*,*,#1365,.T.);
#1725=ORIENTED_EDGE('',*,*,#1367,.T.);
#1726=ORIENTED_EDGE('',*,*,#1368,.T.);
#1727=ORIENTED_EDGE('',*,*,#1369,.F.);
#1728=ORIENTED_EDGE('',*,*,#1370,.F.);
#1729=ORIENTED_EDGE('',*,*,#1371,.T.);
#1730=ORIENTED_EDGE('',*,*,#1372,.T.);
#1731=ORIENTED_EDGE('',*,*,#1373,.T.);
#1732=ORIENTED_EDGE('',*,*,#1374,.T.);
#1733=ORIENTED_EDGE('',*,*,#1375,.T.);
#1734=ORIENTED_EDGE('',*,*,#1376,.T.);
#1735=ORIENTED_EDGE('',*,*,#1377,.T.);
#1736=ORIENTED_EDGE('',*,*,#1378,.T.);
#1737=ORIENTED_EDGE('',*,*,#1379,.T.);
#1738=ORIENTED_EDGE('',*,*,#1380,.T.);
#1739=ORIENTED_EDGE('',*,*,#1381,.T.);
#1740=ORIENTED_EDGE('',*,*,#1382,.T.);
#1741=ORIENTED_EDGE('',*,*,#1383,.F.);
#1742=ORIENTED_EDGE('',*,*,#1384,.T.);
#1743=ORIENTED_EDGE('',*,*,#1385,.F.);
#1744=ORIENTED_EDGE('',*,*,#1370,.T.);
#1745=ORIENTED_EDGE('',*,*,#1386,.T.);
#1746=ORIENTED_EDGE('',*,*,#1364,.T.);
#1747=ORIENTED_EDGE('',*,*,#1387,.F.);
#1748=ORIENTED_EDGE('',*,*,#1367,.F.);
#1749=ORIENTED_EDGE('',*,*,#1388,.F.);
#1750=ORIENTED_EDGE('',*,*,#1389,.T.);
#1751=ORIENTED_EDGE('',*,*,#1390,.T.);
#1752=ORIENTED_EDGE('',*,*,#1388,.T.);
#1753=ORIENTED_EDGE('',*,*,#1369,.T.);
#1754=ORIENTED_EDGE('',*,*,#1391,.F.);
#1755=ORIENTED_EDGE('',*,*,#1383,.T.);
#1756=ORIENTED_EDGE('',*,*,#1392,.F.);
#1757=ORIENTED_EDGE('',*,*,#1386,.F.);
#1758=ORIENTED_EDGE('',*,*,#1393,.T.);
#1759=ORIENTED_EDGE('',*,*,#1390,.F.);
#1760=ORIENTED_EDGE('',*,*,#1389,.F.);
#1761=ORIENTED_EDGE('',*,*,#1393,.F.);
#1762=ORIENTED_EDGE('',*,*,#1394,.F.);
#1763=ORIENTED_EDGE('',*,*,#1395,.T.);
#1764=ORIENTED_EDGE('',*,*,#1396,.T.);
#1765=ORIENTED_EDGE('',*,*,#1397,.T.);
#1766=ORIENTED_EDGE('',*,*,#1395,.F.);
#1767=ORIENTED_EDGE('',*,*,#1398,.F.);
#1768=ORIENTED_EDGE('',*,*,#1399,.T.);
#1769=ORIENTED_EDGE('',*,*,#1400,.F.);
#1770=ORIENTED_EDGE('',*,*,#1401,.F.);
#1771=ORIENTED_EDGE('',*,*,#1402,.F.);
#1772=ORIENTED_EDGE('',*,*,#1403,.F.);
#1773=ORIENTED_EDGE('',*,*,#1404,.T.);
#1774=ORIENTED_EDGE('',*,*,#1405,.T.);
#1775=ORIENTED_EDGE('',*,*,#1406,.T.);
#1776=ORIENTED_EDGE('',*,*,#1404,.F.);
#1777=ORIENTED_EDGE('',*,*,#1407,.F.);
#1778=ORIENTED_EDGE('',*,*,#1408,.F.);
#1779=ORIENTED_EDGE('',*,*,#1409,.F.);
#1780=ORIENTED_EDGE('',*,*,#1410,.T.);
#1781=ORIENTED_EDGE('',*,*,#1408,.T.);
#1782=ORIENTED_EDGE('',*,*,#1411,.T.);
#1783=ORIENTED_EDGE('',*,*,#1412,.T.);
#1784=ORIENTED_EDGE('',*,*,#1412,.F.);
#1785=ORIENTED_EDGE('',*,*,#1413,.F.);
#1786=ORIENTED_EDGE('',*,*,#1414,.F.);
#1787=ORIENTED_EDGE('',*,*,#1415,.T.);
#1788=ORIENTED_EDGE('',*,*,#1416,.T.);
#1789=ORIENTED_EDGE('',*,*,#1414,.T.);
#1790=ORIENTED_EDGE('',*,*,#1417,.T.);
#1791=ORIENTED_EDGE('',*,*,#1418,.T.);
#1792=ORIENTED_EDGE('',*,*,#1418,.F.);
#1793=ORIENTED_EDGE('',*,*,#1419,.F.);
#1794=ORIENTED_EDGE('',*,*,#1420,.F.);
#1795=ORIENTED_EDGE('',*,*,#1421,.T.);
#1796=ORIENTED_EDGE('',*,*,#1422,.F.);
#1797=ORIENTED_EDGE('',*,*,#1423,.T.);
#1798=ORIENTED_EDGE('',*,*,#1424,.T.);
#1799=ORIENTED_EDGE('',*,*,#1420,.T.);
#1800=ORIENTED_EDGE('',*,*,#1423,.F.);
#1801=ORIENTED_EDGE('',*,*,#1425,.F.);
#1802=ORIENTED_EDGE('',*,*,#1426,.F.);
#1803=ORIENTED_EDGE('',*,*,#1427,.T.);
#1804=ORIENTED_EDGE('',*,*,#1428,.F.);
#1805=ORIENTED_EDGE('',*,*,#1429,.T.);
#1806=ORIENTED_EDGE('',*,*,#1430,.T.);
#1807=ORIENTED_EDGE('',*,*,#1426,.T.);
#1808=ORIENTED_EDGE('',*,*,#1429,.F.);
#1809=ORIENTED_EDGE('',*,*,#1431,.F.);
#1810=ORIENTED_EDGE('',*,*,#1432,.T.);
#1811=ORIENTED_EDGE('',*,*,#1433,.F.);
#1812=ORIENTED_EDGE('',*,*,#1434,.F.);
#1813=ORIENTED_EDGE('',*,*,#1435,.F.);
#1814=ORIENTED_EDGE('',*,*,#1436,.F.);
#1815=ORIENTED_EDGE('',*,*,#1437,.T.);
#1816=ORIENTED_EDGE('',*,*,#1438,.T.);
#1817=ORIENTED_EDGE('',*,*,#1439,.T.);
#1818=ORIENTED_EDGE('',*,*,#1437,.F.);
#1819=ORIENTED_EDGE('',*,*,#1440,.F.);
#1820=ORIENTED_EDGE('',*,*,#1441,.F.);
#1821=ORIENTED_EDGE('',*,*,#1442,.F.);
#1822=ORIENTED_EDGE('',*,*,#1443,.T.);
#1823=ORIENTED_EDGE('',*,*,#1441,.T.);
#1824=ORIENTED_EDGE('',*,*,#1444,.T.);
#1825=ORIENTED_EDGE('',*,*,#1445,.T.);
#1826=ORIENTED_EDGE('',*,*,#1445,.F.);
#1827=ORIENTED_EDGE('',*,*,#1446,.F.);
#1828=ORIENTED_EDGE('',*,*,#1447,.F.);
#1829=ORIENTED_EDGE('',*,*,#1448,.T.);
#1830=ORIENTED_EDGE('',*,*,#1449,.F.);
#1831=ORIENTED_EDGE('',*,*,#1450,.T.);
#1832=ORIENTED_EDGE('',*,*,#1451,.T.);
#1833=ORIENTED_EDGE('',*,*,#1452,.T.);
#1834=ORIENTED_EDGE('',*,*,#1394,.T.);
#1835=ORIENTED_EDGE('',*,*,#1453,.T.);
#1836=ORIENTED_EDGE('',*,*,#1449,.T.);
#1837=ORIENTED_EDGE('',*,*,#1454,.T.);
#1838=ORIENTED_EDGE('',*,*,#1455,.F.);
#1839=ORIENTED_EDGE('',*,*,#1446,.T.);
#1840=ORIENTED_EDGE('',*,*,#1444,.F.);
#1841=ORIENTED_EDGE('',*,*,#1440,.T.);
#1842=ORIENTED_EDGE('',*,*,#1436,.T.);
#1843=ORIENTED_EDGE('',*,*,#1456,.T.);
#1844=ORIENTED_EDGE('',*,*,#1457,.T.);
#1845=ORIENTED_EDGE('',*,*,#1458,.T.);
#1846=ORIENTED_EDGE('',*,*,#1459,.T.);
#1847=ORIENTED_EDGE('',*,*,#1460,.T.);
#1848=ORIENTED_EDGE('',*,*,#1431,.T.);
#1849=ORIENTED_EDGE('',*,*,#1428,.T.);
#1850=ORIENTED_EDGE('',*,*,#1425,.T.);
#1851=ORIENTED_EDGE('',*,*,#1422,.T.);
#1852=ORIENTED_EDGE('',*,*,#1419,.T.);
#1853=ORIENTED_EDGE('',*,*,#1417,.F.);
#1854=ORIENTED_EDGE('',*,*,#1413,.T.);
#1855=ORIENTED_EDGE('',*,*,#1411,.F.);
#1856=ORIENTED_EDGE('',*,*,#1407,.T.);
#1857=ORIENTED_EDGE('',*,*,#1403,.T.);
#1858=ORIENTED_EDGE('',*,*,#1461,.T.);
#1859=ORIENTED_EDGE('',*,*,#1462,.T.);
#1860=ORIENTED_EDGE('',*,*,#1463,.T.);
#1861=ORIENTED_EDGE('',*,*,#1464,.T.);
#1862=ORIENTED_EDGE('',*,*,#1465,.T.);
#1863=ORIENTED_EDGE('',*,*,#1398,.T.);
#1864=ORIENTED_EDGE('',*,*,#1466,.F.);
#1865=ORIENTED_EDGE('',*,*,#1452,.F.);
#1866=ORIENTED_EDGE('',*,*,#1467,.T.);
#1867=ORIENTED_EDGE('',*,*,#1468,.F.);
#1868=ORIENTED_EDGE('',*,*,#1454,.F.);
#1869=ORIENTED_EDGE('',*,*,#1469,.T.);
#1870=ORIENTED_EDGE('',*,*,#1447,.T.);
#1871=ORIENTED_EDGE('',*,*,#1455,.T.);
#1872=ORIENTED_EDGE('',*,*,#1468,.T.);
#1873=ORIENTED_EDGE('',*,*,#1406,.F.);
#1874=ORIENTED_EDGE('',*,*,#1470,.T.);
#1875=ORIENTED_EDGE('',*,*,#1401,.T.);
#1876=ORIENTED_EDGE('',*,*,#1471,.F.);
#1877=ORIENTED_EDGE('',*,*,#1461,.F.);
#1878=ORIENTED_EDGE('',*,*,#1439,.F.);
#1879=ORIENTED_EDGE('',*,*,#1472,.T.);
#1880=ORIENTED_EDGE('',*,*,#1434,.T.);
#1881=ORIENTED_EDGE('',*,*,#1473,.F.);
#1882=ORIENTED_EDGE('',*,*,#1456,.F.);
#1883=ORIENTED_EDGE('',*,*,#1410,.F.);
#1884=ORIENTED_EDGE('',*,*,#1415,.F.);
#1885=ORIENTED_EDGE('',*,*,#1416,.F.);
#1886=ORIENTED_EDGE('',*,*,#1421,.F.);
#1887=ORIENTED_EDGE('',*,*,#1424,.F.);
#1888=ORIENTED_EDGE('',*,*,#1427,.F.);
#1889=ORIENTED_EDGE('',*,*,#1430,.F.);
#1890=ORIENTED_EDGE('',*,*,#1435,.T.);
#1891=ORIENTED_EDGE('',*,*,#1472,.F.);
#1892=ORIENTED_EDGE('',*,*,#1438,.F.);
#1893=ORIENTED_EDGE('',*,*,#1442,.T.);
#1894=ORIENTED_EDGE('',*,*,#1443,.F.);
#1895=ORIENTED_EDGE('',*,*,#1448,.F.);
#1896=ORIENTED_EDGE('',*,*,#1469,.F.);
#1897=ORIENTED_EDGE('',*,*,#1467,.F.);
#1898=ORIENTED_EDGE('',*,*,#1451,.F.);
#1899=ORIENTED_EDGE('',*,*,#1474,.F.);
#1900=ORIENTED_EDGE('',*,*,#1396,.F.);
#1901=ORIENTED_EDGE('',*,*,#1402,.T.);
#1902=ORIENTED_EDGE('',*,*,#1470,.F.);
#1903=ORIENTED_EDGE('',*,*,#1405,.F.);
#1904=ORIENTED_EDGE('',*,*,#1409,.T.);
#1905=ORIENTED_EDGE('',*,*,#1475,.F.);
#1906=ORIENTED_EDGE('',*,*,#1471,.T.);
#1907=ORIENTED_EDGE('',*,*,#1476,.F.);
#1908=ORIENTED_EDGE('',*,*,#1477,.F.);
#1909=ORIENTED_EDGE('',*,*,#1462,.F.);
#1910=ORIENTED_EDGE('',*,*,#1397,.F.);
#1911=ORIENTED_EDGE('',*,*,#1474,.T.);
#1912=ORIENTED_EDGE('',*,*,#1450,.F.);
#1913=ORIENTED_EDGE('',*,*,#1453,.F.);
#1914=ORIENTED_EDGE('',*,*,#1473,.T.);
#1915=ORIENTED_EDGE('',*,*,#1478,.F.);
#1916=ORIENTED_EDGE('',*,*,#1479,.T.);
#1917=ORIENTED_EDGE('',*,*,#1457,.F.);
#1918=ORIENTED_EDGE('',*,*,#1475,.T.);
#1919=ORIENTED_EDGE('',*,*,#1480,.T.);
#1920=ORIENTED_EDGE('',*,*,#1481,.T.);
#1921=ORIENTED_EDGE('',*,*,#1482,.T.);
#1922=ORIENTED_EDGE('',*,*,#1483,.T.);
#1923=ORIENTED_EDGE('',*,*,#1484,.T.);
#1924=ORIENTED_EDGE('',*,*,#1485,.T.);
#1925=ORIENTED_EDGE('',*,*,#1486,.T.);
#1926=ORIENTED_EDGE('',*,*,#1487,.T.);
#1927=ORIENTED_EDGE('',*,*,#1488,.T.);
#1928=ORIENTED_EDGE('',*,*,#1489,.T.);
#1929=ORIENTED_EDGE('',*,*,#1490,.T.);
#1930=ORIENTED_EDGE('',*,*,#1491,.T.);
#1931=ORIENTED_EDGE('',*,*,#1492,.T.);
#1932=ORIENTED_EDGE('',*,*,#1493,.T.);
#1933=ORIENTED_EDGE('',*,*,#1494,.T.);
#1934=ORIENTED_EDGE('',*,*,#1495,.T.);
#1935=ORIENTED_EDGE('',*,*,#1496,.T.);
#1936=ORIENTED_EDGE('',*,*,#1497,.T.);
#1937=ORIENTED_EDGE('',*,*,#1498,.T.);
#1938=ORIENTED_EDGE('',*,*,#1499,.T.);
#1939=ORIENTED_EDGE('',*,*,#1500,.T.);
#1940=ORIENTED_EDGE('',*,*,#1501,.T.);
#1941=ORIENTED_EDGE('',*,*,#1502,.T.);
#1942=ORIENTED_EDGE('',*,*,#1503,.T.);
#1943=ORIENTED_EDGE('',*,*,#1504,.T.);
#1944=ORIENTED_EDGE('',*,*,#1505,.T.);
#1945=ORIENTED_EDGE('',*,*,#1506,.T.);
#1946=ORIENTED_EDGE('',*,*,#1507,.T.);
#1947=ORIENTED_EDGE('',*,*,#1508,.T.);
#1948=ORIENTED_EDGE('',*,*,#1509,.T.);
#1949=ORIENTED_EDGE('',*,*,#1510,.T.);
#1950=ORIENTED_EDGE('',*,*,#1511,.T.);
#1951=ORIENTED_EDGE('',*,*,#1512,.T.);
#1952=ORIENTED_EDGE('',*,*,#1513,.T.);
#1953=ORIENTED_EDGE('',*,*,#1514,.T.);
#1954=ORIENTED_EDGE('',*,*,#1515,.T.);
#1955=ORIENTED_EDGE('',*,*,#1516,.T.);
#1956=ORIENTED_EDGE('',*,*,#1517,.T.);
#1957=ORIENTED_EDGE('',*,*,#1518,.T.);
#1958=ORIENTED_EDGE('',*,*,#1519,.T.);
#1959=ORIENTED_EDGE('',*,*,#1520,.T.);
#1960=ORIENTED_EDGE('',*,*,#1480,.F.);
#1961=ORIENTED_EDGE('',*,*,#1521,.T.);
#1962=ORIENTED_EDGE('',*,*,#1522,.T.);
#1963=ORIENTED_EDGE('',*,*,#1523,.T.);
#1964=ORIENTED_EDGE('',*,*,#1524,.T.);
#1965=ORIENTED_EDGE('',*,*,#1525,.T.);
#1966=ORIENTED_EDGE('',*,*,#1526,.T.);
#1967=ORIENTED_EDGE('',*,*,#1523,.F.);
#1968=ORIENTED_EDGE('',*,*,#1527,.T.);
#1969=ORIENTED_EDGE('',*,*,#1528,.T.);
#1970=ORIENTED_EDGE('',*,*,#1529,.T.);
#1971=ORIENTED_EDGE('',*,*,#1525,.F.);
#1972=ORIENTED_EDGE('',*,*,#1478,.T.);
#1973=ORIENTED_EDGE('',*,*,#1433,.T.);
#1974=ORIENTED_EDGE('',*,*,#1521,.F.);
#1975=ORIENTED_EDGE('',*,*,#1530,.T.);
#1976=ORIENTED_EDGE('',*,*,#1528,.F.);
#1977=ORIENTED_EDGE('',*,*,#1531,.T.);
#1978=ORIENTED_EDGE('',*,*,#1527,.F.);
#1979=ORIENTED_EDGE('',*,*,#1532,.T.);
#1980=ORIENTED_EDGE('',*,*,#1458,.F.);
#1981=ORIENTED_EDGE('',*,*,#1479,.F.);
#1982=ORIENTED_EDGE('',*,*,#1522,.F.);
#1983=ORIENTED_EDGE('',*,*,#1533,.T.);
#1984=ORIENTED_EDGE('',*,*,#1459,.F.);
#1985=ORIENTED_EDGE('',*,*,#1532,.F.);
#1986=ORIENTED_EDGE('',*,*,#1524,.F.);
#1987=ORIENTED_EDGE('',*,*,#1526,.F.);
#1988=ORIENTED_EDGE('',*,*,#1529,.F.);
#1989=ORIENTED_EDGE('',*,*,#1530,.F.);
#1990=ORIENTED_EDGE('',*,*,#1534,.T.);
#1991=ORIENTED_EDGE('',*,*,#1535,.T.);
#1992=ORIENTED_EDGE('',*,*,#1536,.T.);
#1993=ORIENTED_EDGE('',*,*,#1537,.T.);
#1994=ORIENTED_EDGE('',*,*,#1538,.T.);
#1995=ORIENTED_EDGE('',*,*,#1539,.T.);
#1996=ORIENTED_EDGE('',*,*,#1536,.F.);
#1997=ORIENTED_EDGE('',*,*,#1540,.T.);
#1998=ORIENTED_EDGE('',*,*,#1541,.T.);
#1999=ORIENTED_EDGE('',*,*,#1542,.T.);
#2000=ORIENTED_EDGE('',*,*,#1538,.F.);
#2001=ORIENTED_EDGE('',*,*,#1476,.T.);
#2002=ORIENTED_EDGE('',*,*,#1400,.T.);
#2003=ORIENTED_EDGE('',*,*,#1534,.F.);
#2004=ORIENTED_EDGE('',*,*,#1543,.T.);
#2005=ORIENTED_EDGE('',*,*,#1541,.F.);
#2006=ORIENTED_EDGE('',*,*,#1544,.T.);
#2007=ORIENTED_EDGE('',*,*,#1540,.F.);
#2008=ORIENTED_EDGE('',*,*,#1545,.F.);
#2009=ORIENTED_EDGE('',*,*,#1463,.F.);
#2010=ORIENTED_EDGE('',*,*,#1477,.T.);
#2011=ORIENTED_EDGE('',*,*,#1535,.F.);
#2012=ORIENTED_EDGE('',*,*,#1546,.T.);
#2013=ORIENTED_EDGE('',*,*,#1464,.F.);
#2014=ORIENTED_EDGE('',*,*,#1545,.T.);
#2015=ORIENTED_EDGE('',*,*,#1537,.F.);
#2016=ORIENTED_EDGE('',*,*,#1539,.F.);
#2017=ORIENTED_EDGE('',*,*,#1542,.F.);
#2018=ORIENTED_EDGE('',*,*,#1543,.F.);
#2019=ORIENTED_EDGE('',*,*,#1531,.F.);
#2020=ORIENTED_EDGE('',*,*,#1432,.F.);
#2021=ORIENTED_EDGE('',*,*,#1460,.F.);
#2022=ORIENTED_EDGE('',*,*,#1533,.F.);
#2023=ORIENTED_EDGE('',*,*,#1544,.F.);
#2024=ORIENTED_EDGE('',*,*,#1399,.F.);
#2025=ORIENTED_EDGE('',*,*,#1465,.F.);
#2026=ORIENTED_EDGE('',*,*,#1546,.F.);
#2027=ORIENTED_EDGE('',*,*,#1547,.F.);
#2028=ORIENTED_EDGE('',*,*,#1548,.F.);
#2029=ORIENTED_EDGE('',*,*,#1549,.T.);
#2030=ORIENTED_EDGE('',*,*,#1519,.F.);
#2031=ORIENTED_EDGE('',*,*,#1550,.F.);
#2032=ORIENTED_EDGE('',*,*,#1481,.F.);
#2033=ORIENTED_EDGE('',*,*,#1551,.F.);
#2034=ORIENTED_EDGE('',*,*,#1552,.F.);
#2035=ORIENTED_EDGE('',*,*,#1553,.F.);
#2036=ORIENTED_EDGE('',*,*,#1551,.T.);
#2037=ORIENTED_EDGE('',*,*,#1520,.F.);
#2038=ORIENTED_EDGE('',*,*,#1549,.F.);
#2039=ORIENTED_EDGE('',*,*,#1554,.F.);
#2040=ORIENTED_EDGE('',*,*,#1555,.F.);
#2041=ORIENTED_EDGE('',*,*,#1556,.T.);
#2042=ORIENTED_EDGE('',*,*,#1515,.F.);
#2043=ORIENTED_EDGE('',*,*,#1557,.F.);
#2044=ORIENTED_EDGE('',*,*,#1517,.F.);
#2045=ORIENTED_EDGE('',*,*,#1558,.F.);
#2046=ORIENTED_EDGE('',*,*,#1559,.F.);
#2047=ORIENTED_EDGE('',*,*,#1560,.F.);
#2048=ORIENTED_EDGE('',*,*,#1558,.T.);
#2049=ORIENTED_EDGE('',*,*,#1516,.F.);
#2050=ORIENTED_EDGE('',*,*,#1556,.F.);
#2051=ORIENTED_EDGE('',*,*,#1561,.F.);
#2052=ORIENTED_EDGE('',*,*,#1562,.F.);
#2053=ORIENTED_EDGE('',*,*,#1563,.T.);
#2054=ORIENTED_EDGE('',*,*,#1511,.F.);
#2055=ORIENTED_EDGE('',*,*,#1564,.F.);
#2056=ORIENTED_EDGE('',*,*,#1513,.F.);
#2057=ORIENTED_EDGE('',*,*,#1565,.F.);
#2058=ORIENTED_EDGE('',*,*,#1566,.F.);
#2059=ORIENTED_EDGE('',*,*,#1567,.F.);
#2060=ORIENTED_EDGE('',*,*,#1565,.T.);
#2061=ORIENTED_EDGE('',*,*,#1512,.F.);
#2062=ORIENTED_EDGE('',*,*,#1563,.F.);
#2063=ORIENTED_EDGE('',*,*,#1568,.F.);
#2064=ORIENTED_EDGE('',*,*,#1569,.F.);
#2065=ORIENTED_EDGE('',*,*,#1570,.T.);
#2066=ORIENTED_EDGE('',*,*,#1507,.F.);
#2067=ORIENTED_EDGE('',*,*,#1571,.F.);
#2068=ORIENTED_EDGE('',*,*,#1509,.F.);
#2069=ORIENTED_EDGE('',*,*,#1572,.F.);
#2070=ORIENTED_EDGE('',*,*,#1573,.F.);
#2071=ORIENTED_EDGE('',*,*,#1574,.F.);
#2072=ORIENTED_EDGE('',*,*,#1572,.T.);
#2073=ORIENTED_EDGE('',*,*,#1508,.F.);
#2074=ORIENTED_EDGE('',*,*,#1570,.F.);
#2075=ORIENTED_EDGE('',*,*,#1575,.F.);
#2076=ORIENTED_EDGE('',*,*,#1372,.F.);
#2077=ORIENTED_EDGE('',*,*,#1576,.T.);
#2078=ORIENTED_EDGE('',*,*,#1503,.F.);
#2079=ORIENTED_EDGE('',*,*,#1577,.F.);
#2080=ORIENTED_EDGE('',*,*,#1505,.F.);
#2081=ORIENTED_EDGE('',*,*,#1578,.F.);
#2082=ORIENTED_EDGE('',*,*,#1579,.F.);
#2083=ORIENTED_EDGE('',*,*,#1580,.F.);
#2084=ORIENTED_EDGE('',*,*,#1578,.T.);
#2085=ORIENTED_EDGE('',*,*,#1504,.F.);
#2086=ORIENTED_EDGE('',*,*,#1576,.F.);
#2087=ORIENTED_EDGE('',*,*,#1371,.F.);
#2088=ORIENTED_EDGE('',*,*,#1581,.F.);
#2089=ORIENTED_EDGE('',*,*,#1376,.F.);
#2090=ORIENTED_EDGE('',*,*,#1582,.T.);
#2091=ORIENTED_EDGE('',*,*,#1499,.F.);
#2092=ORIENTED_EDGE('',*,*,#1583,.F.);
#2093=ORIENTED_EDGE('',*,*,#1501,.F.);
#2094=ORIENTED_EDGE('',*,*,#1584,.F.);
#2095=ORIENTED_EDGE('',*,*,#1374,.F.);
#2096=ORIENTED_EDGE('',*,*,#1375,.F.);
#2097=ORIENTED_EDGE('',*,*,#1584,.T.);
#2098=ORIENTED_EDGE('',*,*,#1500,.F.);
#2099=ORIENTED_EDGE('',*,*,#1582,.F.);
#2100=ORIENTED_EDGE('',*,*,#1585,.F.);
#2101=ORIENTED_EDGE('',*,*,#1380,.F.);
#2102=ORIENTED_EDGE('',*,*,#1586,.T.);
#2103=ORIENTED_EDGE('',*,*,#1495,.F.);
#2104=ORIENTED_EDGE('',*,*,#1587,.F.);
#2105=ORIENTED_EDGE('',*,*,#1497,.F.);
#2106=ORIENTED_EDGE('',*,*,#1588,.F.);
#2107=ORIENTED_EDGE('',*,*,#1378,.F.);
#2108=ORIENTED_EDGE('',*,*,#1379,.F.);
#2109=ORIENTED_EDGE('',*,*,#1588,.T.);
#2110=ORIENTED_EDGE('',*,*,#1496,.F.);
#2111=ORIENTED_EDGE('',*,*,#1586,.F.);
#2112=ORIENTED_EDGE('',*,*,#1589,.F.);
#2113=ORIENTED_EDGE('',*,*,#1384,.F.);
#2114=ORIENTED_EDGE('',*,*,#1590,.F.);
#2115=ORIENTED_EDGE('',*,*,#1591,.T.);
#2116=ORIENTED_EDGE('',*,*,#1491,.F.);
#2117=ORIENTED_EDGE('',*,*,#1592,.F.);
#2118=ORIENTED_EDGE('',*,*,#1493,.F.);
#2119=ORIENTED_EDGE('',*,*,#1593,.F.);
#2120=ORIENTED_EDGE('',*,*,#1594,.F.);
#2121=ORIENTED_EDGE('',*,*,#1382,.F.);
#2122=ORIENTED_EDGE('',*,*,#1595,.F.);
#2123=ORIENTED_EDGE('',*,*,#1593,.T.);
#2124=ORIENTED_EDGE('',*,*,#1492,.F.);
#2125=ORIENTED_EDGE('',*,*,#1591,.F.);
#2126=ORIENTED_EDGE('',*,*,#1596,.F.);
#2127=ORIENTED_EDGE('',*,*,#1597,.F.);
#2128=ORIENTED_EDGE('',*,*,#1598,.T.);
#2129=ORIENTED_EDGE('',*,*,#1487,.F.);
#2130=ORIENTED_EDGE('',*,*,#1599,.F.);
#2131=ORIENTED_EDGE('',*,*,#1489,.F.);
#2132=ORIENTED_EDGE('',*,*,#1600,.F.);
#2133=ORIENTED_EDGE('',*,*,#1601,.F.);
#2134=ORIENTED_EDGE('',*,*,#1602,.F.);
#2135=ORIENTED_EDGE('',*,*,#1600,.T.);
#2136=ORIENTED_EDGE('',*,*,#1488,.F.);
#2137=ORIENTED_EDGE('',*,*,#1598,.F.);
#2138=ORIENTED_EDGE('',*,*,#1391,.T.);
#2139=ORIENTED_EDGE('',*,*,#1603,.T.);
#2140=ORIENTED_EDGE('',*,*,#1601,.T.);
#2141=ORIENTED_EDGE('',*,*,#1602,.T.);
#2142=ORIENTED_EDGE('',*,*,#1597,.T.);
#2143=ORIENTED_EDGE('',*,*,#1604,.T.);
#2144=ORIENTED_EDGE('',*,*,#1605,.T.);
#2145=ORIENTED_EDGE('',*,*,#1606,.T.);
#2146=ORIENTED_EDGE('',*,*,#1607,.T.);
#2147=ORIENTED_EDGE('',*,*,#1608,.T.);
#2148=ORIENTED_EDGE('',*,*,#1552,.T.);
#2149=ORIENTED_EDGE('',*,*,#1553,.T.);
#2150=ORIENTED_EDGE('',*,*,#1548,.T.);
#2151=ORIENTED_EDGE('',*,*,#1609,.T.);
#2152=ORIENTED_EDGE('',*,*,#1559,.T.);
#2153=ORIENTED_EDGE('',*,*,#1560,.T.);
#2154=ORIENTED_EDGE('',*,*,#1555,.T.);
#2155=ORIENTED_EDGE('',*,*,#1610,.T.);
#2156=ORIENTED_EDGE('',*,*,#1566,.T.);
#2157=ORIENTED_EDGE('',*,*,#1567,.T.);
#2158=ORIENTED_EDGE('',*,*,#1562,.T.);
#2159=ORIENTED_EDGE('',*,*,#1611,.T.);
#2160=ORIENTED_EDGE('',*,*,#1573,.T.);
#2161=ORIENTED_EDGE('',*,*,#1574,.T.);
#2162=ORIENTED_EDGE('',*,*,#1569,.T.);
#2163=ORIENTED_EDGE('',*,*,#1612,.T.);
#2164=ORIENTED_EDGE('',*,*,#1579,.T.);
#2165=ORIENTED_EDGE('',*,*,#1580,.T.);
#2166=ORIENTED_EDGE('',*,*,#1385,.T.);
#2167=ORIENTED_EDGE('',*,*,#1392,.T.);
#2168=ORIENTED_EDGE('',*,*,#1594,.T.);
#2169=ORIENTED_EDGE('',*,*,#1595,.T.);
#2170=ORIENTED_EDGE('',*,*,#1590,.T.);
#2171=ORIENTED_EDGE('',*,*,#1613,.F.);
#2172=ORIENTED_EDGE('',*,*,#1596,.T.);
#2173=ORIENTED_EDGE('',*,*,#1486,.F.);
#2174=ORIENTED_EDGE('',*,*,#1614,.T.);
#2175=ORIENTED_EDGE('',*,*,#1604,.F.);
#2176=ORIENTED_EDGE('',*,*,#1589,.T.);
#2177=ORIENTED_EDGE('',*,*,#1490,.F.);
#2178=ORIENTED_EDGE('',*,*,#1599,.T.);
#2179=ORIENTED_EDGE('',*,*,#1603,.F.);
#2180=ORIENTED_EDGE('',*,*,#1368,.F.);
#2181=ORIENTED_EDGE('',*,*,#1585,.T.);
#2182=ORIENTED_EDGE('',*,*,#1494,.F.);
#2183=ORIENTED_EDGE('',*,*,#1592,.T.);
#2184=ORIENTED_EDGE('',*,*,#1381,.F.);
#2185=ORIENTED_EDGE('',*,*,#1581,.T.);
#2186=ORIENTED_EDGE('',*,*,#1498,.F.);
#2187=ORIENTED_EDGE('',*,*,#1587,.T.);
#2188=ORIENTED_EDGE('',*,*,#1377,.F.);
#2189=ORIENTED_EDGE('',*,*,#1575,.T.);
#2190=ORIENTED_EDGE('',*,*,#1502,.F.);
#2191=ORIENTED_EDGE('',*,*,#1583,.T.);
#2192=ORIENTED_EDGE('',*,*,#1373,.F.);
#2193=ORIENTED_EDGE('',*,*,#1568,.T.);
#2194=ORIENTED_EDGE('',*,*,#1506,.F.);
#2195=ORIENTED_EDGE('',*,*,#1577,.T.);
#2196=ORIENTED_EDGE('',*,*,#1612,.F.);
#2197=ORIENTED_EDGE('',*,*,#1561,.T.);
#2198=ORIENTED_EDGE('',*,*,#1510,.F.);
#2199=ORIENTED_EDGE('',*,*,#1571,.T.);
#2200=ORIENTED_EDGE('',*,*,#1611,.F.);
#2201=ORIENTED_EDGE('',*,*,#1554,.T.);
#2202=ORIENTED_EDGE('',*,*,#1514,.F.);
#2203=ORIENTED_EDGE('',*,*,#1564,.T.);
#2204=ORIENTED_EDGE('',*,*,#1610,.F.);
#2205=ORIENTED_EDGE('',*,*,#1547,.T.);
#2206=ORIENTED_EDGE('',*,*,#1518,.F.);
#2207=ORIENTED_EDGE('',*,*,#1557,.T.);
#2208=ORIENTED_EDGE('',*,*,#1609,.F.);
#2209=ORIENTED_EDGE('',*,*,#1615,.F.);
#2210=ORIENTED_EDGE('',*,*,#1607,.F.);
#2211=ORIENTED_EDGE('',*,*,#1616,.T.);
#2212=ORIENTED_EDGE('',*,*,#1483,.F.);
#2213=ORIENTED_EDGE('',*,*,#1614,.F.);
#2214=ORIENTED_EDGE('',*,*,#1485,.F.);
#2215=ORIENTED_EDGE('',*,*,#1617,.F.);
#2216=ORIENTED_EDGE('',*,*,#1605,.F.);
#2217=ORIENTED_EDGE('',*,*,#1606,.F.);
#2218=ORIENTED_EDGE('',*,*,#1617,.T.);
#2219=ORIENTED_EDGE('',*,*,#1484,.F.);
#2220=ORIENTED_EDGE('',*,*,#1616,.F.);
#2221=ORIENTED_EDGE('',*,*,#1550,.T.);
#2222=ORIENTED_EDGE('',*,*,#1608,.F.);
#2223=ORIENTED_EDGE('',*,*,#1615,.T.);
#2224=ORIENTED_EDGE('',*,*,#1482,.F.);
#2225=ORIENTED_EDGE('',*,*,#1618,.T.);
#2226=ORIENTED_EDGE('',*,*,#1619,.T.);
#2227=ORIENTED_EDGE('',*,*,#1620,.F.);
#2228=ORIENTED_EDGE('',*,*,#1621,.F.);
#2229=ORIENTED_EDGE('',*,*,#1622,.F.);
#2230=ORIENTED_EDGE('',*,*,#1361,.F.);
#2231=ORIENTED_EDGE('',*,*,#1623,.F.);
#2232=ORIENTED_EDGE('',*,*,#1624,.F.);
#2233=ORIENTED_EDGE('',*,*,#1357,.F.);
#2234=ORIENTED_EDGE('',*,*,#1618,.F.);
#2235=ORIENTED_EDGE('',*,*,#1619,.F.);
#2236=ORIENTED_EDGE('',*,*,#1625,.T.);
#2237=ORIENTED_EDGE('',*,*,#1620,.T.);
#2238=ORIENTED_EDGE('',*,*,#1626,.T.);
#2239=ORIENTED_EDGE('',*,*,#1626,.F.);
#2240=ORIENTED_EDGE('',*,*,#1627,.T.);
#2241=ORIENTED_EDGE('',*,*,#1623,.T.);
#2242=ORIENTED_EDGE('',*,*,#1621,.T.);
#2243=ORIENTED_EDGE('',*,*,#1628,.T.);
#2244=ORIENTED_EDGE('',*,*,#1359,.T.);
#2245=ORIENTED_EDGE('',*,*,#1629,.T.);
#2246=ORIENTED_EDGE('',*,*,#1630,.T.);
#2247=ORIENTED_EDGE('',*,*,#1362,.T.);
#2248=ORIENTED_EDGE('',*,*,#1622,.T.);
#2249=ORIENTED_EDGE('',*,*,#1358,.T.);
#2250=ORIENTED_EDGE('',*,*,#1624,.T.);
#2251=ORIENTED_EDGE('',*,*,#1631,.T.);
#2252=ORIENTED_EDGE('',*,*,#1355,.T.);
#2253=ORIENTED_EDGE('',*,*,#1632,.T.);
#2254=ORIENTED_EDGE('',*,*,#1633,.T.);
#2255=ORIENTED_EDGE('',*,*,#1466,.T.);
#2256=ORIENTED_EDGE('',*,*,#1356,.F.);
#2257=ORIENTED_EDGE('',*,*,#1633,.F.);
#2258=ORIENTED_EDGE('',*,*,#1360,.F.);
#2259=ORIENTED_EDGE('',*,*,#1628,.F.);
#2260=ORIENTED_EDGE('',*,*,#1629,.F.);
#2261=ORIENTED_EDGE('',*,*,#1630,.F.);
#2262=ORIENTED_EDGE('',*,*,#1631,.F.);
#2263=ORIENTED_EDGE('',*,*,#1632,.F.);
#2264=ORIENTED_EDGE('',*,*,#1634,.F.);
#2265=ORIENTED_EDGE('',*,*,#1635,.F.);
#2266=ORIENTED_EDGE('',*,*,#1636,.T.);
#2267=ORIENTED_EDGE('',*,*,#1637,.T.);
#2268=ORIENTED_EDGE('',*,*,#1636,.F.);
#2269=ORIENTED_EDGE('',*,*,#1638,.T.);
#2270=ORIENTED_EDGE('',*,*,#1639,.F.);
#2271=ORIENTED_EDGE('',*,*,#1637,.F.);
#2272=ORIENTED_EDGE('',*,*,#1640,.F.);
#2273=ORIENTED_EDGE('',*,*,#1641,.F.);
#2274=ORIENTED_EDGE('',*,*,#1642,.F.);
#2275=ORIENTED_EDGE('',*,*,#1640,.T.);
#2276=ORIENTED_EDGE('',*,*,#1642,.T.);
#2277=ORIENTED_EDGE('',*,*,#1638,.F.);
#2278=ORIENTED_EDGE('',*,*,#1643,.F.);
#2279=ORIENTED_EDGE('',*,*,#1639,.T.);
#2280=ORIENTED_EDGE('',*,*,#1613,.T.);
#2281=ORIENTED_EDGE('',*,*,#1643,.T.);
#2282=ORIENTED_EDGE('',*,*,#1644,.T.);
#2283=ORIENTED_EDGE('',*,*,#1645,.T.);
#2284=ORIENTED_EDGE('',*,*,#1646,.T.);
#2285=ORIENTED_EDGE('',*,*,#1647,.T.);
#2286=ORIENTED_EDGE('',*,*,#1644,.F.);
#2287=ORIENTED_EDGE('',*,*,#1648,.T.);
#2288=ORIENTED_EDGE('',*,*,#1649,.T.);
#2289=ORIENTED_EDGE('',*,*,#1650,.T.);
#2290=ORIENTED_EDGE('',*,*,#1651,.T.);
#2291=ORIENTED_EDGE('',*,*,#1652,.T.);
#2292=ORIENTED_EDGE('',*,*,#1649,.F.);
#2293=ORIENTED_EDGE('',*,*,#1653,.T.);
#2294=ORIENTED_EDGE('',*,*,#1651,.F.);
#2295=ORIENTED_EDGE('',*,*,#1654,.T.);
#2296=ORIENTED_EDGE('',*,*,#1655,.T.);
#2297=ORIENTED_EDGE('',*,*,#1656,.T.);
#2298=ORIENTED_EDGE('',*,*,#1657,.T.);
#2299=ORIENTED_EDGE('',*,*,#1658,.T.);
#2300=ORIENTED_EDGE('',*,*,#1655,.F.);
#2301=ORIENTED_EDGE('',*,*,#1659,.T.);
#2302=ORIENTED_EDGE('',*,*,#1660,.T.);
#2303=ORIENTED_EDGE('',*,*,#1661,.T.);
#2304=ORIENTED_EDGE('',*,*,#1657,.F.);
#2305=ORIENTED_EDGE('',*,*,#1662,.T.);
#2306=ORIENTED_EDGE('',*,*,#1663,.T.);
#2307=ORIENTED_EDGE('',*,*,#1664,.T.);
#2308=ORIENTED_EDGE('',*,*,#1660,.F.);
#2309=ORIENTED_EDGE('',*,*,#1665,.T.);
#2310=ORIENTED_EDGE('',*,*,#1663,.F.);
#2311=ORIENTED_EDGE('',*,*,#1666,.T.);
#2312=ORIENTED_EDGE('',*,*,#1667,.T.);
#2313=ORIENTED_EDGE('',*,*,#1668,.T.);
#2314=ORIENTED_EDGE('',*,*,#1669,.T.);
#2315=ORIENTED_EDGE('',*,*,#1670,.T.);
#2316=ORIENTED_EDGE('',*,*,#1667,.F.);
#2317=ORIENTED_EDGE('',*,*,#1671,.T.);
#2318=ORIENTED_EDGE('',*,*,#1669,.F.);
#2319=ORIENTED_EDGE('',*,*,#1672,.T.);
#2320=ORIENTED_EDGE('',*,*,#1673,.T.);
#2321=ORIENTED_EDGE('',*,*,#1674,.T.);
#2322=ORIENTED_EDGE('',*,*,#1675,.T.);
#2323=ORIENTED_EDGE('',*,*,#1676,.T.);
#2324=ORIENTED_EDGE('',*,*,#1673,.F.);
#2325=ORIENTED_EDGE('',*,*,#1677,.T.);
#2326=ORIENTED_EDGE('',*,*,#1646,.F.);
#2327=ORIENTED_EDGE('',*,*,#1678,.T.);
#2328=ORIENTED_EDGE('',*,*,#1675,.F.);
#2329=ORIENTED_EDGE('',*,*,#1679,.T.);
#2330=ORIENTED_EDGE('',*,*,#1680,.F.);
#2331=ORIENTED_EDGE('',*,*,#1668,.F.);
#2332=ORIENTED_EDGE('',*,*,#1670,.F.);
#2333=ORIENTED_EDGE('',*,*,#1674,.F.);
#2334=ORIENTED_EDGE('',*,*,#1681,.F.);
#2335=ORIENTED_EDGE('',*,*,#1650,.F.);
#2336=ORIENTED_EDGE('',*,*,#1652,.F.);
#2337=ORIENTED_EDGE('',*,*,#1656,.F.);
#2338=ORIENTED_EDGE('',*,*,#1682,.F.);
#2339=ORIENTED_EDGE('',*,*,#1678,.F.);
#2340=ORIENTED_EDGE('',*,*,#1683,.F.);
#2341=ORIENTED_EDGE('',*,*,#1676,.F.);
#2342=ORIENTED_EDGE('',*,*,#1683,.T.);
#2343=ORIENTED_EDGE('',*,*,#1645,.F.);
#2344=ORIENTED_EDGE('',*,*,#1681,.T.);
#2345=ORIENTED_EDGE('',*,*,#1684,.T.);
#2346=ORIENTED_EDGE('',*,*,#1671,.F.);
#2347=ORIENTED_EDGE('',*,*,#1685,.T.);
#2348=ORIENTED_EDGE('',*,*,#1666,.F.);
#2349=ORIENTED_EDGE('',*,*,#1665,.F.);
#2350=ORIENTED_EDGE('',*,*,#1662,.F.);
#2351=ORIENTED_EDGE('',*,*,#1659,.F.);
#2352=ORIENTED_EDGE('',*,*,#1654,.F.);
#2353=ORIENTED_EDGE('',*,*,#1686,.F.);
#2354=ORIENTED_EDGE('',*,*,#1648,.F.);
#2355=ORIENTED_EDGE('',*,*,#1647,.F.);
#2356=ORIENTED_EDGE('',*,*,#1679,.F.);
#2357=ORIENTED_EDGE('',*,*,#1677,.F.);
#2358=ORIENTED_EDGE('',*,*,#1672,.F.);
#2359=ORIENTED_EDGE('',*,*,#1685,.F.);
#2360=ORIENTED_EDGE('',*,*,#1687,.T.);
#2361=ORIENTED_EDGE('',*,*,#1653,.F.);
#2362=ORIENTED_EDGE('',*,*,#1686,.T.);
#2363=ORIENTED_EDGE('',*,*,#1664,.F.);
#2364=ORIENTED_EDGE('',*,*,#1682,.T.);
#2365=ORIENTED_EDGE('',*,*,#1658,.F.);
#2366=ORIENTED_EDGE('',*,*,#1688,.T.);
#2367=ORIENTED_EDGE('',*,*,#1661,.F.);
#2368=ORIENTED_EDGE('',*,*,#1688,.F.);
#2369=ORIENTED_EDGE('',*,*,#1689,.T.);
#2370=ORIENTED_EDGE('',*,*,#1680,.T.);
#2371=ORIENTED_EDGE('',*,*,#1690,.T.);
#2372=ORIENTED_EDGE('',*,*,#1689,.F.);
#2373=ORIENTED_EDGE('',*,*,#1684,.F.);
#2374=ORIENTED_EDGE('',*,*,#1691,.T.);
#2375=ORIENTED_EDGE('',*,*,#1687,.F.);
#2376=ORIENTED_EDGE('',*,*,#1692,.T.);
#2377=ORIENTED_EDGE('',*,*,#1693,.F.);
#2378=ORIENTED_EDGE('',*,*,#1694,.F.);
#2379=ORIENTED_EDGE('',*,*,#1695,.F.);
#2380=ORIENTED_EDGE('',*,*,#1692,.F.);
#2381=ORIENTED_EDGE('',*,*,#1696,.F.);
#2382=ORIENTED_EDGE('',*,*,#1691,.F.);
#2383=ORIENTED_EDGE('',*,*,#1696,.T.);
#2384=ORIENTED_EDGE('',*,*,#1694,.T.);
#2385=ORIENTED_EDGE('',*,*,#1695,.T.);
#2386=ORIENTED_EDGE('',*,*,#1693,.T.);
#2387=ORIENTED_EDGE('',*,*,#1690,.F.);
#2388=ORIENTED_EDGE('',*,*,#1641,.T.);
#2389=ORIENTED_EDGE('',*,*,#1697,.F.);
#2390=ORIENTED_EDGE('',*,*,#1625,.F.);
#2391=ORIENTED_EDGE('',*,*,#1698,.F.);
#2392=ORIENTED_EDGE('',*,*,#1627,.F.);
#2393=ORIENTED_EDGE('',*,*,#1698,.T.);
#2394=ORIENTED_EDGE('',*,*,#1635,.T.);
#2395=ORIENTED_EDGE('',*,*,#1697,.T.);
#2396=ORIENTED_EDGE('',*,*,#1634,.T.);
#2397=ORIENTED_EDGE('',*,*,#1366,.T.);
#2398=ORIENTED_EDGE('',*,*,#1387,.T.);
#2399=ORIENTED_EDGE('',*,*,#1699,.T.);
#2400=ORIENTED_EDGE('',*,*,#1700,.T.);
#2401=ORIENTED_EDGE('',*,*,#1701,.T.);
#2402=ORIENTED_EDGE('',*,*,#1702,.T.);
#2403=ORIENTED_EDGE('',*,*,#1702,.F.);
#2404=ORIENTED_EDGE('',*,*,#1703,.F.);
#2405=ORIENTED_EDGE('',*,*,#1363,.F.);
#2406=ORIENTED_EDGE('',*,*,#1699,.F.);
#2407=ORIENTED_EDGE('',*,*,#1701,.F.);
#2408=ORIENTED_EDGE('',*,*,#1700,.F.);
#2409=ORIENTED_EDGE('',*,*,#1703,.T.);
#2410=ORIENTED_EDGE('',*,*,#1704,.T.);
#2411=ORIENTED_EDGE('',*,*,#1705,.T.);
#2412=ORIENTED_EDGE('',*,*,#1706,.F.);
#2413=ORIENTED_EDGE('',*,*,#1704,.F.);
#2414=ORIENTED_EDGE('',*,*,#1705,.F.);
#2415=ORIENTED_EDGE('',*,*,#1707,.F.);
#2416=ORIENTED_EDGE('',*,*,#1708,.T.);
#2417=ORIENTED_EDGE('',*,*,#1706,.T.);
#2418=ORIENTED_EDGE('',*,*,#1709,.F.);
#2419=ORIENTED_EDGE('',*,*,#1708,.F.);
#2420=ORIENTED_EDGE('',*,*,#1710,.T.);
#2421=ORIENTED_EDGE('',*,*,#1709,.T.);
#2422=ORIENTED_EDGE('',*,*,#1710,.F.);
#2423=ORIENTED_EDGE('',*,*,#1711,.T.);
#2424=ORIENTED_EDGE('',*,*,#1707,.T.);
#2425=ORIENTED_EDGE('',*,*,#1711,.F.);
#2426=B_SPLINE_SURFACE_WITH_KNOTS('',3,3,((#3772,#3773,#3774,#3775,#3776,
#3777,#3778),(#3779,#3780,#3781,#3782,#3783,#3784,#3785),(#3786,#3787,#3788,
#3789,#3790,#3791,#3792),(#3793,#3794,#3795,#3796,#3797,#3798,#3799),(#3800,
#3801,#3802,#3803,#3804,#3805,#3806),(#3807,#3808,#3809,#3810,#3811,#3812,
#3813),(#3814,#3815,#3816,#3817,#3818,#3819,#3820),(#3821,#3822,#3823,#3824,
#3825,#3826,#3827),(#3828,#3829,#3830,#3831,#3832,#3833,#3834),(#3835,#3836,
#3837,#3838,#3839,#3840,#3841),(#3842,#3843,#3844,#3845,#3846,#3847,#3848)),
 .UNSPECIFIED.,.F.,.F.,.F.,(4,1,1,1,1,1,1,1,4),(4,1,1,1,4),(0.,0.125,0.25,
0.375,0.5,0.625,0.75,0.875,1.),(0.,0.25,0.5,0.75,1.),.UNSPECIFIED.);
#2427=B_SPLINE_SURFACE_WITH_KNOTS('',3,3,((#3853,#3854,#3855,#3856,#3857,
#3858,#3859,#3860,#3861,#3862,#3863),(#3864,#3865,#3866,#3867,#3868,#3869,
#3870,#3871,#3872,#3873,#3874),(#3875,#3876,#3877,#3878,#3879,#3880,#3881,
#3882,#3883,#3884,#3885),(#3886,#3887,#3888,#3889,#3890,#3891,#3892,#3893,
#3894,#3895,#3896),(#3897,#3898,#3899,#3900,#3901,#3902,#3903,#3904,#3905,
#3906,#3907),(#3908,#3909,#3910,#3911,#3912,#3913,#3914,#3915,#3916,#3917,
#3918),(#3919,#3920,#3921,#3922,#3923,#3924,#3925,#3926,#3927,#3928,#3929)),
 .UNSPECIFIED.,.F.,.F.,.F.,(4,1,1,1,4),(4,1,1,1,1,1,1,1,4),(0.,0.25,0.5,
0.75,1.),(0.,0.125,0.25,0.375,0.5,0.625,0.75,0.875,1.),.UNSPECIFIED.);
#2428=B_SPLINE_SURFACE_WITH_KNOTS('',3,3,((#3942,#3943,#3944,#3945,#3946,
#3947,#3948),(#3949,#3950,#3951,#3952,#3953,#3954,#3955),(#3956,#3957,#3958,
#3959,#3960,#3961,#3962),(#3963,#3964,#3965,#3966,#3967,#3968,#3969),(#3970,
#3971,#3972,#3973,#3974,#3975,#3976),(#3977,#3978,#3979,#3980,#3981,#3982,
#3983),(#3984,#3985,#3986,#3987,#3988,#3989,#3990),(#3991,#3992,#3993,#3994,
#3995,#3996,#3997),(#3998,#3999,#4000,#4001,#4002,#4003,#4004),(#4005,#4006,
#4007,#4008,#4009,#4010,#4011),(#4012,#4013,#4014,#4015,#4016,#4017,#4018)),
 .UNSPECIFIED.,.F.,.F.,.F.,(4,1,1,1,1,1,1,1,4),(4,1,1,1,4),(0.,0.125,0.25,
0.375,0.5,0.625,0.75,0.875,1.),(0.,0.25,0.5,0.75,1.),.UNSPECIFIED.);
#2429=B_SPLINE_SURFACE_WITH_KNOTS('',3,3,((#4023,#4024,#4025,#4026,#4027,
#4028,#4029,#4030,#4031,#4032,#4033),(#4034,#4035,#4036,#4037,#4038,#4039,
#4040,#4041,#4042,#4043,#4044),(#4045,#4046,#4047,#4048,#4049,#4050,#4051,
#4052,#4053,#4054,#4055),(#4056,#4057,#4058,#4059,#4060,#4061,#4062,#4063,
#4064,#4065,#4066),(#4067,#4068,#4069,#4070,#4071,#4072,#4073,#4074,#4075,
#4076,#4077),(#4078,#4079,#4080,#4081,#4082,#4083,#4084,#4085,#4086,#4087,
#4088),(#4089,#4090,#4091,#4092,#4093,#4094,#4095,#4096,#4097,#4098,#4099)),
 .UNSPECIFIED.,.F.,.F.,.F.,(4,1,1,1,4),(4,1,1,1,1,1,1,1,4),(0.,0.25,0.5,
0.75,1.),(0.,0.125,0.25,0.375,0.5,0.625,0.75,0.875,1.),.UNSPECIFIED.);
#2430=B_SPLINE_SURFACE_WITH_KNOTS('',3,3,((#4207,#4208,#4209,#4210,#4211,
#4212,#4213,#4214,#4215,#4216,#4217,#4218,#4219,#4220,#4221,#4222,#4223,
#4224,#4225,#4226,#4227,#4228,#4229,#4230,#4231,#4232,#4233,#4234,#4235,
#4236,#4237,#4238,#4239,#4240,#4241,#4242,#4243,#4244,#4245,#4246,#4247),
(#4248,#4249,#4250,#4251,#4252,#4253,#4254,#4255,#4256,#4257,#4258,#4259,
#4260,#4261,#4262,#4263,#4264,#4265,#4266,#4267,#4268,#4269,#4270,#4271,
#4272,#4273,#4274,#4275,#4276,#4277,#4278,#4279,#4280,#4281,#4282,#4283,
#4284,#4285,#4286,#4287,#4288),(#4289,#4290,#4291,#4292,#4293,#4294,#4295,
#4296,#4297,#4298,#4299,#4300,#4301,#4302,#4303,#4304,#4305,#4306,#4307,
#4308,#4309,#4310,#4311,#4312,#4313,#4314,#4315,#4316,#4317,#4318,#4319,
#4320,#4321,#4322,#4323,#4324,#4325,#4326,#4327,#4328,#4329),(#4330,#4331,
#4332,#4333,#4334,#4335,#4336,#4337,#4338,#4339,#4340,#4341,#4342,#4343,
#4344,#4345,#4346,#4347,#4348,#4349,#4350,#4351,#4352,#4353,#4354,#4355,
#4356,#4357,#4358,#4359,#4360,#4361,#4362,#4363,#4364,#4365,#4366,#4367,
#4368,#4369,#4370),(#4371,#4372,#4373,#4374,#4375,#4376,#4377,#4378,#4379,
#4380,#4381,#4382,#4383,#4384,#4385,#4386,#4387,#4388,#4389,#4390,#4391,
#4392,#4393,#4394,#4395,#4396,#4397,#4398,#4399,#4400,#4401,#4402,#4403,
#4404,#4405,#4406,#4407,#4408,#4409,#4410,#4411),(#4412,#4413,#4414,#4415,
#4416,#4417,#4418,#4419,#4420,#4421,#4422,#4423,#4424,#4425,#4426,#4427,
#4428,#4429,#4430,#4431,#4432,#4433,#4434,#4435,#4436,#4437,#4438,#4439,
#4440,#4441,#4442,#4443,#4444,#4445,#4446,#4447,#4448,#4449,#4450,#4451,
#4452),(#4453,#4454,#4455,#4456,#4457,#4458,#4459,#4460,#4461,#4462,#4463,
#4464,#4465,#4466,#4467,#4468,#4469,#4470,#4471,#4472,#4473,#4474,#4475,
#4476,#4477,#4478,#4479,#4480,#4481,#4482,#4483,#4484,#4485,#4486,#4487,
#4488,#4489,#4490,#4491,#4492,#4493),(#4494,#4495,#4496,#4497,#4498,#4499,
#4500,#4501,#4502,#4503,#4504,#4505,#4506,#4507,#4508,#4509,#4510,#4511,
#4512,#4513,#4514,#4515,#4516,#4517,#4518,#4519,#4520,#4521,#4522,#4523,
#4524,#4525,#4526,#4527,#4528,#4529,#4530,#4531,#4532,#4533,#4534),(#4535,
#4536,#4537,#4538,#4539,#4540,#4541,#4542,#4543,#4544,#4545,#4546,#4547,
#4548,#4549,#4550,#4551,#4552,#4553,#4554,#4555,#4556,#4557,#4558,#4559,
#4560,#4561,#4562,#4563,#4564,#4565,#4566,#4567,#4568,#4569,#4570,#4571,
#4572,#4573,#4574,#4575),(#4576,#4577,#4578,#4579,#4580,#4581,#4582,#4583,
#4584,#4585,#4586,#4587,#4588,#4589,#4590,#4591,#4592,#4593,#4594,#4595,
#4596,#4597,#4598,#4599,#4600,#4601,#4602,#4603,#4604,#4605,#4606,#4607,
#4608,#4609,#4610,#4611,#4612,#4613,#4614,#4615,#4616),(#4617,#4618,#4619,
#4620,#4621,#4622,#4623,#4624,#4625,#4626,#4627,#4628,#4629,#4630,#4631,
#4632,#4633,#4634,#4635,#4636,#4637,#4638,#4639,#4640,#4641,#4642,#4643,
#4644,#4645,#4646,#4647,#4648,#4649,#4650,#4651,#4652,#4653,#4654,#4655,
#4656,#4657),(#4658,#4659,#4660,#4661,#4662,#4663,#4664,#4665,#4666,#4667,
#4668,#4669,#4670,#4671,#4672,#4673,#4674,#4675,#4676,#4677,#4678,#4679,
#4680,#4681,#4682,#4683,#4684,#4685,#4686,#4687,#4688,#4689,#4690,#4691,
#4692,#4693,#4694,#4695,#4696,#4697,#4698),(#4699,#4700,#4701,#4702,#4703,
#4704,#4705,#4706,#4707,#4708,#4709,#4710,#4711,#4712,#4713,#4714,#4715,
#4716,#4717,#4718,#4719,#4720,#4721,#4722,#4723,#4724,#4725,#4726,#4727,
#4728,#4729,#4730,#4731,#4732,#4733,#4734,#4735,#4736,#4737,#4738,#4739),
(#4740,#4741,#4742,#4743,#4744,#4745,#4746,#4747,#4748,#4749,#4750,#4751,
#4752,#4753,#4754,#4755,#4756,#4757,#4758,#4759,#4760,#4761,#4762,#4763,
#4764,#4765,#4766,#4767,#4768,#4769,#4770,#4771,#4772,#4773,#4774,#4775,
#4776,#4777,#4778,#4779,#4780),(#4781,#4782,#4783,#4784,#4785,#4786,#4787,
#4788,#4789,#4790,#4791,#4792,#4793,#4794,#4795,#4796,#4797,#4798,#4799,
#4800,#4801,#4802,#4803,#4804,#4805,#4806,#4807,#4808,#4809,#4810,#4811,
#4812,#4813,#4814,#4815,#4816,#4817,#4818,#4819,#4820,#4821),(#4822,#4823,
#4824,#4825,#4826,#4827,#4828,#4829,#4830,#4831,#4832,#4833,#4834,#4835,
#4836,#4837,#4838,#4839,#4840,#4841,#4842,#4843,#4844,#4845,#4846,#4847,
#4848,#4849,#4850,#4851,#4852,#4853,#4854,#4855,#4856,#4857,#4858,#4859,
#4860,#4861,#4862),(#4863,#4864,#4865,#4866,#4867,#4868,#4869,#4870,#4871,
#4872,#4873,#4874,#4875,#4876,#4877,#4878,#4879,#4880,#4881,#4882,#4883,
#4884,#4885,#4886,#4887,#4888,#4889,#4890,#4891,#4892,#4893,#4894,#4895,
#4896,#4897,#4898,#4899,#4900,#4901,#4902,#4903)),.UNSPECIFIED.,.T.,.F.,
 .F.,(4,1,1,1,1,1,1,1,1,1,1,1,1,1,4),(4,1,1,1,1,1,1,1,1,1,1,1,1,1,1,1,1,
1,1,1,1,1,1,1,1,1,1,1,1,1,1,1,1,1,1,1,1,1,4),(-3.14159265358979,-2.69279370307697,
-2.24399475256414,-1.79519580205131,-1.34639685153848,-0.897597901025655,
-0.448798950512828,0.149599650170943,0.448798950512828,0.897597901025655,
1.34639685153848,1.79519580205131,2.24399475256414,2.69279370307697,3.14159265358979),
(0.,0.496040945303652,0.992081890607303,1.48812283591095,1.98416378121461,
2.48020472651826,2.97624567182191,3.47228661712556,3.96832756242921,4.46436850773286,
4.96040945303652,5.45645039834017,5.95249134364382,6.44853228894747,6.94457323425112,
7.44061417955477,7.93665512485842,8.43269607016208,8.92873701546573,9.42477796076938,
9.92081890607303,10.4168598513767,10.9129007966803,11.408941741984,11.9049826872876,
12.4010236325913,12.8970645778949,13.3931055231986,13.8891464685022,14.3851874138059,
14.8812283591095,15.3772693044132,15.8733102497169,16.3693511950205,16.8653921403242,
17.3614330856278,17.8574740309315,18.3535149762351,18.8495559215388),
 .UNSPECIFIED.);
#2431=B_SPLINE_SURFACE_WITH_KNOTS('',3,3,((#4959,#4960,#4961,#4962,#4963,
#4964,#4965,#4966,#4967,#4968,#4969,#4970,#4971,#4972,#4973,#4974,#4975,
#4976,#4977,#4978,#4979,#4980,#4981,#4982,#4983,#4984,#4985,#4986,#4987,
#4988,#4989,#4990,#4991,#4992,#4993,#4994,#4995,#4996,#4997,#4998,#4999,
#5000,#5001,#5002,#5003,#5004,#5005,#5006,#5007,#5008,#5009,#5010,#5011,
#5012,#5013),(#5014,#5015,#5016,#5017,#5018,#5019,#5020,#5021,#5022,#5023,
#5024,#5025,#5026,#5027,#5028,#5029,#5030,#5031,#5032,#5033,#5034,#5035,
#5036,#5037,#5038,#5039,#5040,#5041,#5042,#5043,#5044,#5045,#5046,#5047,
#5048,#5049,#5050,#5051,#5052,#5053,#5054,#5055,#5056,#5057,#5058,#5059,
#5060,#5061,#5062,#5063,#5064,#5065,#5066,#5067,#5068),(#5069,#5070,#5071,
#5072,#5073,#5074,#5075,#5076,#5077,#5078,#5079,#5080,#5081,#5082,#5083,
#5084,#5085,#5086,#5087,#5088,#5089,#5090,#5091,#5092,#5093,#5094,#5095,
#5096,#5097,#5098,#5099,#5100,#5101,#5102,#5103,#5104,#5105,#5106,#5107,
#5108,#5109,#5110,#5111,#5112,#5113,#5114,#5115,#5116,#5117,#5118,#5119,
#5120,#5121,#5122,#5123),(#5124,#5125,#5126,#5127,#5128,#5129,#5130,#5131,
#5132,#5133,#5134,#5135,#5136,#5137,#5138,#5139,#5140,#5141,#5142,#5143,
#5144,#5145,#5146,#5147,#5148,#5149,#5150,#5151,#5152,#5153,#5154,#5155,
#5156,#5157,#5158,#5159,#5160,#5161,#5162,#5163,#5164,#5165,#5166,#5167,
#5168,#5169,#5170,#5171,#5172,#5173,#5174,#5175,#5176,#5177,#5178),(#5179,
#5180,#5181,#5182,#5183,#5184,#5185,#5186,#5187,#5188,#5189,#5190,#5191,
#5192,#5193,#5194,#5195,#5196,#5197,#5198,#5199,#5200,#5201,#5202,#5203,
#5204,#5205,#5206,#5207,#5208,#5209,#5210,#5211,#5212,#5213,#5214,#5215,
#5216,#5217,#5218,#5219,#5220,#5221,#5222,#5223,#5224,#5225,#5226,#5227,
#5228,#5229,#5230,#5231,#5232,#5233),(#5234,#5235,#5236,#5237,#5238,#5239,
#5240,#5241,#5242,#5243,#5244,#5245,#5246,#5247,#5248,#5249,#5250,#5251,
#5252,#5253,#5254,#5255,#5256,#5257,#5258,#5259,#5260,#5261,#5262,#5263,
#5264,#5265,#5266,#5267,#5268,#5269,#5270,#5271,#5272,#5273,#5274,#5275,
#5276,#5277,#5278,#5279,#5280,#5281,#5282,#5283,#5284,#5285,#5286,#5287,
#5288),(#5289,#5290,#5291,#5292,#5293,#5294,#5295,#5296,#5297,#5298,#5299,
#5300,#5301,#5302,#5303,#5304,#5305,#5306,#5307,#5308,#5309,#5310,#5311,
#5312,#5313,#5314,#5315,#5316,#5317,#5318,#5319,#5320,#5321,#5322,#5323,
#5324,#5325,#5326,#5327,#5328,#5329,#5330,#5331,#5332,#5333,#5334,#5335,
#5336,#5337,#5338,#5339,#5340,#5341,#5342,#5343),(#5344,#5345,#5346,#5347,
#5348,#5349,#5350,#5351,#5352,#5353,#5354,#5355,#5356,#5357,#5358,#5359,
#5360,#5361,#5362,#5363,#5364,#5365,#5366,#5367,#5368,#5369,#5370,#5371,
#5372,#5373,#5374,#5375,#5376,#5377,#5378,#5379,#5380,#5381,#5382,#5383,
#5384,#5385,#5386,#5387,#5388,#5389,#5390,#5391,#5392,#5393,#5394,#5395,
#5396,#5397,#5398),(#5399,#5400,#5401,#5402,#5403,#5404,#5405,#5406,#5407,
#5408,#5409,#5410,#5411,#5412,#5413,#5414,#5415,#5416,#5417,#5418,#5419,
#5420,#5421,#5422,#5423,#5424,#5425,#5426,#5427,#5428,#5429,#5430,#5431,
#5432,#5433,#5434,#5435,#5436,#5437,#5438,#5439,#5440,#5441,#5442,#5443,
#5444,#5445,#5446,#5447,#5448,#5449,#5450,#5451,#5452,#5453),(#5454,#5455,
#5456,#5457,#5458,#5459,#5460,#5461,#5462,#5463,#5464,#5465,#5466,#5467,
#5468,#5469,#5470,#5471,#5472,#5473,#5474,#5475,#5476,#5477,#5478,#5479,
#5480,#5481,#5482,#5483,#5484,#5485,#5486,#5487,#5488,#5489,#5490,#5491,
#5492,#5493,#5494,#5495,#5496,#5497,#5498,#5499,#5500,#5501,#5502,#5503,
#5504,#5505,#5506,#5507,#5508),(#5509,#5510,#5511,#5512,#5513,#5514,#5515,
#5516,#5517,#5518,#5519,#5520,#5521,#5522,#5523,#5524,#5525,#5526,#5527,
#5528,#5529,#5530,#5531,#5532,#5533,#5534,#5535,#5536,#5537,#5538,#5539,
#5540,#5541,#5542,#5543,#5544,#5545,#5546,#5547,#5548,#5549,#5550,#5551,
#5552,#5553,#5554,#5555,#5556,#5557,#5558,#5559,#5560,#5561,#5562,#5563),
(#5564,#5565,#5566,#5567,#5568,#5569,#5570,#5571,#5572,#5573,#5574,#5575,
#5576,#5577,#5578,#5579,#5580,#5581,#5582,#5583,#5584,#5585,#5586,#5587,
#5588,#5589,#5590,#5591,#5592,#5593,#5594,#5595,#5596,#5597,#5598,#5599,
#5600,#5601,#5602,#5603,#5604,#5605,#5606,#5607,#5608,#5609,#5610,#5611,
#5612,#5613,#5614,#5615,#5616,#5617,#5618),(#5619,#5620,#5621,#5622,#5623,
#5624,#5625,#5626,#5627,#5628,#5629,#5630,#5631,#5632,#5633,#5634,#5635,
#5636,#5637,#5638,#5639,#5640,#5641,#5642,#5643,#5644,#5645,#5646,#5647,
#5648,#5649,#5650,#5651,#5652,#5653,#5654,#5655,#5656,#5657,#5658,#5659,
#5660,#5661,#5662,#5663,#5664,#5665,#5666,#5667,#5668,#5669,#5670,#5671,
#5672,#5673),(#5674,#5675,#5676,#5677,#5678,#5679,#5680,#5681,#5682,#5683,
#5684,#5685,#5686,#5687,#5688,#5689,#5690,#5691,#5692,#5693,#5694,#5695,
#5696,#5697,#5698,#5699,#5700,#5701,#5702,#5703,#5704,#5705,#5706,#5707,
#5708,#5709,#5710,#5711,#5712,#5713,#5714,#5715,#5716,#5717,#5718,#5719,
#5720,#5721,#5722,#5723,#5724,#5725,#5726,#5727,#5728),(#5729,#5730,#5731,
#5732,#5733,#5734,#5735,#5736,#5737,#5738,#5739,#5740,#5741,#5742,#5743,
#5744,#5745,#5746,#5747,#5748,#5749,#5750,#5751,#5752,#5753,#5754,#5755,
#5756,#5757,#5758,#5759,#5760,#5761,#5762,#5763,#5764,#5765,#5766,#5767,
#5768,#5769,#5770,#5771,#5772,#5773,#5774,#5775,#5776,#5777,#5778,#5779,
#5780,#5781,#5782,#5783),(#5784,#5785,#5786,#5787,#5788,#5789,#5790,#5791,
#5792,#5793,#5794,#5795,#5796,#5797,#5798,#5799,#5800,#5801,#5802,#5803,
#5804,#5805,#5806,#5807,#5808,#5809,#5810,#5811,#5812,#5813,#5814,#5815,
#5816,#5817,#5818,#5819,#5820,#5821,#5822,#5823,#5824,#5825,#5826,#5827,
#5828,#5829,#5830,#5831,#5832,#5833,#5834,#5835,#5836,#5837,#5838),(#5839,
#5840,#5841,#5842,#5843,#5844,#5845,#5846,#5847,#5848,#5849,#5850,#5851,
#5852,#5853,#5854,#5855,#5856,#5857,#5858,#5859,#5860,#5861,#5862,#5863,
#5864,#5865,#5866,#5867,#5868,#5869,#5870,#5871,#5872,#5873,#5874,#5875,
#5876,#5877,#5878,#5879,#5880,#5881,#5882,#5883,#5884,#5885,#5886,#5887,
#5888,#5889,#5890,#5891,#5892,#5893)),.UNSPECIFIED.,.T.,.F.,.F.,(4,1,1,
1,1,1,1,1,1,1,1,1,1,1,4),(4,1,1,1,1,1,1,1,1,1,1,1,1,1,1,1,1,1,1,1,1,1,1,
1,1,1,1,1,1,1,1,1,1,1,1,1,1,1,1,1,1,1,1,1,1,1,1,1,1,1,1,1,4),(-3.14159265358979,
-2.69279370307697,-2.24399475256414,-1.79519580205131,-1.34639685153848,
-0.897597901025654,-0.448798950512827,0.149599650170944,0.448798950512829,
0.897597901025657,1.34639685153848,1.79519580205131,2.24399475256414,2.69279370307697,
3.1415926535898),(0.,0.483321946706122,0.966643893412244,1.44996584011837,
1.93328778682449,2.41660973353061,2.89993168023673,3.38325362694285,3.86657557364898,
4.3498975203551,4.83321946706122,5.31654141376734,5.79986336047346,6.28318530717959,
6.76650725388571,7.24982920059183,7.73315114729795,8.21647309400407,8.6997950407102,
9.18311698741632,9.66643893412244,10.1497608808286,10.6330828275347,11.1164047742408,
11.5997267209469,12.083048667653,12.5663706143592,13.0496925610653,13.5330145077714,
14.0163364544775,14.4996584011837,14.9829803478898,15.4663022945959,15.949624241302,
16.4329461880081,16.9162681347143,17.3995900814204,17.8829120281265,18.3662339748326,
18.8495559215388,19.3328778682449,19.816199814951,20.2995217616571,20.7828437083632,
21.2661656550694,21.7494876017755,22.2328095484816,22.7161314951877,23.1994534418939,
23.6827753886,24.1660973353061,24.6494192820122,25.1327412287183),
 .UNSPECIFIED.);
#2432=B_SPLINE_SURFACE_WITH_KNOTS('',3,3,((#6734,#6735,#6736,#6737,#6738,
#6739,#6740),(#6741,#6742,#6743,#6744,#6745,#6746,#6747),(#6748,#6749,#6750,
#6751,#6752,#6753,#6754),(#6755,#6756,#6757,#6758,#6759,#6760,#6761),(#6762,
#6763,#6764,#6765,#6766,#6767,#6768),(#6769,#6770,#6771,#6772,#6773,#6774,
#6775),(#6776,#6777,#6778,#6779,#6780,#6781,#6782),(#6783,#6784,#6785,#6786,
#6787,#6788,#6789),(#6790,#6791,#6792,#6793,#6794,#6795,#6796),(#6797,#6798,
#6799,#6800,#6801,#6802,#6803),(#6804,#6805,#6806,#6807,#6808,#6809,#6810)),
 .UNSPECIFIED.,.F.,.F.,.F.,(4,1,1,1,1,1,1,1,4),(4,1,1,1,4),(0.,0.125,0.25,
0.375,0.5,0.625,0.75,0.875,1.),(0.,0.25,0.5,0.75,1.),.UNSPECIFIED.);
#2433=B_SPLINE_SURFACE_WITH_KNOTS('',3,3,((#6811,#6812,#6813,#6814,#6815,
#6816,#6817),(#6818,#6819,#6820,#6821,#6822,#6823,#6824),(#6825,#6826,#6827,
#6828,#6829,#6830,#6831),(#6832,#6833,#6834,#6835,#6836,#6837,#6838),(#6839,
#6840,#6841,#6842,#6843,#6844,#6845),(#6846,#6847,#6848,#6849,#6850,#6851,
#6852),(#6853,#6854,#6855,#6856,#6857,#6858,#6859),(#6860,#6861,#6862,#6863,
#6864,#6865,#6866),(#6867,#6868,#6869,#6870,#6871,#6872,#6873),(#6874,#6875,
#6876,#6877,#6878,#6879,#6880),(#6881,#6882,#6883,#6884,#6885,#6886,#6887)),
 .UNSPECIFIED.,.F.,.F.,.F.,(4,1,1,1,1,1,1,1,4),(4,1,1,1,4),(0.,0.125,0.25,
0.375,0.5,0.625,0.75,0.875,1.),(0.,0.25,0.5,0.75,1.),.UNSPECIFIED.);
#2434=B_SPLINE_SURFACE_WITH_KNOTS('',3,3,((#6891,#6892,#6893,#6894,#6895,
#6896,#6897,#6898,#6899),(#6900,#6901,#6902,#6903,#6904,#6905,#6906,#6907,
#6908),(#6909,#6910,#6911,#6912,#6913,#6914,#6915,#6916,#6917),(#6918,#6919,
#6920,#6921,#6922,#6923,#6924,#6925,#6926),(#6927,#6928,#6929,#6930,#6931,
#6932,#6933,#6934,#6935)),.UNSPECIFIED.,.F.,.F.,.F.,(4,1,4),(4,1,1,1,1,
1,4),(0.,0.571428571428571,1.),(7.94236643864468,8.60635594606233,8.93835069977116,
9.27034545347999,9.60234020718881,9.93433496089764,10.2663297146065),
 .UNSPECIFIED.);
#2435=B_SPLINE_SURFACE_WITH_KNOTS('',3,3,((#6945,#6946,#6947,#6948,#6949,
#6950,#6951,#6952,#6953,#6954),(#6955,#6956,#6957,#6958,#6959,#6960,#6961,
#6962,#6963,#6964),(#6965,#6966,#6967,#6968,#6969,#6970,#6971,#6972,#6973,
#6974),(#6975,#6976,#6977,#6978,#6979,#6980,#6981,#6982,#6983,#6984),(#6985,
#6986,#6987,#6988,#6989,#6990,#6991,#6992,#6993,#6994)),.UNSPECIFIED.,.F.,
 .F.,.F.,(4,1,4),(4,1,1,1,1,1,1,4),(0.,0.571428571428571,1.),(7.94236643864468,
8.27436119235351,8.60635594606233,8.93835069977116,9.27034545347998,9.60234020718881,
9.93433496089763,10.2663297146065),.UNSPECIFIED.);
#2436=B_SPLINE_SURFACE_WITH_KNOTS('',3,3,((#7040,#7041,#7042,#7043),(#7044,
#7045,#7046,#7047),(#7048,#7049,#7050,#7051),(#7052,#7053,#7054,#7055),
(#7056,#7057,#7058,#7059),(#7060,#7061,#7062,#7063),(#7064,#7065,#7066,
#7067)),.UNSPECIFIED.,.F.,.F.,.F.,(4,1,1,1,4),(4,4),(0.,0.285714285714286,
0.571428571428571,0.785714285714286,1.),(0.,0.54225001096689),
 .UNSPECIFIED.);
#2437=B_SPLINE_SURFACE_WITH_KNOTS('',3,3,((#7082,#7083,#7084,#7085),(#7086,
#7087,#7088,#7089),(#7090,#7091,#7092,#7093),(#7094,#7095,#7096,#7097),
(#7098,#7099,#7100,#7101),(#7102,#7103,#7104,#7105)),.UNSPECIFIED.,.F.,
 .F.,.F.,(4,1,1,4),(4,4),(0.,0.285714285714286,0.571428571428571,1.),(0.,
0.511727281256393),.UNSPECIFIED.);
#2438=B_SPLINE_SURFACE_WITH_KNOTS('',3,3,((#7117,#7118,#7119,#7120,#7121,
#7122,#7123,#7124,#7125,#7126,#7127,#7128),(#7129,#7130,#7131,#7132,#7133,
#7134,#7135,#7136,#7137,#7138,#7139,#7140),(#7141,#7142,#7143,#7144,#7145,
#7146,#7147,#7148,#7149,#7150,#7151,#7152),(#7153,#7154,#7155,#7156,#7157,
#7158,#7159,#7160,#7161,#7162,#7163,#7164),(#7165,#7166,#7167,#7168,#7169,
#7170,#7171,#7172,#7173,#7174,#7175,#7176),(#7177,#7178,#7179,#7180,#7181,
#7182,#7183,#7184,#7185,#7186,#7187,#7188)),.UNSPECIFIED.,.F.,.F.,.F.,(4,
1,1,4),(4,1,1,1,1,1,1,1,1,4),(0.,0.285714285714286,0.571428571428571,1.),
(3.95399371626137E-11,0.13589007725842,0.271780154477301,0.543560308915062,
0.815340463352823,1.08712061779058,1.35890077222835,1.63068092666611,1.76657100388499,
1.90246108110387),.UNSPECIFIED.);
#2439=B_SPLINE_SURFACE_WITH_KNOTS('',3,3,((#7216,#7217,#7218,#7219),(#7220,
#7221,#7222,#7223),(#7224,#7225,#7226,#7227),(#7228,#7229,#7230,#7231),
(#7232,#7233,#7234,#7235),(#7236,#7237,#7238,#7239)),.UNSPECIFIED.,.F.,
 .F.,.F.,(4,1,1,4),(4,4),(0.,0.285714285714286,0.571428571428571,1.),(0.,
0.511727281281494),.UNSPECIFIED.);
#2440=B_SPLINE_SURFACE_WITH_KNOTS('',3,3,((#7251,#7252,#7253,#7254),(#7255,
#7256,#7257,#7258),(#7259,#7260,#7261,#7262),(#7263,#7264,#7265,#7266),
(#7267,#7268,#7269,#7270),(#7271,#7272,#7273,#7274),(#7275,#7276,#7277,
#7278)),.UNSPECIFIED.,.F.,.F.,.F.,(4,1,1,1,4),(4,4),(0.,0.285714285714286,
0.571428571428571,0.785714285714286,1.),(1.68588227822869E-12,0.54225001096918),
 .UNSPECIFIED.);
#2441=B_SPLINE_SURFACE_WITH_KNOTS('',3,3,((#7296,#7297,#7298,#7299),(#7300,
#7301,#7302,#7303),(#7304,#7305,#7306,#7307),(#7308,#7309,#7310,#7311),
(#7312,#7313,#7314,#7315),(#7316,#7317,#7318,#7319),(#7320,#7321,#7322,
#7323)),.UNSPECIFIED.,.F.,.F.,.F.,(4,1,1,1,4),(4,4),(0.,0.285714285714286,
0.571428571428571,0.785714285714286,1.),(0.,0.542250008060401),
 .UNSPECIFIED.);
#2442=B_SPLINE_SURFACE_WITH_KNOTS('',3,3,((#7335,#7336,#7337,#7338),(#7339,
#7340,#7341,#7342),(#7343,#7344,#7345,#7346),(#7347,#7348,#7349,#7350),
(#7351,#7352,#7353,#7354),(#7355,#7356,#7357,#7358)),.UNSPECIFIED.,.F.,
 .F.,.F.,(4,1,1,4),(4,4),(0.,0.285714285714286,0.571428571428571,1.),(0.,
0.511727281256395),.UNSPECIFIED.);
#2443=B_SPLINE_SURFACE_WITH_KNOTS('',3,3,((#7370,#7371,#7372,#7373,#7374,
#7375,#7376,#7377,#7378,#7379,#7380,#7381),(#7382,#7383,#7384,#7385,#7386,
#7387,#7388,#7389,#7390,#7391,#7392,#7393),(#7394,#7395,#7396,#7397,#7398,
#7399,#7400,#7401,#7402,#7403,#7404,#7405),(#7406,#7407,#7408,#7409,#7410,
#7411,#7412,#7413,#7414,#7415,#7416,#7417),(#7418,#7419,#7420,#7421,#7422,
#7423,#7424,#7425,#7426,#7427,#7428,#7429),(#7430,#7431,#7432,#7433,#7434,
#7435,#7436,#7437,#7438,#7439,#7440,#7441)),.UNSPECIFIED.,.F.,.F.,.F.,(4,
1,1,4),(4,1,1,1,1,1,1,1,1,4),(0.,0.285714285714286,0.571428571428571,1.),
(3.95408420756617E-11,0.135890077258421,0.271780154477302,0.543560308915063,
0.815340463352824,1.08712061779059,1.35890077222835,1.63068092666611,1.76657100388499,
1.90246108110387),.UNSPECIFIED.);
#2444=B_SPLINE_SURFACE_WITH_KNOTS('',3,3,((#7469,#7470,#7471,#7472),(#7473,
#7474,#7475,#7476),(#7477,#7478,#7479,#7480),(#7481,#7482,#7483,#7484),
(#7485,#7486,#7487,#7488),(#7489,#7490,#7491,#7492)),.UNSPECIFIED.,.F.,
 .F.,.F.,(4,1,1,4),(4,4),(0.,0.285714285714286,0.571428571428571,1.),(0.,
0.511727281281493),.UNSPECIFIED.);
#2445=B_SPLINE_SURFACE_WITH_KNOTS('',3,3,((#7504,#7505,#7506,#7507),(#7508,
#7509,#7510,#7511),(#7512,#7513,#7514,#7515),(#7516,#7517,#7518,#7519),
(#7520,#7521,#7522,#7523),(#7524,#7525,#7526,#7527),(#7528,#7529,#7530,
#7531)),.UNSPECIFIED.,.F.,.F.,.F.,(4,1,1,1,4),(4,4),(0.,0.285714285714286,
0.571428571428571,0.785714285714286,1.),(1.69047303805132E-12,0.542250010969191),
 .UNSPECIFIED.);
#2446=STYLED_ITEM('',(#7660),#2613);
#2447=STYLED_ITEM('',(#7660),#2614);
#2448=STYLED_ITEM('',(#7660),#2615);
#2449=STYLED_ITEM('',(#7660),#2616);
#2450=STYLED_ITEM('',(#7660),#2617);
#2451=STYLED_ITEM('',(#7660),#2618);
#2452=STYLED_ITEM('',(#7660),#2619);
#2453=STYLED_ITEM('',(#7660),#2620);
#2454=STYLED_ITEM('',(#7662),#2621);
#2455=STYLED_ITEM('',(#7662),#2622);
#2456=STYLED_ITEM('',(#7660),#2623);
#2457=STYLED_ITEM('',(#7660),#2624);
#2458=STYLED_ITEM('',(#7661),#2625);
#2459=STYLED_ITEM('',(#7661),#2626);
#2460=STYLED_ITEM('',(#7661),#2627);
#2461=STYLED_ITEM('',(#7661),#2628);
#2462=STYLED_ITEM('',(#7661),#2629);
#2463=STYLED_ITEM('',(#7661),#2630);
#2464=STYLED_ITEM('',(#7661),#2631);
#2465=STYLED_ITEM('',(#7661),#2632);
#2466=STYLED_ITEM('',(#7660),#2633);
#2467=STYLED_ITEM('',(#7660),#2634);
#2468=STYLED_ITEM('',(#7661),#2635);
#2469=STYLED_ITEM('',(#7661),#2636);
#2470=STYLED_ITEM('',(#7661),#2637);
#2471=STYLED_ITEM('',(#7661),#2638);
#2472=STYLED_ITEM('',(#7661),#2639);
#2473=STYLED_ITEM('',(#7660),#2640);
#2474=STYLED_ITEM('',(#7661),#2641);
#2475=STYLED_ITEM('',(#7661),#2642);
#2476=STYLED_ITEM('',(#7661),#2643);
#2477=STYLED_ITEM('',(#7661),#2644);
#2478=STYLED_ITEM('',(#7661),#2645);
#2479=STYLED_ITEM('',(#7660),#2646);
#2480=STYLED_ITEM('',(#7661),#2647);
#2481=STYLED_ITEM('',(#7660),#2648);
#2482=STYLED_ITEM('',(#7661),#2649);
#2483=STYLED_ITEM('',(#7661),#2650);
#2484=STYLED_ITEM('',(#7660),#2651);
#2485=STYLED_ITEM('',(#7660),#2652);
#2486=STYLED_ITEM('',(#7660),#2653);
#2487=STYLED_ITEM('',(#7660),#2654);
#2488=STYLED_ITEM('',(#7660),#2655);
#2489=STYLED_ITEM('',(#7660),#2656);
#2490=STYLED_ITEM('',(#7660),#2657);
#2491=STYLED_ITEM('',(#7660),#2658);
#2492=STYLED_ITEM('',(#7660),#2659);
#2493=STYLED_ITEM('',(#7660),#2660);
#2494=STYLED_ITEM('',(#7660),#2661);
#2495=STYLED_ITEM('',(#7660),#2662);
#2496=STYLED_ITEM('',(#7660),#2663);
#2497=STYLED_ITEM('',(#7660),#2664);
#2498=STYLED_ITEM('',(#7660),#2665);
#2499=STYLED_ITEM('',(#7660),#2666);
#2500=STYLED_ITEM('',(#7661),#2667);
#2501=STYLED_ITEM('',(#7661),#2668);
#2502=STYLED_ITEM('',(#7661),#2669);
#2503=STYLED_ITEM('',(#7661),#2670);
#2504=STYLED_ITEM('',(#7661),#2671);
#2505=STYLED_ITEM('',(#7661),#2672);
#2506=STYLED_ITEM('',(#7661),#2673);
#2507=STYLED_ITEM('',(#7661),#2674);
#2508=STYLED_ITEM('',(#7661),#2675);
#2509=STYLED_ITEM('',(#7661),#2676);
#2510=STYLED_ITEM('',(#7661),#2677);
#2511=STYLED_ITEM('',(#7661),#2678);
#2512=STYLED_ITEM('',(#7661),#2679);
#2513=STYLED_ITEM('',(#7661),#2680);
#2514=STYLED_ITEM('',(#7661),#2681);
#2515=STYLED_ITEM('',(#7661),#2682);
#2516=STYLED_ITEM('',(#7661),#2683);
#2517=STYLED_ITEM('',(#7661),#2684);
#2518=STYLED_ITEM('',(#7661),#2685);
#2519=STYLED_ITEM('',(#7661),#2686);
#2520=STYLED_ITEM('',(#7661),#2687);
#2521=STYLED_ITEM('',(#7661),#2688);
#2522=STYLED_ITEM('',(#7661),#2689);
#2523=STYLED_ITEM('',(#7661),#2690);
#2524=STYLED_ITEM('',(#7661),#2691);
#2525=STYLED_ITEM('',(#7661),#2692);
#2526=STYLED_ITEM('',(#7661),#2693);
#2527=STYLED_ITEM('',(#7661),#2694);
#2528=STYLED_ITEM('',(#7661),#2695);
#2529=STYLED_ITEM('',(#7661),#2696);
#2530=STYLED_ITEM('',(#7661),#2697);
#2531=STYLED_ITEM('',(#7661),#2698);
#2532=STYLED_ITEM('',(#7661),#2699);
#2533=STYLED_ITEM('',(#7661),#2700);
#2534=STYLED_ITEM('',(#7661),#2701);
#2535=STYLED_ITEM('',(#7661),#2702);
#2536=STYLED_ITEM('',(#7661),#2703);
#2537=STYLED_ITEM('',(#7661),#2704);
#2538=STYLED_ITEM('',(#7661),#2705);
#2539=STYLED_ITEM('',(#7661),#2706);
#2540=STYLED_ITEM('',(#7661),#2707);
#2541=STYLED_ITEM('',(#7660),#2708);
#2542=STYLED_ITEM('',(#7660),#2709);
#2543=STYLED_ITEM('',(#7660),#2710);
#2544=STYLED_ITEM('',(#7660),#2711);
#2545=STYLED_ITEM('',(#7660),#2712);
#2546=STYLED_ITEM('',(#7660),#2713);
#2547=STYLED_ITEM('',(#7660),#2714);
#2548=STYLED_ITEM('',(#7660),#2715);
#2549=STYLED_ITEM('',(#7660),#2716);
#2550=STYLED_ITEM('',(#7660),#2717);
#2551=STYLED_ITEM('',(#7660),#2718);
#2552=STYLED_ITEM('',(#7660),#2719);
#2553=STYLED_ITEM('',(#7660),#2720);
#2554=STYLED_ITEM('',(#7660),#2721);
#2555=STYLED_ITEM('',(#7660),#2722);
#2556=STYLED_ITEM('',(#7660),#2723);
#2557=STYLED_ITEM('',(#7660),#2724);
#2558=STYLED_ITEM('',(#7660),#2725);
#2559=STYLED_ITEM('',(#7661),#2726);
#2560=STYLED_ITEM('',(#7660),#2727);
#2561=STYLED_ITEM('',(#7660),#2728);
#2562=STYLED_ITEM('',(#7660),#2729);
#2563=STYLED_ITEM('',(#7660),#2730);
#2564=STYLED_ITEM('',(#7660),#2731);
#2565=STYLED_ITEM('',(#7660),#2732);
#2566=STYLED_ITEM('',(#7660),#2733);
#2567=STYLED_ITEM('',(#7660),#2734);
#2568=STYLED_ITEM('',(#7660),#2735);
#2569=STYLED_ITEM('',(#7660),#2736);
#2570=STYLED_ITEM('',(#7660),#2737);
#2571=STYLED_ITEM('',(#7660),#2738);
#2572=STYLED_ITEM('',(#7660),#2739);
#2573=STYLED_ITEM('',(#7660),#2740);
#2574=STYLED_ITEM('',(#7660),#2741);
#2575=STYLED_ITEM('',(#7660),#2742);
#2576=STYLED_ITEM('',(#7660),#2743);
#2577=STYLED_ITEM('',(#7660),#2744);
#2578=STYLED_ITEM('',(#7660),#2745);
#2579=STYLED_ITEM('',(#7660),#2746);
#2580=STYLED_ITEM('',(#7660),#2747);
#2581=STYLED_ITEM('',(#7660),#2748);
#2582=STYLED_ITEM('',(#7660),#2749);
#2583=STYLED_ITEM('',(#7660),#2750);
#2584=STYLED_ITEM('',(#7660),#2751);
#2585=STYLED_ITEM('',(#7660),#2752);
#2586=STYLED_ITEM('',(#7660),#2753);
#2587=STYLED_ITEM('',(#7660),#2754);
#2588=STYLED_ITEM('',(#7660),#2755);
#2589=STYLED_ITEM('',(#7660),#2756);
#2590=STYLED_ITEM('',(#7660),#2757);
#2591=STYLED_ITEM('',(#7660),#2758);
#2592=STYLED_ITEM('',(#7660),#2759);
#2593=STYLED_ITEM('',(#7660),#2760);
#2594=STYLED_ITEM('',(#7660),#2761);
#2595=STYLED_ITEM('',(#7660),#2762);
#2596=STYLED_ITEM('',(#7660),#2763);
#2597=STYLED_ITEM('',(#7660),#2764);
#2598=STYLED_ITEM('',(#7661),#2765);
#2599=STYLED_ITEM('',(#7661),#2766);
#2600=STYLED_ITEM('',(#7661),#2767);
#2601=STYLED_ITEM('',(#7661),#2768);
#2602=STYLED_ITEM('',(#7661),#2769);
#2603=STYLED_ITEM('',(#7660),#2770);
#2604=STYLED_ITEM('',(#7660),#2771);
#2605=STYLED_ITEM('',(#7660),#2772);
#2606=STYLED_ITEM('',(#7660),#2773);
#2607=STYLED_ITEM('',(#7660),#2774);
#2608=STYLED_ITEM('',(#7660),#2775);
#2609=STYLED_ITEM('',(#7660),#2776);
#2610=STYLED_ITEM('',(#7660),#2777);
#2611=STYLED_ITEM('',(#7659),#13);
#2612=STYLED_ITEM('',(#7659),#14);
#2613=ADVANCED_FACE('',(#611),#2426,.T.);
#2614=ADVANCED_FACE('',(#612),#2427,.T.);
#2615=ADVANCED_FACE('',(#613),#2428,.T.);
#2616=ADVANCED_FACE('',(#614),#2429,.T.);
#2617=ADVANCED_FACE('',(#615),#479,.F.);
#2618=ADVANCED_FACE('',(#616),#480,.F.);
#2619=ADVANCED_FACE('',(#617),#481,.F.);
#2620=ADVANCED_FACE('',(#618),#482,.F.);
#2621=ADVANCED_FACE('',(#619),#2430,.T.);
#2622=ADVANCED_FACE('',(#620),#2431,.T.);
#2623=ADVANCED_FACE('',(#621),#91,.F.);
#2624=ADVANCED_FACE('',(#622),#483,.T.);
#2625=ADVANCED_FACE('',(#623),#92,.F.);
#2626=ADVANCED_FACE('',(#624),#484,.T.);
#2627=ADVANCED_FACE('',(#625),#93,.T.);
#2628=ADVANCED_FACE('',(#626),#485,.T.);
#2629=ADVANCED_FACE('',(#627),#94,.T.);
#2630=ADVANCED_FACE('',(#628),#486,.T.);
#2631=ADVANCED_FACE('',(#629),#95,.F.);
#2632=ADVANCED_FACE('',(#630),#487,.T.);
#2633=ADVANCED_FACE('',(#631),#96,.F.);
#2634=ADVANCED_FACE('',(#632),#488,.T.);
#2635=ADVANCED_FACE('',(#633),#97,.F.);
#2636=ADVANCED_FACE('',(#634),#489,.T.);
#2637=ADVANCED_FACE('',(#635),#98,.T.);
#2638=ADVANCED_FACE('',(#636),#490,.T.);
#2639=ADVANCED_FACE('',(#637),#99,.F.);
#2640=ADVANCED_FACE('',(#638,#38),#100,.T.);
#2641=ADVANCED_FACE('',(#639),#491,.T.);
#2642=ADVANCED_FACE('',(#640),#101,.T.);
#2643=ADVANCED_FACE('',(#641),#492,.T.);
#2644=ADVANCED_FACE('',(#642),#493,.T.);
#2645=ADVANCED_FACE('',(#643,#39),#102,.T.);
#2646=ADVANCED_FACE('',(#644),#494,.T.);
#2647=ADVANCED_FACE('',(#645),#495,.T.);
#2648=ADVANCED_FACE('',(#646),#496,.T.);
#2649=ADVANCED_FACE('',(#647,#40),#18,.F.);
#2650=ADVANCED_FACE('',(#648,#41),#497,.T.);
#2651=ADVANCED_FACE('',(#649),#103,.T.);
#2652=ADVANCED_FACE('',(#650),#19,.T.);
#2653=ADVANCED_FACE('',(#651),#104,.T.);
#2654=ADVANCED_FACE('',(#652),#20,.T.);
#2655=ADVANCED_FACE('',(#653),#105,.T.);
#2656=ADVANCED_FACE('',(#654),#498,.T.);
#2657=ADVANCED_FACE('',(#655),#499,.F.);
#2658=ADVANCED_FACE('',(#656),#106,.T.);
#2659=ADVANCED_FACE('',(#657),#21,.T.);
#2660=ADVANCED_FACE('',(#658),#107,.T.);
#2661=ADVANCED_FACE('',(#659),#22,.T.);
#2662=ADVANCED_FACE('',(#660),#108,.T.);
#2663=ADVANCED_FACE('',(#661),#500,.T.);
#2664=ADVANCED_FACE('',(#662),#501,.T.);
#2665=ADVANCED_FACE('',(#663),#109,.T.);
#2666=ADVANCED_FACE('',(#664),#110,.T.);
#2667=ADVANCED_FACE('',(#665),#502,.F.);
#2668=ADVANCED_FACE('',(#666),#503,.F.);
#2669=ADVANCED_FACE('',(#667),#504,.F.);
#2670=ADVANCED_FACE('',(#668),#505,.F.);
#2671=ADVANCED_FACE('',(#669),#506,.F.);
#2672=ADVANCED_FACE('',(#670),#507,.F.);
#2673=ADVANCED_FACE('',(#671),#508,.F.);
#2674=ADVANCED_FACE('',(#672),#509,.F.);
#2675=ADVANCED_FACE('',(#673),#510,.F.);
#2676=ADVANCED_FACE('',(#674),#511,.F.);
#2677=ADVANCED_FACE('',(#675),#512,.F.);
#2678=ADVANCED_FACE('',(#676),#513,.F.);
#2679=ADVANCED_FACE('',(#677),#514,.F.);
#2680=ADVANCED_FACE('',(#678),#515,.F.);
#2681=ADVANCED_FACE('',(#679),#516,.F.);
#2682=ADVANCED_FACE('',(#680),#517,.F.);
#2683=ADVANCED_FACE('',(#681),#518,.F.);
#2684=ADVANCED_FACE('',(#682),#519,.F.);
#2685=ADVANCED_FACE('',(#683),#520,.F.);
#2686=ADVANCED_FACE('',(#684),#521,.F.);
#2687=ADVANCED_FACE('',(#685),#522,.F.);
#2688=ADVANCED_FACE('',(#686),#523,.F.);
#2689=ADVANCED_FACE('',(#687),#524,.F.);
#2690=ADVANCED_FACE('',(#688),#525,.F.);
#2691=ADVANCED_FACE('',(#689),#526,.F.);
#2692=ADVANCED_FACE('',(#690),#527,.F.);
#2693=ADVANCED_FACE('',(#691),#528,.F.);
#2694=ADVANCED_FACE('',(#692,#42),#529,.F.);
#2695=ADVANCED_FACE('',(#693),#111,.T.);
#2696=ADVANCED_FACE('',(#694),#112,.T.);
#2697=ADVANCED_FACE('',(#695),#113,.T.);
#2698=ADVANCED_FACE('',(#696),#114,.T.);
#2699=ADVANCED_FACE('',(#697),#115,.T.);
#2700=ADVANCED_FACE('',(#698),#116,.T.);
#2701=ADVANCED_FACE('',(#699),#117,.T.);
#2702=ADVANCED_FACE('',(#700),#118,.T.);
#2703=ADVANCED_FACE('',(#701),#119,.T.);
#2704=ADVANCED_FACE('',(#702),#530,.F.);
#2705=ADVANCED_FACE('',(#703),#531,.F.);
#2706=ADVANCED_FACE('',(#704),#532,.F.);
#2707=ADVANCED_FACE('',(#705),#120,.T.);
#2708=ADVANCED_FACE('',(#706,#43),#23,.T.);
#2709=ADVANCED_FACE('',(#707,#44,#45),#121,.T.);
#2710=ADVANCED_FACE('',(#708,#46),#533,.T.);
#2711=ADVANCED_FACE('',(#709,#47),#24,.T.);
#2712=ADVANCED_FACE('',(#710,#48),#534,.F.);
#2713=ADVANCED_FACE('',(#49),#2432,.T.);
#2714=ADVANCED_FACE('',(#50),#2433,.T.);
#2715=ADVANCED_FACE('',(#711),#25,.F.);
#2716=ADVANCED_FACE('',(#712),#2434,.T.);
#2717=ADVANCED_FACE('',(#713),#2435,.T.);
#2718=ADVANCED_FACE('',(#714),#26,.F.);
#2719=ADVANCED_FACE('',(#715,#51),#15,.T.);
#2720=ADVANCED_FACE('',(#716),#122,.T.);
#2721=ADVANCED_FACE('',(#717),#123,.T.);
#2722=ADVANCED_FACE('',(#718,#52),#124,.F.);
#2723=ADVANCED_FACE('',(#719,#53),#27,.T.);
#2724=ADVANCED_FACE('',(#720,#54),#535,.T.);
#2725=ADVANCED_FACE('',(#721,#55),#125,.T.);
#2726=ADVANCED_FACE('',(#722,#56),#126,.T.);
#2727=ADVANCED_FACE('',(#723,#57),#536,.T.);
#2728=ADVANCED_FACE('',(#724,#58),#127,.F.);
#2729=ADVANCED_FACE('',(#725,#59),#537,.T.);
#2730=ADVANCED_FACE('',(#726,#60),#128,.T.);
#2731=ADVANCED_FACE('',(#727),#2436,.T.);
#2732=ADVANCED_FACE('',(#728),#2437,.T.);
#2733=ADVANCED_FACE('',(#729),#2438,.T.);
#2734=ADVANCED_FACE('',(#730),#2439,.T.);
#2735=ADVANCED_FACE('',(#731),#2440,.T.);
#2736=ADVANCED_FACE('',(#732),#129,.F.);
#2737=ADVANCED_FACE('',(#733),#2441,.T.);
#2738=ADVANCED_FACE('',(#734),#2442,.T.);
#2739=ADVANCED_FACE('',(#735),#2443,.T.);
#2740=ADVANCED_FACE('',(#736),#2444,.T.);
#2741=ADVANCED_FACE('',(#737),#2445,.T.);
#2742=ADVANCED_FACE('',(#738),#130,.F.);
#2743=ADVANCED_FACE('',(#739,#61),#16,.T.);
#2744=ADVANCED_FACE('',(#740),#538,.F.);
#2745=ADVANCED_FACE('',(#741),#28,.T.);
#2746=ADVANCED_FACE('',(#742,#62),#29,.T.);
#2747=ADVANCED_FACE('',(#743),#131,.T.);
#2748=ADVANCED_FACE('',(#744,#63),#30,.T.);
#2749=ADVANCED_FACE('',(#745),#31,.T.);
#2750=ADVANCED_FACE('',(#746),#539,.F.);
#2751=ADVANCED_FACE('',(#747,#64),#32,.T.);
#2752=ADVANCED_FACE('',(#748,#65),#132,.T.);
#2753=ADVANCED_FACE('',(#749,#66),#540,.F.);
#2754=ADVANCED_FACE('',(#750,#67),#541,.T.);
#2755=ADVANCED_FACE('',(#751,#68),#133,.F.);
#2756=ADVANCED_FACE('',(#752,#69),#134,.T.);
#2757=ADVANCED_FACE('',(#753,#70),#135,.T.);
#2758=ADVANCED_FACE('',(#754,#71),#542,.F.);
#2759=ADVANCED_FACE('',(#755,#72),#543,.T.);
#2760=ADVANCED_FACE('',(#756,#73),#544,.T.);
#2761=ADVANCED_FACE('',(#757,#74),#136,.T.);
#2762=ADVANCED_FACE('',(#758,#75),#137,.T.);
#2763=ADVANCED_FACE('',(#759,#76),#545,.F.);
#2764=ADVANCED_FACE('',(#760,#77),#546,.T.);
#2765=ADVANCED_FACE('',(#761,#78),#547,.T.);
#2766=ADVANCED_FACE('',(#762,#79),#33,.T.);
#2767=ADVANCED_FACE('',(#763,#80),#548,.F.);
#2768=ADVANCED_FACE('',(#764,#81),#138,.T.);
#2769=ADVANCED_FACE('',(#765,#82),#34,.T.);
#2770=ADVANCED_FACE('',(#766,#83),#35,.T.);
#2771=ADVANCED_FACE('',(#767,#84),#17,.T.);
#2772=ADVANCED_FACE('',(#768,#85),#549,.T.);
#2773=ADVANCED_FACE('',(#769,#86),#36,.T.);
#2774=ADVANCED_FACE('',(#770,#87),#139,.T.);
#2775=ADVANCED_FACE('',(#771,#88),#37,.T.);
#2776=ADVANCED_FACE('',(#772,#89),#550,.T.);
#2777=ADVANCED_FACE('',(#773,#90),#140,.F.);
#2778=CLOSED_SHELL('',(#2613,#2614,#2615,#2616,#2617,#2618,#2619,#2620,
#2621,#2622,#2623,#2624,#2625,#2626,#2627,#2628,#2629,#2630,#2631,#2632,
#2633,#2634,#2635,#2636,#2637,#2638,#2639,#2640,#2641,#2642,#2643,#2644,
#2645,#2646,#2647,#2648,#2649,#2650,#2651,#2652,#2653,#2654,#2655,#2656,
#2657,#2658,#2659,#2660,#2661,#2662,#2663,#2664,#2665,#2666,#2667,#2668,
#2669,#2670,#2671,#2672,#2673,#2674,#2675,#2676,#2677,#2678,#2679,#2680,
#2681,#2682,#2683,#2684,#2685,#2686,#2687,#2688,#2689,#2690,#2691,#2692,
#2693,#2694,#2695,#2696,#2697,#2698,#2699,#2700,#2701,#2702,#2703,#2704,
#2705,#2706,#2707,#2708,#2709,#2710,#2711,#2712,#2713,#2714,#2715,#2716,
#2717,#2718,#2719,#2720,#2721,#2722,#2723,#2724,#2725,#2726,#2727,#2728,
#2729,#2730,#2731,#2732,#2733,#2734,#2735,#2736,#2737,#2738,#2739,#2740,
#2741,#2742,#2743,#2744,#2745,#2746,#2747,#2748,#2749,#2750,#2751,#2752,
#2753,#2754,#2755,#2756,#2757,#2758,#2759,#2760,#2761,#2762,#2763,#2764,
#2765,#2766,#2767,#2768,#2769));
#2779=CLOSED_SHELL('',(#2770,#2771,#2772,#2773,#2774,#2775,#2776,#2777));
#2780=AXIS2_PLACEMENT_3D('placement',#3771,#3054,#3055);
#2781=AXIS2_PLACEMENT_3D('',#3851,#3056,#3057);
#2782=AXIS2_PLACEMENT_3D('',#3852,#3058,#3059);
#2783=AXIS2_PLACEMENT_3D('',#3941,#3060,#3061);
#2784=AXIS2_PLACEMENT_3D('',#4021,#3062,#3063);
#2785=AXIS2_PLACEMENT_3D('',#4022,#3064,#3065);
#2786=AXIS2_PLACEMENT_3D('',#4111,#3066,#3067);
#2787=AXIS2_PLACEMENT_3D('',#4112,#3068,#3069);
#2788=AXIS2_PLACEMENT_3D('',#4115,#3070,#3071);
#2789=AXIS2_PLACEMENT_3D('',#4144,#3073,#3074);
#2790=AXIS2_PLACEMENT_3D('',#4147,#3076,#3077);
#2791=AXIS2_PLACEMENT_3D('',#4148,#3078,#3079);
#2792=AXIS2_PLACEMENT_3D('',#4151,#3080,#3081);
#2793=AXIS2_PLACEMENT_3D('',#4178,#3085,#3086);
#2794=AXIS2_PLACEMENT_3D('',#4186,#3090,#3091);
#2795=AXIS2_PLACEMENT_3D('',#4194,#3095,#3096);
#2796=AXIS2_PLACEMENT_3D('',#4203,#3099,#3100);
#2797=AXIS2_PLACEMENT_3D('',#4206,#3102,#3103);
#2798=AXIS2_PLACEMENT_3D('',#4957,#3104,#3105);
#2799=AXIS2_PLACEMENT_3D('',#4958,#3106,#3107);
#2800=AXIS2_PLACEMENT_3D('',#5979,#3108,#3109);
#2801=AXIS2_PLACEMENT_3D('',#6006,#3112,#3113);
#2802=AXIS2_PLACEMENT_3D('',#6016,#3119,#3120);
#2803=AXIS2_PLACEMENT_3D('',#6043,#3123,#3124);
#2804=AXIS2_PLACEMENT_3D('',#6049,#3128,#3129);
#2805=AXIS2_PLACEMENT_3D('',#6073,#3131,#3132);
#2806=AXIS2_PLACEMENT_3D('',#6075,#3133,#3134);
#2807=AXIS2_PLACEMENT_3D('',#6078,#3136,#3137);
#2808=AXIS2_PLACEMENT_3D('',#6079,#3138,#3139);
#2809=AXIS2_PLACEMENT_3D('',#6103,#3141,#3142);
#2810=AXIS2_PLACEMENT_3D('',#6109,#3146,#3147);
#2811=AXIS2_PLACEMENT_3D('',#6133,#3149,#3150);
#2812=AXIS2_PLACEMENT_3D('',#6135,#3151,#3152);
#2813=AXIS2_PLACEMENT_3D('',#6138,#3154,#3155);
#2814=AXIS2_PLACEMENT_3D('',#6139,#3156,#3157);
#2815=AXIS2_PLACEMENT_3D('',#6163,#3159,#3160);
#2816=AXIS2_PLACEMENT_3D('',#6173,#3166,#3167);
#2817=AXIS2_PLACEMENT_3D('',#6200,#3170,#3171);
#2818=AXIS2_PLACEMENT_3D('',#6206,#3175,#3176);
#2819=AXIS2_PLACEMENT_3D('',#6230,#3178,#3179);
#2820=AXIS2_PLACEMENT_3D('',#6232,#3180,#3181);
#2821=AXIS2_PLACEMENT_3D('',#6235,#3183,#3184);
#2822=AXIS2_PLACEMENT_3D('',#6236,#3185,#3186);
#2823=AXIS2_PLACEMENT_3D('',#6263,#3189,#3190);
#2824=AXIS2_PLACEMENT_3D('',#6264,#3191,#3192);
#2825=AXIS2_PLACEMENT_3D('',#6278,#3194,#3195);
#2826=AXIS2_PLACEMENT_3D('',#6321,#3198,#3199);
#2827=AXIS2_PLACEMENT_3D('',#6364,#3202,#3203);
#2828=AXIS2_PLACEMENT_3D('',#6365,#3204,#3205);
#2829=AXIS2_PLACEMENT_3D('',#6369,#3208,#3209);
#2830=AXIS2_PLACEMENT_3D('',#6380,#3210,#3211);
#2831=AXIS2_PLACEMENT_3D('',#6381,#3212,#3213);
#2832=AXIS2_PLACEMENT_3D('',#6383,#3215,#3216);
#2833=AXIS2_PLACEMENT_3D('',#6384,#3217,#3218);
#2834=AXIS2_PLACEMENT_3D('',#6386,#3220,#3221);
#2835=AXIS2_PLACEMENT_3D('',#6387,#3222,#3223);
#2836=AXIS2_PLACEMENT_3D('',#6389,#3224,#3225);
#2837=AXIS2_PLACEMENT_3D('',#6390,#3226,#3227);
#2838=AXIS2_PLACEMENT_3D('',#6394,#3230,#3231);
#2839=AXIS2_PLACEMENT_3D('',#6395,#3232,#3233);
#2840=AXIS2_PLACEMENT_3D('',#6399,#3236,#3237);
#2841=AXIS2_PLACEMENT_3D('',#6401,#3238,#3239);
#2842=AXIS2_PLACEMENT_3D('',#6402,#3240,#3241);
#2843=AXIS2_PLACEMENT_3D('',#6407,#3243,#3244);
#2844=AXIS2_PLACEMENT_3D('',#6415,#3248,#3249);
#2845=AXIS2_PLACEMENT_3D('',#6423,#3253,#3254);
#2846=AXIS2_PLACEMENT_3D('',#6431,#3258,#3259);
#2847=AXIS2_PLACEMENT_3D('',#6439,#3263,#3264);
#2848=AXIS2_PLACEMENT_3D('',#6447,#3268,#3269);
#2849=AXIS2_PLACEMENT_3D('',#6455,#3273,#3274);
#2850=AXIS2_PLACEMENT_3D('',#6463,#3278,#3279);
#2851=AXIS2_PLACEMENT_3D('',#6471,#3283,#3284);
#2852=AXIS2_PLACEMENT_3D('',#6479,#3288,#3289);
#2853=AXIS2_PLACEMENT_3D('',#6483,#3292,#3293);
#2854=AXIS2_PLACEMENT_3D('',#6486,#3294,#3295);
#2855=AXIS2_PLACEMENT_3D('',#6490,#3297,#3298);
#2856=AXIS2_PLACEMENT_3D('',#6492,#3300,#3301);
#2857=AXIS2_PLACEMENT_3D('',#6494,#3302,#3303);
#2858=AXIS2_PLACEMENT_3D('',#6495,#3304,#3305);
#2859=AXIS2_PLACEMENT_3D('',#6496,#3306,#3307);
#2860=AXIS2_PLACEMENT_3D('',#6497,#3308,#3309);
#2861=AXIS2_PLACEMENT_3D('',#6499,#3310,#3311);
#2862=AXIS2_PLACEMENT_3D('',#6501,#3313,#3314);
#2863=AXIS2_PLACEMENT_3D('',#6502,#3315,#3316);
#2864=AXIS2_PLACEMENT_3D('',#6503,#3317,#3318);
#2865=AXIS2_PLACEMENT_3D('',#6504,#3319,#3320);
#2866=AXIS2_PLACEMENT_3D('',#6506,#3322,#3323);
#2867=AXIS2_PLACEMENT_3D('',#6508,#3325,#3326);
#2868=AXIS2_PLACEMENT_3D('',#6509,#3327,#3328);
#2869=AXIS2_PLACEMENT_3D('',#6512,#3329,#3330);
#2870=AXIS2_PLACEMENT_3D('',#6516,#3332,#3333);
#2871=AXIS2_PLACEMENT_3D('',#6518,#3335,#3336);
#2872=AXIS2_PLACEMENT_3D('',#6520,#3337,#3338);
#2873=AXIS2_PLACEMENT_3D('',#6521,#3339,#3340);
#2874=AXIS2_PLACEMENT_3D('',#6522,#3341,#3342);
#2875=AXIS2_PLACEMENT_3D('',#6523,#3343,#3344);
#2876=AXIS2_PLACEMENT_3D('',#6525,#3345,#3346);
#2877=AXIS2_PLACEMENT_3D('',#6527,#3348,#3349);
#2878=AXIS2_PLACEMENT_3D('',#6528,#3350,#3351);
#2879=AXIS2_PLACEMENT_3D('',#6529,#3352,#3353);
#2880=AXIS2_PLACEMENT_3D('',#6530,#3354,#3355);
#2881=AXIS2_PLACEMENT_3D('',#6532,#3357,#3358);
#2882=AXIS2_PLACEMENT_3D('',#6534,#3360,#3361);
#2883=AXIS2_PLACEMENT_3D('',#6535,#3362,#3363);
#2884=AXIS2_PLACEMENT_3D('',#6536,#3364,#3365);
#2885=AXIS2_PLACEMENT_3D('',#6537,#3366,#3367);
#2886=AXIS2_PLACEMENT_3D('',#6543,#3371,#3372);
#2887=AXIS2_PLACEMENT_3D('',#6549,#3376,#3377);
#2888=AXIS2_PLACEMENT_3D('',#6551,#3379,#3380);
#2889=AXIS2_PLACEMENT_3D('',#6557,#3384,#3385);
#2890=AXIS2_PLACEMENT_3D('',#6563,#3389,#3390);
#2891=AXIS2_PLACEMENT_3D('',#6565,#3392,#3393);
#2892=AXIS2_PLACEMENT_3D('',#6571,#3397,#3398);
#2893=AXIS2_PLACEMENT_3D('',#6577,#3402,#3403);
#2894=AXIS2_PLACEMENT_3D('',#6579,#3405,#3406);
#2895=AXIS2_PLACEMENT_3D('',#6585,#3410,#3411);
#2896=AXIS2_PLACEMENT_3D('',#6591,#3415,#3416);
#2897=AXIS2_PLACEMENT_3D('',#6593,#3418,#3419);
#2898=AXIS2_PLACEMENT_3D('',#6596,#3422,#3423);
#2899=AXIS2_PLACEMENT_3D('',#6602,#3427,#3428);
#2900=AXIS2_PLACEMENT_3D('',#6604,#3430,#3431);
#2901=AXIS2_PLACEMENT_3D('',#6607,#3434,#3435);
#2902=AXIS2_PLACEMENT_3D('',#6610,#3438,#3439);
#2903=AXIS2_PLACEMENT_3D('',#6611,#3440,#3441);
#2904=AXIS2_PLACEMENT_3D('',#6614,#3444,#3445);
#2905=AXIS2_PLACEMENT_3D('',#6617,#3448,#3449);
#2906=AXIS2_PLACEMENT_3D('',#6618,#3450,#3451);
#2907=AXIS2_PLACEMENT_3D('',#6623,#3455,#3456);
#2908=AXIS2_PLACEMENT_3D('',#6628,#3460,#3461);
#2909=AXIS2_PLACEMENT_3D('',#6630,#3463,#3464);
#2910=AXIS2_PLACEMENT_3D('',#6636,#3468,#3469);
#2911=AXIS2_PLACEMENT_3D('',#6642,#3473,#3474);
#2912=AXIS2_PLACEMENT_3D('',#6644,#3476,#3477);
#2913=AXIS2_PLACEMENT_3D('',#6645,#3478,#3479);
#2914=AXIS2_PLACEMENT_3D('',#6647,#3480,#3481);
#2915=AXIS2_PLACEMENT_3D('',#6654,#3485,#3486);
#2916=AXIS2_PLACEMENT_3D('',#6655,#3487,#3488);
#2917=AXIS2_PLACEMENT_3D('',#6656,#3489,#3490);
#2918=AXIS2_PLACEMENT_3D('',#6657,#3491,#3492);
#2919=AXIS2_PLACEMENT_3D('',#6658,#3493,#3494);
#2920=AXIS2_PLACEMENT_3D('',#6660,#3495,#3496);
#2921=AXIS2_PLACEMENT_3D('',#6661,#3497,#3498);
#2922=AXIS2_PLACEMENT_3D('',#6663,#3500,#3501);
#2923=AXIS2_PLACEMENT_3D('',#6664,#3502,#3503);
#2924=AXIS2_PLACEMENT_3D('',#6665,#3504,#3505);
#2925=AXIS2_PLACEMENT_3D('',#6666,#3506,#3507);
#2926=AXIS2_PLACEMENT_3D('',#6667,#3508,#3509);
#2927=AXIS2_PLACEMENT_3D('',#6668,#3510,#3511);
#2928=AXIS2_PLACEMENT_3D('',#6669,#3512,#3513);
#2929=AXIS2_PLACEMENT_3D('',#6670,#3514,#3515);
#2930=AXIS2_PLACEMENT_3D('',#6671,#3516,#3517);
#2931=AXIS2_PLACEMENT_3D('',#6674,#3520,#3521);
#2932=AXIS2_PLACEMENT_3D('',#6676,#3523,#3524);
#2933=AXIS2_PLACEMENT_3D('',#6677,#3525,#3526);
#2934=AXIS2_PLACEMENT_3D('',#6678,#3527,#3528);
#2935=AXIS2_PLACEMENT_3D('',#6680,#3529,#3530);
#2936=AXIS2_PLACEMENT_3D('',#6682,#3531,#3532);
#2937=AXIS2_PLACEMENT_3D('',#6683,#3533,#3534);
#2938=AXIS2_PLACEMENT_3D('',#6685,#3535,#3536);
#2939=AXIS2_PLACEMENT_3D('',#6725,#3537,#3538);
#2940=AXIS2_PLACEMENT_3D('',#6727,#3539,#3540);
#2941=AXIS2_PLACEMENT_3D('',#6728,#3541,#3542);
#2942=AXIS2_PLACEMENT_3D('',#6730,#3543,#3544);
#2943=AXIS2_PLACEMENT_3D('',#6731,#3545,#3546);
#2944=AXIS2_PLACEMENT_3D('',#6733,#3547,#3548);
#2945=AXIS2_PLACEMENT_3D('',#6888,#3549,#3550);
#2946=AXIS2_PLACEMENT_3D('',#6889,#3551,#3552);
#2947=AXIS2_PLACEMENT_3D('',#6890,#3553,#3554);
#2948=AXIS2_PLACEMENT_3D('',#7005,#3555,#3556);
#2949=AXIS2_PLACEMENT_3D('',#7006,#3557,#3558);
#2950=AXIS2_PLACEMENT_3D('',#7007,#3559,#3560);
#2951=AXIS2_PLACEMENT_3D('',#7008,#3561,#3562);
#2952=AXIS2_PLACEMENT_3D('',#7009,#3563,#3564);
#2953=AXIS2_PLACEMENT_3D('',#7010,#3565,#3566);
#2954=AXIS2_PLACEMENT_3D('',#7011,#3567,#3568);
#2955=AXIS2_PLACEMENT_3D('',#7013,#3569,#3570);
#2956=AXIS2_PLACEMENT_3D('',#7015,#3571,#3572);
#2957=AXIS2_PLACEMENT_3D('',#7016,#3573,#3574);
#2958=AXIS2_PLACEMENT_3D('',#7018,#3575,#3576);
#2959=AXIS2_PLACEMENT_3D('',#7020,#3577,#3578);
#2960=AXIS2_PLACEMENT_3D('',#7021,#3579,#3580);
#2961=AXIS2_PLACEMENT_3D('',#7023,#3581,#3582);
#2962=AXIS2_PLACEMENT_3D('',#7024,#3583,#3584);
#2963=AXIS2_PLACEMENT_3D('',#7026,#3585,#3586);
#2964=AXIS2_PLACEMENT_3D('',#7027,#3587,#3588);
#2965=AXIS2_PLACEMENT_3D('',#7029,#3589,#3590);
#2966=AXIS2_PLACEMENT_3D('',#7031,#3591,#3592);
#2967=AXIS2_PLACEMENT_3D('',#7032,#3593,#3594);
#2968=AXIS2_PLACEMENT_3D('',#7034,#3595,#3596);
#2969=AXIS2_PLACEMENT_3D('',#7035,#3597,#3598);
#2970=AXIS2_PLACEMENT_3D('',#7036,#3599,#3600);
#2971=AXIS2_PLACEMENT_3D('',#7038,#3601,#3602);
#2972=AXIS2_PLACEMENT_3D('',#7039,#3603,#3604);
#2973=AXIS2_PLACEMENT_3D('',#7070,#3605,#3606);
#2974=AXIS2_PLACEMENT_3D('',#7077,#3607,#3608);
#2975=AXIS2_PLACEMENT_3D('',#7112,#3609,#3610);
#2976=AXIS2_PLACEMENT_3D('',#7191,#3611,#3612);
#2977=AXIS2_PLACEMENT_3D('',#7246,#3613,#3614);
#2978=AXIS2_PLACEMENT_3D('',#7281,#3615,#3616);
#2979=AXIS2_PLACEMENT_3D('',#7290,#3617,#3618);
#2980=AXIS2_PLACEMENT_3D('',#7293,#3619,#3620);
#2981=AXIS2_PLACEMENT_3D('',#7326,#3623,#3624);
#2982=AXIS2_PLACEMENT_3D('',#7365,#3625,#3626);
#2983=AXIS2_PLACEMENT_3D('',#7444,#3627,#3628);
#2984=AXIS2_PLACEMENT_3D('',#7499,#3629,#3630);
#2985=AXIS2_PLACEMENT_3D('',#7534,#3631,#3632);
#2986=AXIS2_PLACEMENT_3D('',#7543,#3633,#3634);
#2987=AXIS2_PLACEMENT_3D('',#7546,#3637,#3638);
#2988=AXIS2_PLACEMENT_3D('',#7548,#3639,#3640);
#2989=AXIS2_PLACEMENT_3D('',#7549,#3641,#3642);
#2990=AXIS2_PLACEMENT_3D('',#7550,#3643,#3644);
#2991=AXIS2_PLACEMENT_3D('',#7551,#3645,#3646);
#2992=AXIS2_PLACEMENT_3D('',#7552,#3647,#3648);
#2993=AXIS2_PLACEMENT_3D('',#7553,#3649,#3650);
#2994=AXIS2_PLACEMENT_3D('',#7554,#3651,#3652);
#2995=AXIS2_PLACEMENT_3D('',#7556,#3653,#3654);
#2996=AXIS2_PLACEMENT_3D('',#7557,#3655,#3656);
#2997=AXIS2_PLACEMENT_3D('',#7558,#3657,#3658);
#2998=AXIS2_PLACEMENT_3D('',#7559,#3659,#3660);
#2999=AXIS2_PLACEMENT_3D('',#7560,#3661,#3662);
#3000=AXIS2_PLACEMENT_3D('',#7562,#3663,#3664);
#3001=AXIS2_PLACEMENT_3D('',#7563,#3665,#3666);
#3002=AXIS2_PLACEMENT_3D('',#7564,#3667,#3668);
#3003=AXIS2_PLACEMENT_3D('',#7565,#3669,#3670);
#3004=AXIS2_PLACEMENT_3D('',#7566,#3671,#3672);
#3005=AXIS2_PLACEMENT_3D('',#7568,#3673,#3674);
#3006=AXIS2_PLACEMENT_3D('',#7569,#3675,#3676);
#3007=AXIS2_PLACEMENT_3D('',#7571,#3677,#3678);
#3008=AXIS2_PLACEMENT_3D('',#7572,#3679,#3680);
#3009=AXIS2_PLACEMENT_3D('',#7574,#3681,#3682);
#3010=AXIS2_PLACEMENT_3D('',#7575,#3683,#3684);
#3011=AXIS2_PLACEMENT_3D('',#7577,#3685,#3686);
#3012=AXIS2_PLACEMENT_3D('',#7578,#3687,#3688);
#3013=AXIS2_PLACEMENT_3D('',#7580,#3689,#3690);
#3014=AXIS2_PLACEMENT_3D('',#7582,#3691,#3692);
#3015=AXIS2_PLACEMENT_3D('',#7583,#3693,#3694);
#3016=AXIS2_PLACEMENT_3D('',#7585,#3695,#3696);
#3017=AXIS2_PLACEMENT_3D('',#7586,#3697,#3698);
#3018=AXIS2_PLACEMENT_3D('',#7588,#3699,#3700);
#3019=AXIS2_PLACEMENT_3D('',#7589,#3701,#3702);
#3020=AXIS2_PLACEMENT_3D('',#7590,#3703,#3704);
#3021=AXIS2_PLACEMENT_3D('',#7591,#3705,#3706);
#3022=AXIS2_PLACEMENT_3D('',#7592,#3707,#3708);
#3023=AXIS2_PLACEMENT_3D('',#7594,#3709,#3710);
#3024=AXIS2_PLACEMENT_3D('',#7595,#3711,#3712);
#3025=AXIS2_PLACEMENT_3D('',#7597,#3713,#3714);
#3026=AXIS2_PLACEMENT_3D('',#7598,#3715,#3716);
#3027=AXIS2_PLACEMENT_3D('',#7599,#3717,#3718);
#3028=AXIS2_PLACEMENT_3D('',#7600,#3719,#3720);
#3029=AXIS2_PLACEMENT_3D('',#7601,#3721,#3722);
#3030=AXIS2_PLACEMENT_3D('',#7603,#3723,#3724);
#3031=AXIS2_PLACEMENT_3D('',#7604,#3725,#3726);
#3032=AXIS2_PLACEMENT_3D('',#7606,#3727,#3728);
#3033=AXIS2_PLACEMENT_3D('',#7608,#3729,#3730);
#3034=AXIS2_PLACEMENT_3D('',#7609,#3731,#3732);
#3035=AXIS2_PLACEMENT_3D('',#7611,#3733,#3734);
#3036=AXIS2_PLACEMENT_3D('',#7612,#3735,#3736);
#3037=AXIS2_PLACEMENT_3D('',#7613,#3737,#3738);
#3038=AXIS2_PLACEMENT_3D('',#7614,#3739,#3740);
#3039=AXIS2_PLACEMENT_3D('',#7616,#3741,#3742);
#3040=AXIS2_PLACEMENT_3D('',#7618,#3743,#3744);
#3041=AXIS2_PLACEMENT_3D('',#7619,#3745,#3746);
#3042=AXIS2_PLACEMENT_3D('',#7621,#3747,#3748);
#3043=AXIS2_PLACEMENT_3D('',#7622,#3749,#3750);
#3044=AXIS2_PLACEMENT_3D('',#7624,#3751,#3752);
#3045=AXIS2_PLACEMENT_3D('',#7625,#3753,#3754);
#3046=AXIS2_PLACEMENT_3D('',#7627,#3755,#3756);
#3047=AXIS2_PLACEMENT_3D('',#7628,#3757,#3758);
#3048=AXIS2_PLACEMENT_3D('',#7630,#3759,#3760);
#3049=AXIS2_PLACEMENT_3D('',#7631,#3761,#3762);
#3050=AXIS2_PLACEMENT_3D('',#7633,#3763,#3764);
#3051=AXIS2_PLACEMENT_3D('',#7634,#3765,#3766);
#3052=AXIS2_PLACEMENT_3D('',#7636,#3767,#3768);
#3053=AXIS2_PLACEMENT_3D('',#7637,#3769,#3770);
#3054=DIRECTION('axis',(0.,0.,1.));
#3055=DIRECTION('refdir',(1.,0.,0.));
#3056=DIRECTION('center_axis',(0.701216988734067,0.712947918652357,2.95420103406599E-16));
#3057=DIRECTION('ref_axis',(0.484192778178417,-0.476225812571042,-0.734007036070443));
#3058=DIRECTION('center_axis',(0.,0.,1.));
#3059=DIRECTION('ref_axis',(1.,7.30511651170218E-10,0.));
#3060=DIRECTION('center_axis',(-0.635217226478121,-0.645844020874771,-0.423538163434833));
#3061=DIRECTION('ref_axis',(0.712947918652365,-0.701216988734059,0.));
#3062=DIRECTION('center_axis',(0.701216988734066,0.712947918652358,-2.36336082725279E-16));
#3063=DIRECTION('ref_axis',(-0.484192778178418,0.476225812571041,-0.734007036070443));
#3064=DIRECTION('center_axis',(0.,0.,1.));
#3065=DIRECTION('ref_axis',(1.,7.3051309446015E-10,0.));
#3066=DIRECTION('center_axis',(-0.63521722647812,-0.645844020874763,0.423538163434846));
#3067=DIRECTION('ref_axis',(-0.712947918652361,0.701216988734063,0.));
#3068=DIRECTION('center_axis',(0.,0.,1.));
#3069=DIRECTION('ref_axis',(-0.0624822473171273,-0.998046075474575,0.));
#3070=DIRECTION('center_axis',(0.,0.,1.));
#3071=DIRECTION('ref_axis',(-1.,0.,0.));
#3072=DIRECTION('',(0.998046075474575,-0.0624822473171256,0.));
#3073=DIRECTION('center_axis',(0.0624822473171256,0.998046075474575,-2.17540971751503E-31));
#3074=DIRECTION('ref_axis',(-0.998046075474575,0.0624822473171256,0.));
#3075=DIRECTION('',(-0.998046075474575,0.0624822473171256,0.));
#3076=DIRECTION('center_axis',(-0.0624822473171256,-0.998046075474575,3.01790943470293E-31));
#3077=DIRECTION('ref_axis',(-0.998046075474575,0.0624822473171256,0.));
#3078=DIRECTION('center_axis',(0.,0.,-1.));
#3079=DIRECTION('ref_axis',(0.0624822473171273,0.998046075474575,0.));
#3080=DIRECTION('center_axis',(0.,0.,-1.));
#3081=DIRECTION('ref_axis',(-1.,0.,0.));
#3082=DIRECTION('',(0.998046075474575,-0.0624822473171273,0.));
#3083=DIRECTION('',(-1.11022302462516E-16,-1.,0.));
#3084=DIRECTION('',(1.,-3.33066907387547E-16,0.));
#3085=DIRECTION('center_axis',(0.,0.,-1.));
#3086=DIRECTION('ref_axis',(-1.,0.,0.));
#3087=DIRECTION('',(-0.809016994374947,0.587785252292473,0.));
#3088=DIRECTION('',(-0.587785252292473,-0.809016994374947,0.));
#3089=DIRECTION('',(0.809016994374947,-0.587785252292473,0.));
#3090=DIRECTION('center_axis',(0.,0.,-1.));
#3091=DIRECTION('ref_axis',(-1.,0.,0.));
#3092=DIRECTION('',(-0.309016994374947,0.951056516295154,0.));
#3093=DIRECTION('',(-0.951056516295154,-0.309016994374947,0.));
#3094=DIRECTION('',(0.309016994374947,-0.951056516295154,0.));
#3095=DIRECTION('center_axis',(0.,0.,-1.));
#3096=DIRECTION('ref_axis',(-1.,0.,0.));
#3097=DIRECTION('',(0.309016994374947,0.951056516295154,0.));
#3098=DIRECTION('',(-0.309016994374948,-0.951056516295154,0.));
#3099=DIRECTION('center_axis',(-0.0624822473171273,-0.998046075474575,0.));
#3100=DIRECTION('ref_axis',(0.998046075474575,-0.0624822473171273,0.));
#3101=DIRECTION('',(-0.998046075474575,0.0624822473171273,0.));
#3102=DIRECTION('center_axis',(0.0624822473171273,0.998046075474575,0.));
#3103=DIRECTION('ref_axis',(-0.998046075474575,0.0624822473171273,-2.94724832863672E-81));
#3104=DIRECTION('center_axis',(-0.0624822473171263,-0.998046075474575,3.01790943470293E-31));
#3105=DIRECTION('ref_axis',(-0.998046075474575,0.0624822473171263,-5.89449665727344E-81));
#3106=DIRECTION('center_axis',(-0.0624822473171263,-0.998046075474575,3.01790943470293E-31));
#3107=DIRECTION('ref_axis',(-0.998046075474575,0.0624822473171263,-5.89449665727344E-81));
#3108=DIRECTION('center_axis',(1.,-7.30204158307371E-15,0.));
#3109=DIRECTION('ref_axis',(-5.49532360539322E-15,-0.707106781186549,-0.707106781186546));
#3110=DIRECTION('',(1.,-7.30204158307371E-15,0.));
#3111=DIRECTION('',(-1.,7.30204158307371E-15,0.));
#3112=DIRECTION('center_axis',(7.30204158307371E-15,1.,0.));
#3113=DIRECTION('ref_axis',(-1.,7.28306304154103E-15,0.));
#3114=DIRECTION('',(0.,0.,-1.));
#3115=DIRECTION('',(1.,0.,0.));
#3116=DIRECTION('',(0.,0.,-1.));
#3117=DIRECTION('',(-1.,7.30204158307371E-15,0.));
#3118=DIRECTION('',(0.,0.,1.));
#3119=DIRECTION('center_axis',(0.742722808887188,-0.669599006240844,0.));
#3120=DIRECTION('ref_axis',(-0.473477997988675,-0.525184334706051,-0.707106781186546));
#3121=DIRECTION('',(0.742722808887188,-0.669599006240844,0.));
#3122=DIRECTION('',(-0.742722808887188,0.669599006240844,0.));
#3123=DIRECTION('center_axis',(0.669599006240844,0.742722808887188,0.));
#3124=DIRECTION('ref_axis',(-0.742722808887188,0.669599006240844,0.));
#3125=DIRECTION('',(0.,0.,-1.));
#3126=DIRECTION('',(-0.742722808887188,0.669599006240844,0.));
#3127=DIRECTION('',(0.,0.,1.));
#3128=DIRECTION('center_axis',(-0.742722808887188,0.669599006240844,0.));
#3129=DIRECTION('ref_axis',(0.473477997988675,0.525184334706051,0.707106781186546));
#3130=DIRECTION('',(0.742722808887188,-0.669599006240844,0.));
#3131=DIRECTION('center_axis',(0.,0.,1.));
#3132=DIRECTION('ref_axis',(1.,0.,0.));
#3133=DIRECTION('center_axis',(0.,0.,1.));
#3134=DIRECTION('ref_axis',(1.,0.,0.));
#3135=DIRECTION('',(0.,1.,0.));
#3136=DIRECTION('center_axis',(0.,0.,1.));
#3137=DIRECTION('ref_axis',(1.,0.,0.));
#3138=DIRECTION('center_axis',(0.,-1.,0.));
#3139=DIRECTION('ref_axis',(-0.707106781186549,0.,0.707106781186546));
#3140=DIRECTION('',(0.,-1.,0.));
#3141=DIRECTION('center_axis',(-1.,0.,0.));
#3142=DIRECTION('ref_axis',(0.,-1.,0.));
#3143=DIRECTION('',(0.,0.,1.));
#3144=DIRECTION('',(0.,1.,0.));
#3145=DIRECTION('',(0.,0.,1.));
#3146=DIRECTION('center_axis',(0.,1.,0.));
#3147=DIRECTION('ref_axis',(0.707106781186549,0.,-0.707106781186546));
#3148=DIRECTION('',(0.,-1.,0.));
#3149=DIRECTION('center_axis',(0.,0.,1.));
#3150=DIRECTION('ref_axis',(1.,0.,0.));
#3151=DIRECTION('center_axis',(0.,0.,1.));
#3152=DIRECTION('ref_axis',(1.,0.,0.));
#3153=DIRECTION('',(1.,-8.76244989968845E-15,0.));
#3154=DIRECTION('center_axis',(0.,0.,1.));
#3155=DIRECTION('ref_axis',(-1.,0.,0.));
#3156=DIRECTION('center_axis',(-1.,8.76244989968845E-15,0.));
#3157=DIRECTION('ref_axis',(6.28036983473511E-15,0.707106781186549,-0.707106781186546));
#3158=DIRECTION('',(-1.,8.76244989968845E-15,0.));
#3159=DIRECTION('center_axis',(-8.76244989968845E-15,-1.,0.));
#3160=DIRECTION('ref_axis',(1.,-8.79296635503124E-15,0.));
#3161=DIRECTION('',(0.,0.,-1.));
#3162=DIRECTION('',(-1.,0.,0.));
#3163=DIRECTION('',(0.,1.00929365875014E-16,-1.));
#3164=DIRECTION('',(1.,-8.76244989968845E-15,0.));
#3165=DIRECTION('',(0.,0.,1.));
#3166=DIRECTION('center_axis',(-0.742722808887189,0.669599006240842,0.));
#3167=DIRECTION('ref_axis',(0.473477997988674,0.525184334706053,-0.707106781186546));
#3168=DIRECTION('',(-0.742722808887189,0.669599006240842,0.));
#3169=DIRECTION('',(0.742722808887189,-0.669599006240842,0.));
#3170=DIRECTION('center_axis',(-0.669599006240842,-0.742722808887189,0.));
#3171=DIRECTION('ref_axis',(0.742722808887189,-0.669599006240842,0.));
#3172=DIRECTION('',(0.,0.,-1.));
#3173=DIRECTION('',(0.742722808887189,-0.669599006240842,0.));
#3174=DIRECTION('',(0.,0.,1.));
#3175=DIRECTION('center_axis',(0.742722808887189,-0.669599006240842,0.));
#3176=DIRECTION('ref_axis',(-0.473477997988674,-0.525184334706053,0.707106781186546));
#3177=DIRECTION('',(-0.742722808887189,0.669599006240842,0.));
#3178=DIRECTION('center_axis',(0.,0.,1.));
#3179=DIRECTION('ref_axis',(1.,0.,0.));
#3180=DIRECTION('center_axis',(0.,0.,1.));
#3181=DIRECTION('ref_axis',(1.,0.,0.));
#3182=DIRECTION('',(0.,-1.,0.));
#3183=DIRECTION('center_axis',(0.,0.,1.));
#3184=DIRECTION('ref_axis',(1.,0.,0.));
#3185=DIRECTION('center_axis',(0.,-1.,0.));
#3186=DIRECTION('ref_axis',(-0.707106781186549,0.,-0.707106781186546));
#3187=DIRECTION('',(0.,1.,0.));
#3188=DIRECTION('',(0.,-1.,0.));
#3189=DIRECTION('center_axis',(0.,0.,1.));
#3190=DIRECTION('ref_axis',(1.,0.,0.));
#3191=DIRECTION('center_axis',(0.,0.,1.));
#3192=DIRECTION('ref_axis',(1.,0.,0.));
#3193=DIRECTION('',(0.,0.,1.));
#3194=DIRECTION('center_axis',(0.,0.,1.));
#3195=DIRECTION('ref_axis',(1.,0.,0.));
#3196=DIRECTION('',(0.,0.,1.));
#3197=DIRECTION('',(0.,0.,-1.));
#3198=DIRECTION('center_axis',(0.,0.,1.));
#3199=DIRECTION('ref_axis',(1.,0.,0.));
#3200=DIRECTION('',(0.,0.,1.));
#3201=DIRECTION('',(0.,0.,-1.));
#3202=DIRECTION('center_axis',(0.,0.,1.));
#3203=DIRECTION('ref_axis',(1.,0.,0.));
#3204=DIRECTION('center_axis',(1.,0.,0.));
#3205=DIRECTION('ref_axis',(0.,1.,0.));
#3206=DIRECTION('',(0.,0.,1.));
#3207=DIRECTION('',(0.,1.,0.));
#3208=DIRECTION('center_axis',(0.,1.,0.));
#3209=DIRECTION('ref_axis',(0.707106781186549,0.,0.707106781186546));
#3210=DIRECTION('center_axis',(0.,0.,1.));
#3211=DIRECTION('ref_axis',(1.,0.,0.));
#3212=DIRECTION('center_axis',(0.,0.,1.));
#3213=DIRECTION('ref_axis',(1.,0.,0.));
#3214=DIRECTION('',(1.,0.,0.));
#3215=DIRECTION('center_axis',(0.,0.,1.));
#3216=DIRECTION('ref_axis',(1.,0.,0.));
#3217=DIRECTION('center_axis',(0.,0.,1.));
#3218=DIRECTION('ref_axis',(1.,0.,0.));
#3219=DIRECTION('',(-1.,0.,0.));
#3220=DIRECTION('center_axis',(0.,0.,1.));
#3221=DIRECTION('ref_axis',(-1.,0.,0.));
#3222=DIRECTION('center_axis',(0.,0.,1.));
#3223=DIRECTION('ref_axis',(-1.,0.,0.));
#3224=DIRECTION('center_axis',(0.,0.,-1.));
#3225=DIRECTION('ref_axis',(-1.,0.,0.));
#3226=DIRECTION('center_axis',(0.,-1.,0.));
#3227=DIRECTION('ref_axis',(0.,0.,-1.));
#3228=DIRECTION('',(0.,0.,-1.));
#3229=DIRECTION('',(1.,0.,0.));
#3230=DIRECTION('center_axis',(0.,0.,1.));
#3231=DIRECTION('ref_axis',(1.,0.,0.));
#3232=DIRECTION('center_axis',(0.,1.,1.00929365875014E-16));
#3233=DIRECTION('ref_axis',(0.,-8.88178419700125E-17,1.));
#3234=DIRECTION('',(0.,1.00929365875014E-16,-1.));
#3235=DIRECTION('',(1.,0.,0.));
#3236=DIRECTION('center_axis',(0.,0.,-1.));
#3237=DIRECTION('ref_axis',(-1.,0.,0.));
#3238=DIRECTION('center_axis',(0.,0.,1.));
#3239=DIRECTION('ref_axis',(-1.,0.,0.));
#3240=DIRECTION('center_axis',(0.,0.,1.));
#3241=DIRECTION('ref_axis',(1.,0.,0.));
#3242=DIRECTION('',(-0.809016994374947,0.587785252292473,0.));
#3243=DIRECTION('center_axis',(0.,0.,1.));
#3244=DIRECTION('ref_axis',(-1.,0.,0.));
#3245=DIRECTION('',(1.,-1.87479910207449E-16,0.));
#3246=DIRECTION('',(0.,-1.,0.));
#3247=DIRECTION('',(-1.,0.,0.));
#3248=DIRECTION('center_axis',(0.,0.,1.));
#3249=DIRECTION('ref_axis',(-1.,0.,0.));
#3250=DIRECTION('',(0.809016994374948,0.587785252292473,0.));
#3251=DIRECTION('',(0.587785252292473,-0.809016994374947,0.));
#3252=DIRECTION('',(-0.809016994374947,-0.587785252292473,0.));
#3253=DIRECTION('center_axis',(0.,0.,1.));
#3254=DIRECTION('ref_axis',(-1.,0.,0.));
#3255=DIRECTION('',(0.309016994374948,0.951056516295153,0.));
#3256=DIRECTION('',(0.951056516295154,-0.309016994374947,0.));
#3257=DIRECTION('',(-0.309016994374947,-0.951056516295154,0.));
#3258=DIRECTION('center_axis',(0.,0.,1.));
#3259=DIRECTION('ref_axis',(-1.,0.,0.));
#3260=DIRECTION('',(-0.309016994374947,0.951056516295154,0.));
#3261=DIRECTION('',(0.951056516295154,0.309016994374947,0.));
#3262=DIRECTION('',(0.309016994374947,-0.951056516295154,0.));
#3263=DIRECTION('center_axis',(0.,0.,1.));
#3264=DIRECTION('ref_axis',(-1.,0.,0.));
#3265=DIRECTION('',(-0.809016994374947,0.587785252292473,0.));
#3266=DIRECTION('',(0.587785252292473,0.809016994374947,0.));
#3267=DIRECTION('',(0.809016994374947,-0.587785252292473,0.));
#3268=DIRECTION('center_axis',(0.,0.,1.));
#3269=DIRECTION('ref_axis',(-1.,0.,0.));
#3270=DIRECTION('',(-1.,3.33066907387547E-16,0.));
#3271=DIRECTION('',(1.11022302462516E-16,1.,0.));
#3272=DIRECTION('',(1.,-1.11022302462516E-16,0.));
#3273=DIRECTION('center_axis',(0.,0.,1.));
#3274=DIRECTION('ref_axis',(-1.,0.,0.));
#3275=DIRECTION('',(-0.809016994374948,-0.587785252292473,0.));
#3276=DIRECTION('',(-0.587785252292473,0.809016994374947,0.));
#3277=DIRECTION('',(0.809016994374947,0.587785252292473,0.));
#3278=DIRECTION('center_axis',(0.,0.,1.));
#3279=DIRECTION('ref_axis',(-1.,0.,0.));
#3280=DIRECTION('',(-0.309016994374948,-0.951056516295153,0.));
#3281=DIRECTION('',(-0.951056516295153,0.309016994374948,0.));
#3282=DIRECTION('',(0.309016994374948,0.951056516295154,0.));
#3283=DIRECTION('center_axis',(0.,0.,1.));
#3284=DIRECTION('ref_axis',(-1.,0.,0.));
#3285=DIRECTION('',(0.309016994374947,-0.951056516295154,0.));
#3286=DIRECTION('',(-0.951056516295154,-0.309016994374947,0.));
#3287=DIRECTION('',(-0.309016994374947,0.951056516295154,0.));
#3288=DIRECTION('center_axis',(0.,0.,1.));
#3289=DIRECTION('ref_axis',(-1.,0.,0.));
#3290=DIRECTION('',(0.809016994374947,-0.587785252292473,0.));
#3291=DIRECTION('',(-0.587785252292473,-0.809016994374947,0.));
#3292=DIRECTION('center_axis',(0.,0.,1.));
#3293=DIRECTION('ref_axis',(-0.707106781186547,-0.707106781186548,0.));
#3294=DIRECTION('center_axis',(0.,0.,1.));
#3295=DIRECTION('ref_axis',(-1.,0.,0.));
#3296=DIRECTION('',(0.,0.,1.));
#3297=DIRECTION('center_axis',(0.,0.,-1.));
#3298=DIRECTION('ref_axis',(0.,-1.,0.));
#3299=DIRECTION('',(0.,0.,-1.));
#3300=DIRECTION('center_axis',(-1.,0.,0.));
#3301=DIRECTION('ref_axis',(0.,0.,1.));
#3302=DIRECTION('center_axis',(0.,0.,1.));
#3303=DIRECTION('ref_axis',(0.,1.,0.));
#3304=DIRECTION('center_axis',(1.,0.,0.));
#3305=DIRECTION('ref_axis',(0.,6.12323399573676E-17,1.));
#3306=DIRECTION('center_axis',(-1.,0.,0.));
#3307=DIRECTION('ref_axis',(0.,6.12323399573676E-17,1.));
#3308=DIRECTION('center_axis',(0.,1.00929365875014E-16,-1.));
#3309=DIRECTION('ref_axis',(-0.707106781186547,0.707106781186548,0.));
#3310=DIRECTION('center_axis',(0.,0.,1.));
#3311=DIRECTION('ref_axis',(0.,1.,0.));
#3312=DIRECTION('',(0.,-1.00929365875014E-16,1.));
#3313=DIRECTION('center_axis',(-1.,0.,0.));
#3314=DIRECTION('ref_axis',(0.,0.,1.));
#3315=DIRECTION('center_axis',(1.,0.,0.));
#3316=DIRECTION('ref_axis',(0.,-6.12323399573676E-17,-1.));
#3317=DIRECTION('center_axis',(-1.,0.,0.));
#3318=DIRECTION('ref_axis',(0.,-6.12323399573676E-17,-1.));
#3319=DIRECTION('center_axis',(1.,0.,0.));
#3320=DIRECTION('ref_axis',(0.,1.,0.));
#3321=DIRECTION('',(1.,0.,0.));
#3322=DIRECTION('center_axis',(0.,-1.,0.));
#3323=DIRECTION('ref_axis',(0.,0.,-1.));
#3324=DIRECTION('',(1.,0.,0.));
#3325=DIRECTION('center_axis',(1.,0.,0.));
#3326=DIRECTION('ref_axis',(0.,0.,-1.));
#3327=DIRECTION('center_axis',(0.,-1.00929365875014E-16,1.));
#3328=DIRECTION('ref_axis',(0.707106781186547,0.707106781186548,0.));
#3329=DIRECTION('center_axis',(0.,0.,1.));
#3330=DIRECTION('ref_axis',(1.,0.,0.));
#3331=DIRECTION('',(0.,-1.00929365875014E-16,1.));
#3332=DIRECTION('center_axis',(0.,0.,-1.));
#3333=DIRECTION('ref_axis',(0.,1.,0.));
#3334=DIRECTION('',(0.,1.00929365875014E-16,-1.));
#3335=DIRECTION('center_axis',(1.,0.,0.));
#3336=DIRECTION('ref_axis',(0.,0.,-1.));
#3337=DIRECTION('center_axis',(0.,0.,1.));
#3338=DIRECTION('ref_axis',(0.,-1.,0.));
#3339=DIRECTION('center_axis',(-1.,0.,0.));
#3340=DIRECTION('ref_axis',(0.,6.12323399573676E-17,1.));
#3341=DIRECTION('center_axis',(1.,0.,0.));
#3342=DIRECTION('ref_axis',(0.,6.12323399573676E-17,1.));
#3343=DIRECTION('center_axis',(0.,0.,-1.));
#3344=DIRECTION('ref_axis',(0.707106781186547,-0.707106781186548,0.));
#3345=DIRECTION('center_axis',(0.,0.,1.));
#3346=DIRECTION('ref_axis',(0.,-1.,0.));
#3347=DIRECTION('',(0.,0.,1.));
#3348=DIRECTION('center_axis',(1.,0.,0.));
#3349=DIRECTION('ref_axis',(0.,0.,-1.));
#3350=DIRECTION('center_axis',(-1.,0.,0.));
#3351=DIRECTION('ref_axis',(0.,-6.12323399573676E-17,-1.));
#3352=DIRECTION('center_axis',(1.,0.,0.));
#3353=DIRECTION('ref_axis',(0.,-6.12323399573676E-17,-1.));
#3354=DIRECTION('center_axis',(1.,0.,0.));
#3355=DIRECTION('ref_axis',(0.,1.,0.));
#3356=DIRECTION('',(1.,0.,0.));
#3357=DIRECTION('center_axis',(0.,1.,1.00929365875014E-16));
#3358=DIRECTION('ref_axis',(0.,-8.88178419700125E-17,1.));
#3359=DIRECTION('',(-1.,0.,0.));
#3360=DIRECTION('center_axis',(1.,0.,0.));
#3361=DIRECTION('ref_axis',(0.,0.,-1.));
#3362=DIRECTION('center_axis',(1.,0.,0.));
#3363=DIRECTION('ref_axis',(0.,-1.,0.));
#3364=DIRECTION('center_axis',(1.,0.,0.));
#3365=DIRECTION('ref_axis',(0.,-1.,0.));
#3366=DIRECTION('center_axis',(0.587785252292474,0.809016994374947,0.));
#3367=DIRECTION('ref_axis',(-0.809016994374947,0.587785252292474,0.));
#3368=DIRECTION('',(0.,0.,1.));
#3369=DIRECTION('',(-0.809016994374947,0.587785252292473,0.));
#3370=DIRECTION('',(0.,0.,1.));
#3371=DIRECTION('center_axis',(-0.587785252292473,-0.809016994374947,0.));
#3372=DIRECTION('ref_axis',(0.809016994374947,-0.587785252292473,0.));
#3373=DIRECTION('',(0.,0.,-1.));
#3374=DIRECTION('',(0.,0.,1.));
#3375=DIRECTION('',(0.809016994374947,-0.587785252292473,0.));
#3376=DIRECTION('center_axis',(0.809016994374947,-0.587785252292473,0.));
#3377=DIRECTION('ref_axis',(0.587785252292473,0.809016994374947,0.));
#3378=DIRECTION('',(0.587785252292473,0.809016994374947,0.));
#3379=DIRECTION('center_axis',(0.951056516295154,0.309016994374947,0.));
#3380=DIRECTION('ref_axis',(-0.309016994374947,0.951056516295154,0.));
#3381=DIRECTION('',(0.,0.,1.));
#3382=DIRECTION('',(-0.309016994374947,0.951056516295154,0.));
#3383=DIRECTION('',(0.,0.,1.));
#3384=DIRECTION('center_axis',(-0.951056516295154,-0.309016994374947,0.));
#3385=DIRECTION('ref_axis',(0.309016994374947,-0.951056516295154,0.));
#3386=DIRECTION('',(0.,0.,-1.));
#3387=DIRECTION('',(0.,0.,1.));
#3388=DIRECTION('',(0.309016994374947,-0.951056516295154,0.));
#3389=DIRECTION('center_axis',(0.309016994374947,-0.951056516295154,0.));
#3390=DIRECTION('ref_axis',(0.951056516295154,0.309016994374948,0.));
#3391=DIRECTION('',(0.951056516295154,0.309016994374947,0.));
#3392=DIRECTION('center_axis',(0.951056516295154,-0.309016994374948,0.));
#3393=DIRECTION('ref_axis',(0.309016994374948,0.951056516295154,0.));
#3394=DIRECTION('',(0.,0.,1.));
#3395=DIRECTION('',(0.309016994374948,0.951056516295153,0.));
#3396=DIRECTION('',(0.,0.,1.));
#3397=DIRECTION('center_axis',(-0.951056516295154,0.309016994374948,0.));
#3398=DIRECTION('ref_axis',(-0.309016994374948,-0.951056516295154,0.));
#3399=DIRECTION('',(0.,0.,-1.));
#3400=DIRECTION('',(0.,0.,1.));
#3401=DIRECTION('',(-0.309016994374948,-0.951056516295154,0.));
#3402=DIRECTION('center_axis',(-0.309016994374948,-0.951056516295154,0.));
#3403=DIRECTION('ref_axis',(0.951056516295154,-0.309016994374948,0.));
#3404=DIRECTION('',(0.951056516295153,-0.309016994374948,0.));
#3405=DIRECTION('center_axis',(0.587785252292473,-0.809016994374948,0.));
#3406=DIRECTION('ref_axis',(0.809016994374948,0.587785252292473,0.));
#3407=DIRECTION('',(0.,0.,1.));
#3408=DIRECTION('',(0.809016994374948,0.587785252292473,0.));
#3409=DIRECTION('',(0.,0.,1.));
#3410=DIRECTION('center_axis',(-0.587785252292473,0.809016994374947,0.));
#3411=DIRECTION('ref_axis',(-0.809016994374948,-0.587785252292473,0.));
#3412=DIRECTION('',(0.,0.,-1.));
#3413=DIRECTION('',(0.,0.,1.));
#3414=DIRECTION('',(-0.809016994374947,-0.587785252292473,0.));
#3415=DIRECTION('center_axis',(-0.809016994374947,-0.587785252292473,0.));
#3416=DIRECTION('ref_axis',(0.587785252292473,-0.809016994374947,0.));
#3417=DIRECTION('',(0.587785252292473,-0.809016994374947,0.));
#3418=DIRECTION('center_axis',(-3.33066907387547E-16,-1.,0.));
#3419=DIRECTION('ref_axis',(1.,-3.5527136788005E-16,0.));
#3420=DIRECTION('',(0.,0.,1.));
#3421=DIRECTION('',(0.,0.,1.));
#3422=DIRECTION('center_axis',(1.11022302462516E-16,1.,0.));
#3423=DIRECTION('ref_axis',(-1.,8.88178419700125E-17,0.));
#3424=DIRECTION('',(0.,0.,-1.));
#3425=DIRECTION('',(0.,0.,1.));
#3426=DIRECTION('',(-1.,1.11022302462516E-16,0.));
#3427=DIRECTION('center_axis',(-1.,1.11022302462516E-16,0.));
#3428=DIRECTION('ref_axis',(0.,-1.,0.));
#3429=DIRECTION('',(-1.11022302462516E-16,-1.,0.));
#3430=DIRECTION('center_axis',(-0.587785252292473,-0.809016994374947,0.));
#3431=DIRECTION('ref_axis',(0.809016994374947,-0.587785252292473,0.));
#3432=DIRECTION('',(0.,0.,1.));
#3433=DIRECTION('',(0.,0.,1.));
#3434=DIRECTION('center_axis',(0.587785252292473,0.809016994374947,0.));
#3435=DIRECTION('ref_axis',(-0.809016994374947,0.587785252292473,0.));
#3436=DIRECTION('',(0.,0.,-1.));
#3437=DIRECTION('',(0.,0.,1.));
#3438=DIRECTION('center_axis',(-0.809016994374947,0.587785252292473,0.));
#3439=DIRECTION('ref_axis',(-0.587785252292473,-0.809016994374947,0.));
#3440=DIRECTION('center_axis',(-0.951056516295154,-0.309016994374947,0.));
#3441=DIRECTION('ref_axis',(0.309016994374947,-0.951056516295154,0.));
#3442=DIRECTION('',(0.,0.,1.));
#3443=DIRECTION('',(0.,0.,1.));
#3444=DIRECTION('center_axis',(0.951056516295154,0.309016994374947,0.));
#3445=DIRECTION('ref_axis',(-0.309016994374947,0.951056516295154,0.));
#3446=DIRECTION('',(0.,0.,-1.));
#3447=DIRECTION('',(0.,0.,1.));
#3448=DIRECTION('center_axis',(-0.309016994374947,0.951056516295154,0.));
#3449=DIRECTION('ref_axis',(-0.951056516295154,-0.309016994374948,0.));
#3450=DIRECTION('center_axis',(-0.951056516295154,0.309016994374948,0.));
#3451=DIRECTION('ref_axis',(-0.309016994374948,-0.951056516295154,0.));
#3452=DIRECTION('',(0.,0.,1.));
#3453=DIRECTION('',(-0.309016994374948,-0.951056516295154,0.));
#3454=DIRECTION('',(0.,0.,1.));
#3455=DIRECTION('center_axis',(0.951056516295154,-0.309016994374947,0.));
#3456=DIRECTION('ref_axis',(0.309016994374947,0.951056516295154,0.));
#3457=DIRECTION('',(0.,0.,-1.));
#3458=DIRECTION('',(0.,0.,1.));
#3459=DIRECTION('',(0.309016994374947,0.951056516295154,0.));
#3460=DIRECTION('center_axis',(0.309016994374947,0.951056516295154,0.));
#3461=DIRECTION('ref_axis',(-0.951056516295154,0.309016994374947,0.));
#3462=DIRECTION('',(-0.951056516295154,0.309016994374947,0.));
#3463=DIRECTION('center_axis',(-0.587785252292473,0.809016994374948,0.));
#3464=DIRECTION('ref_axis',(-0.809016994374948,-0.587785252292473,0.));
#3465=DIRECTION('',(0.,0.,1.));
#3466=DIRECTION('',(-0.809016994374948,-0.587785252292473,0.));
#3467=DIRECTION('',(0.,0.,1.));
#3468=DIRECTION('center_axis',(0.587785252292473,-0.809016994374947,0.));
#3469=DIRECTION('ref_axis',(0.809016994374947,0.587785252292473,0.));
#3470=DIRECTION('',(0.,0.,-1.));
#3471=DIRECTION('',(0.,0.,1.));
#3472=DIRECTION('',(0.809016994374947,0.587785252292473,0.));
#3473=DIRECTION('center_axis',(0.809016994374947,0.587785252292473,0.));
#3474=DIRECTION('ref_axis',(-0.587785252292473,0.809016994374947,0.));
#3475=DIRECTION('',(-0.587785252292473,0.809016994374947,0.));
#3476=DIRECTION('center_axis',(0.,0.,1.));
#3477=DIRECTION('ref_axis',(1.,0.,0.));
#3478=DIRECTION('center_axis',(0.,0.,-1.));
#3479=DIRECTION('ref_axis',(-1.,0.,0.));
#3480=DIRECTION('center_axis',(0.,0.,-1.));
#3481=DIRECTION('ref_axis',(-1.,0.,0.));
#3482=DIRECTION('',(1.,0.,0.));
#3483=DIRECTION('',(0.,1.,0.));
#3484=DIRECTION('',(-1.,1.87479910207449E-16,0.));
#3485=DIRECTION('center_axis',(0.,0.,-1.));
#3486=DIRECTION('ref_axis',(-1.,0.,0.));
#3487=DIRECTION('center_axis',(0.,0.,-1.));
#3488=DIRECTION('ref_axis',(-1.,0.,0.));
#3489=DIRECTION('center_axis',(0.,0.,-1.));
#3490=DIRECTION('ref_axis',(-1.,0.,0.));
#3491=DIRECTION('center_axis',(0.,0.,-1.));
#3492=DIRECTION('ref_axis',(-1.,0.,0.));
#3493=DIRECTION('center_axis',(0.,0.,-1.));
#3494=DIRECTION('ref_axis',(-1.,0.,0.));
#3495=DIRECTION('center_axis',(0.,0.,-1.));
#3496=DIRECTION('ref_axis',(1.,0.,0.));
#3497=DIRECTION('center_axis',(0.,0.,1.));
#3498=DIRECTION('ref_axis',(-1.,0.,0.));
#3499=DIRECTION('',(0.,0.,-1.));
#3500=DIRECTION('center_axis',(0.,0.,1.));
#3501=DIRECTION('ref_axis',(-1.,0.,0.));
#3502=DIRECTION('center_axis',(0.,0.,1.));
#3503=DIRECTION('ref_axis',(-1.,0.,0.));
#3504=DIRECTION('center_axis',(0.,0.,1.));
#3505=DIRECTION('ref_axis',(-1.,0.,0.));
#3506=DIRECTION('center_axis',(0.,0.,1.));
#3507=DIRECTION('ref_axis',(-1.,0.,0.));
#3508=DIRECTION('center_axis',(0.,0.,1.));
#3509=DIRECTION('ref_axis',(-1.,0.,0.));
#3510=DIRECTION('center_axis',(0.,0.,1.));
#3511=DIRECTION('ref_axis',(-1.,0.,0.));
#3512=DIRECTION('center_axis',(0.,0.,1.));
#3513=DIRECTION('ref_axis',(-1.,0.,0.));
#3514=DIRECTION('center_axis',(0.,0.,1.));
#3515=DIRECTION('ref_axis',(-1.,0.,0.));
#3516=DIRECTION('center_axis',(1.87479910207449E-16,1.,0.));
#3517=DIRECTION('ref_axis',(-1.,1.77635683940025E-16,0.));
#3518=DIRECTION('',(0.,0.,1.));
#3519=DIRECTION('',(0.,0.,1.));
#3520=DIRECTION('center_axis',(0.,-1.,0.));
#3521=DIRECTION('ref_axis',(1.,0.,0.));
#3522=DIRECTION('',(0.,0.,1.));
#3523=DIRECTION('center_axis',(1.,0.,0.));
#3524=DIRECTION('ref_axis',(0.,1.,0.));
#3525=DIRECTION('center_axis',(0.,0.,1.));
#3526=DIRECTION('ref_axis',(-1.,0.,0.));
#3527=DIRECTION('center_axis',(1.,0.,0.));
#3528=DIRECTION('ref_axis',(0.,0.,-1.));
#3529=DIRECTION('center_axis',(1.,0.,0.));
#3530=DIRECTION('ref_axis',(0.,-1.,0.));
#3531=DIRECTION('center_axis',(-1.,0.,0.));
#3532=DIRECTION('ref_axis',(0.,-1.,0.));
#3533=DIRECTION('center_axis',(1.,0.,0.));
#3534=DIRECTION('ref_axis',(0.,-1.,0.));
#3535=DIRECTION('center_axis',(-1.,0.,0.));
#3536=DIRECTION('ref_axis',(0.,-1.,0.));
#3537=DIRECTION('center_axis',(1.,0.,0.));
#3538=DIRECTION('ref_axis',(0.,0.,-1.));
#3539=DIRECTION('center_axis',(-1.,0.,0.));
#3540=DIRECTION('ref_axis',(0.,-1.,0.));
#3541=DIRECTION('center_axis',(-1.,0.,0.));
#3542=DIRECTION('ref_axis',(0.,0.,1.));
#3543=DIRECTION('center_axis',(1.,0.,0.));
#3544=DIRECTION('ref_axis',(0.,-1.,0.));
#3545=DIRECTION('center_axis',(1.,0.,0.));
#3546=DIRECTION('ref_axis',(0.,0.,-1.));
#3547=DIRECTION('center_axis',(1.,0.,0.));
#3548=DIRECTION('ref_axis',(0.,-1.,0.));
#3549=DIRECTION('center_axis',(0.,0.,1.));
#3550=DIRECTION('ref_axis',(1.,0.,0.));
#3551=DIRECTION('center_axis',(0.,0.,1.));
#3552=DIRECTION('ref_axis',(-2.22044604925031E-16,-1.,0.));
#3553=DIRECTION('center_axis',(0.,0.,-1.));
#3554=DIRECTION('ref_axis',(-1.83697019872103E-16,-1.,0.));
#3555=DIRECTION('center_axis',(0.,0.,1.));
#3556=DIRECTION('ref_axis',(1.,0.,0.));
#3557=DIRECTION('center_axis',(0.,0.,-1.));
#3558=DIRECTION('ref_axis',(6.12323399573677E-17,1.,0.));
#3559=DIRECTION('center_axis',(0.,0.,1.));
#3560=DIRECTION('ref_axis',(1.11022302462516E-16,1.,0.));
#3561=DIRECTION('center_axis',(0.,0.,-1.));
#3562=DIRECTION('ref_axis',(1.,0.,0.));
#3563=DIRECTION('center_axis',(0.,0.,1.));
#3564=DIRECTION('ref_axis',(-1.,0.,0.));
#3565=DIRECTION('center_axis',(0.,0.,1.));
#3566=DIRECTION('ref_axis',(1.,0.,0.));
#3567=DIRECTION('center_axis',(-1.,0.,0.));
#3568=DIRECTION('ref_axis',(0.,0.,1.));
#3569=DIRECTION('center_axis',(-1.,0.,0.));
#3570=DIRECTION('ref_axis',(0.,0.,1.));
#3571=DIRECTION('center_axis',(1.,0.,0.));
#3572=DIRECTION('ref_axis',(0.,0.,1.));
#3573=DIRECTION('center_axis',(0.,0.,1.));
#3574=DIRECTION('ref_axis',(1.,0.,0.));
#3575=DIRECTION('center_axis',(0.,0.,1.));
#3576=DIRECTION('ref_axis',(-1.,1.22464679914735E-16,0.));
#3577=DIRECTION('center_axis',(0.,0.,-1.));
#3578=DIRECTION('ref_axis',(-1.,1.22464679914735E-16,0.));
#3579=DIRECTION('center_axis',(0.,0.,-1.));
#3580=DIRECTION('ref_axis',(-1.,0.,0.));
#3581=DIRECTION('center_axis',(0.,0.,1.));
#3582=DIRECTION('ref_axis',(1.,0.,0.));
#3583=DIRECTION('center_axis',(0.,0.,1.));
#3584=DIRECTION('ref_axis',(1.,0.,0.));
#3585=DIRECTION('center_axis',(0.,0.,1.));
#3586=DIRECTION('ref_axis',(1.,0.,0.));
#3587=DIRECTION('center_axis',(0.,0.,1.));
#3588=DIRECTION('ref_axis',(1.,0.,0.));
#3589=DIRECTION('center_axis',(0.,0.,1.));
#3590=DIRECTION('ref_axis',(1.,0.,0.));
#3591=DIRECTION('center_axis',(0.,0.,-1.));
#3592=DIRECTION('ref_axis',(1.,0.,0.));
#3593=DIRECTION('center_axis',(0.,0.,-1.));
#3594=DIRECTION('ref_axis',(-1.,0.,0.));
#3595=DIRECTION('center_axis',(0.,0.,1.));
#3596=DIRECTION('ref_axis',(1.,0.,0.));
#3597=DIRECTION('center_axis',(0.,0.,1.));
#3598=DIRECTION('ref_axis',(1.,0.,0.));
#3599=DIRECTION('center_axis',(0.,0.,-1.));
#3600=DIRECTION('ref_axis',(-1.,0.,0.));
#3601=DIRECTION('center_axis',(0.,0.,1.));
#3602=DIRECTION('ref_axis',(1.,0.,0.));
#3603=DIRECTION('center_axis',(0.,0.,1.));
#3604=DIRECTION('ref_axis',(1.,0.,0.));
#3605=DIRECTION('center_axis',(0.890887678359857,0.352178197464249,0.28686174680047));
#3606=DIRECTION('ref_axis',(0.,0.631542925317018,-0.775340914360917));
#3607=DIRECTION('center_axis',(-1.,4.08433408038794E-16,-4.53452173630791E-31));
#3608=DIRECTION('ref_axis',(0.,1.11022302462516E-15,1.));
#3609=DIRECTION('center_axis',(0.760833154027385,0.562368070061388,0.323844199435734));
#3610=DIRECTION('ref_axis',(6.1881610946557E-11,0.499029857795001,-0.866584791598088));
#3611=DIRECTION('center_axis',(-0.760833154010366,0.56236807009633,-0.32384419941504));
#3612=DIRECTION('ref_axis',(2.34912089780437E-11,-0.499029857786773,-0.866584791602826));
#3613=DIRECTION('center_axis',(-0.890887678359726,0.352178197464489,-0.28686174680058));
#3614=DIRECTION('ref_axis',(0.,-0.631542925316905,-0.775340914361009));
#3615=DIRECTION('center_axis',(-1.,2.99634195356095E-16,-2.77555756156289E-16));
#3616=DIRECTION('ref_axis',(0.,-0.679561834789788,-0.733618233618234));
#3617=DIRECTION('center_axis',(-1.,0.,0.));
#3618=DIRECTION('ref_axis',(0.,-0.931025841107064,0.364953261652617));
#3619=DIRECTION('center_axis',(-1.,0.,0.));
#3620=DIRECTION('ref_axis',(0.,-0.679561834789788,-0.733618233618233));
#3621=DIRECTION('',(1.,0.,0.));
#3622=DIRECTION('',(-1.,0.,0.));
#3623=DIRECTION('center_axis',(-0.890887678359857,-0.352178197464248,0.286861746800469));
#3624=DIRECTION('ref_axis',(0.,-0.631542925317018,-0.775340914360917));
#3625=DIRECTION('center_axis',(-0.760833154027386,-0.562368070061387,0.323844199435733));
#3626=DIRECTION('ref_axis',(-6.1881610946557E-11,-0.499029857795,-0.866584791598088));
#3627=DIRECTION('center_axis',(0.760833154010365,-0.562368070096331,-0.323844199415041));
#3628=DIRECTION('ref_axis',(-2.34900987550191E-11,0.499029857786774,-0.866584791602825));
#3629=DIRECTION('center_axis',(0.890887678359726,-0.352178197464489,-0.28686174680058));
#3630=DIRECTION('ref_axis',(-5.55111512312579E-16,0.631542925316905,-0.775340914361009));
#3631=DIRECTION('center_axis',(1.,1.79780517213658E-15,1.66533453693774E-15));
#3632=DIRECTION('ref_axis',(0.,0.679561834789788,-0.733618233618234));
#3633=DIRECTION('center_axis',(1.,0.,0.));
#3634=DIRECTION('ref_axis',(0.,0.931025841107064,0.364953261652617));
#3635=DIRECTION('',(-1.,0.,0.));
#3636=DIRECTION('',(1.,0.,0.));
#3637=DIRECTION('center_axis',(0.,0.,1.));
#3638=DIRECTION('ref_axis',(-1.,0.,0.));
#3639=DIRECTION('center_axis',(0.,0.,1.));
#3640=DIRECTION('ref_axis',(-1.,6.12323399573677E-17,0.));
#3641=DIRECTION('center_axis',(0.,0.,-1.));
#3642=DIRECTION('ref_axis',(1.11022302462516E-16,-1.,0.));
#3643=DIRECTION('center_axis',(0.,0.,-1.));
#3644=DIRECTION('ref_axis',(1.11022302462516E-16,1.,0.));
#3645=DIRECTION('center_axis',(0.,0.,1.));
#3646=DIRECTION('ref_axis',(1.,0.,0.));
#3647=DIRECTION('center_axis',(0.,0.,1.));
#3648=DIRECTION('ref_axis',(1.60812264967664E-16,-1.,0.));
#3649=DIRECTION('center_axis',(0.,0.,1.));
#3650=DIRECTION('ref_axis',(1.,0.,0.));
#3651=DIRECTION('center_axis',(-1.,0.,0.));
#3652=DIRECTION('ref_axis',(0.,0.,1.));
#3653=DIRECTION('center_axis',(1.,0.,0.));
#3654=DIRECTION('ref_axis',(0.,-1.,0.));
#3655=DIRECTION('center_axis',(-1.,0.,0.));
#3656=DIRECTION('ref_axis',(0.,-1.,0.));
#3657=DIRECTION('center_axis',(1.,0.,0.));
#3658=DIRECTION('ref_axis',(0.,-1.,0.));
#3659=DIRECTION('center_axis',(1.,0.,0.));
#3660=DIRECTION('ref_axis',(0.,-1.,0.));
#3661=DIRECTION('center_axis',(1.,0.,0.));
#3662=DIRECTION('ref_axis',(0.,0.,-1.));
#3663=DIRECTION('center_axis',(-1.,0.,0.));
#3664=DIRECTION('ref_axis',(0.,-1.,0.));
#3665=DIRECTION('center_axis',(0.,0.,1.));
#3666=DIRECTION('ref_axis',(1.,0.,0.));
#3667=DIRECTION('center_axis',(0.,0.,1.));
#3668=DIRECTION('ref_axis',(1.60812264967664E-16,1.,0.));
#3669=DIRECTION('center_axis',(0.,0.,1.));
#3670=DIRECTION('ref_axis',(1.,0.,0.));
#3671=DIRECTION('center_axis',(0.,0.,-1.));
#3672=DIRECTION('ref_axis',(-1.,0.,0.));
#3673=DIRECTION('center_axis',(0.,0.,-1.));
#3674=DIRECTION('ref_axis',(-1.,0.,0.));
#3675=DIRECTION('center_axis',(0.,0.,-1.));
#3676=DIRECTION('ref_axis',(-1.,0.,0.));
#3677=DIRECTION('center_axis',(0.,0.,-1.));
#3678=DIRECTION('ref_axis',(-1.,0.,0.));
#3679=DIRECTION('center_axis',(1.,0.,0.));
#3680=DIRECTION('ref_axis',(0.,0.,-1.));
#3681=DIRECTION('center_axis',(1.,0.,0.));
#3682=DIRECTION('ref_axis',(0.,-1.,0.));
#3683=DIRECTION('center_axis',(1.,0.,0.));
#3684=DIRECTION('ref_axis',(0.,0.,-1.));
#3685=DIRECTION('center_axis',(-1.,0.,0.));
#3686=DIRECTION('ref_axis',(0.,-1.,0.));
#3687=DIRECTION('center_axis',(-1.,0.,0.));
#3688=DIRECTION('ref_axis',(0.,0.,1.));
#3689=DIRECTION('center_axis',(-1.,0.,0.));
#3690=DIRECTION('ref_axis',(0.,0.,1.));
#3691=DIRECTION('center_axis',(1.,0.,0.));
#3692=DIRECTION('ref_axis',(0.,0.,1.));
#3693=DIRECTION('center_axis',(1.,0.,0.));
#3694=DIRECTION('ref_axis',(0.,-1.,0.));
#3695=DIRECTION('center_axis',(1.,0.,0.));
#3696=DIRECTION('ref_axis',(0.,-1.,0.));
#3697=DIRECTION('center_axis',(1.,0.,0.));
#3698=DIRECTION('ref_axis',(0.,-1.,0.));
#3699=DIRECTION('center_axis',(-1.,0.,0.));
#3700=DIRECTION('ref_axis',(0.,-1.,0.));
#3701=DIRECTION('center_axis',(1.,0.,0.));
#3702=DIRECTION('ref_axis',(0.,0.,-1.));
#3703=DIRECTION('center_axis',(1.,0.,0.));
#3704=DIRECTION('ref_axis',(0.,0.,-1.));
#3705=DIRECTION('center_axis',(0.,0.,1.));
#3706=DIRECTION('ref_axis',(1.,0.,0.));
#3707=DIRECTION('center_axis',(1.,0.,0.));
#3708=DIRECTION('ref_axis',(0.,-1.,0.));
#3709=DIRECTION('center_axis',(1.,0.,0.));
#3710=DIRECTION('ref_axis',(0.,-1.,0.));
#3711=DIRECTION('center_axis',(1.,0.,0.));
#3712=DIRECTION('ref_axis',(0.,-1.,0.));
#3713=DIRECTION('center_axis',(-1.,0.,0.));
#3714=DIRECTION('ref_axis',(0.,-1.,0.));
#3715=DIRECTION('center_axis',(1.,0.,0.));
#3716=DIRECTION('ref_axis',(0.,0.,-1.));
#3717=DIRECTION('center_axis',(1.,0.,0.));
#3718=DIRECTION('ref_axis',(0.,0.,-1.));
#3719=DIRECTION('center_axis',(0.,0.,1.));
#3720=DIRECTION('ref_axis',(1.,0.,0.));
#3721=DIRECTION('center_axis',(0.,0.,1.));
#3722=DIRECTION('ref_axis',(-1.,0.,0.));
#3723=DIRECTION('center_axis',(0.,0.,-1.));
#3724=DIRECTION('ref_axis',(-1.,0.,0.));
#3725=DIRECTION('center_axis',(0.,0.,-1.));
#3726=DIRECTION('ref_axis',(-1.,0.,0.));
#3727=DIRECTION('center_axis',(0.,0.,-1.));
#3728=DIRECTION('ref_axis',(-1.,0.,0.));
#3729=DIRECTION('center_axis',(0.,0.,1.));
#3730=DIRECTION('ref_axis',(-1.,0.,0.));
#3731=DIRECTION('center_axis',(0.,0.,1.));
#3732=DIRECTION('ref_axis',(1.,0.,0.));
#3733=DIRECTION('center_axis',(0.,0.,-1.));
#3734=DIRECTION('ref_axis',(1.,-1.22464679914735E-16,0.));
#3735=DIRECTION('center_axis',(0.,0.,1.));
#3736=DIRECTION('ref_axis',(-1.,0.,0.));
#3737=DIRECTION('center_axis',(0.,0.,1.));
#3738=DIRECTION('ref_axis',(1.,0.,0.));
#3739=DIRECTION('center_axis',(0.,0.,1.));
#3740=DIRECTION('ref_axis',(1.,0.,0.));
#3741=DIRECTION('center_axis',(0.,0.,1.));
#3742=DIRECTION('ref_axis',(-1.,1.72069901678444E-32,0.));
#3743=DIRECTION('center_axis',(0.,0.,-1.));
#3744=DIRECTION('ref_axis',(-1.,1.22464679914735E-16,0.));
#3745=DIRECTION('center_axis',(0.,0.,-1.));
#3746=DIRECTION('ref_axis',(1.,0.,0.));
#3747=DIRECTION('center_axis',(0.,0.,-1.));
#3748=DIRECTION('ref_axis',(-1.,0.,0.));
#3749=DIRECTION('center_axis',(0.,0.,1.));
#3750=DIRECTION('ref_axis',(1.,0.,0.));
#3751=DIRECTION('center_axis',(0.,0.,1.));
#3752=DIRECTION('ref_axis',(1.,0.,0.));
#3753=DIRECTION('center_axis',(0.,0.,1.));
#3754=DIRECTION('ref_axis',(1.,0.,0.));
#3755=DIRECTION('center_axis',(0.,0.,1.));
#3756=DIRECTION('ref_axis',(-1.,1.22464679914735E-16,0.));
#3757=DIRECTION('center_axis',(0.,0.,1.));
#3758=DIRECTION('ref_axis',(1.,0.,0.));
#3759=DIRECTION('center_axis',(0.,0.,-1.));
#3760=DIRECTION('ref_axis',(-1.,1.22464679914735E-16,0.));
#3761=DIRECTION('center_axis',(0.,0.,1.));
#3762=DIRECTION('ref_axis',(1.,0.,0.));
#3763=DIRECTION('center_axis',(0.,0.,1.));
#3764=DIRECTION('ref_axis',(-1.,1.22464679914735E-16,0.));
#3765=DIRECTION('center_axis',(0.,0.,-1.));
#3766=DIRECTION('ref_axis',(-1.,0.,0.));
#3767=DIRECTION('center_axis',(0.,0.,1.));
#3768=DIRECTION('ref_axis',(1.,0.,0.));
#3769=DIRECTION('center_axis',(0.,0.,1.));
#3770=DIRECTION('ref_axis',(1.,0.,0.));
#3771=CARTESIAN_POINT('',(0.,0.,0.));
#3772=CARTESIAN_POINT('Ctrl Pts',(-11.5743761203188,-8.33087168694568E-9,
274.512340647497));
#3773=CARTESIAN_POINT('Ctrl Pts',(-11.5834719359582,0.605595878482247,274.49010463327));
#3774=CARTESIAN_POINT('Ctrl Pts',(-11.5131265561123,1.80693833908686,274.485163277187));
#3775=CARTESIAN_POINT('Ctrl Pts',(-11.0872647632769,3.85986646680408,274.54406275602));
#3776=CARTESIAN_POINT('Ctrl Pts',(-10.0063607762343,6.54403248572081,274.636721183596));
#3777=CARTESIAN_POINT('Ctrl Pts',(-9.0182572555665,7.78342077436991,274.659684042854));
#3778=CARTESIAN_POINT('Ctrl Pts',(-8.478688872434,8.33917951647776,274.648192518153));
#3779=CARTESIAN_POINT('Ctrl Pts',(-11.5698282129381,0.302797935096407,274.523458654521));
#3780=CARTESIAN_POINT('Ctrl Pts',(-11.5634166105663,0.89157171395272,274.508569241968));
#3781=CARTESIAN_POINT('Ctrl Pts',(-11.4665311345729,2.06188198279379,274.514367485439));
#3782=CARTESIAN_POINT('Ctrl Pts',(-11.0059727063252,4.06966136890619,274.580689986106));
#3783=CARTESIAN_POINT('Ctrl Pts',(-9.91787677581166,6.64958161371153,274.673684279229));
#3784=CARTESIAN_POINT('Ctrl Pts',(-8.97387179766725,7.8085616993444,274.692283562273));
#3785=CARTESIAN_POINT('Ctrl Pts',(-8.46888218088432,8.32953418539816,274.679659267198));
#3786=CARTESIAN_POINT('Ctrl Pts',(-11.5385876543484,0.911429710765084,274.555741695809));
#3787=CARTESIAN_POINT('Ctrl Pts',(-11.503968448065,1.4678668960641,274.555226466972));
#3788=CARTESIAN_POINT('Ctrl Pts',(-11.3580924183279,2.5778710170493,274.581554296772));
#3789=CARTESIAN_POINT('Ctrl Pts',(-10.8331018057793,4.49338750316633,274.660920824622));
#3790=CARTESIAN_POINT('Ctrl Pts',(-9.74213759497957,6.85555163572852,274.751712061225));
#3791=CARTESIAN_POINT('Ctrl Pts',(-8.8895724470516,7.85619572672164,274.759151449389));
#3792=CARTESIAN_POINT('Ctrl Pts',(-8.45042469882266,8.3113804049434,274.743301481828));
#3793=CARTESIAN_POINT('Ctrl Pts',(-11.4225397039676,1.8696634330407,274.645034117556));
#3794=CARTESIAN_POINT('Ctrl Pts',(-11.351470707008,2.37699477357312,274.66385768225));
#3795=CARTESIAN_POINT('Ctrl Pts',(-11.1410564700045,3.39381570793858,274.715794912027));
#3796=CARTESIAN_POINT('Ctrl Pts',(-10.5360825896491,5.14834725960253,274.805672463209));
#3797=CARTESIAN_POINT('Ctrl Pts',(-9.48269248016551,7.14719057964416,274.880316065714));
#3798=CARTESIAN_POINT('Ctrl Pts',(-8.77578946587313,7.92134513253142,274.864132598622));
#3799=CARTESIAN_POINT('Ctrl Pts',(-8.42627962459289,8.28763261663908,274.840637707989));
#3800=CARTESIAN_POINT('Ctrl Pts',(-11.2262147605723,2.90907238458434,274.789929422202));
#3801=CARTESIAN_POINT('Ctrl Pts',(-11.1233004553695,3.36151342601972,274.823710152864));
#3802=CARTESIAN_POINT('Ctrl Pts',(-10.8565265831877,4.27215430460352,274.892075349548));
#3803=CARTESIAN_POINT('Ctrl Pts',(-10.1968316220471,5.82049142976243,274.977395792695));
#3804=CARTESIAN_POINT('Ctrl Pts',(-9.23264192307135,7.41335963768749,275.018566896072));
#3805=CARTESIAN_POINT('Ctrl Pts',(-8.67469187440324,7.98106220491836,274.97322541372));
#3806=CARTESIAN_POINT('Ctrl Pts',(-8.40573975681159,8.26743071428719,274.93958860364));
#3807=CARTESIAN_POINT('Ctrl Pts',(-10.9306301941167,4.05980189309075,275.008768661585));
#3808=CARTESIAN_POINT('Ctrl Pts',(-10.8012901868023,4.44412492840102,275.049336319669));
#3809=CARTESIAN_POINT('Ctrl Pts',(-10.4906469750539,5.21897676749656,275.118113705027));
#3810=CARTESIAN_POINT('Ctrl Pts',(-9.82010313867994,6.48805236435569,275.17511987512));
#3811=CARTESIAN_POINT('Ctrl Pts',(-9.00358335483716,7.63968372739485,275.16271761904));
#3812=CARTESIAN_POINT('Ctrl Pts',(-8.58725967074174,8.0352159157205,275.085472701282));
#3813=CARTESIAN_POINT('Ctrl Pts',(-8.38885958683175,8.25082829263349,275.039891655861));
#3814=CARTESIAN_POINT('Ctrl Pts',(-10.5163511584788,5.31829453206627,275.317060390153));
#3815=CARTESIAN_POINT('Ctrl Pts',(-10.3709774083667,5.61038177925129,275.350204106506));
#3816=CARTESIAN_POINT('Ctrl Pts',(-10.0430833563881,6.19587572392899,275.393175419638));
#3817=CARTESIAN_POINT('Ctrl Pts',(-9.43151273400269,7.0967711862193,275.389863948893));
#3818=CARTESIAN_POINT('Ctrl Pts',(-8.81061567634864,7.81290448498734,275.307428212681));
#3819=CARTESIAN_POINT('Ctrl Pts',(-8.51500907631024,8.08298874798669,275.199457291176));
#3820=CARTESIAN_POINT('Ctrl Pts',(-8.37568389738679,8.23786939755102,275.141280763137));
#3821=CARTESIAN_POINT('Ctrl Pts',(-9.99346467617444,6.57234975282412,275.705367904472));
#3822=CARTESIAN_POINT('Ctrl Pts',(-9.85301871943864,6.74173225517199,275.710466168352));
#3823=CARTESIAN_POINT('Ctrl Pts',(-9.55663899951904,7.07830766616681,275.694071073824));
#3824=CARTESIAN_POINT('Ctrl Pts',(-9.07877603145021,7.57367344806961,275.603361811126));
#3825=CARTESIAN_POINT('Ctrl Pts',(-8.66492454045272,7.93039139314314,275.447274763087));
#3826=CARTESIAN_POINT('Ctrl Pts',(-8.45880234644906,8.12389037540274,275.313542275854));
#3827=CARTESIAN_POINT('Ctrl Pts',(-8.36624764319979,8.22858840861364,275.24348694264));
#3828=CARTESIAN_POINT('Ctrl Pts',(-9.44691419424548,7.5522616910624,276.106919507486));
#3829=CARTESIAN_POINT('Ctrl Pts',(-9.33567320277514,7.60245786196621,276.069526712993));
#3830=CARTESIAN_POINT('Ctrl Pts',(-9.11508570436606,7.70966657441451,275.977276745623));
#3831=CARTESIAN_POINT('Ctrl Pts',(-8.80774714192128,7.87397772732971,275.796735119737));
#3832=CARTESIAN_POINT('Ctrl Pts',(-8.55119649995764,8.03438843182857,275.58281007997));
#3833=CARTESIAN_POINT('Ctrl Pts',(-8.41742905369039,8.15908079926882,275.426498540908));
#3834=CARTESIAN_POINT('Ctrl Pts',(-8.36057585840589,8.22300994804186,275.346239045377));
#3835=CARTESIAN_POINT('Ctrl Pts',(-9.10956509632593,7.94386591555637,276.342149455251));
#3836=CARTESIAN_POINT('Ctrl Pts',(-9.02778688536896,7.94778310720311,276.278996737348));
#3837=CARTESIAN_POINT('Ctrl Pts',(-8.87143600275057,7.96485195090085,276.142965709135));
#3838=CARTESIAN_POINT('Ctrl Pts',(-8.66190753499077,8.02204778054205,275.915989701194));
#3839=CARTESIAN_POINT('Ctrl Pts',(-8.48625403923852,8.10816910186047,275.671630020452));
#3840=CARTESIAN_POINT('Ctrl Pts',(-8.39727657549183,8.18099783017774,275.500947104185));
#3841=CARTESIAN_POINT('Ctrl Pts',(-8.35931434619891,8.22176919290691,275.414922660494));
#3842=CARTESIAN_POINT('Ctrl Pts',(-8.92832970582678,8.12232373784125,276.454308756523));
#3843=CARTESIAN_POINT('Ctrl Pts',(-8.8653499304253,8.10882323171861,276.380439103685));
#3844=CARTESIAN_POINT('Ctrl Pts',(-8.74557510669746,8.09266150547944,276.225446985526));
#3845=CARTESIAN_POINT('Ctrl Pts',(-8.58834084080521,8.10145928206408,275.976213469388));
#3846=CARTESIAN_POINT('Ctrl Pts',(-8.45692711848362,8.14310782482042,275.715611870617));
#3847=CARTESIAN_POINT('Ctrl Pts',(-8.38842176144636,8.19217482846419,275.538047201564));
#3848=CARTESIAN_POINT('Ctrl Pts',(-8.35931434619891,8.22176919290691,275.44926447038));
#3849=CARTESIAN_POINT('',(-8.81682462714677,8.67175154523298,273.981250398239));
#3850=CARTESIAN_POINT('',(-8.7834621211867,-0.272976844396849,275.335495218231));
#3851=CARTESIAN_POINT('Origin',(-9.7852101835036,9.62420317037506,275.44926447038));
#3852=CARTESIAN_POINT('Origin',(0.,0.,273.981250398239));
#3853=CARTESIAN_POINT('Ctrl Pts',(-11.5743761203188,-8.33087168694568E-9,
274.512340647497));
#3854=CARTESIAN_POINT('Ctrl Pts',(-11.5698282129381,0.302797935096407,274.523458654521));
#3855=CARTESIAN_POINT('Ctrl Pts',(-11.5385876543484,0.911429710765084,274.555741695809));
#3856=CARTESIAN_POINT('Ctrl Pts',(-11.4225397039676,1.8696634330407,274.645034117556));
#3857=CARTESIAN_POINT('Ctrl Pts',(-11.2262147605723,2.90907238458434,274.789929422202));
#3858=CARTESIAN_POINT('Ctrl Pts',(-10.9306301941167,4.05980189309075,275.008768661585));
#3859=CARTESIAN_POINT('Ctrl Pts',(-10.5163511584788,5.31829453206627,275.317060390153));
#3860=CARTESIAN_POINT('Ctrl Pts',(-9.99346467617444,6.57234975282412,275.705367904472));
#3861=CARTESIAN_POINT('Ctrl Pts',(-9.44691419424548,7.5522616910624,276.106919507486));
#3862=CARTESIAN_POINT('Ctrl Pts',(-9.10956509632593,7.94386591555637,276.342149455251));
#3863=CARTESIAN_POINT('Ctrl Pts',(-8.92832970582678,8.12232373784125,276.454308756523));
#3864=CARTESIAN_POINT('Ctrl Pts',(-11.5561844899181,-8.28943238857345E-9,
274.556812675772));
#3865=CARTESIAN_POINT('Ctrl Pts',(-11.5526077210188,0.296397667950907,274.56641851713));
#3866=CARTESIAN_POINT('Ctrl Pts',(-11.5244566725086,0.898506042882561,274.596327555988));
#3867=CARTESIAN_POINT('Ctrl Pts',(-11.4145848871178,1.86105785048842,274.684883077146));
#3868=CARTESIAN_POINT('Ctrl Pts',(-11.2254285091444,2.91450687090065,274.832647122369));
#3869=CARTESIAN_POINT('Ctrl Pts',(-10.9390893484111,4.08232090393091,275.058050475739));
#3870=CARTESIAN_POINT('Ctrl Pts',(-10.5396042589471,5.34893721220812,275.374787440694));
#3871=CARTESIAN_POINT('Ctrl Pts',(-10.040911476899,6.58947996894713,275.769011162708));
#3872=CARTESIAN_POINT('Ctrl Pts',(-9.51600521820613,7.55415456674645,276.174484546244));
#3873=CARTESIAN_POINT('Ctrl Pts',(-9.17624035807464,7.95482020910004,276.414648781593));
#3874=CARTESIAN_POINT('Ctrl Pts',(-8.99130948122827,8.13582424396388,276.528178409361));
#3875=CARTESIAN_POINT('Ctrl Pts',(-11.5268265581521,-8.19642121775641E-9,
274.638643959153));
#3876=CARTESIAN_POINT('Ctrl Pts',(-11.5237946058718,0.29620426292738,274.644680820573));
#3877=CARTESIAN_POINT('Ctrl Pts',(-11.4981615296303,0.906846335733576,274.669321222949));
#3878=CARTESIAN_POINT('Ctrl Pts',(-11.3944895109251,1.90269426576375,274.757209962006));
#3879=CARTESIAN_POINT('Ctrl Pts',(-11.2142437357372,3.00133165306011,274.912779350273));
#3880=CARTESIAN_POINT('Ctrl Pts',(-10.943364724279,4.20935702687404,275.153754081319));
#3881=CARTESIAN_POINT('Ctrl Pts',(-10.5746428140853,5.48150610257928,275.488446239761));
#3882=CARTESIAN_POINT('Ctrl Pts',(-10.1280005513638,6.67145828497918,275.89344189062));
#3883=CARTESIAN_POINT('Ctrl Pts',(-9.64934096516136,7.58616931538994,276.305985422928));
#3884=CARTESIAN_POINT('Ctrl Pts',(-9.31198144345417,7.99093185452498,276.553677403181));
#3885=CARTESIAN_POINT('Ctrl Pts',(-9.12345263359969,8.17366430094874,276.668663582437));
#3886=CARTESIAN_POINT('Ctrl Pts',(-11.4694250582425,-7.97519043657182E-9,
274.696581157236));
#3887=CARTESIAN_POINT('Ctrl Pts',(-11.4669669531349,0.333197748966292,274.694364610695));
#3888=CARTESIAN_POINT('Ctrl Pts',(-11.4436252501826,1.02449756729949,274.708494576918));
#3889=CARTESIAN_POINT('Ctrl Pts',(-11.3483980263765,2.14532660658819,274.801571676166));
#3890=CARTESIAN_POINT('Ctrl Pts',(-11.1862368841441,3.34524542802761,274.982903454398));
#3891=CARTESIAN_POINT('Ctrl Pts',(-10.9515482228644,4.59016149015062,275.26276854369));
#3892=CARTESIAN_POINT('Ctrl Pts',(-10.6455029545932,5.79875291911954,275.633390081951));
#3893=CARTESIAN_POINT('Ctrl Pts',(-10.2778400419401,6.85560412423428,276.058741305932));
#3894=CARTESIAN_POINT('Ctrl Pts',(-9.85726150687731,7.67031184020003,276.483278237518));
#3895=CARTESIAN_POINT('Ctrl Pts',(-9.52309978584168,8.08253758499133,276.7391266537));
#3896=CARTESIAN_POINT('Ctrl Pts',(-9.33594410020081,8.26171743345363,276.853085336273));
#3897=CARTESIAN_POINT('Ctrl Pts',(-11.467052181403,-7.68108296290176E-9,
274.580892609529));
#3898=CARTESIAN_POINT('Ctrl Pts',(-11.4719255979488,0.40439719986678,274.578672403006));
#3899=CARTESIAN_POINT('Ctrl Pts',(-11.4635950484228,1.22825481075409,274.605270100717));
#3900=CARTESIAN_POINT('Ctrl Pts',(-11.3936637801663,2.49098696695703,274.748047084205));
#3901=CARTESIAN_POINT('Ctrl Pts',(-11.2626207496461,3.74870320478828,274.996493224179));
#3902=CARTESIAN_POINT('Ctrl Pts',(-11.0674124332336,4.95422317944822,275.341202477481));
#3903=CARTESIAN_POINT('Ctrl Pts',(-10.8057910387909,6.05386129701901,275.757118614335));
#3904=CARTESIAN_POINT('Ctrl Pts',(-10.4755709438485,7.00229298762217,276.205290918372));
#3905=CARTESIAN_POINT('Ctrl Pts',(-10.0672243101278,7.79677673083104,276.64385434708));
#3906=CARTESIAN_POINT('Ctrl Pts',(-9.73761510593726,8.21031719854605,276.898558887455));
#3907=CARTESIAN_POINT('Ctrl Pts',(-9.55812776465921,8.37916401859324,277.007221898116));
#3908=CARTESIAN_POINT('Ctrl Pts',(-11.6587028788809,-7.68595291534533E-9,
274.575));
#3909=CARTESIAN_POINT('Ctrl Pts',(-11.6608055004534,0.448047236113558,274.574999999779));
#3910=CARTESIAN_POINT('Ctrl Pts',(-11.645468156792,1.35013111216847,274.613828466425));
#3911=CARTESIAN_POINT('Ctrl Pts',(-11.5622990425244,2.68750713448392,274.789049442583));
#3912=CARTESIAN_POINT('Ctrl Pts',(-11.4174741977168,3.97347597007279,275.071998628637));
#3913=CARTESIAN_POINT('Ctrl Pts',(-11.2096124775447,5.17240932193904,275.442897018664));
#3914=CARTESIAN_POINT('Ctrl Pts',(-10.9374703837178,6.25106155144228,275.87186075196));
#3915=CARTESIAN_POINT('Ctrl Pts',(-10.5998175500325,7.18091591414778,276.320830193695));
#3916=CARTESIAN_POINT('Ctrl Pts',(-10.1951489226459,7.93948539573222,276.746875968856));
#3917=CARTESIAN_POINT('Ctrl Pts',(-9.87932934906904,8.31949487107901,276.986201175665));
#3918=CARTESIAN_POINT('Ctrl Pts',(-9.70951581843413,8.47536793754152,277.087572564813));
#3919=CARTESIAN_POINT('Ctrl Pts',(-11.7596286988855,-7.6957071382377E-9,
274.575));
#3920=CARTESIAN_POINT('Ctrl Pts',(-11.7596286992296,0.475483586050978,274.574999999765));
#3921=CARTESIAN_POINT('Ctrl Pts',(-11.7390618403178,1.42643472880072,274.618934040311));
#3922=CARTESIAN_POINT('Ctrl Pts',(-11.6465109731262,2.81311727830707,274.81095719374));
#3923=CARTESIAN_POINT('Ctrl Pts',(-11.4922595270868,4.12267088901688,275.112528868345));
#3924=CARTESIAN_POINT('Ctrl Pts',(-11.2763075021756,5.32213059397994,275.497519402532));
#3925=CARTESIAN_POINT('Ctrl Pts',(-10.9986548983687,6.38423274212837,275.93228145394));
#3926=CARTESIAN_POINT('Ctrl Pts',(-10.6593017156424,7.28780664690087,276.378146779053));
#3927=CARTESIAN_POINT('Ctrl Pts',(-10.2582479539726,8.01711677504363,276.794143587999));
#3928=CARTESIAN_POINT('Ctrl Pts',(-9.94974506021452,8.37920453228138,277.024509548454));
#3929=CARTESIAN_POINT('Ctrl Pts',(-9.78521018350362,8.52742788030381,277.121712963784));
#3930=CARTESIAN_POINT('',(-9.78521018350363,8.52742788030381,277.121712963784));
#3931=CARTESIAN_POINT('Ctrl Pts',(-11.7596286988855,-7.69568742065019E-9,
274.575));
#3932=CARTESIAN_POINT('Ctrl Pts',(-11.7596286995737,0.950967179797683,274.574999999529));
#3933=CARTESIAN_POINT('Ctrl Pts',(-11.7184949810619,1.90151128377653,274.664677193282));
#3934=CARTESIAN_POINT('Ctrl Pts',(-11.5539601055746,3.69901362657214,274.993753367924));
#3935=CARTESIAN_POINT('Ctrl Pts',(-11.430558948599,4.54538414955614,275.232553945863));
#3936=CARTESIAN_POINT('Ctrl Pts',(-11.1014891961203,6.05309118613224,275.779075364941));
#3937=CARTESIAN_POINT('Ctrl Pts',(-10.8958206006172,6.71447502376761,276.085872050835));
#3938=CARTESIAN_POINT('Ctrl Pts',(-10.4022159710198,7.80305034449089,276.660465335216));
#3939=CARTESIAN_POINT('Ctrl Pts',(-10.1142799369254,8.23098118425894,276.927306133124));
#3940=CARTESIAN_POINT('Ctrl Pts',(-9.78521018350363,8.52742788030381,277.121712963784));
#3941=CARTESIAN_POINT('Origin',(-9.78521018350364,9.62420317037503,275.44926447038));
#3942=CARTESIAN_POINT('Ctrl Pts',(11.5743761203188,8.33088251162017E-9,
274.512340647497));
#3943=CARTESIAN_POINT('Ctrl Pts',(11.5834719359582,-0.605595878482236,274.49010463327));
#3944=CARTESIAN_POINT('Ctrl Pts',(11.5131265561123,-1.80693833908685,274.485163277187));
#3945=CARTESIAN_POINT('Ctrl Pts',(11.0872647632769,-3.85986646680407,274.54406275602));
#3946=CARTESIAN_POINT('Ctrl Pts',(10.0063607762343,-6.5440324857208,274.636721183596));
#3947=CARTESIAN_POINT('Ctrl Pts',(9.01825725556651,-7.7834207743699,274.659684042854));
#3948=CARTESIAN_POINT('Ctrl Pts',(8.47868887243401,-8.33917951647775,274.648192518153));
#3949=CARTESIAN_POINT('Ctrl Pts',(11.5698282129381,-0.302797935096397,274.523458654521));
#3950=CARTESIAN_POINT('Ctrl Pts',(11.5634166105664,-0.891571713952709,274.508569241968));
#3951=CARTESIAN_POINT('Ctrl Pts',(11.4665311345729,-2.06188198279378,274.514367485439));
#3952=CARTESIAN_POINT('Ctrl Pts',(11.0059727063252,-4.06966136890618,274.580689986106));
#3953=CARTESIAN_POINT('Ctrl Pts',(9.91787677581168,-6.64958161371151,274.673684279229));
#3954=CARTESIAN_POINT('Ctrl Pts',(8.97387179766726,-7.80856169934439,274.692283562273));
#3955=CARTESIAN_POINT('Ctrl Pts',(8.46888218088433,-8.32953418539815,274.679659267198));
#3956=CARTESIAN_POINT('Ctrl Pts',(11.5385876543484,-0.911429710765087,274.555741695809));
#3957=CARTESIAN_POINT('Ctrl Pts',(11.503968448065,-1.4678668960641,274.555226466972));
#3958=CARTESIAN_POINT('Ctrl Pts',(11.358092418328,-2.57787101704928,274.581554296772));
#3959=CARTESIAN_POINT('Ctrl Pts',(10.8331018057794,-4.49338750316631,274.660920824622));
#3960=CARTESIAN_POINT('Ctrl Pts',(9.74213759497959,-6.85555163572851,274.751712061225));
#3961=CARTESIAN_POINT('Ctrl Pts',(8.88957244705161,-7.85619572672163,274.759151449389));
#3962=CARTESIAN_POINT('Ctrl Pts',(8.45042469882268,-8.31138040494339,274.743301481828));
#3963=CARTESIAN_POINT('Ctrl Pts',(11.4225397039676,-1.86966343304068,274.645034117556));
#3964=CARTESIAN_POINT('Ctrl Pts',(11.351470707008,-2.3769947735731,274.66385768225));
#3965=CARTESIAN_POINT('Ctrl Pts',(11.1410564700045,-3.39381570793857,274.715794912027));
#3966=CARTESIAN_POINT('Ctrl Pts',(10.5360825896491,-5.14834725960251,274.805672463209));
#3967=CARTESIAN_POINT('Ctrl Pts',(9.48269248016553,-7.14719057964415,274.880316065714));
#3968=CARTESIAN_POINT('Ctrl Pts',(8.77578946587315,-7.92134513253141,274.864132598622));
#3969=CARTESIAN_POINT('Ctrl Pts',(8.4262796245929,-8.28763261663907,274.840637707989));
#3970=CARTESIAN_POINT('Ctrl Pts',(11.2262147605723,-2.90907238458433,274.789929422202));
#3971=CARTESIAN_POINT('Ctrl Pts',(11.1233004553695,-3.3615134260197,274.823710152864));
#3972=CARTESIAN_POINT('Ctrl Pts',(10.8565265831878,-4.27215430460354,274.892075349549));
#3973=CARTESIAN_POINT('Ctrl Pts',(10.1968316220471,-5.82049142976241,274.977395792694));
#3974=CARTESIAN_POINT('Ctrl Pts',(9.23264192307137,-7.41335963768748,275.018566896072));
#3975=CARTESIAN_POINT('Ctrl Pts',(8.67469187440325,-7.98106220491834,274.97322541372));
#3976=CARTESIAN_POINT('Ctrl Pts',(8.40573975681161,-8.26743071428717,274.93958860364));
#3977=CARTESIAN_POINT('Ctrl Pts',(10.9306301941168,-4.05980189309075,275.008768661585));
#3978=CARTESIAN_POINT('Ctrl Pts',(10.8012901868024,-4.44412492840101,275.049336319669));
#3979=CARTESIAN_POINT('Ctrl Pts',(10.4906469750539,-5.21897676749654,275.118113705027));
#3980=CARTESIAN_POINT('Ctrl Pts',(9.82010313867997,-6.48805236435568,275.17511987512));
#3981=CARTESIAN_POINT('Ctrl Pts',(9.00358335483718,-7.63968372739482,275.16271761904));
#3982=CARTESIAN_POINT('Ctrl Pts',(8.58725967074175,-8.03521591572049,275.085472701282));
#3983=CARTESIAN_POINT('Ctrl Pts',(8.38885958683176,-8.25082829263348,275.039891655861));
#3984=CARTESIAN_POINT('Ctrl Pts',(10.5163511584788,-5.31829453206626,275.317060390153));
#3985=CARTESIAN_POINT('Ctrl Pts',(10.3709774083667,-5.61038177925127,275.350204106506));
#3986=CARTESIAN_POINT('Ctrl Pts',(10.0430833563882,-6.19587572392899,275.393175419638));
#3987=CARTESIAN_POINT('Ctrl Pts',(9.43151273400271,-7.09677118621928,275.389863948893));
#3988=CARTESIAN_POINT('Ctrl Pts',(8.81061567634866,-7.81290448498732,275.307428212681));
#3989=CARTESIAN_POINT('Ctrl Pts',(8.51500907631026,-8.08298874798668,275.199457291176));
#3990=CARTESIAN_POINT('Ctrl Pts',(8.37568389738681,-8.237869397551,275.141280763137));
#3991=CARTESIAN_POINT('Ctrl Pts',(9.99346467617447,-6.5723497528241,275.705367904472));
#3992=CARTESIAN_POINT('Ctrl Pts',(9.85301871943868,-6.74173225517197,275.710466168352));
#3993=CARTESIAN_POINT('Ctrl Pts',(9.55663899951907,-7.0783076661668,275.694071073824));
#3994=CARTESIAN_POINT('Ctrl Pts',(9.07877603145024,-7.5736734480696,275.603361811125));
#3995=CARTESIAN_POINT('Ctrl Pts',(8.66492454045274,-7.93039139314312,275.447274763088));
#3996=CARTESIAN_POINT('Ctrl Pts',(8.45880234644907,-8.12389037540273,275.313542275854));
#3997=CARTESIAN_POINT('Ctrl Pts',(8.36624764319981,-8.22858840861363,275.24348694264));
#3998=CARTESIAN_POINT('Ctrl Pts',(9.4469141942455,-7.55226169106237,276.106919507486));
#3999=CARTESIAN_POINT('Ctrl Pts',(9.33567320277515,-7.60245786196619,276.069526712993));
#4000=CARTESIAN_POINT('Ctrl Pts',(9.11508570436608,-7.70966657441449,275.977276745623));
#4001=CARTESIAN_POINT('Ctrl Pts',(8.8077471419213,-7.87397772732968,275.796735119737));
#4002=CARTESIAN_POINT('Ctrl Pts',(8.55119649995766,-8.03438843182856,275.58281007997));
#4003=CARTESIAN_POINT('Ctrl Pts',(8.4174290536904,-8.1590807992688,275.426498540908));
#4004=CARTESIAN_POINT('Ctrl Pts',(8.3605758584059,-8.22300994804185,275.346239045377));
#4005=CARTESIAN_POINT('Ctrl Pts',(9.10956509632595,-7.94386591555635,276.342149455251));
#4006=CARTESIAN_POINT('Ctrl Pts',(9.02778688536898,-7.94778310720309,276.278996737348));
#4007=CARTESIAN_POINT('Ctrl Pts',(8.8714360027506,-7.96485195090083,276.142965709135));
#4008=CARTESIAN_POINT('Ctrl Pts',(8.66190753499079,-8.02204778054203,275.915989701194));
#4009=CARTESIAN_POINT('Ctrl Pts',(8.48625403923853,-8.10816910186045,275.671630020452));
#4010=CARTESIAN_POINT('Ctrl Pts',(8.39727657549185,-8.18099783017773,275.500947104185));
#4011=CARTESIAN_POINT('Ctrl Pts',(8.35931434619893,-8.22176919290689,275.414922660494));
#4012=CARTESIAN_POINT('Ctrl Pts',(8.9283297058268,-8.12232373784122,276.454308756523));
#4013=CARTESIAN_POINT('Ctrl Pts',(8.86534993042532,-8.10882323171859,276.380439103685));
#4014=CARTESIAN_POINT('Ctrl Pts',(8.74557510669748,-8.09266150547941,276.225446985526));
#4015=CARTESIAN_POINT('Ctrl Pts',(8.58834084080523,-8.10145928206406,275.976213469388));
#4016=CARTESIAN_POINT('Ctrl Pts',(8.45692711848364,-8.1431078248204,275.715611870617));
#4017=CARTESIAN_POINT('Ctrl Pts',(8.38842176144638,-8.19217482846418,275.538047201564));
#4018=CARTESIAN_POINT('Ctrl Pts',(8.35931434619893,-8.22176919290689,275.44926447038));
#4019=CARTESIAN_POINT('',(8.81682462714678,-8.67175154523297,273.981250398239));
#4020=CARTESIAN_POINT('',(8.78206425589031,0.271304216892391,275.331289286785));
#4021=CARTESIAN_POINT('Origin',(9.78521018350362,-9.62420317037505,275.44926447038));
#4022=CARTESIAN_POINT('Origin',(0.,0.,273.981250398239));
#4023=CARTESIAN_POINT('Ctrl Pts',(11.5743761203188,8.33088251162017E-9,
274.512340647497));
#4024=CARTESIAN_POINT('Ctrl Pts',(11.5698282129381,-0.302797935096397,274.523458654521));
#4025=CARTESIAN_POINT('Ctrl Pts',(11.5385876543484,-0.911429710765087,274.555741695809));
#4026=CARTESIAN_POINT('Ctrl Pts',(11.4225397039676,-1.86966343304068,274.645034117556));
#4027=CARTESIAN_POINT('Ctrl Pts',(11.2262147605723,-2.90907238458433,274.789929422202));
#4028=CARTESIAN_POINT('Ctrl Pts',(10.9306301941168,-4.05980189309075,275.008768661585));
#4029=CARTESIAN_POINT('Ctrl Pts',(10.5163511584788,-5.31829453206626,275.317060390153));
#4030=CARTESIAN_POINT('Ctrl Pts',(9.99346467617447,-6.5723497528241,275.705367904472));
#4031=CARTESIAN_POINT('Ctrl Pts',(9.4469141942455,-7.55226169106237,276.106919507486));
#4032=CARTESIAN_POINT('Ctrl Pts',(9.10956509632595,-7.94386591555635,276.342149455251));
#4033=CARTESIAN_POINT('Ctrl Pts',(8.9283297058268,-8.12232373784122,276.454308756523));
#4034=CARTESIAN_POINT('Ctrl Pts',(11.5561844899181,8.28944265043408E-9,
274.556812675772));
#4035=CARTESIAN_POINT('Ctrl Pts',(11.5526077210188,-0.296397667950897,274.56641851713));
#4036=CARTESIAN_POINT('Ctrl Pts',(11.5244566725086,-0.898506042882565,274.596327555988));
#4037=CARTESIAN_POINT('Ctrl Pts',(11.4145848871178,-1.8610578504884,274.684883077146));
#4038=CARTESIAN_POINT('Ctrl Pts',(11.2254285091444,-2.91450687090064,274.832647122369));
#4039=CARTESIAN_POINT('Ctrl Pts',(10.9390893484111,-4.0823209039309,275.058050475739));
#4040=CARTESIAN_POINT('Ctrl Pts',(10.5396042589471,-5.34893721220811,275.374787440694));
#4041=CARTESIAN_POINT('Ctrl Pts',(10.040911476899,-6.58947996894712,275.769011162708));
#4042=CARTESIAN_POINT('Ctrl Pts',(9.51600521820615,-7.55415456674642,276.174484546244));
#4043=CARTESIAN_POINT('Ctrl Pts',(9.17624035807466,-7.95482020910002,276.414648781593));
#4044=CARTESIAN_POINT('Ctrl Pts',(8.99130948122829,-8.13582424396385,276.528178409361));
#4045=CARTESIAN_POINT('Ctrl Pts',(11.5268265581521,8.19642805948552E-9,
274.638643959154));
#4046=CARTESIAN_POINT('Ctrl Pts',(11.5237946058718,-0.296204262927373,274.644680820573));
#4047=CARTESIAN_POINT('Ctrl Pts',(11.4981615296303,-0.906846335733602,274.669321222949));
#4048=CARTESIAN_POINT('Ctrl Pts',(11.3944895109252,-1.90269426576373,274.757209962006));
#4049=CARTESIAN_POINT('Ctrl Pts',(11.2142437357372,-3.00133165306014,274.912779350273));
#4050=CARTESIAN_POINT('Ctrl Pts',(10.943364724279,-4.20935702687402,275.15375408132));
#4051=CARTESIAN_POINT('Ctrl Pts',(10.5746428140853,-5.4815061025793,275.488446239761));
#4052=CARTESIAN_POINT('Ctrl Pts',(10.1280005513638,-6.67145828497915,275.89344189062));
#4053=CARTESIAN_POINT('Ctrl Pts',(9.64934096516138,-7.58616931538993,276.305985422928));
#4054=CARTESIAN_POINT('Ctrl Pts',(9.31198144345419,-7.99093185452496,276.553677403181));
#4055=CARTESIAN_POINT('Ctrl Pts',(9.12345263359971,-8.17366430094872,276.668663582437));
#4056=CARTESIAN_POINT('Ctrl Pts',(11.4694250582425,7.97517524507981E-9,
274.696581157236));
#4057=CARTESIAN_POINT('Ctrl Pts',(11.4669669531349,-0.333197748966307,274.694364610695));
#4058=CARTESIAN_POINT('Ctrl Pts',(11.4436252501826,-1.02449756729949,274.708494576918));
#4059=CARTESIAN_POINT('Ctrl Pts',(11.3483980263766,-2.14532660658821,274.801571676166));
#4060=CARTESIAN_POINT('Ctrl Pts',(11.1862368841441,-3.34524542802762,274.982903454398));
#4061=CARTESIAN_POINT('Ctrl Pts',(10.9515482228645,-4.59016149015063,275.26276854369));
#4062=CARTESIAN_POINT('Ctrl Pts',(10.6455029545932,-5.7987529191195,275.633390081951));
#4063=CARTESIAN_POINT('Ctrl Pts',(10.2778400419401,-6.85560412423428,276.058741305932));
#4064=CARTESIAN_POINT('Ctrl Pts',(9.85726150687733,-7.6703118402,276.483278237518));
#4065=CARTESIAN_POINT('Ctrl Pts',(9.5230997858417,-8.08253758499131,276.7391266537));
#4066=CARTESIAN_POINT('Ctrl Pts',(9.33594410020083,-8.2617174334536,276.853085336273));
#4067=CARTESIAN_POINT('Ctrl Pts',(11.467052181403,7.68108859243913E-9,274.580892609529));
#4068=CARTESIAN_POINT('Ctrl Pts',(11.4719255979488,-0.404397199866776,274.578672403006));
#4069=CARTESIAN_POINT('Ctrl Pts',(11.4635950484228,-1.22825481075408,274.605270100717));
#4070=CARTESIAN_POINT('Ctrl Pts',(11.3936637801663,-2.49098696695702,274.748047084205));
#4071=CARTESIAN_POINT('Ctrl Pts',(11.2626207496461,-3.74870320478826,274.996493224179));
#4072=CARTESIAN_POINT('Ctrl Pts',(11.0674124332336,-4.95422317944823,275.341202477481));
#4073=CARTESIAN_POINT('Ctrl Pts',(10.805791038791,-6.05386129701903,275.757118614335));
#4074=CARTESIAN_POINT('Ctrl Pts',(10.4755709438485,-7.00229298762213,276.205290918372));
#4075=CARTESIAN_POINT('Ctrl Pts',(10.0672243101278,-7.79677673083101,276.64385434708));
#4076=CARTESIAN_POINT('Ctrl Pts',(9.73761510593729,-8.21031719854602,276.898558887455));
#4077=CARTESIAN_POINT('Ctrl Pts',(9.55812776465923,-8.37916401859321,277.007221898116));
#4078=CARTESIAN_POINT('Ctrl Pts',(11.6587028788809,7.68593651535425E-9,
274.575));
#4079=CARTESIAN_POINT('Ctrl Pts',(11.6608055004534,-0.448047236113574,274.574999999779));
#4080=CARTESIAN_POINT('Ctrl Pts',(11.645468156792,-1.35013111216848,274.613828466425));
#4081=CARTESIAN_POINT('Ctrl Pts',(11.5622990425244,-2.68750713448393,274.789049442583));
#4082=CARTESIAN_POINT('Ctrl Pts',(11.4174741977168,-3.97347597007279,275.071998628637));
#4083=CARTESIAN_POINT('Ctrl Pts',(11.2096124775447,-5.17240932193905,275.442897018664));
#4084=CARTESIAN_POINT('Ctrl Pts',(10.9374703837179,-6.25106155144227,275.87186075196));
#4085=CARTESIAN_POINT('Ctrl Pts',(10.5998175500326,-7.18091591414777,276.320830193695));
#4086=CARTESIAN_POINT('Ctrl Pts',(10.1951489226459,-7.9394853957322,276.746875968856));
#4087=CARTESIAN_POINT('Ctrl Pts',(9.87932934906905,-8.31949487107898,276.986201175665));
#4088=CARTESIAN_POINT('Ctrl Pts',(9.70951581843415,-8.47536793754149,277.087572564813));
#4089=CARTESIAN_POINT('Ctrl Pts',(11.7596286988855,7.69569335189664E-9,
274.575));
#4090=CARTESIAN_POINT('Ctrl Pts',(11.7596286992296,-0.475483586050991,274.574999999765));
#4091=CARTESIAN_POINT('Ctrl Pts',(11.7390618403178,-1.42643472880072,274.618934040311));
#4092=CARTESIAN_POINT('Ctrl Pts',(11.6465109731262,-2.81311727830708,274.81095719374));
#4093=CARTESIAN_POINT('Ctrl Pts',(11.4922595270868,-4.12267088901688,275.112528868345));
#4094=CARTESIAN_POINT('Ctrl Pts',(11.2763075021756,-5.32213059397994,275.497519402532));
#4095=CARTESIAN_POINT('Ctrl Pts',(10.9986548983687,-6.38423274212836,275.93228145394));
#4096=CARTESIAN_POINT('Ctrl Pts',(10.6593017156424,-7.28780664690086,276.378146779053));
#4097=CARTESIAN_POINT('Ctrl Pts',(10.2582479539726,-8.0171167750436,276.794143587999));
#4098=CARTESIAN_POINT('Ctrl Pts',(9.94974506021454,-8.37920453228135,277.024509548454));
#4099=CARTESIAN_POINT('Ctrl Pts',(9.78521018350364,-8.52742788030379,277.121712963784));
#4100=CARTESIAN_POINT('',(9.78521018350365,-8.52742788030379,277.121712963784));
#4101=CARTESIAN_POINT('Ctrl Pts',(11.7596286988855,7.69571656400458E-9,
274.575));
#4102=CARTESIAN_POINT('Ctrl Pts',(11.7596286995737,-0.950967179797652,274.574999999529));
#4103=CARTESIAN_POINT('Ctrl Pts',(11.7184949810619,-1.90151128377649,274.664677193282));
#4104=CARTESIAN_POINT('Ctrl Pts',(11.5539601055746,-3.6990136265721,274.993753367924));
#4105=CARTESIAN_POINT('Ctrl Pts',(11.430558948599,-4.5453841495561,275.232553945863));
#4106=CARTESIAN_POINT('Ctrl Pts',(11.1014891961203,-6.0530911861322,275.779075364941));
#4107=CARTESIAN_POINT('Ctrl Pts',(10.8958206006172,-6.71447502376758,276.085872050835));
#4108=CARTESIAN_POINT('Ctrl Pts',(10.4022159710198,-7.80305034449086,276.660465335216));
#4109=CARTESIAN_POINT('Ctrl Pts',(10.1142799369254,-8.2309811842589,276.927306133124));
#4110=CARTESIAN_POINT('Ctrl Pts',(9.78521018350365,-8.52742788030378,277.121712963784));
#4111=CARTESIAN_POINT('Origin',(9.78521018350365,-9.62420317037502,275.44926447038));
#4112=CARTESIAN_POINT('Origin',(0.,0.,3.17500000000001));
#4113=CARTESIAN_POINT('',(35.0563684010445,-2.19468893701404,3.17500000000001));
#4114=CARTESIAN_POINT('',(11.5587775564472,33.1686642239414,3.17500000000001));
#4115=CARTESIAN_POINT('Origin',(0.,0.,3.175));
#4116=CARTESIAN_POINT('',(42.9658835491805,-2.68986074700226,3.17500000000001));
#4117=CARTESIAN_POINT('Ctrl Pts',(42.9658835491805,-2.68986074700229,3.17500000000001));
#4118=CARTESIAN_POINT('Ctrl Pts',(43.2519321112564,1.8792713990627,3.17500000000001));
#4119=CARTESIAN_POINT('Ctrl Pts',(42.7444721523091,6.47010512432849,3.1749999999348));
#4120=CARTESIAN_POINT('Ctrl Pts',(40.2472541301591,15.0028169959252,3.1749999999348));
#4121=CARTESIAN_POINT('Ctrl Pts',(38.3569396570888,18.9223816329974,3.17499999999802));
#4122=CARTESIAN_POINT('Ctrl Pts',(32.9655685021133,26.4622333026215,3.17499999999802));
#4123=CARTESIAN_POINT('Ctrl Pts',(29.469654956731,29.6636469037997,3.17499999992497));
#4124=CARTESIAN_POINT('Ctrl Pts',(22.5002361397582,33.9807012406523,3.17499999992497));
#4125=CARTESIAN_POINT('Ctrl Pts',(19.359042996228,35.1225974568113,3.17499999999995));
#4126=CARTESIAN_POINT('Ctrl Pts',(15.3458353057785,35.8939904981656,3.17499999999995));
#4127=CARTESIAN_POINT('Ctrl Pts',(14.0833316640451,35.9639282865388,3.17500000000003));
#4128=CARTESIAN_POINT('Ctrl Pts',(12.5996217633913,35.8124066434569,3.17500000000003));
#4129=CARTESIAN_POINT('Ctrl Pts',(12.1699547076893,35.7151748642126,3.17499999999999));
#4130=CARTESIAN_POINT('Ctrl Pts',(11.6452200849421,35.49989566765,3.17499999999999));
#4131=CARTESIAN_POINT('Ctrl Pts',(11.4617835447566,35.4013833732637,3.17500000000001));
#4132=CARTESIAN_POINT('Ctrl Pts',(11.2115871475135,35.1891587733645,3.17500000000001));
#4133=CARTESIAN_POINT('Ctrl Pts',(11.1257907923512,35.0923815917226,3.17500000000001));
#4134=CARTESIAN_POINT('Ctrl Pts',(11.0025287527409,34.8751981431579,3.17500000000001));
#4135=CARTESIAN_POINT('Ctrl Pts',(10.9656637361119,34.7627122706321,3.17500000000001));
#4136=CARTESIAN_POINT('Ctrl Pts',(10.9332422547166,34.4940327212986,3.17500000000001));
#4137=CARTESIAN_POINT('Ctrl Pts',(10.9510946745513,34.3440824190078,3.17499999999999));
#4138=CARTESIAN_POINT('Ctrl Pts',(11.0495061725031,33.9772788960467,3.17499999999999));
#4139=CARTESIAN_POINT('Ctrl Pts',(11.1624840423766,33.7519038061883,3.17499999946968));
#4140=CARTESIAN_POINT('Ctrl Pts',(11.3771755085196,33.414207263397,3.17499999946968));
#4141=CARTESIAN_POINT('Ctrl Pts',(11.4630346560475,33.2930150034332,3.17500000000001));
#4142=CARTESIAN_POINT('Ctrl Pts',(11.5587775564471,33.1686642239415,3.17500000000001));
#4143=CARTESIAN_POINT('',(18.214340877411,-1.14030101353754,3.17500000000001));
#4144=CARTESIAN_POINT('Origin',(36.428681754822,-2.28060202707508,3.17500000000001));
#4145=CARTESIAN_POINT('',(29.8914799604636,-1.87134330714791,3.17500000000001));
#4146=CARTESIAN_POINT('',(18.214340877411,-1.14030101353754,3.175));
#4147=CARTESIAN_POINT('Origin',(36.428681754822,-2.28060202707508,3.17500000000001));
#4148=CARTESIAN_POINT('Origin',(0.,0.,176.175));
#4149=CARTESIAN_POINT('',(-15.7530272453019,-33.9205267147899,176.175));
#4150=CARTESIAN_POINT('',(-18.9054031353288,-32.2698889414061,176.175));
#4151=CARTESIAN_POINT('Origin',(0.,0.,176.175));
#4152=CARTESIAN_POINT('',(42.9658835491805,-2.68986074700233,176.175));
#4153=CARTESIAN_POINT('Ctrl Pts',(42.9658835491804,-2.68986074700233,176.175));
#4154=CARTESIAN_POINT('Ctrl Pts',(42.6350119337422,-7.97496381952762,176.175));
#4155=CARTESIAN_POINT('Ctrl Pts',(41.2968095392015,-13.1510498790063,176.17500000001));
#4156=CARTESIAN_POINT('Ctrl Pts',(36.8149831928507,-22.5671265134762,176.17500000001));
#4157=CARTESIAN_POINT('Ctrl Pts',(33.7642175836727,-26.7537659637457,176.175));
#4158=CARTESIAN_POINT('Ctrl Pts',(26.1332463496078,-33.9081710973622,176.175));
#4159=CARTESIAN_POINT('Ctrl Pts',(21.5660968878637,-36.7593534655682,176.175000000002));
#4160=CARTESIAN_POINT('Ctrl Pts',(11.8192094674646,-40.3995873890332,176.175000000002));
#4161=CARTESIAN_POINT('Ctrl Pts',(6.75051913911696,-41.2481351739463,176.175000000013));
#4162=CARTESIAN_POINT('Ctrl Pts',(-3.26407273825687,-40.87181144692,176.175000000013));
#4163=CARTESIAN_POINT('Ctrl Pts',(-7.69802270404151,-39.7089388215709,176.175000000002));
#4164=CARTESIAN_POINT('Ctrl Pts',(-14.0487679947794,-36.7820721913043,176.175000000002));
#4165=CARTESIAN_POINT('Ctrl Pts',(-16.1091036312794,-35.3269195019762,176.175));
#4166=CARTESIAN_POINT('Ctrl Pts',(-18.0514327818546,-33.4800135266757,176.175));
#4167=CARTESIAN_POINT('Ctrl Pts',(-18.5209247678185,-32.9186105620259,176.175));
#4168=CARTESIAN_POINT('Ctrl Pts',(-18.8428688307549,-32.3830387917226,176.175));
#4169=CARTESIAN_POINT('Ctrl Pts',(-18.8747914652818,-32.3272063530295,176.175));
#4170=CARTESIAN_POINT('Ctrl Pts',(-18.9054031353288,-32.269888941406,176.175));
#4171=CARTESIAN_POINT('',(32.4,-2.02838813038997,176.175));
#4172=CARTESIAN_POINT('',(18.214340877411,-1.14030101353757,176.175));
#4173=CARTESIAN_POINT('',(32.4,-4.50000000000001,176.175));
#4174=CARTESIAN_POINT('',(32.4,2.25,176.175));
#4175=CARTESIAN_POINT('',(37.1282910999146,-4.50000000000001,176.175));
#4176=CARTESIAN_POINT('',(16.2,-4.5,176.175));
#4177=CARTESIAN_POINT('',(32.6824521072472,-18.1828854766645,176.175));
#4178=CARTESIAN_POINT('Origin',(0.,0.,176.175));
#4179=CARTESIAN_POINT('',(28.8571842530644,-15.4036656995889,176.175));
#4180=CARTESIAN_POINT('',(18.1465370555923,-7.62192500816396,176.175));
#4181=CARTESIAN_POINT('',(23.5671169824322,-22.6848186489634,176.175));
#4182=CARTESIAN_POINT('',(27.5346674354064,-17.2239539369325,176.175));
#4183=CARTESIAN_POINT('',(27.3923848366149,-25.464038426039,176.175));
#4184=CARTESIAN_POINT('',(10.461041673558,-13.1626975618253,176.175));
#4185=CARTESIAN_POINT('',(15.7530272453019,-33.9205267147899,176.175));
#4186=CARTESIAN_POINT('Origin',(0.,0.,176.175));
#4187=CARTESIAN_POINT('',(14.2919049410765,-29.4236546532757,176.175));
#4188=CARTESIAN_POINT('',(10.200801753151,-16.8325337229121,176.175));
#4189=CARTESIAN_POINT('',(5.73239629442011,-32.2048076026502,176.175));
#4190=CARTESIAN_POINT('',(12.1520277794124,-30.1189428906194,176.175));
#4191=CARTESIAN_POINT('',(7.19351859864554,-36.7016796641644,176.175));
#4192=CARTESIAN_POINT('',(0.726320985545961,-16.7976920386688,176.175));
#4193=CARTESIAN_POINT('',(-7.19351859864554,-36.7016796641644,176.175));
#4194=CARTESIAN_POINT('Origin',(0.,0.,176.175));
#4195=CARTESIAN_POINT('',(-5.74089532283286,-32.2309649224808,176.175));
#4196=CARTESIAN_POINT('',(-1.64129310649457,-19.6136866722866,176.175));
#4197=CARTESIAN_POINT('',(-14.8314762841919,-31.0842844931135,176.175));
#4198=CARTESIAN_POINT('Ctrl Pts',(-14.8314762841919,-31.0842844931135,176.175));
#4199=CARTESIAN_POINT('Ctrl Pts',(-12.5173663583097,-31.4885946462294,176.175));
#4200=CARTESIAN_POINT('Ctrl Pts',(-9.43204802798363,-32.0885837099552,176.175));
#4201=CARTESIAN_POINT('Ctrl Pts',(-5.74089532283209,-32.230964922481,176.175));
#4202=CARTESIAN_POINT('',(-9.28582963220234,-14.0165390892942,176.175));
#4203=CARTESIAN_POINT('Origin',(36.428681754822,-2.28060202707515,176.175));
#4204=CARTESIAN_POINT('',(29.8914799604635,-1.87134330714796,176.175));
#4205=CARTESIAN_POINT('',(18.214340877411,-1.14030101353757,176.175));
#4206=CARTESIAN_POINT('Origin',(36.428681754822,-2.28060202707515,176.175));
#4207=CARTESIAN_POINT('Ctrl Pts',(42.9662539070595,-2.68988393309876,96.1749726357693));
#4208=CARTESIAN_POINT('Ctrl Pts',(42.5214911614074,-9.79420126922699,95.3591831620851));
#4209=CARTESIAN_POINT('Ctrl Pts',(38.0403049668845,-23.771056614026,93.7276042147167));
#4210=CARTESIAN_POINT('Ctrl Pts',(22.1389234472194,-39.0122164293235,91.2802357936642));
#4211=CARTESIAN_POINT('Ctrl Pts',(0.904183682033666,-44.8467071550805,88.8328673726114));
#4212=CARTESIAN_POINT('Ctrl Pts',(-20.5501175107857,-39.8720794231457,86.385498951559));
#4213=CARTESIAN_POINT('Ctrl Pts',(-37.0499845423629,-25.2855585618905,83.9381305305062));
#4214=CARTESIAN_POINT('Ctrl Pts',(-44.619238813944,-4.60419695177507,81.4907621094538));
#4215=CARTESIAN_POINT('Ctrl Pts',(-41.4327297260965,17.1871670504344,79.043393688401));
#4216=CARTESIAN_POINT('Ctrl Pts',(-28.2588474928907,34.835448813415,76.5960252673486));
#4217=CARTESIAN_POINT('Ctrl Pts',(-8.27305572608609,44.0865940508591,74.1486568462958));
#4218=CARTESIAN_POINT('Ctrl Pts',(13.7069554640949,42.7105384286054,71.7012884252433));
#4219=CARTESIAN_POINT('Ctrl Pts',(32.3828811929966,31.0390092504173,69.2539200041906));
#4220=CARTESIAN_POINT('Ctrl Pts',(43.2528274705944,11.8854452748206,66.8065515831381));
#4221=CARTESIAN_POINT('Ctrl Pts',(43.6965741242207,-10.1331329743021,64.3591831620854));
#4222=CARTESIAN_POINT('Ctrl Pts',(33.6071512479169,-29.7090951833083,61.9118147410328));
#4223=CARTESIAN_POINT('Ctrl Pts',(15.4166412120593,-42.1236053242388,59.4644463199802));
#4224=CARTESIAN_POINT('Ctrl Pts',(-6.49008897824582,-44.3841154242299,57.0170778989275));
#4225=CARTESIAN_POINT('Ctrl Pts',(-26.8323668702474,-35.9457235373611,54.569709477875));
#4226=CARTESIAN_POINT('Ctrl Pts',(-40.706635783061,-18.842525265453,52.1223410568224));
#4227=CARTESIAN_POINT('Ctrl Pts',(-44.7684684320676,2.80271080195499,49.6749726357698));
#4228=CARTESIAN_POINT('Ctrl Pts',(-38.0387499827495,23.772346432439,47.2276042147172));
#4229=CARTESIAN_POINT('Ctrl Pts',(-22.1396958077998,39.0115985576347,44.7802357936645));
#4230=CARTESIAN_POINT('Ctrl Pts',(-0.90381272667711,44.8470074753266,42.3328673726119));
#4231=CARTESIAN_POINT('Ctrl Pts',(20.5499367951986,39.8719331044651,39.8854989515593));
#4232=CARTESIAN_POINT('Ctrl Pts',(37.0500724723564,25.2856299388482,37.4381305305067));
#4233=CARTESIAN_POINT('Ctrl Pts',(44.6191961662381,4.6041619809869,34.9907621094541));
#4234=CARTESIAN_POINT('Ctrl Pts',(41.4327501132057,-17.1871496077279,32.5433936884015));
#4235=CARTESIAN_POINT('Ctrl Pts',(28.2588383609459,-34.835458143925,30.0960252673489));
#4236=CARTESIAN_POINT('Ctrl Pts',(8.2730585324438,-44.0865877957778,27.6486568462963));
#4237=CARTESIAN_POINT('Ctrl Pts',(-13.7069534597852,-42.7105449848565,25.2012884252437));
#4238=CARTESIAN_POINT('Ctrl Pts',(-32.3828890899344,-31.0389988538213,22.753920004191));
#4239=CARTESIAN_POINT('Ctrl Pts',(-43.2528094181291,-11.8854651240202,20.3065515831384));
#4240=CARTESIAN_POINT('Ctrl Pts',(-43.6966120773626,10.1331729910718,17.8591831620858));
#4241=CARTESIAN_POINT('Ctrl Pts',(-33.6070729066435,29.7090133970093,15.4118147410332));
#4242=CARTESIAN_POINT('Ctrl Pts',(-15.4168022676945,42.1237730393604,12.9644463199806));
#4243=CARTESIAN_POINT('Ctrl Pts',(6.49041958112156,44.3837711832309,10.517077898928));
#4244=CARTESIAN_POINT('Ctrl Pts',(26.8316776014636,35.9464329137306,8.06970947787538));
#4245=CARTESIAN_POINT('Ctrl Pts',(40.7080177592131,18.8410515798984,5.62234105682278));
#4246=CARTESIAN_POINT('Ctrl Pts',(43.4110166527115,4.41443340302949,3.99076210945438));
#4247=CARTESIAN_POINT('Ctrl Pts',(42.9662539070595,-2.68988393309873,3.17497263577017));
#4248=CARTESIAN_POINT('Ctrl Pts',(42.9662679060302,-2.68988480949833,97.1546918532399));
#4249=CARTESIAN_POINT('Ctrl Pts',(42.5215046936855,-9.7942096002353,96.3389023795557));
#4250=CARTESIAN_POINT('Ctrl Pts',(38.0403187263884,-23.7710621586318,94.7073234321874));
#4251=CARTESIAN_POINT('Ctrl Pts',(22.1389308687435,-39.0122312736128,92.2599550111348));
#4252=CARTESIAN_POINT('Ctrl Pts',(0.904184125162134,-44.8467221076542,89.8125865900821));
#4253=CARTESIAN_POINT('Ctrl Pts',(-20.5501247116884,-39.8720935768738,87.3652181690296));
#4254=CARTESIAN_POINT('Ctrl Pts',(-37.0499973809364,-25.2855671965342,84.9178497479768));
#4255=CARTESIAN_POINT('Ctrl Pts',(-44.6192543272251,-4.60419862323813,82.4704813269243));
#4256=CARTESIAN_POINT('Ctrl Pts',(-41.4327441103624,17.1871730555242,80.0231129058716));
#4257=CARTESIAN_POINT('Ctrl Pts',(-28.2588573120586,34.8354608962662,77.5757444848192));
#4258=CARTESIAN_POINT('Ctrl Pts',(-8.27305859798202,44.0866093725556,75.1283760637664));
#4259=CARTESIAN_POINT('Ctrl Pts',(13.7069602243245,42.7105532599162,72.6810076427139));
#4260=CARTESIAN_POINT('Ctrl Pts',(32.3828924415034,31.0390200337063,70.2336392216613));
#4261=CARTESIAN_POINT('Ctrl Pts',(43.2528424941357,11.8854494022293,67.7862708006086));
#4262=CARTESIAN_POINT('Ctrl Pts',(43.6965893021927,-10.1331364935454,65.3389023795561));
#4263=CARTESIAN_POINT('Ctrl Pts',(33.6071629212134,-29.709105502903,62.8915339585034));
#4264=CARTESIAN_POINT('Ctrl Pts',(15.4166465670068,-42.1236199556363,60.4441655374508));
#4265=CARTESIAN_POINT('Ctrl Pts',(-6.49009123257018,-44.3841308409738,57.9967971163982));
#4266=CARTESIAN_POINT('Ctrl Pts',(-26.8323761903845,-35.9457360229761,55.5494286953457));
#4267=CARTESIAN_POINT('Ctrl Pts',(-40.7066499223926,-18.8425318103578,53.102060274293));
#4268=CARTESIAN_POINT('Ctrl Pts',(-44.76848398226,2.80271177546814,50.6546918532404));
#4269=CARTESIAN_POINT('Ctrl Pts',(-38.0387631953976,23.7723546897027,48.2073234321878));
#4270=CARTESIAN_POINT('Ctrl Pts',(-22.1397034979547,39.0116121081717,45.7599550111351));
#4271=CARTESIAN_POINT('Ctrl Pts',(-0.903813040618288,44.8470230528557,43.3125865900826));
#4272=CARTESIAN_POINT('Ctrl Pts',(20.549943933167,39.871946953749,40.8652181690299));
#4273=CARTESIAN_POINT('Ctrl Pts',(37.0500853415702,25.2856387219694,38.4178497479774));
#4274=CARTESIAN_POINT('Ctrl Pts',(44.6192116646207,4.60416357975015,35.9704813269247));
#4275=CARTESIAN_POINT('Ctrl Pts',(41.4327645046704,-17.1871555766504,33.5231129058721));
#4276=CARTESIAN_POINT('Ctrl Pts',(28.2588481767284,-34.8354702459349,31.0757444848195));
#4277=CARTESIAN_POINT('Ctrl Pts',(8.27306140573938,-44.0866031049821,28.6283760637669));
#4278=CARTESIAN_POINT('Ctrl Pts',(-13.7069582201841,-42.7105598287364,26.1810076427143));
#4279=CARTESIAN_POINT('Ctrl Pts',(-32.3829003394107,-31.0390096176791,23.7336392216617));
#4280=CARTESIAN_POINT('Ctrl Pts',(-43.2528244390385,-11.8854692882116,21.2862708006091));
#4281=CARTESIAN_POINT('Ctrl Pts',(-43.6966272610496,10.1331765843054,18.8389023795565));
#4282=CARTESIAN_POINT('Ctrl Pts',(-33.6070845680571,29.7090235654641,16.3915339585039));
#4283=CARTESIAN_POINT('Ctrl Pts',(-15.4168076471145,42.1237879806742,13.9441655374512));
#4284=CARTESIAN_POINT('Ctrl Pts',(6.49042188567989,44.3837859637869,11.4967971163986));
#4285=CARTESIAN_POINT('Ctrl Pts',(26.8316868164245,35.9464467164999,9.04942869534604));
#4286=CARTESIAN_POINT('Ctrl Pts',(40.708032102807,18.8410553651219,6.60206027429343));
#4287=CARTESIAN_POINT('Ctrl Pts',(43.4110311183748,4.41443998123867,4.97048132692503));
#4288=CARTESIAN_POINT('Ctrl Pts',(42.9662679060302,-2.6898848094983,4.15469185324082));
#4289=CARTESIAN_POINT('Ctrl Pts',(42.5199312088148,-2.66194209163447,99.1141754022667));
#4290=CARTESIAN_POINT('Ctrl Pts',(42.0797851793098,-9.69251535436662,98.2983859285824));
#4291=CARTESIAN_POINT('Ctrl Pts',(37.645166086059,-23.5241057938363,96.6668069812141));
#4292=CARTESIAN_POINT('Ctrl Pts',(21.9089520291199,-38.6069896150523,94.2194385601615));
#4293=CARTESIAN_POINT('Ctrl Pts',(0.89479280276708,-44.3808543472361,91.7720701391088));
#4294=CARTESIAN_POINT('Ctrl Pts',(-20.3366533202862,-39.4579104069894,89.3247017180562));
#4295=CARTESIAN_POINT('Ctrl Pts',(-36.6651266004748,-25.0229026520396,86.8773332970034));
#4296=CARTESIAN_POINT('Ctrl Pts',(-44.1557555347908,-4.5563714990301,84.429964875951));
#4297=CARTESIAN_POINT('Ctrl Pts',(-41.0023461558259,17.0086353002083,81.9825964548983));
#4298=CARTESIAN_POINT('Ctrl Pts',(-27.9653080599301,34.4735945568134,79.5352280338457));
#4299=CARTESIAN_POINT('Ctrl Pts',(-8.18711913917219,43.6286435634322,77.0878596127931));
#4300=CARTESIAN_POINT('Ctrl Pts',(13.5645741199069,42.2668816226722,74.6404911917405));
#4301=CARTESIAN_POINT('Ctrl Pts',(32.0465032262502,30.7165908028236,72.1931227706878));
#4302=CARTESIAN_POINT('Ctrl Pts',(42.8035376644502,11.7619849110025,69.7457543496352));
#4303=CARTESIAN_POINT('Ctrl Pts',(43.2426748919556,-10.0278748025795,67.2983859285827));
#4304=CARTESIAN_POINT('Ctrl Pts',(33.2580561412266,-29.4004912322945,64.8510175075299));
#4305=CARTESIAN_POINT('Ctrl Pts',(15.2565004743555,-41.6860453417034,62.4036490864774));
#4306=CARTESIAN_POINT('Ctrl Pts',(-6.42267302024373,-43.9230743394261,59.9562806654247));
#4307=CARTESIAN_POINT('Ctrl Pts',(-26.5536450025447,-35.572336454007,57.5089122443722));
#4308=CARTESIAN_POINT('Ctrl Pts',(-40.283794607513,-18.6467980731495,55.0615438233195));
#4309=CARTESIAN_POINT('Ctrl Pts',(-44.3034348704067,2.77359757489619,52.6141754022669));
#4310=CARTESIAN_POINT('Ctrl Pts',(-37.6436215362414,23.5254106020985,50.1668069812143));
#4311=CARTESIAN_POINT('Ctrl Pts',(-21.9097191756544,38.6063646224584,47.7194385601616));
#4312=CARTESIAN_POINT('Ctrl Pts',(-0.894424349903296,44.3811580880221,45.272070139109));
#4313=CARTESIAN_POINT('Ctrl Pts',(20.3364738238295,39.4577624222061,42.8247017180564));
#4314=CARTESIAN_POINT('Ctrl Pts',(36.6652139374771,25.0229748413781,40.3773332970037));
#4315=CARTESIAN_POINT('Ctrl Pts',(44.1557131743066,4.55633613070234,37.9299648759512));
#4316=CARTESIAN_POINT('Ctrl Pts',(41.0023664064381,-17.0086176601996,35.4825964548985));
#4317=CARTESIAN_POINT('Ctrl Pts',(27.9652989874418,-34.4736039908965,33.0352280338459));
#4318=CARTESIAN_POINT('Ctrl Pts',(8.18712193101815,-43.6286372425965,30.5878596127933));
#4319=CARTESIAN_POINT('Ctrl Pts',(-13.5645721381966,-42.2668882423544,28.1404911917407));
#4320=CARTESIAN_POINT('Ctrl Pts',(-32.0465110512779,-30.7165803108787,25.693122770688));
#4321=CARTESIAN_POINT('Ctrl Pts',(-42.8035197720237,-11.7620049389398,23.2457543496354));
#4322=CARTESIAN_POINT('Ctrl Pts',(-43.2427125105372,10.0279151779625,20.7983859285828));
#4323=CARTESIAN_POINT('Ctrl Pts',(-33.2579784896347,29.4004087139158,18.3510175075302));
#4324=CARTESIAN_POINT('Ctrl Pts',(-15.2566601125826,41.6862145578684,15.9036490864776));
#4325=CARTESIAN_POINT('Ctrl Pts',(6.4230007135555,43.9227270167067,13.4562806654249));
#4326=CARTESIAN_POINT('Ctrl Pts',(26.5529617952167,35.5730522453836,11.0089122443723));
#4327=CARTESIAN_POINT('Ctrl Pts',(40.2851643612807,18.6453108161589,8.5615438233197));
#4328=CARTESIAN_POINT('Ctrl Pts',(42.9600772383198,4.3686311710977,6.92996487595129));
#4329=CARTESIAN_POINT('Ctrl Pts',(42.5199312088148,-2.66194209163444,6.11417540226708));
#4330=CARTESIAN_POINT('Ctrl Pts',(40.6439407880534,-2.54449651440615,101.471600624664));
#4331=CARTESIAN_POINT('Ctrl Pts',(40.2232195945109,-9.2647915440162,100.65581115098));
#4332=CARTESIAN_POINT('Ctrl Pts',(35.9842283214208,-22.4862535923098,99.0242322036115));
#4333=CARTESIAN_POINT('Ctrl Pts',(20.9423198211874,-36.903602868105,96.5768637825589));
#4334=CARTESIAN_POINT('Ctrl Pts',(0.855311782709098,-42.4227537091032,94.1294953615062));
#4335=CARTESIAN_POINT('Ctrl Pts',(-19.4393862829179,-37.7169973409147,91.6821269404536));
#4336=CARTESIAN_POINT('Ctrl Pts',(-35.0474386189617,-23.9188789336784,89.2347585194009));
#4337=CARTESIAN_POINT('Ctrl Pts',(-42.2075755063194,-4.35534028626488,86.7873900983483));
#4338=CARTESIAN_POINT('Ctrl Pts',(-39.1932969152018,16.2582029878594,84.3400216772957));
#4339=CARTESIAN_POINT('Ctrl Pts',(-26.7314609758895,32.9525981211458,81.8926532562431));
#4340=CARTESIAN_POINT('Ctrl Pts',(-7.82589831014514,41.703720159378,79.4452848351904));
#4341=CARTESIAN_POINT('Ctrl Pts',(12.9660965715777,40.4020402254474,76.9979164141378));
#4342=CARTESIAN_POINT('Ctrl Pts',(30.6325912916013,29.3613554160395,74.5505479930851));
#4343=CARTESIAN_POINT('Ctrl Pts',(40.9150185984416,11.2430387372288,72.1031795720326));
#4344=CARTESIAN_POINT('Ctrl Pts',(41.3347808095418,-9.58543865171654,69.6558111509799));
#4345=CARTESIAN_POINT('Ctrl Pts',(31.7906897358628,-28.1033230182046,67.2084427299273));
#4346=CARTESIAN_POINT('Ctrl Pts',(14.5833740538033,-39.8468307400516,64.7610743088747));
#4347=CARTESIAN_POINT('Ctrl Pts',(-6.13930063690003,-41.9851606051392,62.313705887822));
#4348=CARTESIAN_POINT('Ctrl Pts',(-25.3820814430426,-34.0028625417074,59.8663374667694));
#4349=CARTESIAN_POINT('Ctrl Pts',(-38.5064481904294,-17.8240895851809,57.4189690457168));
#4350=CARTESIAN_POINT('Ctrl Pts',(-42.3487393906196,2.65122470113916,54.9716006246642));
#4351=CARTESIAN_POINT('Ctrl Pts',(-35.9827612197138,22.4874546533804,52.5242322036115));
#4352=CARTESIAN_POINT('Ctrl Pts',(-20.9430485515783,36.9030274744191,50.0768637825589));
#4353=CARTESIAN_POINT('Ctrl Pts',(-0.854961783573665,42.4230334099083,47.6294953615063));
#4354=CARTESIAN_POINT('Ctrl Pts',(19.4392157764123,37.7168610679302,45.1821269404537));
#4355=CARTESIAN_POINT('Ctrl Pts',(35.0475215814358,23.9189454104113,42.734758519401));
#4356=CARTESIAN_POINT('Ctrl Pts',(42.2075352682159,4.35530771599405,40.2873900983484));
#4357=CARTESIAN_POINT('Ctrl Pts',(39.1933161498958,-16.2581867418224,37.8400216772958));
#4358=CARTESIAN_POINT('Ctrl Pts',(26.7314523612727,-32.9526068128499,35.3926532562431));
#4359=CARTESIAN_POINT('Ctrl Pts',(7.82590095499944,-41.7037143300772,32.9452848351905));
#4360=CARTESIAN_POINT('Ctrl Pts',(-12.9660946744069,-40.4020463390997,30.4979164141379));
#4361=CARTESIAN_POINT('Ctrl Pts',(-30.6325987549224,-29.3613457177829,28.0505479930853));
#4362=CARTESIAN_POINT('Ctrl Pts',(-40.9150015401443,-11.243057255373,25.6031795720326));
#4363=CARTESIAN_POINT('Ctrl Pts',(-41.334816671289,9.58547598618592,23.15581115098));
#4364=CARTESIAN_POINT('Ctrl Pts',(-31.7906157121646,28.1032467134197,20.7084427299274));
#4365=CARTESIAN_POINT('Ctrl Pts',(-14.5835262329727,39.8469872146347,18.2610743088747));
#4366=CARTESIAN_POINT('Ctrl Pts',(6.13961301884548,41.98483943625,15.8137058878221));
#4367=CARTESIAN_POINT('Ctrl Pts',(25.3814301659108,34.0035243301735,13.3663374667695));
#4368=CARTESIAN_POINT('Ctrl Pts',(38.5077540401895,17.8227149246707,10.9189690457169));
#4369=CARTESIAN_POINT('Ctrl Pts',(41.064661981596,4.17579851520393,9.28739009834846));
#4370=CARTESIAN_POINT('Ctrl Pts',(40.6439407880534,-2.54449651440612,8.47160062466424));
#4371=CARTESIAN_POINT('Ctrl Pts',(37.9333794901973,-2.37480298467572,102.778790096455));
#4372=CARTESIAN_POINT('Ctrl Pts',(37.5407100279798,-8.64702001515097,101.963000622771));
#4373=CARTESIAN_POINT('Ctrl Pts',(33.5844520869494,-20.9865926463177,100.331421675403));
#4374=CARTESIAN_POINT('Ctrl Pts',(19.5456719166249,-34.4425282969596,97.88405325435));
#4375=CARTESIAN_POINT('Ctrl Pts',(0.798273611011607,-39.5935693555294,95.4366848332974));
#4376=CARTESIAN_POINT('Ctrl Pts',(-18.1429754926888,-35.2016580290699,92.9893164122448));
#4377=CARTESIAN_POINT('Ctrl Pts',(-32.7101254916352,-22.3237267673595,90.5419479911921));
#4378=CARTESIAN_POINT('Ctrl Pts',(-39.3927539839099,-4.06488420911588,88.0945795701396));
#4379=CARTESIAN_POINT('Ctrl Pts',(-36.5794970952621,15.173944660708,85.6472111490868));
#4380=CARTESIAN_POINT('Ctrl Pts',(-24.9487407961254,30.7549901032118,83.1998427280344));
#4381=CARTESIAN_POINT('Ctrl Pts',(-7.30398937633879,38.9225006039284,80.7524743069815));
#4382=CARTESIAN_POINT('Ctrl Pts',(12.10138800293,37.7076294171544,78.305105885929));
#4383=CARTESIAN_POINT('Ctrl Pts',(28.5897047982299,27.4032476321949,75.8577374648763));
#4384=CARTESIAN_POINT('Ctrl Pts',(38.186397355608,10.4932408361816,73.4103690438237));
#4385=CARTESIAN_POINT('Ctrl Pts',(38.5781656445603,-8.94618605537665,70.9630006227711));
#4386=CARTESIAN_POINT('Ctrl Pts',(29.6705696864945,-26.229113338887,68.5156322017185));
#4387=CARTESIAN_POINT('Ctrl Pts',(13.6108093203005,-37.1894469119501,66.0682637806658));
#4388=CARTESIAN_POINT('Ctrl Pts',(-5.72987088042941,-39.1851716322133,63.6208953596132));
#4389=CARTESIAN_POINT('Ctrl Pts',(-23.6893512698685,-31.7352127614267,61.1735269385606));
#4390=CARTESIAN_POINT('Ctrl Pts',(-35.9384544325388,-16.6354016396695,58.7261585175079));
#4391=CARTESIAN_POINT('Ctrl Pts',(-39.5245033594066,2.47441461338819,56.2787900964553));
#4392=CARTESIAN_POINT('Ctrl Pts',(-33.5830720625181,20.9877670455078,53.8314216754027));
#4393=CARTESIAN_POINT('Ctrl Pts',(-19.5463573353764,34.4419657905587,51.3840532543501));
#4394=CARTESIAN_POINT('Ctrl Pts',(-0.797944410555642,39.5938427141149,48.9366848332974));
#4395=CARTESIAN_POINT('Ctrl Pts',(18.1428151185407,35.2015248468696,46.4893164122448));
#4396=CARTESIAN_POINT('Ctrl Pts',(32.7102035244296,22.3237917356282,44.0419479911921));
#4397=CARTESIAN_POINT('Ctrl Pts',(39.3927161360421,4.06485237883925,41.5945795701396));
#4398=CARTESIAN_POINT('Ctrl Pts',(36.5795151888906,-15.1739287856579,39.1472111490869));
#4399=CARTESIAN_POINT('Ctrl Pts',(24.9487326893775,-30.7549985926729,36.6998427280343));
#4400=CARTESIAN_POINT('Ctrl Pts',(7.30399187236468,-38.9224949173011,34.2524743069817));
#4401=CARTESIAN_POINT('Ctrl Pts',(-12.1013862356312,-37.7076353706853,31.805105885929));
#4402=CARTESIAN_POINT('Ctrl Pts',(-28.5897117828714,-27.4032381979438,29.3577374648764));
#4403=CARTESIAN_POINT('Ctrl Pts',(-38.1863813831971,-10.4932588439215,26.9103690438238));
#4404=CARTESIAN_POINT('Ctrl Pts',(-38.5781992270271,8.9462223575188,24.4630006227711));
#4405=CARTESIAN_POINT('Ctrl Pts',(-29.6705003658486,26.2290391456193,22.0156322017185));
#4406=CARTESIAN_POINT('Ctrl Pts',(-13.6109518317101,37.189599056171,19.5682637806659));
#4407=CARTESIAN_POINT('Ctrl Pts',(5.7301634170965,39.1848593500414,17.1208953596133));
#4408=CARTESIAN_POINT('Ctrl Pts',(23.6887413588896,31.7358563613908,14.6735269385606));
#4409=CARTESIAN_POINT('Ctrl Pts',(35.9396772102063,16.6340642931682,12.226158517508));
#4410=CARTESIAN_POINT('Ctrl Pts',(38.3260489524147,3.89741404579955,10.5945795701396));
#4411=CARTESIAN_POINT('Ctrl Pts',(37.9333794901973,-2.3748029846757,9.77879009645537));
#4412=CARTESIAN_POINT('Ctrl Pts',(34.9233040730948,-2.1863585017242,102.778956750393));
#4413=CARTESIAN_POINT('Ctrl Pts',(34.5617980626688,-7.960793168501,101.963167276709));
#4414=CARTESIAN_POINT('Ctrl Pts',(30.9194520831097,-19.3213030611798,100.33158832934));
#4415=CARTESIAN_POINT('Ctrl Pts',(17.9946881222223,-31.7094278292195,97.8842199082878));
#4416=CARTESIAN_POINT('Ctrl Pts',(0.7349272275192,-36.4517504119956,95.4368514872352));
#4417=CARTESIAN_POINT('Ctrl Pts',(-16.7032937977819,-32.4083329282688,92.9894830661826));
#4418=CARTESIAN_POINT('Ctrl Pts',(-30.1145130758081,-20.5522971756117,90.5421146451299));
#4419=CARTESIAN_POINT('Ctrl Pts',(-36.266861207683,-3.74232663821516,88.0947462240773));
#4420=CARTESIAN_POINT('Ctrl Pts',(-33.6768421003569,13.9698617930602,85.6473778030247));
#4421=CARTESIAN_POINT('Ctrl Pts',(-22.9690090562714,28.3145213406149,83.200009381972));
#4422=CARTESIAN_POINT('Ctrl Pts',(-6.72440346647875,35.8339234507517,80.7526409609194));
#4423=CARTESIAN_POINT('Ctrl Pts',(11.1411190566649,34.7154548572468,78.3052725398668));
#4424=CARTESIAN_POINT('Ctrl Pts',(26.3210554417674,25.2287459652992,75.8579041188141));
#4425=CARTESIAN_POINT('Ctrl Pts',(35.1562315634114,9.6605815347626,73.4105356977615));
#4426=CARTESIAN_POINT('Ctrl Pts',(35.5169122633512,-8.23628858907496,70.9631672767088));
#4427=CARTESIAN_POINT('Ctrl Pts',(27.316151579986,-24.1477815637513,68.5157988556562));
#4428=CARTESIAN_POINT('Ctrl Pts',(12.5307648093555,-34.2383910985899,66.0684304346036));
#4429=CARTESIAN_POINT('Ctrl Pts',(-5.27519434742563,-36.0757511316818,63.6210620135509));
#4430=CARTESIAN_POINT('Ctrl Pts',(-21.8095546173645,-29.2169611626363,61.1736935924983));
#4431=CARTESIAN_POINT('Ctrl Pts',(-33.0866673332378,-15.315349774863,58.7263251714457));
#4432=CARTESIAN_POINT('Ctrl Pts',(-36.388156219167,2.27806494326334,56.2789567503931));
#4433=CARTESIAN_POINT('Ctrl Pts',(-30.9181891905505,19.3223464186952,53.8315883293405));
#4434=CARTESIAN_POINT('Ctrl Pts',(-17.9953154064595,31.7089280110326,51.3842199082878));
#4435=CARTESIAN_POINT('Ctrl Pts',(-0.734625950868187,36.4519933588063,48.9368514872353));
#4436=CARTESIAN_POINT('Ctrl Pts',(16.7031470270546,32.4082145623603,46.4894830661825));
#4437=CARTESIAN_POINT('Ctrl Pts',(30.1145844893648,20.5523549167566,44.04211464513));
#4438=CARTESIAN_POINT('Ctrl Pts',(36.2668265708294,3.7422983481409,41.5947462240773));
#4439=CARTESIAN_POINT('Ctrl Pts',(33.6768586578535,-13.9698476823822,39.1473778030247));
#4440=CARTESIAN_POINT('Ctrl Pts',(22.9690016400126,-28.3145288890932,36.700009381972));
#4441=CARTESIAN_POINT('Ctrl Pts',(6.72440574492079,-35.8339183896765,34.2526409609194));
#4442=CARTESIAN_POINT('Ctrl Pts',(-11.141117427232,-34.7154601629729,31.8052725398668));
#4443=CARTESIAN_POINT('Ctrl Pts',(-26.3210618586709,-25.2287375508017,29.3579041188142));
#4444=CARTESIAN_POINT('Ctrl Pts',(-35.1562168950851,-9.66059760031991,26.9105356977615));
#4445=CARTESIAN_POINT('Ctrl Pts',(-35.5169431014109,8.23632097817814,24.4631672767089));
#4446=CARTESIAN_POINT('Ctrl Pts',(-27.3160879255251,24.147715366731,22.0157988556563));
#4447=CARTESIAN_POINT('Ctrl Pts',(-12.5308956714533,34.2385268455826,19.5684304346036));
#4448=CARTESIAN_POINT('Ctrl Pts',(5.27546297128492,36.0754725064936,17.121062013551));
#4449=CARTESIAN_POINT('Ctrl Pts',(21.8089945684878,29.2175353133046,14.6736935924984));
#4450=CARTESIAN_POINT('Ctrl Pts',(33.0877902371661,15.3141570555798,12.2263251714457));
#4451=CARTESIAN_POINT('Ctrl Pts',(35.2848100835208,3.58807616505261,10.5947462240773));
#4452=CARTESIAN_POINT('Ctrl Pts',(34.9233040730948,-2.18635850172418,9.77895675039311));
#4453=CARTESIAN_POINT('Ctrl Pts',(32.2154124475797,-2.01683210568787,101.470748075346));
#4454=CARTESIAN_POINT('Ctrl Pts',(31.8819335307903,-7.34358231788573,100.654958601662));
#4455=CARTESIAN_POINT('Ctrl Pts',(28.5220267324522,-17.8231396049878,99.0233796542935));
#4456=CARTESIAN_POINT('Ctrl Pts',(16.5994138603042,-29.2507573760444,96.5760112332408));
#4457=CARTESIAN_POINT('Ctrl Pts',(0.677943852993082,-33.6253493955683,94.1286428121882));
#4458=CARTESIAN_POINT('Ctrl Pts',(-15.4081551643334,-29.8954602030756,91.6812743911356));
#4459=CARTESIAN_POINT('Ctrl Pts',(-27.7794948722052,-18.9587124152343,89.2339059700829));
#4460=CARTESIAN_POINT('Ctrl Pts',(-33.4548029757874,-3.45215504290156,86.7865375490304));
#4461=CARTESIAN_POINT('Ctrl Pts',(-31.0656084256917,12.8866676011382,84.3391691279776));
#4462=CARTESIAN_POINT('Ctrl Pts',(-21.1880390153044,26.1190709666093,81.8918007069252));
#4463=CARTESIAN_POINT('Ctrl Pts',(-6.20300692875813,33.0554342584316,79.4444322858723));
#4464=CARTESIAN_POINT('Ctrl Pts',(10.2772594167627,32.0236893036814,76.9970638648199));
#4465=CARTESIAN_POINT('Ctrl Pts',(24.2801745325654,23.2725605201707,74.5496954437671));
#4466=CARTESIAN_POINT('Ctrl Pts',(32.4302891251811,8.91151975096416,72.1023270227145));
#4467=CARTESIAN_POINT('Ctrl Pts',(32.7630033830314,-7.59766357838596,69.6549586016619));
#4468=CARTESIAN_POINT('Ctrl Pts',(25.1981129424784,-22.2754118731268,67.2075901806093));
#4469=CARTESIAN_POINT('Ctrl Pts',(11.5591548835244,-31.583616137492,64.7602217595567));
#4470=CARTESIAN_POINT('Ctrl Pts',(-4.86616654533895,-33.278511025722,62.312853338504));
#4471=CARTESIAN_POINT('Ctrl Pts',(-20.1184862689655,-26.9515376301776,59.8654849174514));
#4472=CARTESIAN_POINT('Ctrl Pts',(-30.5211946832812,-14.1278288144347,57.4181164963987));
#4473=CARTESIAN_POINT('Ctrl Pts',(-33.566692859797,2.10142843744618,54.9707480753462));
#4474=CARTESIAN_POINT('Ctrl Pts',(-28.5208559095636,17.8241311174103,52.5233796542935));
#4475=CARTESIAN_POINT('Ctrl Pts',(-16.5999953810527,29.2502824556356,50.0760112332409));
#4476=CARTESIAN_POINT('Ctrl Pts',(-0.677664554172044,33.6255801985348,47.6286428121882));
#4477=CARTESIAN_POINT('Ctrl Pts',(15.4080191003932,29.8953477541852,45.1812743911356));
#4478=CARTESIAN_POINT('Ctrl Pts',(27.7795610764104,18.9587672695595,42.7339059700829));
#4479=CARTESIAN_POINT('Ctrl Pts',(33.454770865163,3.4521281677107,40.2865375490303));
#4480=CARTESIAN_POINT('Ctrl Pts',(31.0656237763966,-12.8866541971936,37.8391691279777));
#4481=CARTESIAN_POINT('Ctrl Pts',(21.1880321378539,-26.1190781349977,35.3918007069251));
#4482=CARTESIAN_POINT('Ctrl Pts',(6.20300904551766,-33.0554294559817,32.9444322858724));
#4483=CARTESIAN_POINT('Ctrl Pts',(-10.277257915494,-32.0236943326364,30.4970638648198));
#4484=CARTESIAN_POINT('Ctrl Pts',(-24.2801804622727,-23.2725525499957,28.0496954437671));
#4485=CARTESIAN_POINT('Ctrl Pts',(-32.4302755660798,-8.91153496479476,25.6023270227146));
#4486=CARTESIAN_POINT('Ctrl Pts',(-32.7630318910515,7.5976942485811,23.1549586016619));
#4487=CARTESIAN_POINT('Ctrl Pts',(-25.1980540966489,22.2753491900978,20.7075901806093));
#4488=CARTESIAN_POINT('Ctrl Pts',(-11.5592758604068,31.583744678313,18.2602217595566));
#4489=CARTESIAN_POINT('Ctrl Pts',(4.86641487755676,33.2782471906402,15.812853338504));
#4490=CARTESIAN_POINT('Ctrl Pts',(20.1179685209943,26.952081369834,13.3654849174514));
#4491=CARTESIAN_POINT('Ctrl Pts',(30.5222327025615,14.1266990183938,10.9181164963988));
#4492=CARTESIAN_POINT('Ctrl Pts',(32.548891364369,3.30991810651001,9.28653754903033));
#4493=CARTESIAN_POINT('Ctrl Pts',(32.2154124475797,-2.01683210568785,8.47074807534612));
#4494=CARTESIAN_POINT('Ctrl Pts',(30.1248375184193,-1.88595255716936,98.8525831534793));
#4495=CARTESIAN_POINT('Ctrl Pts',(29.813006122878,-6.86692097448765,98.0367936797951));
#4496=CARTESIAN_POINT('Ctrl Pts',(26.6710998630028,-16.6665783909441,96.4052147324267));
#4497=CARTESIAN_POINT('Ctrl Pts',(15.5222132586932,-27.3525241450697,93.9578463113741));
#4498=CARTESIAN_POINT('Ctrl Pts',(0.633946449192144,-31.4432712717784,91.5104778903214));
#4499=CARTESIAN_POINT('Ctrl Pts',(-14.4082533220205,-27.9554105777723,89.0631094692688));
#4500=CARTESIAN_POINT('Ctrl Pts',(-25.9767663515268,-17.728404366536,86.6157410482161));
#4501=CARTESIAN_POINT('Ctrl Pts',(-31.2837786839578,-3.2281285286048,84.1683726271635));
#4502=CARTESIAN_POINT('Ctrl Pts',(-29.0496295689794,12.050396365908,81.7210042061108));
#4503=CARTESIAN_POINT('Ctrl Pts',(-19.8130572760784,24.4240941035726,79.2736357850582));
#4504=CARTESIAN_POINT('Ctrl Pts',(-5.80046755262301,30.91032683573,76.8262673640056));
#4505=CARTESIAN_POINT('Ctrl Pts',(9.61032450784231,29.9455364493701,74.378898942953));
#4506=CARTESIAN_POINT('Ctrl Pts',(22.7045310794842,21.7623053778922,71.9315305219003));
#4507=CARTESIAN_POINT('Ctrl Pts',(30.3257502024307,8.33321348072497,69.4841621008477));
#4508=CARTESIAN_POINT('Ctrl Pts',(30.6368732154483,-7.10461899380213,67.0367936797951));
#4509=CARTESIAN_POINT('Ctrl Pts',(23.5629005847628,-20.8298659706663,64.5894252587425));
#4510=CARTESIAN_POINT('Ctrl Pts',(10.8090323256356,-29.5340214119121,62.1420568376898));
#4511=CARTESIAN_POINT('Ctrl Pts',(-4.55038037123955,-31.1189273829975,59.6946884166372));
#4512=CARTESIAN_POINT('Ctrl Pts',(-18.8129124167503,-25.2025381115741,57.2473199955846));
#4513=CARTESIAN_POINT('Ctrl Pts',(-28.5405449868265,-13.211014117345,54.7999515745319));
#4514=CARTESIAN_POINT('Ctrl Pts',(-31.3884078774957,1.96505783859722,52.3525831534793));
#4515=CARTESIAN_POINT('Ctrl Pts',(-26.6700166752081,16.6674476959694,49.9052147324266));
#4516=CARTESIAN_POINT('Ctrl Pts',(-15.5227513166838,27.3521076413877,47.4578463113741));
#4517=CARTESIAN_POINT('Ctrl Pts',(-0.633688028667488,31.4434737660068,45.0104778903214));
#4518=CARTESIAN_POINT('Ctrl Pts',(14.4081274291866,27.9553119202816,42.5631094692688));
#4519=CARTESIAN_POINT('Ctrl Pts',(25.9768276064114,17.7284524939465,40.1157410482162));
#4520=CARTESIAN_POINT('Ctrl Pts',(31.2837489746643,3.22810494822237,37.6683726271635));
#4521=CARTESIAN_POINT('Ctrl Pts',(29.0496437700773,-12.0503846032886,35.2210042061109));
#4522=CARTESIAN_POINT('Ctrl Pts',(19.8130509170954,-24.4241003981003,32.7736357850582));
#4523=CARTESIAN_POINT('Ctrl Pts',(5.80046950217716,-30.9103226114011,30.3262673640057));
#4524=CARTESIAN_POINT('Ctrl Pts',(-9.61032310037007,-29.9455408838641,27.878898942953));
#4525=CARTESIAN_POINT('Ctrl Pts',(-22.7045366037604,-21.7622983394181,25.4315305219004));
#4526=CARTESIAN_POINT('Ctrl Pts',(-30.3257375792536,-8.33322692266662,22.9841621008477));
#4527=CARTESIAN_POINT('Ctrl Pts',(-30.6368997518169,7.10464609542014,20.5367936797951));
#4528=CARTESIAN_POINT('Ctrl Pts',(-23.5628458106264,20.8298105793086,18.0894252587425));
#4529=CARTESIAN_POINT('Ctrl Pts',(-10.8091449308962,29.5341350004739,15.6420568376898));
#4530=CARTESIAN_POINT('Ctrl Pts',(4.55061151885495,31.1186942395653,13.1946884166372));
#4531=CARTESIAN_POINT('Ctrl Pts',(18.8124305064241,25.2030184699361,10.7473199955846));
#4532=CARTESIAN_POINT('Ctrl Pts',(28.5415112970193,13.2100165043755,8.29995157453197));
#4533=CARTESIAN_POINT('Ctrl Pts',(30.4366689139605,3.09501586014896,6.66837262716354));
#4534=CARTESIAN_POINT('Ctrl Pts',(30.1248375184193,-1.88595255716934,5.85258315347933));
#4535=CARTESIAN_POINT('Ctrl Pts',(29.669681693539,-1.85745772159328,95.8158923641762));
#4536=CARTESIAN_POINT('Ctrl Pts',(29.3625601853507,-6.76319381628627,95.0001028904919));
#4537=CARTESIAN_POINT('Ctrl Pts',(26.268133181436,-16.4147525160572,93.3685239431235));
#4538=CARTESIAN_POINT('Ctrl Pts',(15.2876893328473,-26.9392655786739,90.9211555220708));
#4539=CARTESIAN_POINT('Ctrl Pts',(0.624368884088781,-30.9681969094359,88.4737871010183));
#4540=CARTESIAN_POINT('Ctrl Pts',(-14.1905616529915,-27.5330382721062,86.0264186799656));
#4541=CARTESIAN_POINT('Ctrl Pts',(-25.5842874287158,-17.4605480411024,83.579050258913));
#4542=CARTESIAN_POINT('Ctrl Pts',(-30.8111171898905,-3.17935560751083,81.1316818378604));
#4543=CARTESIAN_POINT('Ctrl Pts',(-28.6107233653339,11.8683290422379,78.6843134168077));
#4544=CARTESIAN_POINT('Ctrl Pts',(-19.5137050063148,24.0550743211526,76.2369449957551));
#4545=CARTESIAN_POINT('Ctrl Pts',(-5.71282921542334,30.4433077333513,73.7895765747024));
#4546=CARTESIAN_POINT('Ctrl Pts',(9.46512366065583,29.4930941487737,71.3422081536499));
#4547=CARTESIAN_POINT('Ctrl Pts',(22.3614919830691,21.433502225314,68.8948397325972));
#4548=CARTESIAN_POINT('Ctrl Pts',(29.8675633324265,8.20730829747254,66.4474713115445));
#4549=CARTESIAN_POINT('Ctrl Pts',(30.173985639464,-6.99727644892656,64.000102890492));
#4550=CARTESIAN_POINT('Ctrl Pts',(23.2068925196973,-20.5151508861636,61.5527344694393));
#4551=CARTESIAN_POINT('Ctrl Pts',(10.6457203995641,-29.0877966449484,59.1053660483867));
#4552=CARTESIAN_POINT('Ctrl Pts',(-4.48162940812701,-30.6487565281265,56.657997627334));
#4553=CARTESIAN_POINT('Ctrl Pts',(-18.5286711570659,-24.8217570276573,54.2106292062814));
#4554=CARTESIAN_POINT('Ctrl Pts',(-28.1093304955038,-13.0114110356966,51.7632607852287));
#4555=CARTESIAN_POINT('Ctrl Pts',(-30.9141654850232,1.9353680966275,49.3158923641761));
#4556=CARTESIAN_POINT('Ctrl Pts',(-26.2670636944706,16.4156219168185,46.8685239431235));
#4557=CARTESIAN_POINT('Ctrl Pts',(-15.2882205704558,26.9388490581138,44.4211555220709));
#4558=CARTESIAN_POINT('Ctrl Pts',(-0.624113738462283,30.9683993921808,41.9737871010182));
#4559=CARTESIAN_POINT('Ctrl Pts',(14.1904373555701,27.5329396204112,39.5264186799656));
#4560=CARTESIAN_POINT('Ctrl Pts',(25.5843479074223,17.460596165504,37.0790502589129));
#4561=CARTESIAN_POINT('Ctrl Pts',(30.811087856869,3.17933202883642,34.6316818378604));
#4562=CARTESIAN_POINT('Ctrl Pts',(28.6107373869507,-11.8683172809466,32.1843134168077));
#4563=CARTESIAN_POINT('Ctrl Pts',(19.5136987269099,-24.0550806140158,29.7369449957551));
#4564=CARTESIAN_POINT('Ctrl Pts',(5.71283114234455,-30.4433035119219,27.2895765747024));
#4565=CARTESIAN_POINT('Ctrl Pts',(-9.46512227527822,-29.4930985775682,24.8422081536498));
#4566=CARTESIAN_POINT('Ctrl Pts',(-22.361497428596,-21.4334951984165,22.3948397325972));
#4567=CARTESIAN_POINT('Ctrl Pts',(-29.8675508871635,-8.20732171571158,19.9474713115445));
#4568=CARTESIAN_POINT('Ctrl Pts',(-30.1740118027116,6.99730350192115,17.5001028904919));
#4569=CARTESIAN_POINT('Ctrl Pts',(-23.2068385153032,20.5150955945965,15.0527344694393));
#4570=CARTESIAN_POINT('Ctrl Pts',(-10.6458314225922,29.0879100287794,12.6053660483867));
#4571=CARTESIAN_POINT('Ctrl Pts',(4.48185730784712,30.6485238045344,10.157997627334));
#4572=CARTESIAN_POINT('Ctrl Pts',(18.5281960159728,24.8222365521253,7.71062920628139));
#4573=CARTESIAN_POINT('Ctrl Pts',(28.110283199904,13.0104150365105,5.26326078522876));
#4574=CARTESIAN_POINT('Ctrl Pts',(29.9768032017273,3.04827837309973,3.63168183786034));
#4575=CARTESIAN_POINT('Ctrl Pts',(29.669681693539,-1.85745772159326,2.81589236417613));
#4576=CARTESIAN_POINT('Ctrl Pts',(30.5475785485452,-1.91241807839579,92.9740996502067));
#4577=CARTESIAN_POINT('Ctrl Pts',(30.2313549390137,-6.96354453457813,92.1583101765225));
#4578=CARTESIAN_POINT('Ctrl Pts',(27.0454438223196,-16.9003486287424,90.5267312291541));
#4579=CARTESIAN_POINT('Ctrl Pts',(15.7400466077599,-27.7364694043948,88.0793628081015));
#4580=CARTESIAN_POINT('Ctrl Pts',(0.64285012308573,-31.8845311088316,85.6319943870488));
#4581=CARTESIAN_POINT('Ctrl Pts',(-14.6104695407088,-28.3477669770144,83.1846259659962));
#4582=CARTESIAN_POINT('Ctrl Pts',(-26.3413364559246,-17.9772066496858,80.7372575449435));
#4583=CARTESIAN_POINT('Ctrl Pts',(-31.722832507887,-3.27343744495429,78.2898891238909));
#4584=CARTESIAN_POINT('Ctrl Pts',(-29.4573270410003,12.2195197724793,75.8425207028383));
#4585=CARTESIAN_POINT('Ctrl Pts',(-20.0911243628415,24.7668738688318,73.3951522817857));
#4586=CARTESIAN_POINT('Ctrl Pts',(-5.88187428964814,31.3441391064762,70.947783860733));
#4587=CARTESIAN_POINT('Ctrl Pts',(9.74520083384613,30.3658077137155,68.5004154396805));
#4588=CARTESIAN_POINT('Ctrl Pts',(23.0231784777752,22.0677291627756,66.0530470186277));
#4589=CARTESIAN_POINT('Ctrl Pts',(30.7513577831953,8.45016614991678,63.6056785975752));
#4590=CARTESIAN_POINT('Ctrl Pts',(31.0668472758782,-7.20432894431453,61.1583101765225));
#4591=CARTESIAN_POINT('Ctrl Pts',(23.8935947707935,-21.1222033198235,58.7109417554699));
#4592=CARTESIAN_POINT('Ctrl Pts',(10.9607319938204,-29.9485174572513,56.2635733344172));
#4593=CARTESIAN_POINT('Ctrl Pts',(-4.61424281262161,-31.5556668439426,53.8162049133646));
#4594=CARTESIAN_POINT('Ctrl Pts',(-19.0769427628693,-25.5562438375468,51.368836492312));
#4595=CARTESIAN_POINT('Ctrl Pts',(-28.9410980652243,-13.3964244656091,48.9214680712593));
#4596=CARTESIAN_POINT('Ctrl Pts',(-31.8289293671836,1.99263649788316,46.4740996502067));
#4597=CARTESIAN_POINT('Ctrl Pts',(-27.0443177715461,16.9013674581477,44.0267312291541));
#4598=CARTESIAN_POINT('Ctrl Pts',(-15.740605804822,27.7359815611265,41.5793628081015));
#4599=CARTESIAN_POINT('Ctrl Pts',(-0.642581541288867,31.8847680823073,39.1319943870488));
#4600=CARTESIAN_POINT('Ctrl Pts',(14.6103386977278,28.3476515229272,36.6846259659962));
#4601=CARTESIAN_POINT('Ctrl Pts',(26.341400120324,17.9772629689796,34.2372575449435));
#4602=CARTESIAN_POINT('Ctrl Pts',(31.7228016280528,3.27340985332423,31.789889123891));
#4603=CARTESIAN_POINT('Ctrl Pts',(29.4573418055388,-12.2195060138675,29.3425207028383));
#4604=CARTESIAN_POINT('Ctrl Pts',(20.09111774336,-24.766881221574,26.8951522817857));
#4605=CARTESIAN_POINT('Ctrl Pts',(5.8818763373801,-31.3441341904686,24.447783860733));
#4606=CARTESIAN_POINT('Ctrl Pts',(-9.74519941522906,-30.3658128467324,22.0004154396804));
#4607=CARTESIAN_POINT('Ctrl Pts',(-23.023184128535,-22.0677210418603,19.5530470186278));
#4608=CARTESIAN_POINT('Ctrl Pts',(-30.7513448499178,-8.45018164253852,17.1056785975751));
#4609=CARTESIAN_POINT('Ctrl Pts',(-31.0668744733637,7.20436017185032,14.6583101765225));
#4610=CARTESIAN_POINT('Ctrl Pts',(-23.8935386276501,21.1221395000297,12.2109417554699));
#4611=CARTESIAN_POINT('Ctrl Pts',(-10.9608474157001,29.9486483286445,9.76357333441725));
#4612=CARTESIAN_POINT('Ctrl Pts',(4.6144797419065,31.555398223162,7.31620491336462));
#4613=CARTESIAN_POINT('Ctrl Pts',(19.0764487760231,25.5567976149429,4.86883649231199));
#4614=CARTESIAN_POINT('Ctrl Pts',(28.9420882549901,13.3952731498708,2.42146807125936));
#4615=CARTESIAN_POINT('Ctrl Pts',(30.8638021580766,3.13870837778658,0.789889123890941));
#4616=CARTESIAN_POINT('Ctrl Pts',(30.5475785485452,-1.91241807839576,-0.0259003497932691));
#4617=CARTESIAN_POINT('Ctrl Pts',(32.2127255236867,-2.01666389196776,90.878957008053));
#4618=CARTESIAN_POINT('Ctrl Pts',(31.8792820989574,-7.34284717975523,90.0631675343688));
#4619=CARTESIAN_POINT('Ctrl Pts',(28.5196152726647,-17.8217055706785,88.4315885870004));
#4620=CARTESIAN_POINT('Ctrl Pts',(16.5980244154285,-29.2482668078232,85.9842201659477));
#4621=CARTESIAN_POINT('Ctrl Pts',(0.677883764883713,-33.6225367409214,83.5368517448951));
#4622=CARTESIAN_POINT('Ctrl Pts',(-15.4068579886061,-29.892939026363,81.0894833238424));
#4623=CARTESIAN_POINT('Ctrl Pts',(-27.7771596189684,-18.9571217095404,78.6421149027898));
#4624=CARTESIAN_POINT('Ctrl Pts',(-33.4519893977029,-3.45186302736873,76.1947464817372));
#4625=CARTESIAN_POINT('Ctrl Pts',(-31.0629962850321,12.8855831188938,73.7473780606846));
#4626=CARTESIAN_POINT('Ctrl Pts',(-21.1862572237516,26.1168750169028,71.300009639632));
#4627=CARTESIAN_POINT('Ctrl Pts',(-6.20248535765571,33.0526544201745,68.8526412185793));
#4628=CARTESIAN_POINT('Ctrl Pts',(10.2763952197241,32.0209965213825,66.4052727975267));
#4629=CARTESIAN_POINT('Ctrl Pts',(24.2781327973638,23.2706034779481,63.9579043764741));
#4630=CARTESIAN_POINT('Ctrl Pts',(32.4275620595107,8.91077040226529,61.5105359554214));
#4631=CARTESIAN_POINT('Ctrl Pts',(32.7602483322633,-7.59702470033853,59.0631675343688));
#4632=CARTESIAN_POINT('Ctrl Pts',(25.1959940285272,-22.2735387231837,56.6157991133162));
#4633=CARTESIAN_POINT('Ctrl Pts',(11.5581828709951,-31.5809602666415,54.1684306922635));
#4634=CARTESIAN_POINT('Ctrl Pts',(-4.86575734801152,-33.2757126268375,51.7210622712109));
#4635=CARTESIAN_POINT('Ctrl Pts',(-20.1167945009866,-26.9492712698092,49.2736938501583));
#4636=CARTESIAN_POINT('Ctrl Pts',(-30.5186281489692,-14.1266408018445,46.8263254291056));
#4637=CARTESIAN_POINT('Ctrl Pts',(-33.5638702289592,2.10125172785088,44.378957008053));
#4638=CARTESIAN_POINT('Ctrl Pts',(-28.5184575842264,17.822632281907,41.9315885870004));
#4639=CARTESIAN_POINT('Ctrl Pts',(-16.5985994837021,29.247822793301,39.4842201659477));
#4640=CARTESIAN_POINT('Ctrl Pts',(-0.677607569096869,33.6227526145006,37.0368517448951));
#4641=CARTESIAN_POINT('Ctrl Pts',(15.4067234363269,29.8928338502572,34.5894833238425));
#4642=CARTESIAN_POINT('Ctrl Pts',(27.777225087205,18.9571730169214,32.1421149027898));
#4643=CARTESIAN_POINT('Ctrl Pts',(33.4519576449266,3.45183788888586,29.6947464817372));
#4644=CARTESIAN_POINT('Ctrl Pts',(31.0630114628374,-12.8855705789437,27.2473780606846));
#4645=CARTESIAN_POINT('Ctrl Pts',(21.1862504275872,-26.1168817276082,24.8000096396319));
#4646=CARTESIAN_POINT('Ctrl Pts',(6.20248744086291,-33.0526499161609,22.3526412185793));
#4647=CARTESIAN_POINT('Ctrl Pts',(-10.2763937145248,-32.0210012500466,19.9052727975267));
#4648=CARTESIAN_POINT('Ctrl Pts',(-24.2781387035019,-23.2705959720204,17.4579043764741));
#4649=CARTESIAN_POINT('Ctrl Pts',(-32.4275485642013,-8.91078473728343,15.0105359554214));
#4650=CARTESIAN_POINT('Ctrl Pts',(-32.7602767018322,7.59705360275506,12.5631675343688));
#4651=CARTESIAN_POINT('Ctrl Pts',(-25.1959354705439,22.2734796511943,10.1157991133162));
#4652=CARTESIAN_POINT('Ctrl Pts',(-11.5583032550837,31.5810814029293,7.66843069226351));
#4653=CARTESIAN_POINT('Ctrl Pts',(4.86600446342181,33.2754639915848,5.22106227121089));
#4654=CARTESIAN_POINT('Ctrl Pts',(20.1162793005168,26.9497835401394,2.77369385015825));
#4655=CARTESIAN_POINT('Ctrl Pts',(30.5196612183797,14.1255769391587,0.326325429105631));
#4656=CARTESIAN_POINT('Ctrl Pts',(32.546168948416,3.30951939581974,-1.30525351826279));
#4657=CARTESIAN_POINT('Ctrl Pts',(32.2127255236867,-2.01666389196773,-2.121042991947));
#4658=CARTESIAN_POINT('Ctrl Pts',(34.9246473393704,-2.18644259633437,89.5708407629227));
#4659=CARTESIAN_POINT('Ctrl Pts',(34.5631229817662,-7.96117032762222,88.7550512892385));
#4660=CARTESIAN_POINT('Ctrl Pts',(30.9206601993068,-19.3220158456439,87.1234723418701));
#4661=CARTESIAN_POINT('Ctrl Pts',(17.9953831344253,-31.7106769350352,84.6761039208175));
#4662=CARTESIAN_POINT('Ctrl Pts',(0.734957545878315,-36.4531571741424,82.2287354997649));
#4663=CARTESIAN_POINT('Ctrl Pts',(-16.7039432394255,-32.4095955148331,79.7813670787122));
#4664=CARTESIAN_POINT('Ctrl Pts',(-30.1156819717968,-20.5530931561156,77.3339986576595));
#4665=CARTESIAN_POINT('Ctrl Pts',(-36.2682696225367,-3.74247294621444,74.886630236607));
#4666=CARTESIAN_POINT('Ctrl Pts',(-33.6781496407915,13.9704047156064,72.4392618155542));
#4667=CARTESIAN_POINT('Ctrl Pts',(-22.9699009706524,28.3156205308214,69.9918933945017));
#4668=CARTESIAN_POINT('Ctrl Pts',(-6.72466454505897,35.8353149642984,67.544524973449));
#4669=CARTESIAN_POINT('Ctrl Pts',(11.1415516444629,34.7168027702617,65.0971565523965));
#4670=CARTESIAN_POINT('Ctrl Pts',(26.3220774697862,25.2297256016506,62.6497881313438));
#4671=CARTESIAN_POINT('Ctrl Pts',(35.1575966447824,9.6609566329274,60.2024197102912));
#4672=CARTESIAN_POINT('Ctrl Pts',(35.518291353718,-8.2366083900908,57.7550512892385));
#4673=CARTESIAN_POINT('Ctrl Pts',(27.3172122403651,-24.1487192030526,55.3076828681859));
#4674=CARTESIAN_POINT('Ctrl Pts',(12.5312513677426,-34.2397205422782,52.8603144471332));
#4675=CARTESIAN_POINT('Ctrl Pts',(-5.27539917852448,-36.0771519206463,50.4129460260807));
#4676=CARTESIAN_POINT('Ctrl Pts',(-21.8104014622266,-29.2180956300117,47.965577605028));
#4677=CARTESIAN_POINT('Ctrl Pts',(-33.0879520581283,-15.3159444559386,45.5182091839754));
#4678=CARTESIAN_POINT('Ctrl Pts',(-36.3895691377682,2.27815339842754,43.0708407629227));
#4679=CARTESIAN_POINT('Ctrl Pts',(-30.9193897154128,19.3230966877677,40.6234723418701));
#4680=CARTESIAN_POINT('Ctrl Pts',(-17.996014147966,31.7101592391809,38.1761039208175));
#4681=CARTESIAN_POINT('Ctrl Pts',(-0.734654475780325,36.4534087569241,35.7287354997648));
#4682=CARTESIAN_POINT('Ctrl Pts',(16.7037955950102,32.4094729419498,33.2813670787122));
#4683=CARTESIAN_POINT('Ctrl Pts',(30.1157538107183,20.5531529490061,30.8339986576596));
#4684=CARTESIAN_POINT('Ctrl Pts',(36.2682347788586,3.74244365153383,28.3866302366069));
#4685=CARTESIAN_POINT('Ctrl Pts',(33.6781662982194,-13.9703901051472,25.9392618155543));
#4686=CARTESIAN_POINT('Ctrl Pts',(22.9698935074102,-28.3156283440478,23.4918933945016));
#4687=CARTESIAN_POINT('Ctrl Pts',(6.72466684289905,-35.8353097305925,21.0445249734491));
#4688=CARTESIAN_POINT('Ctrl Pts',(-11.141550017314,-34.7168082496898,18.5971565523964));
#4689=CARTESIAN_POINT('Ctrl Pts',(-26.3220839002868,-25.2297169186123,16.1497881313438));
#4690=CARTESIAN_POINT('Ctrl Pts',(-35.1575819396378,-9.66097320682704,13.7024197102911));
#4691=CARTESIAN_POINT('Ctrl Pts',(-35.5183222716925,8.23664180175151,11.2550512892385));
#4692=CARTESIAN_POINT('Ctrl Pts',(-27.317148419755,24.1486509172552,8.80768286818589));
#4693=CARTESIAN_POINT('Ctrl Pts',(-12.5313825720114,34.2398605723639,6.36031444713325));
#4694=CARTESIAN_POINT('Ctrl Pts',(5.27566850474637,36.0768645032381,3.91294602608062));
#4695=CARTESIAN_POINT('Ctrl Pts',(21.8098399428734,29.2186879838773,1.46557760502799));
#4696=CARTESIAN_POINT('Ctrl Pts',(33.0890778190255,15.3147135979354,-0.981790816024636));
#4697=CARTESIAN_POINT('Ctrl Pts',(35.2861716969747,3.5882851349535,-2.61336976339306));
#4698=CARTESIAN_POINT('Ctrl Pts',(34.9246473393704,-2.18644259633435,-3.42915923707727));
#4699=CARTESIAN_POINT('Ctrl Pts',(37.9328146776345,-2.37476762482701,89.5713893053099));
#4700=CARTESIAN_POINT('Ctrl Pts',(37.5401540434002,-8.64684364350556,88.7555998316256));
#4701=CARTESIAN_POINT('Ctrl Pts',(33.5839393771495,-20.9863005502727,87.1240208842571));
#4702=CARTESIAN_POINT('Ctrl Pts',(19.5453789589879,-34.4419956941459,84.6766524632047));
#4703=CARTESIAN_POINT('Ctrl Pts',(0.798260348891222,-39.5929766647572,82.2292840421519));
#4704=CARTESIAN_POINT('Ctrl Pts',(-18.1427006686473,-35.2011231167325,79.7819156210994));
#4705=CARTESIAN_POINT('Ctrl Pts',(-32.7096313431368,-22.323390704698,77.3345472000466));
#4706=CARTESIAN_POINT('Ctrl Pts',(-39.3921584016431,-4.06482209705438,74.8871787789941));
#4707=CARTESIAN_POINT('Ctrl Pts',(-36.578944242579,15.1737149719241,72.4398103579414));
#4708=CARTESIAN_POINT('Ctrl Pts',(-24.9483636488185,30.7545253827192,69.9924419368888));
#4709=CARTESIAN_POINT('Ctrl Pts',(-7.30387898834428,38.9219121907003,67.5450735158362));
#4710=CARTESIAN_POINT('Ctrl Pts',(12.1012050913122,37.7070594824416,65.0977050947836));
#4711=CARTESIAN_POINT('Ctrl Pts',(28.5892726446859,27.4028333980643,62.6503366737309));
#4712=CARTESIAN_POINT('Ctrl Pts',(38.1858201482061,10.4930822337851,60.2029682526782));
#4713=CARTESIAN_POINT('Ctrl Pts',(38.5775825126076,-8.94605083301124,57.7555998316257));
#4714=CARTESIAN_POINT('Ctrl Pts',(29.6701211992919,-26.2287168687066,55.308231410573));
#4715=CARTESIAN_POINT('Ctrl Pts',(13.6106035849141,-37.1888847732072,52.8608629895204));
#4716=CARTESIAN_POINT('Ctrl Pts',(-5.7297842700472,-39.1845793254213,50.4134945684677));
#4717=CARTESIAN_POINT('Ctrl Pts',(-23.6889931918183,-31.734733065755,47.9661261474151));
#4718=CARTESIAN_POINT('Ctrl Pts',(-35.9379112022054,-16.6351501859625,45.5187577263625));
#4719=CARTESIAN_POINT('Ctrl Pts',(-39.523905923935,2.47437721119621,43.0713893053099));
#4720=CARTESIAN_POINT('Ctrl Pts',(-33.5825644351487,20.9874498033042,40.6240208842572));
#4721=CARTESIAN_POINT('Ctrl Pts',(-19.5460618810214,34.4414451807705,38.1766524632046));
#4722=CARTESIAN_POINT('Ctrl Pts',(-0.797932349127358,39.5932442300164,35.7292840421519));
#4723=CARTESIAN_POINT('Ctrl Pts',(18.1425408794232,35.2009927567251,33.2819156210994));
#4724=CARTESIAN_POINT('Ctrl Pts',(32.7097090911539,22.3234542965807,30.8345472000467));
#4725=CARTESIAN_POINT('Ctrl Pts',(39.392120692243,4.06479094070427,28.3871787789941));
#4726=CARTESIAN_POINT('Ctrl Pts',(36.5789622693023,-15.173699432145,25.9398103579414));
#4727=CARTESIAN_POINT('Ctrl Pts',(24.9483555735302,-30.7545336945785,23.4924419368888));
#4728=CARTESIAN_POINT('Ctrl Pts',(7.30388147137398,-38.921906619878,21.0450735158362));
#4729=CARTESIAN_POINT('Ctrl Pts',(-12.1012033224649,-37.7070653194508,18.5977050947835));
#4730=CARTESIAN_POINT('Ctrl Pts',(-28.5892796202641,-27.4028241439519,16.1503366737309));
#4731=CARTESIAN_POINT('Ctrl Pts',(-38.1858042003628,-10.4930999005274,13.7029682526783));
#4732=CARTESIAN_POINT('Ctrl Pts',(-38.5776160417402,8.94608644921918,11.2555998316256));
#4733=CARTESIAN_POINT('Ctrl Pts',(-29.6700519895363,26.2286440765955,8.80823141057303));
#4734=CARTESIAN_POINT('Ctrl Pts',(-13.6107458679516,37.1890340443191,6.36086298952039));
#4735=CARTESIAN_POINT('Ctrl Pts',(5.73007633794277,39.1842729410917,3.91349456846776));
#4736=CARTESIAN_POINT('Ctrl Pts',(23.688384262289,31.7353644549445,1.46612614741513));
#4737=CARTESIAN_POINT('Ctrl Pts',(35.9391320733634,16.6338384231594,-0.981242273637496));
#4738=CARTESIAN_POINT('Ctrl Pts',(38.3254753118688,3.89730839385157,-2.61282122100592));
#4739=CARTESIAN_POINT('Ctrl Pts',(37.9328146776345,-2.37476762482698,-3.42861069469013));
#4740=CARTESIAN_POINT('Ctrl Pts',(40.6443517175527,-2.54452224047154,90.8781052235535));
#4741=CARTESIAN_POINT('Ctrl Pts',(40.2236241786596,-9.26491862610525,90.0623157498693));
#4742=CARTESIAN_POINT('Ctrl Pts',(35.9846010148858,-22.4864666364472,88.4307368025008));
#4743=CARTESIAN_POINT('Ctrl Pts',(20.9425329124247,-36.9039898498553,85.9833683814484));
#4744=CARTESIAN_POINT('Ctrl Pts',(0.855321395816769,-42.4231848393413,83.5359999603957));
#4745=CARTESIAN_POINT('Ctrl Pts',(-19.4395861095606,-37.717386236603,81.088631539343));
#4746=CARTESIAN_POINT('Ctrl Pts',(-35.047797952147,-23.9191233407582,78.6412631182904));
#4747=CARTESIAN_POINT('Ctrl Pts',(-42.2080085874692,-4.35538543466458,76.1938946972378));
#4748=CARTESIAN_POINT('Ctrl Pts',(-39.1936989302909,16.2583700004339,73.7465262761851));
#4749=CARTESIAN_POINT('Ctrl Pts',(-26.7317352221734,32.9529360522102,71.2991578551326));
#4750=CARTESIAN_POINT('Ctrl Pts',(-7.82597858048964,41.7041480290347,68.8517894340798));
#4751=CARTESIAN_POINT('Ctrl Pts',(12.9662295781226,40.4024546611772,66.4044210130274));
#4752=CARTESIAN_POINT('Ctrl Pts',(30.6329055370635,29.3616566308156,63.9570525919746));
#4753=CARTESIAN_POINT('Ctrl Pts',(40.9154383216762,11.2431540670656,61.5096841709221));
#4754=CARTESIAN_POINT('Ctrl Pts',(41.3352048408131,-9.58553698036991,59.0623157498693));
#4755=CARTESIAN_POINT('Ctrl Pts',(31.7910158586463,-28.1036113161299,56.6149473288168));
#4756=CARTESIAN_POINT('Ctrl Pts',(14.5835236567167,-39.8472395059117,54.1675789077641));
#4757=CARTESIAN_POINT('Ctrl Pts',(-6.13936361666089,-41.9855913080138,51.7202104867115));
#4758=CARTESIAN_POINT('Ctrl Pts',(-25.382341823732,-34.0032113580929,49.2728420656589));
#4759=CARTESIAN_POINT('Ctrl Pts',(-38.5068432067889,-17.8242724327148,46.8254736446062));
#4760=CARTESIAN_POINT('Ctrl Pts',(-42.3491738228873,2.65125189858533,44.3781052235536));
#4761=CARTESIAN_POINT('Ctrl Pts',(-35.9831303469573,22.4876853397975,41.930736802501));
#4762=CARTESIAN_POINT('Ctrl Pts',(-20.9432633947065,36.9034060419883,39.4833683814483));
#4763=CARTESIAN_POINT('Ctrl Pts',(-0.854970554182809,42.4234686046842,37.0359999603957));
#4764=CARTESIAN_POINT('Ctrl Pts',(19.4394151926271,37.7172479835971,34.5886315393431));
#4765=CARTESIAN_POINT('Ctrl Pts',(35.0478811144427,23.9191907831493,32.1412631182904));
#4766=CARTESIAN_POINT('Ctrl Pts',(42.2079682522061,4.35535239157387,29.6938946972378));
#4767=CARTESIAN_POINT('Ctrl Pts',(39.1937182119306,-16.2583535191742,27.2465262761852));
#4768=CARTESIAN_POINT('Ctrl Pts',(26.7317265854824,-32.952944868518,24.7991578551326));
#4769=CARTESIAN_POINT('Ctrl Pts',(7.82598123446266,-41.7041421184863,22.3517894340799));
#4770=CARTESIAN_POINT('Ctrl Pts',(-12.9662276820375,-40.40246085658,19.9044210130273));
#4771=CARTESIAN_POINT('Ctrl Pts',(-30.6329130067459,-29.3616468061752,17.4570525919747));
#4772=CARTESIAN_POINT('Ctrl Pts',(-40.9154212461367,-11.243172824451,15.009684170922));
#4773=CARTESIAN_POINT('Ctrl Pts',(-41.3352407399911,9.58557479608517,12.5623157498694));
#4774=CARTESIAN_POINT('Ctrl Pts',(-31.7909417571238,28.1035340283048,10.1149473288168));
#4775=CARTESIAN_POINT('Ctrl Pts',(-14.5836759961605,39.8473979962446,7.66757890776415));
#4776=CARTESIAN_POINT('Ctrl Pts',(6.13967632759616,41.9852660012464,5.22021048671153));
#4777=CARTESIAN_POINT('Ctrl Pts',(25.3816898578075,34.003881713538,2.7728420656589));
#4778=CARTESIAN_POINT('Ctrl Pts',(38.5081503945744,17.8228798228967,0.325473644606273));
#4779=CARTESIAN_POINT('Ctrl Pts',(41.0650792564457,4.1758741451622,-1.30610530276214));
#4780=CARTESIAN_POINT('Ctrl Pts',(40.6443517175527,-2.54452224047151,-2.12189477644636));
#4781=CARTESIAN_POINT('Ctrl Pts',(42.5198472149905,-2.66193683323706,93.235860097443));
#4782=CARTESIAN_POINT('Ctrl Pts',(42.0797039856411,-9.69246536831673,92.4200706237588));
#4783=CARTESIAN_POINT('Ctrl Pts',(37.6450835290355,-23.5240725262015,90.7884916763903));
#4784=CARTESIAN_POINT('Ctrl Pts',(21.9089074999752,-38.6069005493159,88.3411232553379));
#4785=CARTESIAN_POINT('Ctrl Pts',(0.894790143996288,-44.3807646317937,85.8937548342851));
#4786=CARTESIAN_POINT('Ctrl Pts',(-20.3366101148701,-39.4578254846211,83.4463864132325));
#4787=CARTESIAN_POINT('Ctrl Pts',(-36.665049569034,-25.0228508441778,80.9990179921798));
#4788=CARTESIAN_POINT('Ctrl Pts',(-44.1556624551043,-4.5563614702517,78.5516495711273));
#4789=CARTESIAN_POINT('Ctrl Pts',(-41.0022598502307,17.0085992696695,76.1042811500746));
#4790=CARTESIAN_POINT('Ctrl Pts',(-27.9652491449223,34.4735220597064,73.656912729022));
#4791=CARTESIAN_POINT('Ctrl Pts',(-8.18710190779661,43.6285516332535,71.2095443079694));
#4792=CARTESIAN_POINT('Ctrl Pts',(13.5645455585293,42.2667926348082,68.7621758869168));
#4793=CARTESIAN_POINT('Ctrl Pts',(32.0464357352094,30.7165261030894,66.3148074658642));
#4794=CARTESIAN_POINT('Ctrl Pts',(42.8034475232026,11.7619601465507,63.8674390448115));
#4795=CARTESIAN_POINT('Ctrl Pts',(43.2425838241234,-10.0278536871197,61.4200706237589));
#4796=CARTESIAN_POINT('Ctrl Pts',(33.2579861014476,-29.4004293147265,58.9727022027062));
#4797=CARTESIAN_POINT('Ctrl Pts',(15.2564683446705,-41.6859575533181,56.5253337816536));
#4798=CARTESIAN_POINT('Ctrl Pts',(-6.42265949429752,-43.9229818389626,54.077965360601));
#4799=CARTESIAN_POINT('Ctrl Pts',(-26.5535890817221,-35.572261540317,51.6305969395483));
#4800=CARTESIAN_POINT('Ctrl Pts',(-40.2837097715235,-18.6467588037206,49.1832285184957));
#4801=CARTESIAN_POINT('Ctrl Pts',(-44.3033415692527,2.77359173381737,46.7358600974431));
#4802=CARTESIAN_POINT('Ctrl Pts',(-37.6435422603525,23.5253610585158,44.2884916763905));
#4803=CARTESIAN_POINT('Ctrl Pts',(-21.9096730347247,38.606283319236,41.8411232553378));
#4804=CARTESIAN_POINT('Ctrl Pts',(-0.894422466256238,44.3810646228478,39.3937548342852));
#4805=CARTESIAN_POINT('Ctrl Pts',(20.3364309960193,39.4576793265027,36.9463864132326));
#4806=CARTESIAN_POINT('Ctrl Pts',(36.6651367221939,25.0229221426503,34.4990179921799));
#4807=CARTESIAN_POINT('Ctrl Pts',(44.1556201840107,4.55632653812281,32.0516495711273));
#4808=CARTESIAN_POINT('Ctrl Pts',(41.0022800576494,-17.0085818466647,29.6042811500747));
#4809=CARTESIAN_POINT('Ctrl Pts',(27.9652400927471,-34.4735313788374,27.156912729022));
#4810=CARTESIAN_POINT('Ctrl Pts',(8.18710469124474,-43.628545387371,24.7095443079694));
#4811=CARTESIAN_POINT('Ctrl Pts',(-13.564543575803,-42.2667991790751,22.2621758869168));
#4812=CARTESIAN_POINT('Ctrl Pts',(-32.0464435544197,-30.7165157277325,19.8148074658641));
#4813=CARTESIAN_POINT('Ctrl Pts',(-42.8034296465675,-11.7619799537914,17.3674390448116));
#4814=CARTESIAN_POINT('Ctrl Pts',(-43.2426214084152,10.0278936185608,14.9200706237589));
#4815=CARTESIAN_POINT('Ctrl Pts',(-33.2579085211534,29.4003477031868,12.4727022027063));
#4816=CARTESIAN_POINT('Ctrl Pts',(-15.2566278360623,41.6861249099858,10.0253337816537));
#4817=CARTESIAN_POINT('Ctrl Pts',(6.42298688620554,43.9226383333707,7.57796536060105));
#4818=CARTESIAN_POINT('Ctrl Pts',(26.5529065054509,35.5729694287675,5.13059693954841));
#4819=CARTESIAN_POINT('Ctrl Pts',(40.2850782997174,18.6452881048184,2.6832285184958));
#4820=CARTESIAN_POINT('Ctrl Pts',(42.95999044434,4.36859170184264,1.05164957112737));
#4821=CARTESIAN_POINT('Ctrl Pts',(42.5198472149905,-2.66193683323703,0.235860097443162));
#4822=CARTESIAN_POINT('Ctrl Pts',(42.9662399080887,-2.68988305669919,95.1952534182987));
#4823=CARTESIAN_POINT('Ctrl Pts',(42.5214776291293,-9.79419293821868,94.3794639446145));
#4824=CARTESIAN_POINT('Ctrl Pts',(38.0402912073806,-23.7710510694201,92.7478849972461));
#4825=CARTESIAN_POINT('Ctrl Pts',(22.1389160256953,-39.0122015850341,90.3005165761936));
#4826=CARTESIAN_POINT('Ctrl Pts',(0.9041832389052,-44.8466922025067,87.8531481551409));
#4827=CARTESIAN_POINT('Ctrl Pts',(-20.550110309883,-39.8720652694177,85.4057797340883));
#4828=CARTESIAN_POINT('Ctrl Pts',(-37.0499717037894,-25.2855499272468,82.9584113130357));
#4829=CARTESIAN_POINT('Ctrl Pts',(-44.6192233006629,-4.60419528031202,80.5110428919831));
#4830=CARTESIAN_POINT('Ctrl Pts',(-41.4327153418307,17.1871610453446,78.0636744709304));
#4831=CARTESIAN_POINT('Ctrl Pts',(-28.2588376737227,34.8354367305638,75.6163060498778));
#4832=CARTESIAN_POINT('Ctrl Pts',(-8.27305285419016,44.0865787291627,73.1689376288253));
#4833=CARTESIAN_POINT('Ctrl Pts',(13.7069507038653,42.7105235972948,70.7215692077726));
#4834=CARTESIAN_POINT('Ctrl Pts',(32.3828699444898,31.0389984671283,68.27420078672));
#4835=CARTESIAN_POINT('Ctrl Pts',(43.2528124470532,11.885441147412,65.8268323656674));
#4836=CARTESIAN_POINT('Ctrl Pts',(43.6965589462486,-10.1331294550587,63.3794639446148));
#4837=CARTESIAN_POINT('Ctrl Pts',(33.6071395746204,-29.7090848637137,60.9320955235622));
#4838=CARTESIAN_POINT('Ctrl Pts',(15.4166358571118,-42.1235906928412,58.4847271025096));
#4839=CARTESIAN_POINT('Ctrl Pts',(-6.49008672392146,-44.3841000074859,56.0373586814569));
#4840=CARTESIAN_POINT('Ctrl Pts',(-26.8323575501103,-35.9457110517461,53.5899902604044));
#4841=CARTESIAN_POINT('Ctrl Pts',(-40.7066216437294,-18.8425187205481,51.1426218393518));
#4842=CARTESIAN_POINT('Ctrl Pts',(-44.7684528818753,2.80270982844185,48.6952534182991));
#4843=CARTESIAN_POINT('Ctrl Pts',(-38.0387367701013,23.7723381751752,46.2478849972466));
#4844=CARTESIAN_POINT('Ctrl Pts',(-22.1396881176448,39.0115850070976,43.8005165761939));
#4845=CARTESIAN_POINT('Ctrl Pts',(-0.90381241273594,44.8469918977976,41.3531481551413));
#4846=CARTESIAN_POINT('Ctrl Pts',(20.5499296572302,39.8719192551812,38.9057797340887));
#4847=CARTESIAN_POINT('Ctrl Pts',(37.0500596031425,25.2856211557268,36.4584113130361));
#4848=CARTESIAN_POINT('Ctrl Pts',(44.6191806678554,4.60416038222365,34.0110428919835));
#4849=CARTESIAN_POINT('Ctrl Pts',(41.4327357217409,-17.1871436388055,31.5636744709309));
#4850=CARTESIAN_POINT('Ctrl Pts',(28.2588285451635,-34.8354460419152,29.1163060498782));
#4851=CARTESIAN_POINT('Ctrl Pts',(8.27305565914823,-44.0865724865736,26.6689376288256));
#4852=CARTESIAN_POINT('Ctrl Pts',(-13.7069486993863,-42.7105301409766,24.221569207773));
#4853=CARTESIAN_POINT('Ctrl Pts',(-32.382877840458,-31.0389880899636,21.7742007867204));
#4854=CARTESIAN_POINT('Ctrl Pts',(-43.2527943972198,-11.8854609598288,19.3268323656678));
#4855=CARTESIAN_POINT('Ctrl Pts',(-43.6965968936756,10.1331693978382,16.8794639446152));
#4856=CARTESIAN_POINT('Ctrl Pts',(-33.60706124523,29.7090032285544,14.4320955235626));
#4857=CARTESIAN_POINT('Ctrl Pts',(-15.4167968882744,42.1237580980466,11.9847271025099));
#4858=CARTESIAN_POINT('Ctrl Pts',(6.49041727656324,44.3837564026749,9.53735868145733));
#4859=CARTESIAN_POINT('Ctrl Pts',(26.8316683865026,35.9464191109612,7.08999026040474));
#4860=CARTESIAN_POINT('Ctrl Pts',(40.7080034156193,18.841047794675,4.64262183935212));
#4861=CARTESIAN_POINT('Ctrl Pts',(43.4110021870482,4.41442682482032,3.01104289198372));
#4862=CARTESIAN_POINT('Ctrl Pts',(42.9662399080887,-2.68988305669916,2.19525341829951));
#4863=CARTESIAN_POINT('Ctrl Pts',(42.9662539070595,-2.68988393309876,96.1749726357693));
#4864=CARTESIAN_POINT('Ctrl Pts',(42.5214911614074,-9.79420126922699,95.3591831620851));
#4865=CARTESIAN_POINT('Ctrl Pts',(38.0403049668845,-23.771056614026,93.7276042147167));
#4866=CARTESIAN_POINT('Ctrl Pts',(22.1389234472194,-39.0122164293235,91.2802357936642));
#4867=CARTESIAN_POINT('Ctrl Pts',(0.904183682033666,-44.8467071550805,88.8328673726114));
#4868=CARTESIAN_POINT('Ctrl Pts',(-20.5501175107857,-39.8720794231457,86.385498951559));
#4869=CARTESIAN_POINT('Ctrl Pts',(-37.0499845423629,-25.2855585618905,83.9381305305062));
#4870=CARTESIAN_POINT('Ctrl Pts',(-44.619238813944,-4.60419695177507,81.4907621094538));
#4871=CARTESIAN_POINT('Ctrl Pts',(-41.4327297260965,17.1871670504344,79.043393688401));
#4872=CARTESIAN_POINT('Ctrl Pts',(-28.2588474928907,34.835448813415,76.5960252673486));
#4873=CARTESIAN_POINT('Ctrl Pts',(-8.27305572608609,44.0865940508591,74.1486568462958));
#4874=CARTESIAN_POINT('Ctrl Pts',(13.7069554640949,42.7105384286054,71.7012884252433));
#4875=CARTESIAN_POINT('Ctrl Pts',(32.3828811929966,31.0390092504173,69.2539200041906));
#4876=CARTESIAN_POINT('Ctrl Pts',(43.2528274705944,11.8854452748206,66.8065515831381));
#4877=CARTESIAN_POINT('Ctrl Pts',(43.6965741242207,-10.1331329743021,64.3591831620854));
#4878=CARTESIAN_POINT('Ctrl Pts',(33.6071512479169,-29.7090951833083,61.9118147410328));
#4879=CARTESIAN_POINT('Ctrl Pts',(15.4166412120593,-42.1236053242388,59.4644463199802));
#4880=CARTESIAN_POINT('Ctrl Pts',(-6.49008897824582,-44.3841154242299,57.0170778989275));
#4881=CARTESIAN_POINT('Ctrl Pts',(-26.8323668702474,-35.9457235373611,54.569709477875));
#4882=CARTESIAN_POINT('Ctrl Pts',(-40.706635783061,-18.842525265453,52.1223410568224));
#4883=CARTESIAN_POINT('Ctrl Pts',(-44.7684684320676,2.80271080195499,49.6749726357698));
#4884=CARTESIAN_POINT('Ctrl Pts',(-38.0387499827495,23.772346432439,47.2276042147172));
#4885=CARTESIAN_POINT('Ctrl Pts',(-22.1396958077998,39.0115985576347,44.7802357936645));
#4886=CARTESIAN_POINT('Ctrl Pts',(-0.90381272667711,44.8470074753266,42.3328673726119));
#4887=CARTESIAN_POINT('Ctrl Pts',(20.5499367951986,39.8719331044651,39.8854989515593));
#4888=CARTESIAN_POINT('Ctrl Pts',(37.0500724723564,25.2856299388482,37.4381305305067));
#4889=CARTESIAN_POINT('Ctrl Pts',(44.6191961662381,4.6041619809869,34.9907621094541));
#4890=CARTESIAN_POINT('Ctrl Pts',(41.4327501132057,-17.1871496077279,32.5433936884015));
#4891=CARTESIAN_POINT('Ctrl Pts',(28.2588383609459,-34.835458143925,30.0960252673489));
#4892=CARTESIAN_POINT('Ctrl Pts',(8.2730585324438,-44.0865877957778,27.6486568462963));
#4893=CARTESIAN_POINT('Ctrl Pts',(-13.7069534597852,-42.7105449848565,25.2012884252437));
#4894=CARTESIAN_POINT('Ctrl Pts',(-32.3828890899344,-31.0389988538213,22.753920004191));
#4895=CARTESIAN_POINT('Ctrl Pts',(-43.2528094181291,-11.8854651240202,20.3065515831384));
#4896=CARTESIAN_POINT('Ctrl Pts',(-43.6966120773626,10.1331729910718,17.8591831620858));
#4897=CARTESIAN_POINT('Ctrl Pts',(-33.6070729066435,29.7090133970093,15.4118147410332));
#4898=CARTESIAN_POINT('Ctrl Pts',(-15.4168022676945,42.1237730393604,12.9644463199806));
#4899=CARTESIAN_POINT('Ctrl Pts',(6.49041958112156,44.3837711832309,10.517077898928));
#4900=CARTESIAN_POINT('Ctrl Pts',(26.8316776014636,35.9464329137306,8.06970947787538));
#4901=CARTESIAN_POINT('Ctrl Pts',(40.7080177592131,18.8410515798984,5.62234105682278));
#4902=CARTESIAN_POINT('Ctrl Pts',(43.4110166527115,4.41443340302949,3.99076210945438));
#4903=CARTESIAN_POINT('Ctrl Pts',(42.9662539070595,-2.68988393309873,3.17497263577017));
#4904=CARTESIAN_POINT('Ctrl Pts',(29.8914799604636,-1.87134330714791,3.175));
#4905=CARTESIAN_POINT('Ctrl Pts',(30.166795733479,2.52635105521616,3.175));
#4906=CARTESIAN_POINT('Ctrl Pts',(29.5894366771005,6.91472541854328,3.17500000097045));
#4907=CARTESIAN_POINT('Ctrl Pts',(27.1938059980469,14.1857438561343,3.17500000097045));
#4908=CARTESIAN_POINT('Ctrl Pts',(25.4408289098376,18.1583910080071,3.17500000000001));
#4909=CARTESIAN_POINT('Ctrl Pts',(18.6524148222101,26.8458451718773,3.17500000000001));
#4910=CARTESIAN_POINT('Ctrl Pts',(15.055563350102,29.6751064782018,3.17500000073412));
#4911=CARTESIAN_POINT('Ctrl Pts',(12.3547151004958,32.2548575905413,3.17500000073412));
#4912=CARTESIAN_POINT('Ctrl Pts',(11.8958708329902,32.7308478268554,3.175));
#4913=CARTESIAN_POINT('Ctrl Pts',(11.5587775564472,33.1686642239415,3.175));
#4914=CARTESIAN_POINT('',(42.9658835491805,-2.68986074700229,96.175));
#4915=CARTESIAN_POINT('Ctrl Pts',(42.9662539070595,-2.68988393309876,96.1749726357693));
#4916=CARTESIAN_POINT('Ctrl Pts',(42.5214911614074,-9.79420126922699,95.3591831620851));
#4917=CARTESIAN_POINT('Ctrl Pts',(38.0403049668845,-23.771056614026,93.7276042147167));
#4918=CARTESIAN_POINT('Ctrl Pts',(22.1389234472194,-39.0122164293235,91.2802357936642));
#4919=CARTESIAN_POINT('Ctrl Pts',(0.904183682033666,-44.8467071550805,88.8328673726114));
#4920=CARTESIAN_POINT('Ctrl Pts',(-20.5501175107857,-39.8720794231457,86.385498951559));
#4921=CARTESIAN_POINT('Ctrl Pts',(-37.0499845423629,-25.2855585618905,83.9381305305062));
#4922=CARTESIAN_POINT('Ctrl Pts',(-44.619238813944,-4.60419695177507,81.4907621094538));
#4923=CARTESIAN_POINT('Ctrl Pts',(-41.4327297260965,17.1871670504344,79.043393688401));
#4924=CARTESIAN_POINT('Ctrl Pts',(-28.2588474928907,34.835448813415,76.5960252673486));
#4925=CARTESIAN_POINT('Ctrl Pts',(-8.27305572608609,44.0865940508591,74.1486568462958));
#4926=CARTESIAN_POINT('Ctrl Pts',(13.7069554640949,42.7105384286054,71.7012884252433));
#4927=CARTESIAN_POINT('Ctrl Pts',(32.3828811929966,31.0390092504173,69.2539200041906));
#4928=CARTESIAN_POINT('Ctrl Pts',(43.2528274705944,11.8854452748206,66.8065515831381));
#4929=CARTESIAN_POINT('Ctrl Pts',(43.6965741242207,-10.1331329743021,64.3591831620854));
#4930=CARTESIAN_POINT('Ctrl Pts',(33.6071512479169,-29.7090951833083,61.9118147410328));
#4931=CARTESIAN_POINT('Ctrl Pts',(15.4166412120593,-42.1236053242388,59.4644463199802));
#4932=CARTESIAN_POINT('Ctrl Pts',(-6.49008897824582,-44.3841154242299,57.0170778989275));
#4933=CARTESIAN_POINT('Ctrl Pts',(-26.8323668702474,-35.9457235373611,54.569709477875));
#4934=CARTESIAN_POINT('Ctrl Pts',(-40.706635783061,-18.842525265453,52.1223410568224));
#4935=CARTESIAN_POINT('Ctrl Pts',(-44.7684684320676,2.80271080195499,49.6749726357698));
#4936=CARTESIAN_POINT('Ctrl Pts',(-38.0387499827495,23.772346432439,47.2276042147172));
#4937=CARTESIAN_POINT('Ctrl Pts',(-22.1396958077998,39.0115985576347,44.7802357936645));
#4938=CARTESIAN_POINT('Ctrl Pts',(-0.90381272667711,44.8470074753266,42.3328673726119));
#4939=CARTESIAN_POINT('Ctrl Pts',(20.5499367951986,39.8719331044651,39.8854989515593));
#4940=CARTESIAN_POINT('Ctrl Pts',(37.0500724723564,25.2856299388482,37.4381305305067));
#4941=CARTESIAN_POINT('Ctrl Pts',(44.6191961662381,4.6041619809869,34.9907621094541));
#4942=CARTESIAN_POINT('Ctrl Pts',(41.4327501132057,-17.1871496077279,32.5433936884015));
#4943=CARTESIAN_POINT('Ctrl Pts',(28.2588383609459,-34.835458143925,30.0960252673489));
#4944=CARTESIAN_POINT('Ctrl Pts',(8.2730585324438,-44.0865877957778,27.6486568462963));
#4945=CARTESIAN_POINT('Ctrl Pts',(-13.7069534597852,-42.7105449848565,25.2012884252437));
#4946=CARTESIAN_POINT('Ctrl Pts',(-32.3828890899344,-31.0389988538213,22.753920004191));
#4947=CARTESIAN_POINT('Ctrl Pts',(-43.2528094181291,-11.8854651240202,20.3065515831384));
#4948=CARTESIAN_POINT('Ctrl Pts',(-43.6966120773626,10.1331729910718,17.8591831620858));
#4949=CARTESIAN_POINT('Ctrl Pts',(-33.6070729066435,29.7090133970093,15.4118147410332));
#4950=CARTESIAN_POINT('Ctrl Pts',(-15.4168022676945,42.1237730393604,12.9644463199806));
#4951=CARTESIAN_POINT('Ctrl Pts',(6.49041958112156,44.3837711832309,10.517077898928));
#4952=CARTESIAN_POINT('Ctrl Pts',(26.8316776014636,35.9464329137306,8.06970947787538));
#4953=CARTESIAN_POINT('Ctrl Pts',(40.7080177592131,18.8410515798984,5.62234105682278));
#4954=CARTESIAN_POINT('Ctrl Pts',(43.4110166527115,4.4144334030295,3.99076210945438));
#4955=CARTESIAN_POINT('Ctrl Pts',(42.9662539070595,-2.68988393309873,3.17497263577017));
#4956=CARTESIAN_POINT('',(29.8914799604635,-1.87134330714793,96.175));
#4957=CARTESIAN_POINT('Origin',(36.428681754822,-2.28060202707511,96.175));
#4958=CARTESIAN_POINT('Origin',(36.428681754822,-2.28060202707511,96.175));
#4959=CARTESIAN_POINT('Ctrl Pts',(42.9662290353703,-2.68988237601735,176.175049194569));
#4960=CARTESIAN_POINT('Ctrl Pts',(42.532870502767,-9.61203708890641,175.662228681749));
#4961=CARTESIAN_POINT('Ctrl Pts',(38.2594323809815,-23.2369979749895,174.636587656108));
#4962=CARTESIAN_POINT('Ctrl Pts',(23.076004512036,-38.3563544707655,173.098126117646));
#4963=CARTESIAN_POINT('Ctrl Pts',(2.60882860044971,-44.6863801370888,171.559664579185));
#4964=CARTESIAN_POINT('Ctrl Pts',(-18.4573321390407,-40.7804226315529,170.021203040723));
#4965=CARTESIAN_POINT('Ctrl Pts',(-35.2945027302587,-27.5316173159943,168.482741502262));
#4966=CARTESIAN_POINT('Ctrl Pts',(-44.0464365262157,-7.97591330059319,166.9442799638));
#4967=CARTESIAN_POINT('Ctrl Pts',(-42.7077135358229,13.4071034216378,165.405818425338));
#4968=CARTESIAN_POINT('Ctrl Pts',(-31.5852400504811,31.7186529166739,163.867356886877));
#4969=CARTESIAN_POINT('Ctrl Pts',(-13.2269339283256,42.7638709496656,162.328895348415));
#4970=CARTESIAN_POINT('Ctrl Pts',(8.16148654793207,44.0123871728549,160.790433809954));
#4971=CARTESIAN_POINT('Ctrl Pts',(27.6802169333556,35.178202828164,159.251972271492));
#4972=CARTESIAN_POINT('Ctrl Pts',(40.8577392784033,18.2851128120634,157.713510733031));
#4973=CARTESIAN_POINT('Ctrl Pts',(44.6752478397432,-2.79687457270771,156.175049194569));
#4974=CARTESIAN_POINT('Ctrl Pts',(38.2581946000794,-23.2381324801926,154.636587656108));
#4975=CARTESIAN_POINT('Ctrl Pts',(23.0766504813603,-38.355813908803,153.098126117646));
#4976=CARTESIAN_POINT('Ctrl Pts',(2.60852362729651,-44.6866407909796,151.559664579184));
#4977=CARTESIAN_POINT('Ctrl Pts',(-18.4571844503361,-40.7802967122098,150.021203040723));
#4978=CARTESIAN_POINT('Ctrl Pts',(-35.2945740535073,-27.5316781551082,148.482741502261));
#4979=CARTESIAN_POINT('Ctrl Pts',(-44.0464020626242,-7.97588390478579,146.9442799638));
#4980=CARTESIAN_POINT('Ctrl Pts',(-42.7077301875376,13.4070892183611,145.405818425338));
#4981=CARTESIAN_POINT('Ctrl Pts',(-31.5852320047967,31.7186597793244,143.867356886877));
#4982=CARTESIAN_POINT('Ctrl Pts',(-13.2269378157889,42.7638676338136,142.328895348415));
#4983=CARTESIAN_POINT('Ctrl Pts',(8.16148842625374,44.0123887749862,140.790433809954));
#4984=CARTESIAN_POINT('Ctrl Pts',(27.6802160257971,35.178202054059,139.251972271492));
#4985=CARTESIAN_POINT('Ctrl Pts',(40.8577397169172,18.2851131860847,137.71351073303));
#4986=CARTESIAN_POINT('Ctrl Pts',(44.6752476278535,-2.79687475341264,136.175049194569));
#4987=CARTESIAN_POINT('Ctrl Pts',(38.2581947024823,-23.2381323929062,134.636587656107));
#4988=CARTESIAN_POINT('Ctrl Pts',(23.0766504318337,-38.3558139509246,133.098126117646));
#4989=CARTESIAN_POINT('Ctrl Pts',(2.60852365132623,-44.6866407707369,131.559664579184));
#4990=CARTESIAN_POINT('Ctrl Pts',(-18.4571844621531,-40.7802967217641,130.021203040723));
#4991=CARTESIAN_POINT('Ctrl Pts',(-35.2945740473702,-27.5316781509602,128.482741502261));
#4992=CARTESIAN_POINT('Ctrl Pts',(-44.0464020664739,-7.97588390582045,126.9442799638));
#4993=CARTESIAN_POINT('Ctrl Pts',(-42.707730183847,13.4070892168543,125.405818425338));
#4994=CARTESIAN_POINT('Ctrl Pts',(-31.5852320103685,31.7186597842054,123.867356886877));
#4995=CARTESIAN_POINT('Ctrl Pts',(-13.2269378052558,42.76386762286,122.328895348415));
#4996=CARTESIAN_POINT('Ctrl Pts',(8.16148840493636,44.0123887980679,120.790433809954));
#4997=CARTESIAN_POINT('Ctrl Pts',(27.6802160696835,35.1782020060894,119.251972271492));
#4998=CARTESIAN_POINT('Ctrl Pts',(40.8577396262003,18.2851132854612,117.71351073303));
#4999=CARTESIAN_POINT('Ctrl Pts',(44.6752478155511,-2.79687495913351,116.175049194569));
#5000=CARTESIAN_POINT('Ctrl Pts',(38.2581943140404,-23.2381319671137,114.636587656107));
#5001=CARTESIAN_POINT('Ctrl Pts',(23.0766512357593,-38.3558148321763,113.098126117646));
#5002=CARTESIAN_POINT('Ctrl Pts',(2.608521987489,-44.6866389468502,111.559664579184));
#5003=CARTESIAN_POINT('Ctrl Pts',(-18.4571810185975,-40.7803004965715,110.021203040723));
#5004=CARTESIAN_POINT('Ctrl Pts',(-35.2945811743214,-27.5316703384335,108.482741502261));
#5005=CARTESIAN_POINT('Ctrl Pts',(-44.0463873162142,-7.97590007500429,106.9442799638));
#5006=CARTESIAN_POINT('Ctrl Pts',(-42.70776071209,13.4071226814477,105.405818425338));
#5007=CARTESIAN_POINT('Ctrl Pts',(-31.5851688318902,31.7185905246683,103.867356886877));
#5008=CARTESIAN_POINT('Ctrl Pts',(-13.2270686360966,42.7640109788,102.328895348415));
#5009=CARTESIAN_POINT('Ctrl Pts',(8.16175848800253,44.0120921430287,100.790433809954));
#5010=CARTESIAN_POINT('Ctrl Pts',(27.6796425631909,35.1788189128133,99.2519722714921));
#5011=CARTESIAN_POINT('Ctrl Pts',(40.8588262465759,18.2838332621111,97.7135107330305));
#5012=CARTESIAN_POINT('Ctrl Pts',(43.3995875679736,4.23227233687177,96.6878697073895));
#5013=CARTESIAN_POINT('Ctrl Pts',(42.9662290353703,-2.68988237601731,96.175049194569));
#5014=CARTESIAN_POINT('Ctrl Pts',(42.9662581262654,-2.68988419724038,177.154748050831));
#5015=CARTESIAN_POINT('Ctrl Pts',(42.5328991921629,-9.61204532338655,176.64192753801));
#5016=CARTESIAN_POINT('Ctrl Pts',(38.2594587948069,-23.2370130305854,175.616286512369));
#5017=CARTESIAN_POINT('Ctrl Pts',(23.0760202367865,-38.3563811883959,174.077824973908));
#5018=CARTESIAN_POINT('Ctrl Pts',(2.60883043384724,-44.6864105696855,172.539363435446));
#5019=CARTESIAN_POINT('Ctrl Pts',(-18.4573448141377,-40.7804506860376,171.000901896984));
#5020=CARTESIAN_POINT('Ctrl Pts',(-35.2945269157607,-27.5316361430223,169.462440358523));
#5021=CARTESIAN_POINT('Ctrl Pts',(-44.0464667271488,-7.97591879123638,167.923978820061));
#5022=CARTESIAN_POINT('Ctrl Pts',(-42.7077428114728,13.4071126238342,166.3855172816));
#5023=CARTESIAN_POINT('Ctrl Pts',(-31.5852617048006,31.7186746559494,164.847055743138));
#5024=CARTESIAN_POINT('Ctrl Pts',(-13.2269429954247,42.7639002688365,163.308594204677));
#5025=CARTESIAN_POINT('Ctrl Pts',(8.1614921427299,44.0124173441286,161.770132666215));
#5026=CARTESIAN_POINT('Ctrl Pts',(27.680235909551,35.1782269450401,160.231671127754));
#5027=CARTESIAN_POINT('Ctrl Pts',(40.8577672881982,18.2851253470593,158.693209589292));
#5028=CARTESIAN_POINT('Ctrl Pts',(44.6752784667115,-2.79687648995378,157.154748050831));
#5029=CARTESIAN_POINT('Ctrl Pts',(38.2582208278164,-23.2381484110689,155.616286512369));
#5030=CARTESIAN_POINT('Ctrl Pts',(23.0766663014729,-38.3558402034448,154.077824973908));
#5031=CARTESIAN_POINT('Ctrl Pts',(2.60852541555593,-44.686671425743,152.539363435446));
#5032=CARTESIAN_POINT('Ctrl Pts',(-18.4571971035833,-40.7803246689712,151.000901896984));
#5033=CARTESIAN_POINT('Ctrl Pts',(-35.2945982495619,-27.5316970293435,149.462440358523));
#5034=CARTESIAN_POINT('Ctrl Pts',(-44.0464322584583,-7.97588937261928,147.923978820061));
#5035=CARTESIAN_POINT('Ctrl Pts',(-42.7077594656511,13.4070984095365,146.3855172816));
#5036=CARTESIAN_POINT('Ctrl Pts',(-31.5852536579259,31.7186815239249,144.847055743138));
#5037=CARTESIAN_POINT('Ctrl Pts',(-13.2269468834632,42.7638969504115,143.308594204677));
#5038=CARTESIAN_POINT('Ctrl Pts',(8.16149402132947,44.0124189475031,141.770132666215));
#5039=CARTESIAN_POINT('Ctrl Pts',(27.6802350018583,35.1782261703345,140.231671127754));
#5040=CARTESIAN_POINT('Ctrl Pts',(40.857767726777,18.2851257213708,138.693209589292));
#5041=CARTESIAN_POINT('Ctrl Pts',(44.6752782547906,-2.79687667079892,137.154748050831));
#5042=CARTESIAN_POINT('Ctrl Pts',(38.2582209302344,-23.2381483237148,135.616286512369));
#5043=CARTESIAN_POINT('Ctrl Pts',(23.076666251939,-38.3558402455992,134.077824973908));
#5044=CARTESIAN_POINT('Ctrl Pts',(2.60852543958917,-44.6866714054845,132.539363435446));
#5045=CARTESIAN_POINT('Ctrl Pts',(-18.457197115402,-40.780324678533,131.000901896984));
#5046=CARTESIAN_POINT('Ctrl Pts',(-35.294598243424,-27.5316970251923,129.462440358523));
#5047=CARTESIAN_POINT('Ctrl Pts',(-44.0464322623085,-7.97588937365484,127.923978820061));
#5048=CARTESIAN_POINT('Ctrl Pts',(-42.7077594619601,13.4070984080288,126.3855172816));
#5049=CARTESIAN_POINT('Ctrl Pts',(-31.5852536634981,31.7186815288093,124.847055743138));
#5050=CARTESIAN_POINT('Ctrl Pts',(-13.2269468729292,42.7638969394503,123.308594204677));
#5051=CARTESIAN_POINT('Ctrl Pts',(8.1614940000105,44.0124189706009,121.770132666215));
#5052=CARTESIAN_POINT('Ctrl Pts',(27.6802350457479,35.1782261223314,120.231671127754));
#5053=CARTESIAN_POINT('Ctrl Pts',(40.8577676360536,18.2851258208165,118.693209589292));
#5054=CARTESIAN_POINT('Ctrl Pts',(44.6752784425018,-2.79687687666284,117.15474805083));
#5055=CARTESIAN_POINT('Ctrl Pts',(38.2582205417644,-23.2381478976263,115.616286512369));
#5056=CARTESIAN_POINT('Ctrl Pts',(23.0766670559228,-38.3558411274636,114.077824973907));
#5057=CARTESIAN_POINT('Ctrl Pts',(2.60852377563126,-44.6866695803297,112.539363435446));
#5058=CARTESIAN_POINT('Ctrl Pts',(-18.4571936715966,-40.7803284559649,111.000901896984));
#5059=CARTESIAN_POINT('Ctrl Pts',(-35.2946053708922,-27.5316892072336,109.462440358523));
#5060=CARTESIAN_POINT('Ctrl Pts',(-44.0464175109788,-7.97590555408088,107.923978820061));
#5061=CARTESIAN_POINT('Ctrl Pts',(-42.7077899924176,13.4071318958897,106.3855172816));
#5062=CARTESIAN_POINT('Ctrl Pts',(-31.5851904804373,31.7186122211174,104.847055743138));
#5063=CARTESIAN_POINT('Ctrl Pts',(-13.2270777132613,42.7640403950758,103.308594204677));
#5064=CARTESIAN_POINT('Ctrl Pts',(8.1617641026481,44.0121221093439,101.770132666215));
#5065=CARTESIAN_POINT('Ctrl Pts',(27.679661497393,35.1788434606348,100.231671127754));
#5066=CARTESIAN_POINT('Ctrl Pts',(40.8588543318994,18.2838449058112,98.6932095892921));
#5067=CARTESIAN_POINT('Ctrl Pts',(43.3996170603679,4.23227692890584,97.6675685636511));
#5068=CARTESIAN_POINT('Ctrl Pts',(42.9662581262654,-2.68988419724034,97.1547480508305));
#5069=CARTESIAN_POINT('Ctrl Pts',(42.519903032322,-2.66194032765724,179.114264409127));
#5070=CARTESIAN_POINT('Ctrl Pts',(42.0910426791853,-9.51224438606046,178.601443896307));
#5071=CARTESIAN_POINT('Ctrl Pts',(37.8620161895534,-22.9955941394346,177.575802870666));
#5072=CARTESIAN_POINT('Ctrl Pts',(22.8362980781565,-37.9579391297297,176.037341332204));
#5073=CARTESIAN_POINT('Ctrl Pts',(2.58173068184022,-44.2221911865799,174.498879793743));
#5074=CARTESIAN_POINT('Ctrl Pts',(-18.2656061936932,-40.3568166852662,172.960418255281));
#5075=CARTESIAN_POINT('Ctrl Pts',(-34.9278786280914,-27.2456294726529,171.42195671682));
#5076=CARTESIAN_POINT('Ctrl Pts',(-43.5889016877763,-7.89306375566625,169.883495178358));
#5077=CARTESIAN_POINT('Ctrl Pts',(-42.2640845206549,13.2678366847178,168.345033639897));
#5078=CARTESIAN_POINT('Ctrl Pts',(-31.2571465128309,31.3891733356565,166.806572101435));
#5079=CARTESIAN_POINT('Ctrl Pts',(-13.0895383402766,42.3196587575361,165.268110562973));
#5080=CARTESIAN_POINT('Ctrl Pts',(8.07670860792854,43.5552058209388,163.729649024512));
#5081=CARTESIAN_POINT('Ctrl Pts',(27.3926870237802,34.8127871553206,162.19118748605));
#5082=CARTESIAN_POINT('Ctrl Pts',(40.4333270586014,18.0951750965164,160.652725947589));
#5083=CARTESIAN_POINT('Ctrl Pts',(44.2111810238363,-2.76782186579905,159.114264409127));
#5084=CARTESIAN_POINT('Ctrl Pts',(37.8607853081569,-22.9967449872246,157.575802870666));
#5085=CARTESIAN_POINT('Ctrl Pts',(22.8369403903993,-37.957390589888,156.037341332204));
#5086=CARTESIAN_POINT('Ctrl Pts',(2.58142743152487,-44.2224556296131,154.498879793743));
#5087=CARTESIAN_POINT('Ctrl Pts',(-18.2654593395955,-40.3566889335411,152.960418255281));
#5088=CARTESIAN_POINT('Ctrl Pts',(-34.927949548305,-27.2456911968226,151.42195671682));
#5089=CARTESIAN_POINT('Ctrl Pts',(-43.588867418934,-7.89303393221086,149.883495178358));
#5090=CARTESIAN_POINT('Ctrl Pts',(-42.264101078273,13.2678222748143,148.345033639897));
#5091=CARTESIAN_POINT('Ctrl Pts',(-31.2571385126117,31.3891802981437,146.806572101435));
#5092=CARTESIAN_POINT('Ctrl Pts',(-13.0895422057724,42.3196553934456,145.268110562974));
#5093=CARTESIAN_POINT('Ctrl Pts',(8.07671047563606,43.5552074463777,143.729649024512));
#5094=CARTESIAN_POINT('Ctrl Pts',(27.3926861213503,34.8127863699541,142.19118748605));
#5095=CARTESIAN_POINT('Ctrl Pts',(40.4333274946373,18.0951754759789,140.652725947589));
#5096=CARTESIAN_POINT('Ctrl Pts',(44.2111808131441,-2.76782204913286,139.114264409127));
#5097=CARTESIAN_POINT('Ctrl Pts',(37.860785409981,-22.9967448986684,137.575802870666));
#5098=CARTESIAN_POINT('Ctrl Pts',(22.8369403411527,-37.9573906326226,136.037341332204));
#5099=CARTESIAN_POINT('Ctrl Pts',(2.58142745541847,-44.2224556090756,134.498879793743));
#5100=CARTESIAN_POINT('Ctrl Pts',(-18.2654593513451,-40.3566889432352,132.960418255281));
#5101=CARTESIAN_POINT('Ctrl Pts',(-34.927949542204,-27.2456911926128,131.42195671682));
#5102=CARTESIAN_POINT('Ctrl Pts',(-43.5888674227592,-7.89303393326382,129.883495178358));
#5103=CARTESIAN_POINT('Ctrl Pts',(-42.264101074609,13.2678222732924,128.345033639897));
#5104=CARTESIAN_POINT('Ctrl Pts',(-31.25713851814,31.3891803030817,126.806572101435));
#5105=CARTESIAN_POINT('Ctrl Pts',(-13.0895421953236,42.3196553823617,125.268110562973));
#5106=CARTESIAN_POINT('Ctrl Pts',(8.07671045449047,43.555207469735,123.729649024512));
#5107=CARTESIAN_POINT('Ctrl Pts',(27.3926861648824,34.8127863214111,122.19118748605));
#5108=CARTESIAN_POINT('Ctrl Pts',(40.433327404653,18.0951755765433,120.652725947589));
#5109=CARTESIAN_POINT('Ctrl Pts',(44.2111809993258,-2.7678222573128,119.114264409127));
#5110=CARTESIAN_POINT('Ctrl Pts',(37.8607850246764,-22.9967444677862,117.575802870666));
#5111=CARTESIAN_POINT('Ctrl Pts',(22.8369411385853,-37.9573915244083,116.037341332204));
#5112=CARTESIAN_POINT('Ctrl Pts',(2.58142580501943,-44.222453763387,114.498879793743));
#5113=CARTESIAN_POINT('Ctrl Pts',(-18.2654559356018,-40.3566927631646,112.960418255281));
#5114=CARTESIAN_POINT('Ctrl Pts',(-34.9279566115934,-27.2456832866992,111.42195671682));
#5115=CARTESIAN_POINT('Ctrl Pts',(-43.5888527916319,-7.89305029572537,109.883495178358));
#5116=CARTESIAN_POINT('Ctrl Pts',(-42.264131356287,13.2678561379055,108.345033639896));
#5117=CARTESIAN_POINT('Ctrl Pts',(-31.2570758499343,31.389110215666,106.806572101435));
#5118=CARTESIAN_POINT('Ctrl Pts',(-13.0896719695389,42.3198004522839,105.268110562973));
#5119=CARTESIAN_POINT('Ctrl Pts',(8.07697835558778,43.554907270012,103.729649024512));
#5120=CARTESIAN_POINT('Ctrl Pts',(27.3921172819203,34.8134106876101,102.19118748605));
#5121=CARTESIAN_POINT('Ctrl Pts',(40.4344051411421,18.0938801987189,100.652725947589));
#5122=CARTESIAN_POINT('Ctrl Pts',(42.9487633854587,4.18836373074604,99.6270849219478));
#5123=CARTESIAN_POINT('Ctrl Pts',(42.519903032322,-2.6619403276572,99.1142644091272));
#5124=CARTESIAN_POINT('Ctrl Pts',(40.6438766270616,-2.54449249763476,181.471628807094));
#5125=CARTESIAN_POINT('Ctrl Pts',(40.2339432354695,-9.09247100756127,180.958808294274));
#5126=CARTESIAN_POINT('Ctrl Pts',(36.1914767268068,-21.9810347225683,179.933167268633));
#5127=CARTESIAN_POINT('Ctrl Pts',(21.8287298663645,-36.2831560766532,178.394705730171));
#5128=CARTESIAN_POINT('Ctrl Pts',(2.46781859404648,-42.2710494497035,176.85624419171));
#5129=CARTESIAN_POINT('Ctrl Pts',(-17.4596984021031,-38.5762069500265,175.317782653248));
#5130=CARTESIAN_POINT('Ctrl Pts',(-33.3868071821631,-26.0435124723909,173.779321114787));
#5131=CARTESIAN_POINT('Ctrl Pts',(-41.6656917854992,-7.54480850591865,172.240859576325));
#5132=CARTESIAN_POINT('Ctrl Pts',(-40.3993279568491,12.6824387144391,170.702398037864));
#5133=CARTESIAN_POINT('Ctrl Pts',(-29.8780328793247,30.0042347851025,169.163936499402));
#5134=CARTESIAN_POINT('Ctrl Pts',(-12.5120077208158,40.4524499329973,167.62547496094));
#5135=CARTESIAN_POINT('Ctrl Pts',(7.72035176384998,41.6334829336638,166.087013422479));
#5136=CARTESIAN_POINT('Ctrl Pts',(26.1840793612558,33.2767931933044,164.548551884017));
#5137=CARTESIAN_POINT('Ctrl Pts',(38.6493462275192,17.2967880393001,163.010090345556));
#5138=CARTESIAN_POINT('Ctrl Pts',(42.2605154368055,-2.6457012971996,161.471628807094));
#5139=CARTESIAN_POINT('Ctrl Pts',(36.1903089897199,-21.9820930794947,159.933167268633));
#5140=CARTESIAN_POINT('Ctrl Pts',(21.8293393111614,-36.2826518980671,158.394705730171));
#5141=CARTESIAN_POINT('Ctrl Pts',(2.46753086671438,-42.2712925902976,156.85624419171));
#5142=CARTESIAN_POINT('Ctrl Pts',(-17.4595590648419,-38.5760894921789,155.317782653248));
#5143=CARTESIAN_POINT('Ctrl Pts',(-33.3868744722411,-26.0435692233995,153.779321114786));
#5144=CARTESIAN_POINT('Ctrl Pts',(-41.6656592707461,-7.54478108537956,152.240859576325));
#5145=CARTESIAN_POINT('Ctrl Pts',(-40.3993436669467,12.6824254655591,150.702398037863));
#5146=CARTESIAN_POINT('Ctrl Pts',(-29.8780252886057,30.0042411866134,149.163936499402));
#5147=CARTESIAN_POINT('Ctrl Pts',(-12.5120113884518,40.4524468399558,147.625474960941));
#5148=CARTESIAN_POINT('Ctrl Pts',(7.72035353595678,41.6334844281391,146.087013422479));
#5149=CARTESIAN_POINT('Ctrl Pts',(26.1840785050178,33.2767924712159,144.548551884017));
#5150=CARTESIAN_POINT('Ctrl Pts',(38.6493466412362,17.2967883881888,143.010090345556));
#5151=CARTESIAN_POINT('Ctrl Pts',(42.2605152368977,-2.64570146576194,141.471628807094));
#5152=CARTESIAN_POINT('Ctrl Pts',(36.1903090863322,-21.9820929980736,139.933167268633));
#5153=CARTESIAN_POINT('Ctrl Pts',(21.8293392644353,-36.2826519373582,138.394705730171));
#5154=CARTESIAN_POINT('Ctrl Pts',(2.46753088938546,-42.2712925714153,136.85624419171));
#5155=CARTESIAN_POINT('Ctrl Pts',(-17.4595590759911,-38.5760895010909,135.317782653248));
#5156=CARTESIAN_POINT('Ctrl Pts',(-33.3868744664505,-26.0435692195311,133.779321114787));
#5157=CARTESIAN_POINT('Ctrl Pts',(-41.6656592743795,-7.54478108634296,132.240859576325));
#5158=CARTESIAN_POINT('Ctrl Pts',(-40.3993436634618,12.68242546415,130.702398037863));
#5159=CARTESIAN_POINT('Ctrl Pts',(-29.8780252938687,30.0042411911738,129.163936499402));
#5160=CARTESIAN_POINT('Ctrl Pts',(-12.5120113785013,40.4524468297229,127.62547496094));
#5161=CARTESIAN_POINT('Ctrl Pts',(7.72035351581775,41.6334844497015,126.087013422479));
#5162=CARTESIAN_POINT('Ctrl Pts',(26.1840785464785,33.2767924264038,124.548551884017));
#5163=CARTESIAN_POINT('Ctrl Pts',(38.6493465555331,17.2967884810237,123.010090345556));
#5164=CARTESIAN_POINT('Ctrl Pts',(42.2605154142215,-2.64570165794067,121.471628807094));
#5165=CARTESIAN_POINT('Ctrl Pts',(36.1903087193591,-21.9820926003101,119.933167268633));
#5166=CARTESIAN_POINT('Ctrl Pts',(21.8293400239287,-36.282652760599,118.394705730171));
#5167=CARTESIAN_POINT('Ctrl Pts',(2.46752931750684,-42.2712908675912,116.85624419171));
#5168=CARTESIAN_POINT('Ctrl Pts',(-17.4595558227573,-38.5760930274106,115.317782653248));
#5169=CARTESIAN_POINT('Ctrl Pts',(-33.3868811995021,-26.0435619212866,113.779321114787));
#5170=CARTESIAN_POINT('Ctrl Pts',(-41.6656453393519,-7.54479619114336,112.240859576325));
#5171=CARTESIAN_POINT('Ctrl Pts',(-40.3993725044392,12.6824567258384,110.702398037864));
#5172=CARTESIAN_POINT('Ctrl Pts',(-29.8779656072,30.0041764908402,109.163936499402));
#5173=CARTESIAN_POINT('Ctrl Pts',(-12.5121349784277,40.4525807486406,107.62547496094));
#5174=CARTESIAN_POINT('Ctrl Pts',(7.72060867198331,41.6332073221184,106.087013422479));
#5175=CARTESIAN_POINT('Ctrl Pts',(26.1835367415811,33.2773686784843,104.548551884017));
#5176=CARTESIAN_POINT('Ctrl Pts',(38.6503731762378,17.2955927472671,103.010090345556));
#5177=CARTESIAN_POINT('Ctrl Pts',(41.0538100186537,4.00348601229182,101.984449319915));
#5178=CARTESIAN_POINT('Ctrl Pts',(40.6438766270616,-2.54449249763472,101.471628807094));
#5179=CARTESIAN_POINT('Ctrl Pts',(37.933381449083,-2.37480310731096,182.778778924166));
#5180=CARTESIAN_POINT('Ctrl Pts',(37.55078036989,-8.48619509394636,182.265958411345));
#5181=CARTESIAN_POINT('Ctrl Pts',(33.7779340170207,-20.5151081590748,181.240317385704));
#5182=CARTESIAN_POINT('Ctrl Pts',(20.3730013243511,-33.8635119155192,179.701855847243));
#5183=CARTESIAN_POINT('Ctrl Pts',(2.3032460326765,-39.4520492396153,178.163394308781));
#5184=CARTESIAN_POINT('Ctrl Pts',(-16.2953398165096,-36.0036257324102,176.62493277032));
#5185=CARTESIAN_POINT('Ctrl Pts',(-31.1602931505151,-24.3067092449211,175.086471231858));
#5186=CARTESIAN_POINT('Ctrl Pts',(-38.8870728260876,-7.04165833422823,173.548009693397));
#5187=CARTESIAN_POINT('Ctrl Pts',(-37.7051604061555,11.8366674723455,172.009548154935));
#5188=CARTESIAN_POINT('Ctrl Pts',(-27.8855140837339,28.0032994410428,170.471086616473));
#5189=CARTESIAN_POINT('Ctrl Pts',(-11.6776016427328,37.7547400260486,168.932625078012));
#5190=CARTESIAN_POINT('Ctrl Pts',(7.20549367472919,38.8570115990863,167.39416353955));
#5191=CARTESIAN_POINT('Ctrl Pts',(24.4379044404812,31.0576164056467,165.855702001089));
#5192=CARTESIAN_POINT('Ctrl Pts',(36.0718823221914,16.1432925281915,164.317240462627));
#5193=CARTESIAN_POINT('Ctrl Pts',(39.4422283612495,-2.4692636458662,162.778778924166));
#5194=CARTESIAN_POINT('Ctrl Pts',(33.776834399434,-20.5161419886302,161.240317385704));
#5195=CARTESIAN_POINT('Ctrl Pts',(20.3735751248436,-33.8630191040343,159.701855847243));
#5196=CARTESIAN_POINT('Ctrl Pts',(2.30297512738645,-39.4522868025733,158.163394308781));
#5197=CARTESIAN_POINT('Ctrl Pts',(-16.2952086261114,-36.0035109659125,156.62493277032));
#5198=CARTESIAN_POINT('Ctrl Pts',(-31.1603565062675,-24.3067646951161,155.086471231858));
#5199=CARTESIAN_POINT('Ctrl Pts',(-38.8870422124142,-7.04163154218517,153.548009693397));
#5200=CARTESIAN_POINT('Ctrl Pts',(-37.7051751977119,11.8366545271404,152.009548154935));
#5201=CARTESIAN_POINT('Ctrl Pts',(-27.8855069368306,28.003305695826,150.471086616473));
#5202=CARTESIAN_POINT('Ctrl Pts',(-11.6776050959287,37.7547370039019,148.932625078012));
#5203=CARTESIAN_POINT('Ctrl Pts',(7.20549534322407,38.8570130593069,147.39416353955));
#5204=CARTESIAN_POINT('Ctrl Pts',(24.4379036343059,31.057615700109,145.855702001089));
#5205=CARTESIAN_POINT('Ctrl Pts',(36.0718827117189,16.1432928690834,144.317240462627));
#5206=CARTESIAN_POINT('Ctrl Pts',(39.44222817303,-2.46926381056499,142.778778924166));
#5207=CARTESIAN_POINT('Ctrl Pts',(33.7768344903973,-20.5161419090752,141.240317385704));
#5208=CARTESIAN_POINT('Ctrl Pts',(20.3735750808499,-33.8630191424252,139.701855847243));
#5209=CARTESIAN_POINT('Ctrl Pts',(2.30297514873144,-39.4522867841232,138.163394308781));
#5210=CARTESIAN_POINT('Ctrl Pts',(-16.2952086366076,-36.0035109746215,136.62493277032));
#5211=CARTESIAN_POINT('Ctrl Pts',(-31.1603565008176,-24.3067646913337,135.086471231858));
#5212=CARTESIAN_POINT('Ctrl Pts',(-38.8870422158306,-7.04163154313194,133.548009693397));
#5213=CARTESIAN_POINT('Ctrl Pts',(-37.7051751944402,11.8366545257749,132.009548154935));
#5214=CARTESIAN_POINT('Ctrl Pts',(-27.8855069417662,28.0033057002586,130.471086616474));
#5215=CARTESIAN_POINT('Ctrl Pts',(-11.6776050866007,37.7547369939519,128.932625078012));
#5216=CARTESIAN_POINT('Ctrl Pts',(7.20549532434686,38.8570130802752,127.39416353955));
#5217=CARTESIAN_POINT('Ctrl Pts',(24.437903673168,31.057615656531,125.855702001089));
#5218=CARTESIAN_POINT('Ctrl Pts',(36.071882631388,16.1432929593622,124.317240462627));
#5219=CARTESIAN_POINT('Ctrl Pts',(39.4422283392386,-2.46926399745261,122.778778924166));
#5220=CARTESIAN_POINT('Ctrl Pts',(33.7768341464274,-20.516141522263,121.240317385704));
#5221=CARTESIAN_POINT('Ctrl Pts',(20.3735757927356,-33.8630199430005,119.701855847243));
#5222=CARTESIAN_POINT('Ctrl Pts',(2.3029736753835,-39.4522851272087,118.163394308781));
#5223=CARTESIAN_POINT('Ctrl Pts',(-16.2952055872975,-36.0035144038548,116.62493277032));
#5224=CARTESIAN_POINT('Ctrl Pts',(-31.1603628118188,-24.3067575940241,115.086471231858));
#5225=CARTESIAN_POINT('Ctrl Pts',(-38.8870291542978,-7.04164623206767,113.548009693396));
#5226=CARTESIAN_POINT('Ctrl Pts',(-37.7052022275679,11.8366849267713,112.009548154935));
#5227=CARTESIAN_POINT('Ctrl Pts',(-27.8854509964658,28.0032427812722,110.471086616473));
#5228=CARTESIAN_POINT('Ctrl Pts',(-11.6777209389414,37.7548672264545,108.932625078012));
#5229=CARTESIAN_POINT('Ctrl Pts',(7.20573448546253,38.8567435848282,107.39416353955));
#5230=CARTESIAN_POINT('Ctrl Pts',(24.4373958165533,31.0581761846961,105.855702001089));
#5231=CARTESIAN_POINT('Ctrl Pts',(36.0728447235354,16.1421300573514,104.317240462627));
#5232=CARTESIAN_POINT('Ctrl Pts',(38.315982528276,3.73658887932449,103.291599436986));
#5233=CARTESIAN_POINT('Ctrl Pts',(37.933381449083,-2.37480310731092,102.778778924166));
#5234=CARTESIAN_POINT('Ctrl Pts',(34.9230039869517,-2.18633971495971,182.778927163112));
#5235=CARTESIAN_POINT('Ctrl Pts',(34.570767452668,-7.81271049666987,182.266106650291));
#5236=CARTESIAN_POINT('Ctrl Pts',(31.0973241576514,-18.8870469449084,181.240465624651));
#5237=CARTESIAN_POINT('Ctrl Pts',(18.7562069839326,-31.1761073648528,179.702004086189));
#5238=CARTESIAN_POINT('Ctrl Pts',(2.12046046110261,-36.3211485030298,178.163542547727));
#5239=CARTESIAN_POINT('Ctrl Pts',(-15.0021459447437,-33.1463868066307,176.625081009266));
#5240=CARTESIAN_POINT('Ctrl Pts',(-28.6874212150762,-22.377736298468,175.086619470804));
#5241=CARTESIAN_POINT('Ctrl Pts',(-35.8010056204883,-6.48283400173755,173.548157932343));
#5242=CARTESIAN_POINT('Ctrl Pts',(-34.7128895401554,10.897312727939,172.009696393881));
#5243=CARTESIAN_POINT('Ctrl Pts',(-25.6725275315776,25.7809655652952,170.47123485542));
#5244=CARTESIAN_POINT('Ctrl Pts',(-10.7508704764803,34.75853446655,168.932773316958));
#5245=CARTESIAN_POINT('Ctrl Pts',(6.63366773193999,35.7733301305704,167.394311778497));
#5246=CARTESIAN_POINT('Ctrl Pts',(22.4985192320357,28.592892715549,165.855850240035));
#5247=CARTESIAN_POINT('Ctrl Pts',(33.2092279117398,14.8621653884098,164.317388701574));
#5248=CARTESIAN_POINT('Ctrl Pts',(36.3121042380278,-2.27330358101041,162.778927163112));
#5249=CARTESIAN_POINT('Ctrl Pts',(31.0963143444107,-18.8879867436044,161.24046562465));
#5250=CARTESIAN_POINT('Ctrl Pts',(18.756733946762,-31.1756594553937,159.702004086189));
#5251=CARTESIAN_POINT('Ctrl Pts',(2.1202116706035,-36.321364444495,158.163542547727));
#5252=CARTESIAN_POINT('Ctrl Pts',(-15.0020254636777,-33.1462824862389,156.625081009266));
#5253=CARTESIAN_POINT('Ctrl Pts',(-28.6874793989639,-22.3777867016717,155.086619470804));
#5254=CARTESIAN_POINT('Ctrl Pts',(-35.8009775058734,-6.48280964827027,153.548157932343));
#5255=CARTESIAN_POINT('Ctrl Pts',(-34.7129031242459,10.8973009609886,152.009696393881));
#5256=CARTESIAN_POINT('Ctrl Pts',(-25.6725209680911,25.7809712507767,150.47123485542));
#5257=CARTESIAN_POINT('Ctrl Pts',(-10.7508736477846,34.758531719475,148.932773316958));
#5258=CARTESIAN_POINT('Ctrl Pts',(6.63366926423213,35.7733314578839,147.394311778497));
#5259=CARTESIAN_POINT('Ctrl Pts',(22.4985184916702,28.5928920742283,145.855850240035));
#5260=CARTESIAN_POINT('Ctrl Pts',(33.2092282694694,14.8621656982742,144.317388701574));
#5261=CARTESIAN_POINT('Ctrl Pts',(36.3121040651731,-2.27330373071856,142.778927163112));
#5262=CARTESIAN_POINT('Ctrl Pts',(31.0963144279485,-18.8879866712905,141.240465624651));
#5263=CARTESIAN_POINT('Ctrl Pts',(18.7567339063595,-31.1756594902902,139.702004086189));
#5264=CARTESIAN_POINT('Ctrl Pts',(2.1202116902062,-36.3213644277243,138.163542547727));
#5265=CARTESIAN_POINT('Ctrl Pts',(-15.0020254733173,-33.1462824941548,136.625081009266));
#5266=CARTESIAN_POINT('Ctrl Pts',(-28.6874793939583,-22.3777866982343,135.086619470804));
#5267=CARTESIAN_POINT('Ctrl Pts',(-35.8009775090121,-6.4828096491295,133.548157932343));
#5268=CARTESIAN_POINT('Ctrl Pts',(-34.7129031212388,10.8973009597446,132.009696393881));
#5269=CARTESIAN_POINT('Ctrl Pts',(-25.6725209726289,25.7809712548117,130.47123485542));
#5270=CARTESIAN_POINT('Ctrl Pts',(-10.7508736392075,34.7585317104186,128.932773316958));
#5271=CARTESIAN_POINT('Ctrl Pts',(6.63366924687414,35.7733314769685,127.394311778497));
#5272=CARTESIAN_POINT('Ctrl Pts',(22.498518527405,28.5928920345652,125.855850240035));
#5273=CARTESIAN_POINT('Ctrl Pts',(33.2092281956028,14.8621657804425,124.317388701574));
#5274=CARTESIAN_POINT('Ctrl Pts',(36.3121042180065,-2.27330390081627,122.778927163112));
#5275=CARTESIAN_POINT('Ctrl Pts',(31.0963141116585,-18.8879863192293,121.240465624651));
#5276=CARTESIAN_POINT('Ctrl Pts',(18.7567345609585,-31.175660218942,119.702004086189));
#5277=CARTESIAN_POINT('Ctrl Pts',(2.12021033542128,-36.3213629196666,118.163542547727));
#5278=CARTESIAN_POINT('Ctrl Pts',(-15.0020226693909,-33.1462856153066,116.625081009266));
#5279=CARTESIAN_POINT('Ctrl Pts',(-28.6874851971016,-22.3777802385452,115.086619470804));
#5280=CARTESIAN_POINT('Ctrl Pts',(-35.8009654985649,-6.48282301841499,113.548157932343));
#5281=CARTESIAN_POINT('Ctrl Pts',(-34.7129279789607,10.8973286295223,112.009696393881));
#5282=CARTESIAN_POINT('Ctrl Pts',(-25.6724695293485,25.7809139884458,110.47123485542));
#5283=CARTESIAN_POINT('Ctrl Pts',(-10.7509801686769,34.7586502427078,108.932773316958));
#5284=CARTESIAN_POINT('Ctrl Pts',(6.63388916251212,35.7730861923562,107.394311778497));
#5285=CARTESIAN_POINT('Ctrl Pts',(22.4980515425469,28.5934021696939,105.855850240035));
#5286=CARTESIAN_POINT('Ctrl Pts',(33.2101129121614,14.8611073755193,104.317388701574));
#5287=CARTESIAN_POINT('Ctrl Pts',(35.2752405212355,3.4400310667505,103.291747675933));
#5288=CARTESIAN_POINT('Ctrl Pts',(34.9230039869518,-2.18633971495968,102.778927163112));
#5289=CARTESIAN_POINT('Ctrl Pts',(32.215472990726,-2.01683589596566,181.470706397104));
#5290=CARTESIAN_POINT('Ctrl Pts',(31.8905446591313,-7.20700526539655,180.957885884284));
#5291=CARTESIAN_POINT('Ctrl Pts',(28.6863936225327,-17.4227597358658,179.932244858643));
#5292=CARTESIAN_POINT('Ctrl Pts',(17.3020650264352,-28.7590693124139,178.393783320181));
#5293=CARTESIAN_POINT('Ctrl Pts',(1.95606428919212,-33.5052216662311,176.855321781719));
#5294=CARTESIAN_POINT('Ctrl Pts',(-13.8390511591649,-30.5765952284678,175.316860243258));
#5295=CARTESIAN_POINT('Ctrl Pts',(-26.4633266374979,-20.6428224622137,173.778398704796));
#5296=CARTESIAN_POINT('Ctrl Pts',(-33.0254050906587,-5.98022923534461,172.239937166335));
#5297=CARTESIAN_POINT('Ctrl Pts',(-32.0216490733137,10.0524597457108,170.701475627873));
#5298=CARTESIAN_POINT('Ctrl Pts',(-23.6821733517582,23.7822043286617,169.163014089412));
#5299=CARTESIAN_POINT('Ctrl Pts',(-9.91737093058953,32.0637552232639,167.62455255095));
#5300=CARTESIAN_POINT('Ctrl Pts',(6.11936900117576,32.9998752302341,166.086091012489));
#5301=CARTESIAN_POINT('Ctrl Pts',(20.7542413544338,26.3761268169399,164.547629474027));
#5302=CARTESIAN_POINT('Ctrl Pts',(30.6345641753408,13.70992305422,163.009167935566));
#5303=CARTESIAN_POINT('Ctrl Pts',(33.4968789573824,-2.09705761962881,161.470706397104));
#5304=CARTESIAN_POINT('Ctrl Pts',(28.6854617618616,-17.4236282633265,159.932244858642));
#5305=CARTESIAN_POINT('Ctrl Pts',(17.3025513071741,-28.7586553603341,158.393783320181));
#5306=CARTESIAN_POINT('Ctrl Pts',(1.9558347053737,-33.5054212333161,156.855321781719));
#5307=CARTESIAN_POINT('Ctrl Pts',(-13.8389399792798,-30.5764988183639,155.316860243258));
#5308=CARTESIAN_POINT('Ctrl Pts',(-26.4633803295701,-20.6428690434853,153.778398704796));
#5309=CARTESIAN_POINT('Ctrl Pts',(-33.0253791465016,-5.98020672853105,152.239937166335));
#5310=CARTESIAN_POINT('Ctrl Pts',(-32.0216616087078,10.0524488710146,150.701475627873));
#5311=CARTESIAN_POINT('Ctrl Pts',(-23.6821672949751,23.7822095830295,149.163014089412));
#5312=CARTESIAN_POINT('Ctrl Pts',(-9.91737385706801,32.0637526844917,147.62455255095));
#5313=CARTESIAN_POINT('Ctrl Pts',(6.11937041517443,32.9998764569012,146.086091012489));
#5314=CARTESIAN_POINT('Ctrl Pts',(20.7542406712248,26.3761262242488,144.547629474027));
#5315=CARTESIAN_POINT('Ctrl Pts',(30.6345645054536,13.7099233405883,143.009167935566));
#5316=CARTESIAN_POINT('Ctrl Pts',(33.4968787978722,-2.09705775798501,141.470706397104));
#5317=CARTESIAN_POINT('Ctrl Pts',(28.6854618389503,-17.4236281964959,139.932244858643));
#5318=CARTESIAN_POINT('Ctrl Pts',(17.3025512698907,-28.7586553925845,138.393783320181));
#5319=CARTESIAN_POINT('Ctrl Pts',(1.95583472346304,-33.5054212178172,136.85532178172));
#5320=CARTESIAN_POINT('Ctrl Pts',(-13.8389399881752,-30.5764988256797,135.316860243258));
#5321=CARTESIAN_POINT('Ctrl Pts',(-26.463380324951,-20.6428690403084,133.778398704797));
#5322=CARTESIAN_POINT('Ctrl Pts',(-33.0253791493979,-5.98020672932531,132.239937166335));
#5323=CARTESIAN_POINT('Ctrl Pts',(-32.0216616059332,10.0524488698653,130.701475627873));
#5324=CARTESIAN_POINT('Ctrl Pts',(-23.6821672991619,23.7822095867577,129.163014089412));
#5325=CARTESIAN_POINT('Ctrl Pts',(-9.91737384915447,32.0637526761236,127.62455255095));
#5326=CARTESIAN_POINT('Ctrl Pts',(6.11937039915938,32.9998764745353,126.086091012489));
#5327=CARTESIAN_POINT('Ctrl Pts',(20.7542407041948,26.3761261876002,124.547629474027));
#5328=CARTESIAN_POINT('Ctrl Pts',(30.634564437302,13.7099234165116,123.009167935566));
#5329=CARTESIAN_POINT('Ctrl Pts',(33.4968789388812,-2.09705791515509,121.470706397104));
#5330=CARTESIAN_POINT('Ctrl Pts',(28.6854615471311,-17.4236278711918,119.932244858643));
#5331=CARTESIAN_POINT('Ctrl Pts',(17.3025518738446,-28.758656065858,118.393783320181));
#5332=CARTESIAN_POINT('Ctrl Pts',(1.95583347349531,-33.5054198243736,116.855321781719));
#5333=CARTESIAN_POINT('Ctrl Pts',(-13.8389374011833,-30.5765017096203,115.316860243258));
#5334=CARTESIAN_POINT('Ctrl Pts',(-26.4633856791159,-20.6428630715632,113.778398704796));
#5335=CARTESIAN_POINT('Ctrl Pts',(-33.0253680681765,-5.98021908252959,112.239937166335));
#5336=CARTESIAN_POINT('Ctrl Pts',(-32.0216845404597,10.0524744367079,110.701475627873));
#5337=CARTESIAN_POINT('Ctrl Pts',(-23.682119835952,23.7821566727028,109.163014089412));
#5338=CARTESIAN_POINT('Ctrl Pts',(-9.91747213664078,32.0638621998426,107.62455255095));
#5339=CARTESIAN_POINT('Ctrl Pts',(6.1195733003016,32.9996498319144,106.086091012489));
#5340=CARTESIAN_POINT('Ctrl Pts',(20.7538098486036,26.3765975566074,104.547629474027));
#5341=CARTESIAN_POINT('Ctrl Pts',(30.6353806989209,13.7089454486032,103.009167935566));
#5342=CARTESIAN_POINT('Ctrl Pts',(32.5404013223206,3.17333347346529,101.983526909925));
#5343=CARTESIAN_POINT('Ctrl Pts',(32.215472990726,-2.01683589596563,101.470706397104));
#5344=CARTESIAN_POINT('Ctrl Pts',(30.1237839863783,-1.88588660124695,178.852631488154));
#5345=CARTESIAN_POINT('Ctrl Pts',(29.8199486048589,-6.73913249326257,178.339810975334));
#5346=CARTESIAN_POINT('Ctrl Pts',(26.8238599670933,-16.2915080707907,177.314169949693));
#5347=CARTESIAN_POINT('Ctrl Pts',(16.178678812345,-26.8918258321907,175.775708411231));
#5348=CARTESIAN_POINT('Ctrl Pts',(1.82906327529645,-31.3297983411948,174.23724687277));
#5349=CARTESIAN_POINT('Ctrl Pts',(-12.9405146927468,-28.5913319349769,172.698785334308));
#5350=CARTESIAN_POINT('Ctrl Pts',(-24.7451242424377,-19.3025304467897,171.160323795847));
#5351=CARTESIAN_POINT('Ctrl Pts',(-30.8811428447999,-5.59194776403991,169.621862257385));
#5352=CARTESIAN_POINT('Ctrl Pts',(-29.9425580815199,9.39977741791716,168.083400718924));
#5353=CARTESIAN_POINT('Ctrl Pts',(-22.1445451804501,22.2380811374043,166.544939180462));
#5354=CARTESIAN_POINT('Ctrl Pts',(-9.27345917283068,29.9819305644886,165.006477642001));
#5355=CARTESIAN_POINT('Ctrl Pts',(5.72205265098547,30.8572703433877,163.468016103539));
#5356=CARTESIAN_POINT('Ctrl Pts',(19.4067169315514,24.6635865160248,161.929554565078));
#5357=CARTESIAN_POINT('Ctrl Pts',(28.6455334558847,12.8197697535915,160.391093026616));
#5358=CARTESIAN_POINT('Ctrl Pts',(31.3220048264934,-1.96090056001477,158.852631488154));
#5359=CARTESIAN_POINT('Ctrl Pts',(26.8229817126015,-16.2923527686703,157.314169949693));
#5360=CARTESIAN_POINT('Ctrl Pts',(16.1791370543045,-26.8914230209832,155.775708411231));
#5361=CARTESIAN_POINT('Ctrl Pts',(1.82884692489762,-31.3299924718245,154.23724687277));
#5362=CARTESIAN_POINT('Ctrl Pts',(-12.9404099217078,-28.5912381490678,152.698785334308));
#5363=CARTESIAN_POINT('Ctrl Pts',(-24.7451748395122,-19.3025757598481,151.160323795847));
#5364=CARTESIAN_POINT('Ctrl Pts',(-30.8811183961561,-5.59192586997796,149.621862257385));
#5365=CARTESIAN_POINT('Ctrl Pts',(-29.9425698943296,9.39976683928791,148.083400718924));
#5366=CARTESIAN_POINT('Ctrl Pts',(-22.1445394728014,22.2380862487203,146.544939180462));
#5367=CARTESIAN_POINT('Ctrl Pts',(-9.27346193061659,29.9819280948353,145.006477642001));
#5368=CARTESIAN_POINT('Ctrl Pts',(5.72205398347625,30.8572715366583,143.468016103539));
#5369=CARTESIAN_POINT('Ctrl Pts',(19.4067162877249,24.6635859394699,141.929554565078));
#5370=CARTESIAN_POINT('Ctrl Pts',(28.6455337669686,12.8197700321633,140.391093026616));
#5371=CARTESIAN_POINT('Ctrl Pts',(31.3220046761779,-1.96090069460424,138.852631488154));
#5372=CARTESIAN_POINT('Ctrl Pts',(26.8229817852464,-16.2923527036591,137.314169949693));
#5373=CARTESIAN_POINT('Ctrl Pts',(16.1791370191704,-26.8914230523558,135.775708411231));
#5374=CARTESIAN_POINT('Ctrl Pts',(1.82884694194388,-31.329992456747,134.23724687277));
#5375=CARTESIAN_POINT('Ctrl Pts',(-12.9404099300897,-28.5912381561852,132.698785334308));
#5376=CARTESIAN_POINT('Ctrl Pts',(-24.7451748351609,-19.3025757567559,131.160323795847));
#5377=CARTESIAN_POINT('Ctrl Pts',(-30.8811183988821,-5.59192587075431,129.621862257385));
#5378=CARTESIAN_POINT('Ctrl Pts',(-29.9425698917216,9.3997668381776,128.083400718924));
#5379=CARTESIAN_POINT('Ctrl Pts',(-22.144539476733,22.2380862523311,126.544939180462));
#5380=CARTESIAN_POINT('Ctrl Pts',(-9.27346192318782,29.981928086728,125.006477642));
#5381=CARTESIAN_POINT('Ctrl Pts',(5.72205396844358,30.8572715537441,123.468016103539));
#5382=CARTESIAN_POINT('Ctrl Pts',(19.4067163186719,24.6635859039603,121.929554565077));
#5383=CARTESIAN_POINT('Ctrl Pts',(28.6455337029991,12.8197701057273,120.391093026616));
#5384=CARTESIAN_POINT('Ctrl Pts',(31.3220048085337,-1.96090084689021,118.852631488154));
#5385=CARTESIAN_POINT('Ctrl Pts',(26.8229815113351,-16.2923523884639,117.314169949693));
#5386=CARTESIAN_POINT('Ctrl Pts',(16.1791375860617,-26.8914237047072,115.775708411231));
#5387=CARTESIAN_POINT('Ctrl Pts',(1.82884576868239,-31.3299911066047,114.23724687277));
#5388=CARTESIAN_POINT('Ctrl Pts',(-12.9404075018526,-28.5912409505074,112.698785334308));
#5389=CARTESIAN_POINT('Ctrl Pts',(-24.745179860759,-19.3025699734896,111.160323795847));
#5390=CARTESIAN_POINT('Ctrl Pts',(-30.8811079976777,-5.59193784008241,109.621862257385));
#5391=CARTESIAN_POINT('Ctrl Pts',(-29.9425914188344,9.39979161053213,108.083400718924));
#5392=CARTESIAN_POINT('Ctrl Pts',(-22.1444949261829,22.2380349825963,106.544939180462));
#5393=CARTESIAN_POINT('Ctrl Pts',(-9.27355417915923,29.9820342074287,105.006477642001));
#5394=CARTESIAN_POINT('Ctrl Pts',(5.72224441753007,30.8570519556068,103.468016103539));
#5395=CARTESIAN_POINT('Ctrl Pts',(19.4063118934383,24.6640427220781,101.929554565078));
#5396=CARTESIAN_POINT('Ctrl Pts',(28.6462997490322,12.8188224671172,100.391093026616));
#5397=CARTESIAN_POINT('Ctrl Pts',(30.4276193678977,2.96735929076869,99.3654520009749));
#5398=CARTESIAN_POINT('Ctrl Pts',(30.1237839863783,-1.88588660124693,98.8526314881544));
#5399=CARTESIAN_POINT('Ctrl Pts',(29.6697723531168,-1.85746339729737,175.815875028569));
#5400=CARTESIAN_POINT('Ctrl Pts',(29.3705250724907,-6.63742229521411,175.303054515748));
#5401=CARTESIAN_POINT('Ctrl Pts',(26.4195415825737,-16.0460254230992,174.277413490107));
#5402=CARTESIAN_POINT('Ctrl Pts',(15.9348330641959,-26.4864636276043,172.738951951646));
#5403=CARTESIAN_POINT('Ctrl Pts',(1.80149100477956,-30.8575957487739,171.200490413184));
#5404=CARTESIAN_POINT('Ctrl Pts',(-12.7454667111397,-28.1603804492456,169.662028874722));
#5405=CARTESIAN_POINT('Ctrl Pts',(-24.3721536494511,-19.0115964700561,168.123567336261));
#5406=CARTESIAN_POINT('Ctrl Pts',(-30.4156856975677,-5.50766114058555,166.5851057978));
#5407=CARTESIAN_POINT('Ctrl Pts',(-29.4912483899139,9.25809815758577,165.046644259338));
#5408=CARTESIAN_POINT('Ctrl Pts',(-21.8107709194931,21.902897585323,163.508182720876));
#5409=CARTESIAN_POINT('Ctrl Pts',(-9.13368479397959,29.5300270196657,161.969721182415));
#5410=CARTESIAN_POINT('Ctrl Pts',(5.63580690403944,30.3921735313583,160.431259643953));
#5411=CARTESIAN_POINT('Ctrl Pts',(19.1142087354681,24.2918439946734,158.892798105492));
#5412=CARTESIAN_POINT('Ctrl Pts',(28.2137730024707,12.6265435042456,157.35433656703));
#5413=CARTESIAN_POINT('Ctrl Pts',(30.8499031892542,-1.93134485289222,155.815875028569));
#5414=CARTESIAN_POINT('Ctrl Pts',(26.418691708009,-16.0467859031092,154.277413490107));
#5415=CARTESIAN_POINT('Ctrl Pts',(15.9352766401276,-26.4861014346449,152.738951951646));
#5416=CARTESIAN_POINT('Ctrl Pts',(1.80128158804859,-30.8577704418768,151.200490413184));
#5417=CARTESIAN_POINT('Ctrl Pts',(-12.7453652971038,-28.1602960582543,149.662028874723));
#5418=CARTESIAN_POINT('Ctrl Pts',(-24.3722026252747,-19.0116372445821,148.123567336261));
#5419=CARTESIAN_POINT('Ctrl Pts',(-30.4156620323126,-5.50764143945268,146.585105797799));
#5420=CARTESIAN_POINT('Ctrl Pts',(-29.4912598242146,9.25808863851824,145.046644259338));
#5421=CARTESIAN_POINT('Ctrl Pts',(-21.8107653947303,21.9029021846864,143.508182720876));
#5422=CARTESIAN_POINT('Ctrl Pts',(-9.13368746339987,29.5300247973743,141.969721182415));
#5423=CARTESIAN_POINT('Ctrl Pts',(5.63580819383424,30.3921746051102,140.431259643953));
#5424=CARTESIAN_POINT('Ctrl Pts',(19.1142081122712,24.2918434758665,138.892798105492));
#5425=CARTESIAN_POINT('Ctrl Pts',(28.2137733035868,12.6265437549155,137.35433656703));
#5426=CARTESIAN_POINT('Ctrl Pts',(30.849903043755,-1.93134497400102,135.815875028569));
#5427=CARTESIAN_POINT('Ctrl Pts',(26.4186917783265,-16.0467858446098,134.277413490107));
#5428=CARTESIAN_POINT('Ctrl Pts',(15.9352766061189,-26.4861014628747,132.738951951646));
#5429=CARTESIAN_POINT('Ctrl Pts',(1.80128160454945,-30.8577704283104,131.200490413184));
#5430=CARTESIAN_POINT('Ctrl Pts',(-12.7453653052188,-28.160296064657,129.662028874723));
#5431=CARTESIAN_POINT('Ctrl Pts',(-24.3722026210594,-19.0116372418035,128.123567336261));
#5432=CARTESIAN_POINT('Ctrl Pts',(-30.4156620349584,-5.50764144014342,126.585105797799));
#5433=CARTESIAN_POINT('Ctrl Pts',(-29.4912598216756,9.25808863750289,125.046644259338));
#5434=CARTESIAN_POINT('Ctrl Pts',(-21.810765398566,21.9029021879691,123.508182720876));
#5435=CARTESIAN_POINT('Ctrl Pts',(-9.13368745614679,29.5300247900095,121.969721182415));
#5436=CARTESIAN_POINT('Ctrl Pts',(5.63580817915425,30.3921746206287,120.431259643953));
#5437=CARTESIAN_POINT('Ctrl Pts',(19.1142081424936,24.2918434436155,118.892798105492));
#5438=CARTESIAN_POINT('Ctrl Pts',(28.2137732411145,12.6265438217282,117.35433656703));
#5439=CARTESIAN_POINT('Ctrl Pts',(30.8499031730134,-1.93134511231089,115.815875028569));
#5440=CARTESIAN_POINT('Ctrl Pts',(26.4186915108251,-16.0467855583418,114.277413490107));
#5441=CARTESIAN_POINT('Ctrl Pts',(15.935277159744,-26.486102055356,112.738951951646));
#5442=CARTESIAN_POINT('Ctrl Pts',(1.80128045874416,-30.8577692020788,111.200490413184));
#5443=CARTESIAN_POINT('Ctrl Pts',(-12.7453629338063,-28.1602986025275,109.662028874723));
#5444=CARTESIAN_POINT('Ctrl Pts',(-24.3722075290505,-19.0116319893019,108.123567336261));
#5445=CARTESIAN_POINT('Ctrl Pts',(-30.4156518771586,-5.50765231097515,106.5851057978));
#5446=CARTESIAN_POINT('Ctrl Pts',(-29.4912808450192,9.25811113634639,105.046644259338));
#5447=CARTESIAN_POINT('Ctrl Pts',(-21.8107218905609,21.9028556235324,103.508182720876));
#5448=CARTESIAN_POINT('Ctrl Pts',(-9.13377755306392,29.530121170462,101.969721182415));
#5449=CARTESIAN_POINT('Ctrl Pts',(5.635994172966,30.391975173018,100.431259643953));
#5450=CARTESIAN_POINT('Ctrl Pts',(19.1138132028535,24.2922581314833,98.8927981054917));
#5451=CARTESIAN_POINT('Ctrl Pts',(28.2145216324927,12.625683282963,97.3543365670302));
#5452=CARTESIAN_POINT('Ctrl Pts',(29.969019633743,2.92249550061942,96.3286955413892));
#5453=CARTESIAN_POINT('Ctrl Pts',(29.6697723531169,-1.85746339729734,95.8158750285687));
#5454=CARTESIAN_POINT('Ctrl Pts',(30.5480375095091,-1.9124468114505,172.974096000768));
#5455=CARTESIAN_POINT('Ctrl Pts',(30.2399225177626,-6.83405209153554,172.461275487947));
#5456=CARTESIAN_POINT('Ctrl Pts',(27.2016407599783,-16.5209492595043,171.435634462307));
#5457=CARTESIAN_POINT('Ctrl Pts',(16.406534493236,-27.2705649184195,169.897172923845));
#5458=CARTESIAN_POINT('Ctrl Pts',(1.85482350961758,-31.7710377821444,168.358711385384));
#5459=CARTESIAN_POINT('Ctrl Pts',(-13.1227654818096,-28.994004923657,166.820249846922));
#5460=CARTESIAN_POINT('Ctrl Pts',(-25.0936277955918,-19.5743818220229,165.281788308461));
#5461=CARTESIAN_POINT('Ctrl Pts',(-31.3160644863201,-5.67070333948945,163.743326769999));
#5462=CARTESIAN_POINT('Ctrl Pts',(-30.3642609161935,9.53216137714467,162.204865231537));
#5463=CARTESIAN_POINT('Ctrl Pts',(-22.4564229384703,22.5512762007946,160.666403693076));
#5464=CARTESIAN_POINT('Ctrl Pts',(-9.40406404751282,30.404187933371,159.127942154614));
#5465=CARTESIAN_POINT('Ctrl Pts',(5.80264048328338,31.2918557423316,157.589480616153));
#5466=CARTESIAN_POINT('Ctrl Pts',(19.6800358562177,25.0109417645587,156.051019077691));
#5467=CARTESIAN_POINT('Ctrl Pts',(29.0489693592956,13.0003199034424,154.51255753923));
#5468=CARTESIAN_POINT('Ctrl Pts',(31.7631354253198,-1.98851734964287,152.974096000768));
#5469=CARTESIAN_POINT('Ctrl Pts',(27.200749293086,-16.5218098350454,151.435634462307));
#5470=CARTESIAN_POINT('Ctrl Pts',(16.4069996210698,-27.2701545101637,149.897172923845));
#5471=CARTESIAN_POINT('Ctrl Pts',(1.8546039076594,-31.7712355664055,148.358711385383));
#5472=CARTESIAN_POINT('Ctrl Pts',(-13.1226591361933,-28.9939093724011,146.820249846922));
#5473=CARTESIAN_POINT('Ctrl Pts',(-25.0936791530798,-19.5744279879793,145.28178830846));
#5474=CARTESIAN_POINT('Ctrl Pts',(-31.3160396702426,-5.67068103332821,143.743326769999));
#5475=CARTESIAN_POINT('Ctrl Pts',(-30.3642729065355,9.53215059940017,142.204865231537));
#5476=CARTESIAN_POINT('Ctrl Pts',(-22.4564171450425,22.551281408318,140.666403693076));
#5477=CARTESIAN_POINT('Ctrl Pts',(-9.40406684674493,30.4041854172328,139.127942154614));
#5478=CARTESIAN_POINT('Ctrl Pts',(5.8026418357999,31.2918569580625,137.589480616153));
#5479=CARTESIAN_POINT('Ctrl Pts',(19.6800352027153,25.0109411771516,136.051019077691));
#5480=CARTESIAN_POINT('Ctrl Pts',(29.0489696750547,13.0003201872576,134.51255753923));
#5481=CARTESIAN_POINT('Ctrl Pts',(31.7631352727452,-1.98851748676563,132.974096000768));
#5482=CARTESIAN_POINT('Ctrl Pts',(27.2007493668227,-16.5218097688105,131.435634462307));
#5483=CARTESIAN_POINT('Ctrl Pts',(16.4069995854077,-27.2701545421268,129.897172923845));
#5484=CARTESIAN_POINT('Ctrl Pts',(1.85460392496179,-31.7712355510443,128.358711385383));
#5485=CARTESIAN_POINT('Ctrl Pts',(-13.1226591447011,-28.9939093796526,126.820249846922));
#5486=CARTESIAN_POINT('Ctrl Pts',(-25.0936791486634,-19.5744279848287,125.28178830846));
#5487=CARTESIAN_POINT('Ctrl Pts',(-31.3160396730092,-5.67068103411962,123.743326769999));
#5488=CARTESIAN_POINT('Ctrl Pts',(-30.3642729038891,9.53215059826988,122.204865231537));
#5489=CARTESIAN_POINT('Ctrl Pts',(-22.4564171490316,22.5512814119948,120.666403693076));
#5490=CARTESIAN_POINT('Ctrl Pts',(-9.40406683920799,30.4041854089768,119.127942154614));
#5491=CARTESIAN_POINT('Ctrl Pts',(5.80264182054849,31.2918569754618,117.589480616153));
#5492=CARTESIAN_POINT('Ctrl Pts',(19.6800352341125,25.0109411409903,116.051019077691));
#5493=CARTESIAN_POINT('Ctrl Pts',(29.0489696101546,13.0003202621718,114.51255753923));
#5494=CARTESIAN_POINT('Ctrl Pts',(31.7631354070265,-1.98851764184687,112.974096000768));
#5495=CARTESIAN_POINT('Ctrl Pts',(27.2007490889266,-16.5218094478297,111.435634462306));
#5496=CARTESIAN_POINT('Ctrl Pts',(16.407000160546,-27.2701552064525,109.897172923845));
#5497=CARTESIAN_POINT('Ctrl Pts',(1.85460273463219,-31.7712341761195,108.358711385383));
#5498=CARTESIAN_POINT('Ctrl Pts',(-13.1226566811391,-28.9939122252658,106.820249846922));
#5499=CARTESIAN_POINT('Ctrl Pts',(-25.0936842473717,-19.5744220954079,105.28178830846));
#5500=CARTESIAN_POINT('Ctrl Pts',(-31.3160291204923,-5.67069322315011,103.743326769999));
#5501=CARTESIAN_POINT('Ctrl Pts',(-30.3642947441695,9.53217582533241,102.204865231537));
#5502=CARTESIAN_POINT('Ctrl Pts',(-22.456371950379,22.5512292011825,100.666403693076));
#5503=CARTESIAN_POINT('Ctrl Pts',(-9.4041604372876,30.4042934776222,99.1279421546141));
#5504=CARTESIAN_POINT('Ctrl Pts',(5.80283504012381,31.2916333466853,97.5894806161526));
#5505=CARTESIAN_POINT('Ctrl Pts',(19.6796249242763,25.0114063556466,96.051019077691));
#5506=CARTESIAN_POINT('Ctrl Pts',(29.0497467851579,12.9993552220192,94.5125575392296));
#5507=CARTESIAN_POINT('Ctrl Pts',(30.8561525012558,3.00915846863459,93.4869165135885));
#5508=CARTESIAN_POINT('Ctrl Pts',(30.5480375095092,-1.91244681145047,92.974096000768));
#5509=CARTESIAN_POINT('Ctrl Pts',(32.2127849775802,-2.01666761405334,170.878905587513));
#5510=CARTESIAN_POINT('Ctrl Pts',(31.8878911891691,-7.20628521573816,170.366085074692));
#5511=CARTESIAN_POINT('Ctrl Pts',(28.6839650237172,-17.4213525767351,169.340444049051));
#5512=CARTESIAN_POINT('Ctrl Pts',(17.3006144352593,-28.7566182732734,167.80198251059));
#5513=CARTESIAN_POINT('Ctrl Pts',(1.9558964677034,-33.5024138651996,166.263520972128));
#5514=CARTESIAN_POINT('Ctrl Pts',(-13.8378841894606,-30.5740134664275,164.725059433667));
#5515=CARTESIAN_POINT('Ctrl Pts',(-26.4610987146469,-20.6410872415365,163.186597895205));
#5516=CARTESIAN_POINT('Ctrl Pts',(-33.0226234623964,-5.97972403543454,161.648136356744));
#5517=CARTESIAN_POINT('Ctrl Pts',(-32.0189524952534,10.0516124071384,160.109674818282));
#5518=CARTESIAN_POINT('Ctrl Pts',(-23.6801788439151,23.7802018438095,158.57121327982));
#5519=CARTESIAN_POINT('Ctrl Pts',(-9.91653576509076,32.0610547538505,157.032751741359));
#5520=CARTESIAN_POINT('Ctrl Pts',(6.11885366922424,32.9970961863292,155.494290202897));
#5521=CARTESIAN_POINT('Ctrl Pts',(20.7524934986306,26.3739054743486,153.955828664436));
#5522=CARTESIAN_POINT('Ctrl Pts',(30.6319842483648,13.708768474371,152.417367125974));
#5523=CARTESIAN_POINT('Ctrl Pts',(33.4940579700958,-2.09688102270645,150.878905587513));
#5524=CARTESIAN_POINT('Ctrl Pts',(28.6830459777884,-17.4221609041614,149.340444049051));
#5525=CARTESIAN_POINT('Ctrl Pts',(17.3010941488226,-28.7562334133749,147.80198251059));
#5526=CARTESIAN_POINT('Ctrl Pts',(1.95566999234045,-33.5025995276888,146.263520972128));
#5527=CARTESIAN_POINT('Ctrl Pts',(-13.8377745142767,-30.573923777526,144.725059433667));
#5528=CARTESIAN_POINT('Ctrl Pts',(-26.4611516800087,-20.6411305759875,143.186597895205));
#5529=CARTESIAN_POINT('Ctrl Pts',(-33.0225978693842,-5.9797030974244,141.648136356744));
#5530=CARTESIAN_POINT('Ctrl Pts',(-32.0189648609851,10.0516022904435,140.109674818282));
#5531=CARTESIAN_POINT('Ctrl Pts',(-23.6801728691085,23.7802067319308,138.571213279821));
#5532=CARTESIAN_POINT('Ctrl Pts',(-9.91653865196034,32.061052392039,137.032751741359));
#5533=CARTESIAN_POINT('Ctrl Pts',(6.11885506408492,32.9970973274935,135.494290202897));
#5534=CARTESIAN_POINT('Ctrl Pts',(20.7524928246685,26.3739049229699,133.955828664436));
#5535=CARTESIAN_POINT('Ctrl Pts',(30.6319845740096,13.7087687407784,132.417367125974));
#5536=CARTESIAN_POINT('Ctrl Pts',(33.4940578127444,-2.09688115141868,130.878905587513));
#5537=CARTESIAN_POINT('Ctrl Pts',(28.6830460538339,-17.4221608419893,129.340444049051));
#5538=CARTESIAN_POINT('Ctrl Pts',(17.3010941120435,-28.756233443377,127.80198251059));
#5539=CARTESIAN_POINT('Ctrl Pts',(1.95567001018562,-33.5025995132709,126.263520972128));
#5540=CARTESIAN_POINT('Ctrl Pts',(-13.8377745230531,-30.5739237843302,124.725059433667));
#5541=CARTESIAN_POINT('Ctrl Pts',(-26.4611516754493,-20.6411305730353,123.186597895205));
#5542=CARTESIAN_POINT('Ctrl Pts',(-33.0225978722472,-5.97970309815643,121.648136356744));
#5543=CARTESIAN_POINT('Ctrl Pts',(-32.0189648582358,10.0516022893601,120.109674818282));
#5544=CARTESIAN_POINT('Ctrl Pts',(-23.6801728732641,23.7802067354286,118.571213279821));
#5545=CARTESIAN_POINT('Ctrl Pts',(-9.91653864410107,32.0610523841932,117.032751741359));
#5546=CARTESIAN_POINT('Ctrl Pts',(6.11885504817729,32.9970973440245,115.494290202898));
#5547=CARTESIAN_POINT('Ctrl Pts',(20.7524928574186,26.373904888615,113.955828664436));
#5548=CARTESIAN_POINT('Ctrl Pts',(30.631984506312,13.7087688119496,112.417367125974));
#5549=CARTESIAN_POINT('Ctrl Pts',(33.4940579528142,-2.09688129875084,110.878905587513));
#5550=CARTESIAN_POINT('Ctrl Pts',(28.6830457639582,-17.4221605370475,109.340444049051));
#5551=CARTESIAN_POINT('Ctrl Pts',(17.3010947119751,-28.7562340745072,107.80198251059));
#5552=CARTESIAN_POINT('Ctrl Pts',(1.95566876854252,-33.5025982070493,106.263520972128));
#5553=CARTESIAN_POINT('Ctrl Pts',(-13.8377719532902,-30.5739264877519,104.725059433667));
#5554=CARTESIAN_POINT('Ctrl Pts',(-26.4611569939562,-20.6411249779011,103.186597895205));
#5555=CARTESIAN_POINT('Ctrl Pts',(-33.0225868648253,-5.97971467811755,101.648136356744));
#5556=CARTESIAN_POINT('Ctrl Pts',(-32.0189876400207,10.0516262558537,100.109674818282));
#5557=CARTESIAN_POINT('Ctrl Pts',(-23.6801257261459,23.7801571334785,98.5712132798206));
#5558=CARTESIAN_POINT('Ctrl Pts',(-9.9166362769055,32.0611550515226,97.032751741359));
#5559=CARTESIAN_POINT('Ctrl Pts',(6.1190565993207,32.9968848851191,95.4942902028975));
#5560=CARTESIAN_POINT('Ctrl Pts',(20.7520648893398,26.3743465735342,93.9558286644359));
#5561=CARTESIAN_POINT('Ctrl Pts',(30.6327955614147,13.7078521722887,92.4173671259745));
#5562=CARTESIAN_POINT('Ctrl Pts',(32.5376787659913,3.17294998763154,91.3917261003334));
#5563=CARTESIAN_POINT('Ctrl Pts',(32.2127849775802,-2.01666761405331,90.8789055875129));
#5564=CARTESIAN_POINT('Ctrl Pts',(34.9247361181804,-2.1864481542938,169.570931219042));
#5565=CARTESIAN_POINT('Ctrl Pts',(34.5724817943102,-7.81310309394816,169.058110706222));
#5566=CARTESIAN_POINT('Ctrl Pts',(31.098868045731,-18.8879817154925,168.032469680581));
#5567=CARTESIAN_POINT('Ctrl Pts',(18.7571375627489,-31.1776558637618,166.494008142119));
#5568=CARTESIAN_POINT('Ctrl Pts',(2.12056583091093,-36.3229505030159,164.955546603658));
#5569=CARTESIAN_POINT('Ctrl Pts',(-15.0028905562742,-33.1480321297873,163.417085065196));
#5570=CARTESIAN_POINT('Ctrl Pts',(-28.6888449232128,-22.3788467525606,161.878623526735));
#5571=CARTESIAN_POINT('Ctrl Pts',(-35.8027824174608,-6.48315580810618,160.340161988273));
#5572=CARTESIAN_POINT('Ctrl Pts',(-34.7146123123675,10.8978535874081,158.801700449811));
#5573=CARTESIAN_POINT('Ctrl Pts',(-25.6738016468976,25.7822450431216,157.26323891135));
#5574=CARTESIAN_POINT('Ctrl Pts',(-10.7514040339088,34.7602595189223,155.724777372888));
#5575=CARTESIAN_POINT('Ctrl Pts',(6.63399695599089,35.7751055353729,154.186315834427));
#5576=CARTESIAN_POINT('Ctrl Pts',(22.4996358201636,28.5943117650784,152.647854295965));
#5577=CARTESIAN_POINT('Ctrl Pts',(33.2108760651958,14.8629029877215,151.109392757504));
#5578=CARTESIAN_POINT('Ctrl Pts',(36.3139063856188,-2.2734164032615,149.570931219042));
#5579=CARTESIAN_POINT('Ctrl Pts',(31.0978576354062,-18.8889241430209,148.032469680581));
#5580=CARTESIAN_POINT('Ctrl Pts',(18.7576648320042,-31.1772066841864,146.494008142119));
#5581=CARTESIAN_POINT('Ctrl Pts',(2.12031689540007,-36.3231670516188,144.955546603658));
#5582=CARTESIAN_POINT('Ctrl Pts',(-15.0027700050104,-33.1479275159201,143.417085065196));
#5583=CARTESIAN_POINT('Ctrl Pts',(-28.688903141003,-22.3788972975343,141.878623526735));
#5584=CARTESIAN_POINT('Ctrl Pts',(-35.8027542864643,-6.48313138613832,140.340161988273));
#5585=CARTESIAN_POINT('Ctrl Pts',(-34.7146259043732,10.8978417873601,138.801700449812));
#5586=CARTESIAN_POINT('Ctrl Pts',(-25.6737950795868,25.782250744595,137.26323891135));
#5587=CARTESIAN_POINT('Ctrl Pts',(-10.7514072070609,34.7602567641204,135.724777372889));
#5588=CARTESIAN_POINT('Ctrl Pts',(6.63399848917586,35.7751068664198,134.186315834427));
#5589=CARTESIAN_POINT('Ctrl Pts',(22.4996350793667,28.5943111219539,132.647854295965));
#5590=CARTESIAN_POINT('Ctrl Pts',(33.2108764231338,14.8629032984575,131.109392757504));
#5591=CARTESIAN_POINT('Ctrl Pts',(36.3139062126633,-2.27341655339073,129.570931219042));
#5592=CARTESIAN_POINT('Ctrl Pts',(31.0978577189928,-18.8889240705036,128.032469680581));
#5593=CARTESIAN_POINT('Ctrl Pts',(18.7576647915781,-31.1772067191811,126.494008142119));
#5594=CARTESIAN_POINT('Ctrl Pts',(2.12031691501417,-36.323167034801,124.955546603658));
#5595=CARTESIAN_POINT('Ctrl Pts',(-15.0027700146556,-33.1479275238584,123.417085065196));
#5596=CARTESIAN_POINT('Ctrl Pts',(-28.6889031359946,-22.3788972940871,121.878623526735));
#5597=CARTESIAN_POINT('Ctrl Pts',(-35.8027542896046,-6.48313138700026,120.340161988273));
#5598=CARTESIAN_POINT('Ctrl Pts',(-34.7146259013649,10.8978417861132,118.801700449811));
#5599=CARTESIAN_POINT('Ctrl Pts',(-25.6737950841261,25.78225074864,117.26323891135));
#5600=CARTESIAN_POINT('Ctrl Pts',(-10.7514071984811,34.7602567550411,115.724777372888));
#5601=CARTESIAN_POINT('Ctrl Pts',(6.63399847181246,35.7751068855526,114.186315834427));
#5602=CARTESIAN_POINT('Ctrl Pts',(22.4996351151125,28.5943110821905,112.647854295965));
#5603=CARTESIAN_POINT('Ctrl Pts',(33.2108763492444,14.8629033808336,111.109392757504));
#5604=CARTESIAN_POINT('Ctrl Pts',(36.3139063655441,-2.27341672391881,109.570931219042));
#5605=CARTESIAN_POINT('Ctrl Pts',(31.0978574026046,-18.8889237175516,108.032469680581));
#5606=CARTESIAN_POINT('Ctrl Pts',(18.7576654463802,-31.1772074496765,106.494008142119));
#5607=CARTESIAN_POINT('Ctrl Pts',(2.12031555980905,-36.3231655229276,104.955546603658));
#5608=CARTESIAN_POINT('Ctrl Pts',(-15.0027672098595,-33.1479306529072,103.417085065196));
#5609=CARTESIAN_POINT('Ctrl Pts',(-28.6889089409379,-22.378890818054,101.878623526735));
#5610=CARTESIAN_POINT('Ctrl Pts',(-35.802742275432,-6.48314479011205,100.340161988273));
#5611=CARTESIAN_POINT('Ctrl Pts',(-34.714650766797,10.8978695258998,98.8017004498115));
#5612=CARTESIAN_POINT('Ctrl Pts',(-25.6737436248895,25.7821933373828,97.26323891135));
#5613=CARTESIAN_POINT('Ctrl Pts',(-10.7515137609977,34.7603755872693,95.7247773728885));
#5614=CARTESIAN_POINT('Ctrl Pts',(6.63421845560748,35.7748609804573,94.1863158344269));
#5615=CARTESIAN_POINT('Ctrl Pts',(22.4991679846304,28.5948225157357,92.6478542959653));
#5616=CARTESIAN_POINT('Ctrl Pts',(33.2117613303561,14.8618422931357,91.1093927575038));
#5617=CARTESIAN_POINT('Ctrl Pts',(35.2769904420507,3.44020678536061,90.0837517318628));
#5618=CARTESIAN_POINT('Ctrl Pts',(34.9247361181804,-2.18644815429377,89.5709312190423));
#5619=CARTESIAN_POINT('Ctrl Pts',(37.9330136012271,-2.37478007835341,169.57108304021));
#5620=CARTESIAN_POINT('Ctrl Pts',(37.5504208852954,-8.48603847632205,169.058262527389));
#5621=CARTESIAN_POINT('Ctrl Pts',(33.7775845217141,-20.5149383789819,168.032621501748));
#5622=CARTESIAN_POINT('Ctrl Pts',(20.372799423158,-33.8631513367534,166.494159963287));
#5623=CARTESIAN_POINT('Ctrl Pts',(2.30322081103307,-39.45165904309,164.955698424825));
#5624=CARTESIAN_POINT('Ctrl Pts',(-16.295174121603,-36.0032575045289,163.417236886364));
#5625=CARTESIAN_POINT('Ctrl Pts',(-31.1599785475569,-24.3064655152389,161.878775347902));
#5626=CARTESIAN_POINT('Ctrl Pts',(-38.8866794286861,-7.04158615652011,160.340313809441));
#5627=CARTESIAN_POINT('Ctrl Pts',(-37.7047792828535,11.8365473203266,158.801852270979));
#5628=CARTESIAN_POINT('Ctrl Pts',(-27.8852320882246,28.0030165346544,157.263390732518));
#5629=CARTESIAN_POINT('Ctrl Pts',(-11.6774835976286,37.7543581852412,155.724929194056));
#5630=CARTESIAN_POINT('Ctrl Pts',(7.20542083342148,38.8566187775679,154.186467655595));
#5631=CARTESIAN_POINT('Ctrl Pts',(24.4376573482709,31.0573023628556,152.648006117133));
#5632=CARTESIAN_POINT('Ctrl Pts',(36.0715176098367,16.1431293192743,151.109544578671));
#5633=CARTESIAN_POINT('Ctrl Pts',(39.4418295679195,-2.46923868569734,149.57108304021));
#5634=CARTESIAN_POINT('Ctrl Pts',(33.7764928896901,-20.5159345513656,148.032621501748));
#5635=CARTESIAN_POINT('Ctrl Pts',(20.3733691316428,-33.8626767236543,146.494159963287));
#5636=CARTESIAN_POINT('Ctrl Pts',(2.30295184264597,-39.4518879082074,144.955698424825));
#5637=CARTESIAN_POINT('Ctrl Pts',(-16.295043868794,-36.003146942395,143.417236886364));
#5638=CARTESIAN_POINT('Ctrl Pts',(-31.1600414504911,-24.3065189344262,141.878775347902));
#5639=CARTESIAN_POINT('Ctrl Pts',(-38.8866490338135,-7.0415603458222,140.340313809441));
#5640=CARTESIAN_POINT('Ctrl Pts',(-37.7047939686921,11.8365348492797,138.801852270979));
#5641=CARTESIAN_POINT('Ctrl Pts',(-27.8852249924015,28.0030225603368,137.263390732518));
#5642=CARTESIAN_POINT('Ctrl Pts',(-11.6774870261439,37.7543552737901,135.724929194056));
#5643=CARTESIAN_POINT('Ctrl Pts',(7.2054224899914,38.8566201843035,134.186467655594));
#5644=CARTESIAN_POINT('Ctrl Pts',(24.4376565478574,31.0573016831604,132.648006117133));
#5645=CARTESIAN_POINT('Ctrl Pts',(36.0715179965803,16.14312964768,131.109544578671));
#5646=CARTESIAN_POINT('Ctrl Pts',(39.4418293810452,-2.4692388443635,129.57108304021));
#5647=CARTESIAN_POINT('Ctrl Pts',(33.7764929800035,-20.5159344747247,128.032621501748));
#5648=CARTESIAN_POINT('Ctrl Pts',(20.3733690879632,-33.8626767606387,126.494159963287));
#5649=CARTESIAN_POINT('Ctrl Pts',(2.30295186383885,-39.4518878904335,124.955698424825));
#5650=CARTESIAN_POINT('Ctrl Pts',(-16.2950438792161,-36.003146950784,123.417236886364));
#5651=CARTESIAN_POINT('Ctrl Pts',(-31.1600414450783,-24.3065189307844,121.878775347902));
#5652=CARTESIAN_POINT('Ctrl Pts',(-38.8866490372093,-7.04156034673003,120.340313809441));
#5653=CARTESIAN_POINT('Ctrl Pts',(-37.704793965436,11.8365348479554,118.801852270979));
#5654=CARTESIAN_POINT('Ctrl Pts',(-27.8852249973178,28.0030225646253,117.263390732518));
#5655=CARTESIAN_POINT('Ctrl Pts',(-11.6774870168495,37.7543552641668,115.724929194056));
#5656=CARTESIAN_POINT('Ctrl Pts',(7.20542247118076,38.8566202045817,114.186467655595));
#5657=CARTESIAN_POINT('Ctrl Pts',(24.4376565865832,31.057301641017,112.648006117133));
#5658=CARTESIAN_POINT('Ctrl Pts',(36.0715179165308,16.1431297349864,111.109544578672));
#5659=CARTESIAN_POINT('Ctrl Pts',(39.4418295466715,-2.4692390250978,109.57108304021));
#5660=CARTESIAN_POINT('Ctrl Pts',(33.7764926372385,-20.5159341006484,108.032621501748));
#5661=CARTESIAN_POINT('Ctrl Pts',(20.3733697973552,-33.8626775348547,106.494159963287));
#5662=CARTESIAN_POINT('Ctrl Pts',(2.30295039565211,-39.4518862880739,104.955698424825));
#5663=CARTESIAN_POINT('Ctrl Pts',(-16.2950408405879,-36.0031502671079,103.417236886364));
#5664=CARTESIAN_POINT('Ctrl Pts',(-31.1600477339718,-24.3065120671576,101.878775347902));
#5665=CARTESIAN_POINT('Ctrl Pts',(-38.8866360214316,-7.04157455202473,100.340313809441));
#5666=CARTESIAN_POINT('Ctrl Pts',(-37.7048209038649,11.8365642479801,98.8018522709792));
#5667=CARTESIAN_POINT('Ctrl Pts',(-27.885169247992,28.0029617172638,97.2633907325175));
#5668=CARTESIAN_POINT('Ctrl Pts',(-11.6776024632914,37.7544812081971,95.724929194056));
#5669=CARTESIAN_POINT('Ctrl Pts',(7.20566079531439,38.8563595806333,94.1864676555945));
#5670=CARTESIAN_POINT('Ctrl Pts',(24.4371505203171,31.0578436025339,92.648006117133));
#5671=CARTESIAN_POINT('Ctrl Pts',(36.0724767820819,16.1420051920798,91.1095445786714));
#5672=CARTESIAN_POINT('Ctrl Pts',(38.3156063171588,3.7364783196153,90.0839035530304));
#5673=CARTESIAN_POINT('Ctrl Pts',(37.9330136012271,-2.37478007835337,89.5710830402099));
#5674=CARTESIAN_POINT('Ctrl Pts',(40.6442393681236,-2.54451520688367,170.878356061495));
#5675=CARTESIAN_POINT('Ctrl Pts',(40.2343005786412,-9.0925799387932,170.365535548674));
#5676=CARTESIAN_POINT('Ctrl Pts',(36.1918079331771,-21.9812200008524,169.339894523033));
#5677=CARTESIAN_POINT('Ctrl Pts',(21.8289263070541,-36.2834919339586,167.801432984572));
#5678=CARTESIAN_POINT('Ctrl Pts',(2.46784169797496,-42.2714295620406,166.26297144611));
#5679=CARTESIAN_POINT('Ctrl Pts',(-17.4598570966177,-38.5765583743258,164.724509907649));
#5680=CARTESIAN_POINT('Ctrl Pts',(-33.3871098030239,-26.0437479059328,163.186048369187));
#5681=CARTESIAN_POINT('Ctrl Pts',(-41.6660697394539,-7.54487729758645,161.647586830726));
#5682=CARTESIAN_POINT('Ctrl Pts',(-40.3996943048425,12.6825539105161,160.109125292264));
#5683=CARTESIAN_POINT('Ctrl Pts',(-29.878303866667,30.0045068123177,158.570663753803));
#5684=CARTESIAN_POINT('Ctrl Pts',(-12.5121211848436,40.4528168435817,157.032202215341));
#5685=CARTESIAN_POINT('Ctrl Pts',(7.72042177640553,41.6338604938626,155.49374067688));
#5686=CARTESIAN_POINT('Ctrl Pts',(26.1843168306756,33.2770949950956,153.955279138418));
#5687=CARTESIAN_POINT('Ctrl Pts',(38.6496967430892,17.2969449017508,152.416817599956));
#5688=CARTESIAN_POINT('Ctrl Pts',(42.2608987041417,-2.64572528919971,150.878356061495));
#5689=CARTESIAN_POINT('Ctrl Pts',(36.1906372047157,-21.9822924394212,149.339894523033));
#5690=CARTESIAN_POINT('Ctrl Pts',(21.8295372847695,-36.2829809502506,147.801432984572));
#5691=CARTESIAN_POINT('Ctrl Pts',(2.46755324505832,-42.2716759551256,146.26297144611));
#5692=CARTESIAN_POINT('Ctrl Pts',(-17.4597174081253,-38.576439344289,144.724509907649));
#5693=CARTESIAN_POINT('Ctrl Pts',(-33.3871772627326,-26.0438054164211,143.186048369187));
#5694=CARTESIAN_POINT('Ctrl Pts',(-41.6660371427356,-7.54484951008091,141.647586830726));
#5695=CARTESIAN_POINT('Ctrl Pts',(-40.3997100545432,12.6825404843283,140.109125292264));
#5696=CARTESIAN_POINT('Ctrl Pts',(-29.8782962568128,30.0045132994992,138.570663753802));
#5697=CARTESIAN_POINT('Ctrl Pts',(-12.5121248617253,40.4528137091465,137.032202215341));
#5698=CARTESIAN_POINT('Ctrl Pts',(7.72042355297958,41.6338620083382,135.493740676879));
#5699=CARTESIAN_POINT('Ctrl Pts',(26.1843159722791,33.2770942633435,133.955279138418));
#5700=CARTESIAN_POINT('Ctrl Pts',(38.649697157849,17.2969452553086,132.416817599956));
#5701=CARTESIAN_POINT('Ctrl Pts',(42.26089850373,-2.64572546001789,130.878356061495));
#5702=CARTESIAN_POINT('Ctrl Pts',(36.1906373015715,-21.9822923569105,129.339894523033));
#5703=CARTESIAN_POINT('Ctrl Pts',(21.8295372379258,-36.2829809900677,127.801432984572));
#5704=CARTESIAN_POINT('Ctrl Pts',(2.46755326778637,-42.2716759359904,126.26297144611));
#5705=CARTESIAN_POINT('Ctrl Pts',(-17.4597174193022,-38.5764393533206,124.724509907649));
#5706=CARTESIAN_POINT('Ctrl Pts',(-33.387177256928,-26.0438054125001,123.186048369187));
#5707=CARTESIAN_POINT('Ctrl Pts',(-41.6660371463768,-7.54484951105887,121.647586830726));
#5708=CARTESIAN_POINT('Ctrl Pts',(-40.3997100510524,12.6825404829038,120.109125292264));
#5709=CARTESIAN_POINT('Ctrl Pts',(-29.878296262083,30.0045133041136,118.570663753803));
#5710=CARTESIAN_POINT('Ctrl Pts',(-12.512124851762,40.4528136987913,117.032202215341));
#5711=CARTESIAN_POINT('Ctrl Pts',(7.72042353281554,41.6338620301587,115.49374067688));
#5712=CARTESIAN_POINT('Ctrl Pts',(26.1843160137911,33.2770942179949,113.955279138418));
#5713=CARTESIAN_POINT('Ctrl Pts',(38.6496970720403,17.296945349255,112.416817599957));
#5714=CARTESIAN_POINT('Ctrl Pts',(42.2608986812723,-2.64572565449772,110.878356061495));
#5715=CARTESIAN_POINT('Ctrl Pts',(36.190636934146,-21.9822919543843,109.339894523033));
#5716=CARTESIAN_POINT('Ctrl Pts',(21.8295379983555,-36.2829818231658,107.801432984572));
#5717=CARTESIAN_POINT('Ctrl Pts',(2.46755169396987,-42.271674211765,106.26297144611));
#5718=CARTESIAN_POINT('Ctrl Pts',(-17.4597141620576,-38.5764429218639,104.724509907649));
#5719=CARTESIAN_POINT('Ctrl Pts',(-33.3871839982806,-26.0437980268675,103.186048369187));
#5720=CARTESIAN_POINT('Ctrl Pts',(-41.6660231941693,-7.54486479672192,101.647586830726));
#5721=CARTESIAN_POINT('Ctrl Pts',(-40.3997389275868,12.682572118916,100.109125292264));
#5722=CARTESIAN_POINT('Ctrl Pts',(-29.8782365018307,30.004447829074,98.5706637538025));
#5723=CARTESIAN_POINT('Ctrl Pts',(-12.5122486040934,40.4529492214281,97.0322022153411));
#5724=CARTESIAN_POINT('Ctrl Pts',(7.7206790032485,41.6335815849853,95.4937406768794));
#5725=CARTESIAN_POINT('Ctrl Pts',(26.1837735366812,33.2776774132485,93.955279138418));
#5726=CARTESIAN_POINT('Ctrl Pts',(38.6507249044955,17.2957352707211,92.4168175999565));
#5727=CARTESIAN_POINT('Ctrl Pts',(41.0541781576061,4.00354952502592,91.3911765743154));
#5728=CARTESIAN_POINT('Ctrl Pts',(40.6442393681236,-2.54451520688363,90.8783560614949));
#5729=CARTESIAN_POINT('Ctrl Pts',(42.5197284869514,-2.66192940031904,173.236071271558));
#5730=CARTESIAN_POINT('Ctrl Pts',(42.0908705428101,-9.51219497917962,172.723250758738));
#5731=CARTESIAN_POINT('Ctrl Pts',(37.8618577066011,-22.995503805859,171.697609733097));
#5732=CARTESIAN_POINT('Ctrl Pts',(22.8362037296536,-37.9577788239474,170.159148194635));
#5733=CARTESIAN_POINT('Ctrl Pts',(2.58171968145505,-44.2220085909995,168.620686656174));
#5734=CARTESIAN_POINT('Ctrl Pts',(-18.265530143111,-40.3566483583578,167.082225117711));
#5735=CARTESIAN_POINT('Ctrl Pts',(-34.9277335150791,-27.2455165104848,165.54376357925));
#5736=CARTESIAN_POINT('Ctrl Pts',(-43.5887204821777,-7.89303081180714,164.005302040789));
#5737=CARTESIAN_POINT('Ctrl Pts',(-42.2639088667559,13.2677814715391,162.466840502327));
#5738=CARTESIAN_POINT('Ctrl Pts',(-31.2570165869136,31.3890429000035,160.928378963866));
#5739=CARTESIAN_POINT('Ctrl Pts',(-13.0894839376819,42.3194828425109,159.389917425404));
#5740=CARTESIAN_POINT('Ctrl Pts',(8.07667503914166,43.5550247932964,157.851455886943));
#5741=CARTESIAN_POINT('Ctrl Pts',(27.3925731666074,34.8126424540639,156.312994348481));
#5742=CARTESIAN_POINT('Ctrl Pts',(40.4331589998319,18.0950998865411,154.774532810019));
#5743=CARTESIAN_POINT('Ctrl Pts',(44.2109972620261,-2.76781036232266,153.236071271558));
#5744=CARTESIAN_POINT('Ctrl Pts',(37.8606279417351,-22.9966494019667,151.697609733096));
#5745=CARTESIAN_POINT('Ctrl Pts',(22.8368454697238,-37.9572328220368,150.159148194635));
#5746=CARTESIAN_POINT('Ctrl Pts',(2.58141670196845,-44.2222718210329,148.620686656173));
#5747=CARTESIAN_POINT('Ctrl Pts',(-18.2653834201126,-40.3565211929726,147.082225117712));
#5748=CARTESIAN_POINT('Ctrl Pts',(-34.9278043719769,-27.2455779514105,145.54376357925));
#5749=CARTESIAN_POINT('Ctrl Pts',(-43.5886862439296,-7.89300112520999,144.005302040789));
#5750=CARTESIAN_POINT('Ctrl Pts',(-42.2639254095918,13.2677671277616,142.466840502327));
#5751=CARTESIAN_POINT('Ctrl Pts',(-31.2570085938366,31.3890498305404,140.928378963866));
#5752=CARTESIAN_POINT('Ctrl Pts',(-13.0894877997267,42.3194794938579,139.389917425404));
#5753=CARTESIAN_POINT('Ctrl Pts',(8.07667690518174,43.5550264112763,137.851455886942));
#5754=CARTESIAN_POINT('Ctrl Pts',(27.3925722649832,34.8126416723013,136.312994348481));
#5755=CARTESIAN_POINT('Ctrl Pts',(40.4331594354785,18.0951002642623,134.774532810019));
#5756=CARTESIAN_POINT('Ctrl Pts',(44.2109970515219,-2.76781054481518,133.236071271558));
#5757=CARTESIAN_POINT('Ctrl Pts',(37.8606280434682,-22.9966493138169,131.697609733096));
#5758=CARTESIAN_POINT('Ctrl Pts',(22.8368454205213,-37.9572328645753,130.159148194635));
#5759=CARTESIAN_POINT('Ctrl Pts',(2.58141672584078,-44.2222718005895,128.620686656173));
#5760=CARTESIAN_POINT('Ctrl Pts',(-18.2653834318518,-40.3565212026222,127.082225117712));
#5761=CARTESIAN_POINT('Ctrl Pts',(-34.9278043658812,-27.2455779472202,125.54376357925));
#5762=CARTESIAN_POINT('Ctrl Pts',(-43.5886862477518,-7.89300112625756,124.005302040789));
#5763=CARTESIAN_POINT('Ctrl Pts',(-42.26392540593,13.2677671262456,122.466840502327));
#5764=CARTESIAN_POINT('Ctrl Pts',(-31.2570085993622,31.3890498354582,120.928378963866));
#5765=CARTESIAN_POINT('Ctrl Pts',(-13.0894877892826,42.3194794828197,119.389917425404));
#5766=CARTESIAN_POINT('Ctrl Pts',(8.0766768840455,43.5550264345373,117.851455886943));
#5767=CARTESIAN_POINT('Ctrl Pts',(27.3925723084961,34.8126416239585,116.312994348481));
#5768=CARTESIAN_POINT('Ctrl Pts',(40.4331593455337,18.0951003644121,114.77453281002));
#5769=CARTESIAN_POINT('Ctrl Pts',(44.2109972376219,-2.7678107521369,113.236071271558));
#5770=CARTESIAN_POINT('Ctrl Pts',(37.8606276583328,-22.996648884711,111.697609733096));
#5771=CARTESIAN_POINT('Ctrl Pts',(22.8368462176039,-37.9572337526847,110.159148194635));
#5772=CARTESIAN_POINT('Ctrl Pts',(2.58141507616586,-44.2222699625099,108.620686656173));
#5773=CARTESIAN_POINT('Ctrl Pts',(-18.2653800176071,-40.3565250068041,107.082225117712));
#5774=CARTESIAN_POINT('Ctrl Pts',(-34.9278114321689,-27.2455700738984,105.54376357925));
#5775=CARTESIAN_POINT('Ctrl Pts',(-43.5886716230439,-7.89301742126574,104.005302040789));
#5776=CARTESIAN_POINT('Ctrl Pts',(-42.2639556743218,13.2678008512533,102.466840502327));
#5777=CARTESIAN_POINT('Ctrl Pts',(-31.2569459586516,31.3889800369717,100.928378963866));
#5778=CARTESIAN_POINT('Ctrl Pts',(-13.0896175065509,42.3196239546294,99.3899174254042));
#5779=CARTESIAN_POINT('Ctrl Pts',(8.07694466771444,43.5547274721209,97.8514558869424));
#5780=CARTESIAN_POINT('Ctrl Pts',(27.3920036767074,34.8132634006812,96.312994348481));
#5781=CARTESIAN_POINT('Ctrl Pts',(40.4342366292018,18.0938103365185,94.7745328100195));
#5782=CARTESIAN_POINT('Ctrl Pts',(42.9485864310928,4.18833617854162,93.7488917843785));
#5783=CARTESIAN_POINT('Ctrl Pts',(42.5197284869515,-2.661929400319,93.236071271558));
#5784=CARTESIAN_POINT('Ctrl Pts',(42.9661999444752,-2.68988055479432,175.195350338308));
#5785=CARTESIAN_POINT('Ctrl Pts',(42.5328418133711,-9.61202885442627,174.682529825487));
#5786=CARTESIAN_POINT('Ctrl Pts',(38.2594059671562,-23.2369829193936,173.656888799846));
#5787=CARTESIAN_POINT('Ctrl Pts',(23.0759887872855,-38.3563277531351,172.118427261384));
#5788=CARTESIAN_POINT('Ctrl Pts',(2.60882676705219,-44.6863497044921,170.579965722923));
#5789=CARTESIAN_POINT('Ctrl Pts',(-18.4573194639437,-40.7803945770681,169.041504184461));
#5790=CARTESIAN_POINT('Ctrl Pts',(-35.2944785447566,-27.5315984889663,167.503042646));
#5791=CARTESIAN_POINT('Ctrl Pts',(-44.0464063252826,-7.97590780995001,165.964581107538));
#5792=CARTESIAN_POINT('Ctrl Pts',(-42.7076842601731,13.4070942194413,164.426119569077));
#5793=CARTESIAN_POINT('Ctrl Pts',(-31.5852183961615,31.7186311773984,162.887658030615));
#5794=CARTESIAN_POINT('Ctrl Pts',(-13.2269248612265,42.7638416304948,161.349196492154));
#5795=CARTESIAN_POINT('Ctrl Pts',(8.16148095313426,44.0123570015811,159.810734953692));
#5796=CARTESIAN_POINT('Ctrl Pts',(27.6801979571601,35.1781787112879,158.27227341523));
#5797=CARTESIAN_POINT('Ctrl Pts',(40.8577112686084,18.2851002770675,156.733811876769));
#5798=CARTESIAN_POINT('Ctrl Pts',(44.6752172127748,-2.79687265546164,155.195350338308));
#5799=CARTESIAN_POINT('Ctrl Pts',(38.2581683723425,-23.2381165493163,153.656888799846));
#5800=CARTESIAN_POINT('Ctrl Pts',(23.0766346612477,-38.3557876141611,152.118427261385));
#5801=CARTESIAN_POINT('Ctrl Pts',(2.60852183903711,-44.6866101562162,150.579965722923));
#5802=CARTESIAN_POINT('Ctrl Pts',(-18.457171797089,-40.7802687554483,149.041504184461));
#5803=CARTESIAN_POINT('Ctrl Pts',(-35.2945498574526,-27.5316592808728,147.503042646));
#5804=CARTESIAN_POINT('Ctrl Pts',(-44.0463718667901,-7.97587843695232,145.964581107538));
#5805=CARTESIAN_POINT('Ctrl Pts',(-42.707700909424,13.4070800271856,144.426119569077));
#5806=CARTESIAN_POINT('Ctrl Pts',(-31.5852103516675,31.7186380347238,142.887658030615));
#5807=CARTESIAN_POINT('Ctrl Pts',(-13.2269287481146,42.7638383172156,141.349196492154));
#5808=CARTESIAN_POINT('Ctrl Pts',(8.16148283117803,44.0123586024693,139.810734953692));
#5809=CARTESIAN_POINT('Ctrl Pts',(27.6801970497359,35.1781779377836,138.272273415231));
#5810=CARTESIAN_POINT('Ctrl Pts',(40.8577117070574,18.2851006507986,136.733811876769));
#5811=CARTESIAN_POINT('Ctrl Pts',(44.6752170009165,-2.79687283602637,135.195350338307));
#5812=CARTESIAN_POINT('Ctrl Pts',(38.2581684747302,-23.2381164620976,133.656888799846));
#5813=CARTESIAN_POINT('Ctrl Pts',(23.0766346117285,-38.3557876562501,132.118427261384));
#5814=CARTESIAN_POINT('Ctrl Pts',(2.60852186306328,-44.6866101359892,130.579965722923));
#5815=CARTESIAN_POINT('Ctrl Pts',(-18.4571718089042,-40.7802687649953,129.041504184461));
#5816=CARTESIAN_POINT('Ctrl Pts',(-35.2945498513164,-27.5316592767281,127.503042646));
#5817=CARTESIAN_POINT('Ctrl Pts',(-44.0463718706393,-7.97587843798607,125.964581107538));
#5818=CARTESIAN_POINT('Ctrl Pts',(-42.7077009057338,13.4070800256799,124.426119569077));
#5819=CARTESIAN_POINT('Ctrl Pts',(-31.5852103572389,31.7186380396014,122.887658030615));
#5820=CARTESIAN_POINT('Ctrl Pts',(-13.2269287375823,42.7638383062696,121.349196492153));
#5821=CARTESIAN_POINT('Ctrl Pts',(8.1614828098622,44.012358625535,119.810734953692));
#5822=CARTESIAN_POINT('Ctrl Pts',(27.6801970936191,35.1781778898472,118.27227341523));
#5823=CARTESIAN_POINT('Ctrl Pts',(40.8577116163472,18.2851007501061,116.733811876769));
#5824=CARTESIAN_POINT('Ctrl Pts',(44.6752171886004,-2.79687304160422,115.195350338307));
#5825=CARTESIAN_POINT('Ctrl Pts',(38.2581680863165,-23.2381160366012,113.656888799846));
#5826=CARTESIAN_POINT('Ctrl Pts',(23.0766354155957,-38.3557885368891,112.118427261384));
#5827=CARTESIAN_POINT('Ctrl Pts',(2.60852019934673,-44.6866083133706,110.579965722923));
#5828=CARTESIAN_POINT('Ctrl Pts',(-18.4571683655984,-40.7802725371781,109.041504184461));
#5829=CARTESIAN_POINT('Ctrl Pts',(-35.2945569777507,-27.5316514696334,107.503042646));
#5830=CARTESIAN_POINT('Ctrl Pts',(-44.0463571214495,-7.97589459592767,105.964581107538));
#5831=CARTESIAN_POINT('Ctrl Pts',(-42.7077314317625,13.4071134670057,104.426119569077));
#5832=CARTESIAN_POINT('Ctrl Pts',(-31.5851471833431,31.7185688282193,102.887658030615));
#5833=CARTESIAN_POINT('Ctrl Pts',(-13.2270595589319,42.7639815625243,101.349196492154));
#5834=CARTESIAN_POINT('Ctrl Pts',(8.16175287335698,44.0120621767135,99.810734953692));
#5835=CARTESIAN_POINT('Ctrl Pts',(27.6796236289887,35.1787943649918,98.2722734152305));
#5836=CARTESIAN_POINT('Ctrl Pts',(40.8587981612526,18.2838216184111,96.7338118767689));
#5837=CARTESIAN_POINT('Ctrl Pts',(43.3995580755793,4.2322677448377,95.7081708511279));
#5838=CARTESIAN_POINT('Ctrl Pts',(42.9661999444752,-2.68988055479428,95.1953503383074));
#5839=CARTESIAN_POINT('Ctrl Pts',(42.9662290353703,-2.68988237601735,176.175049194569));
#5840=CARTESIAN_POINT('Ctrl Pts',(42.532870502767,-9.61203708890641,175.662228681749));
#5841=CARTESIAN_POINT('Ctrl Pts',(38.2594323809815,-23.2369979749895,174.636587656108));
#5842=CARTESIAN_POINT('Ctrl Pts',(23.076004512036,-38.3563544707655,173.098126117646));
#5843=CARTESIAN_POINT('Ctrl Pts',(2.60882860044971,-44.6863801370888,171.559664579185));
#5844=CARTESIAN_POINT('Ctrl Pts',(-18.4573321390407,-40.7804226315529,170.021203040723));
#5845=CARTESIAN_POINT('Ctrl Pts',(-35.2945027302587,-27.5316173159943,168.482741502262));
#5846=CARTESIAN_POINT('Ctrl Pts',(-44.0464365262157,-7.97591330059319,166.9442799638));
#5847=CARTESIAN_POINT('Ctrl Pts',(-42.7077135358229,13.4071034216378,165.405818425338));
#5848=CARTESIAN_POINT('Ctrl Pts',(-31.5852400504811,31.7186529166739,163.867356886877));
#5849=CARTESIAN_POINT('Ctrl Pts',(-13.2269339283256,42.7638709496656,162.328895348415));
#5850=CARTESIAN_POINT('Ctrl Pts',(8.16148654793207,44.0123871728549,160.790433809954));
#5851=CARTESIAN_POINT('Ctrl Pts',(27.6802169333556,35.178202828164,159.251972271492));
#5852=CARTESIAN_POINT('Ctrl Pts',(40.8577392784033,18.2851128120634,157.713510733031));
#5853=CARTESIAN_POINT('Ctrl Pts',(44.6752478397432,-2.79687457270771,156.175049194569));
#5854=CARTESIAN_POINT('Ctrl Pts',(38.2581946000794,-23.2381324801926,154.636587656108));
#5855=CARTESIAN_POINT('Ctrl Pts',(23.0766504813603,-38.355813908803,153.098126117646));
#5856=CARTESIAN_POINT('Ctrl Pts',(2.60852362729651,-44.6866407909796,151.559664579184));
#5857=CARTESIAN_POINT('Ctrl Pts',(-18.4571844503361,-40.7802967122098,150.021203040723));
#5858=CARTESIAN_POINT('Ctrl Pts',(-35.2945740535073,-27.5316781551082,148.482741502261));
#5859=CARTESIAN_POINT('Ctrl Pts',(-44.0464020626242,-7.97588390478579,146.9442799638));
#5860=CARTESIAN_POINT('Ctrl Pts',(-42.7077301875376,13.4070892183611,145.405818425338));
#5861=CARTESIAN_POINT('Ctrl Pts',(-31.5852320047967,31.7186597793244,143.867356886877));
#5862=CARTESIAN_POINT('Ctrl Pts',(-13.2269378157889,42.7638676338136,142.328895348415));
#5863=CARTESIAN_POINT('Ctrl Pts',(8.16148842625374,44.0123887749862,140.790433809954));
#5864=CARTESIAN_POINT('Ctrl Pts',(27.6802160257971,35.178202054059,139.251972271492));
#5865=CARTESIAN_POINT('Ctrl Pts',(40.8577397169172,18.2851131860847,137.71351073303));
#5866=CARTESIAN_POINT('Ctrl Pts',(44.6752476278535,-2.79687475341264,136.175049194569));
#5867=CARTESIAN_POINT('Ctrl Pts',(38.2581947024823,-23.2381323929062,134.636587656107));
#5868=CARTESIAN_POINT('Ctrl Pts',(23.0766504318337,-38.3558139509246,133.098126117646));
#5869=CARTESIAN_POINT('Ctrl Pts',(2.60852365132623,-44.6866407707369,131.559664579184));
#5870=CARTESIAN_POINT('Ctrl Pts',(-18.4571844621531,-40.7802967217641,130.021203040723));
#5871=CARTESIAN_POINT('Ctrl Pts',(-35.2945740473702,-27.5316781509602,128.482741502261));
#5872=CARTESIAN_POINT('Ctrl Pts',(-44.0464020664739,-7.97588390582045,126.9442799638));
#5873=CARTESIAN_POINT('Ctrl Pts',(-42.707730183847,13.4070892168543,125.405818425338));
#5874=CARTESIAN_POINT('Ctrl Pts',(-31.5852320103685,31.7186597842054,123.867356886877));
#5875=CARTESIAN_POINT('Ctrl Pts',(-13.2269378052558,42.76386762286,122.328895348415));
#5876=CARTESIAN_POINT('Ctrl Pts',(8.16148840493636,44.0123887980679,120.790433809954));
#5877=CARTESIAN_POINT('Ctrl Pts',(27.6802160696835,35.1782020060894,119.251972271492));
#5878=CARTESIAN_POINT('Ctrl Pts',(40.8577396262003,18.2851132854612,117.71351073303));
#5879=CARTESIAN_POINT('Ctrl Pts',(44.6752478155511,-2.79687495913351,116.175049194569));
#5880=CARTESIAN_POINT('Ctrl Pts',(38.2581943140404,-23.2381319671137,114.636587656107));
#5881=CARTESIAN_POINT('Ctrl Pts',(23.0766512357593,-38.3558148321763,113.098126117646));
#5882=CARTESIAN_POINT('Ctrl Pts',(2.608521987489,-44.6866389468502,111.559664579184));
#5883=CARTESIAN_POINT('Ctrl Pts',(-18.4571810185975,-40.7803004965715,110.021203040723));
#5884=CARTESIAN_POINT('Ctrl Pts',(-35.2945811743214,-27.5316703384335,108.482741502261));
#5885=CARTESIAN_POINT('Ctrl Pts',(-44.0463873162142,-7.97590007500429,106.9442799638));
#5886=CARTESIAN_POINT('Ctrl Pts',(-42.70776071209,13.4071226814477,105.405818425338));
#5887=CARTESIAN_POINT('Ctrl Pts',(-31.5851688318902,31.7185905246683,103.867356886877));
#5888=CARTESIAN_POINT('Ctrl Pts',(-13.2270686360966,42.7640109788,102.328895348415));
#5889=CARTESIAN_POINT('Ctrl Pts',(8.16175848800253,44.0120921430287,100.790433809954));
#5890=CARTESIAN_POINT('Ctrl Pts',(27.6796425631909,35.1788189128133,99.2519722714921));
#5891=CARTESIAN_POINT('Ctrl Pts',(40.8588262465759,18.2838332621111,97.7135107330305));
#5892=CARTESIAN_POINT('Ctrl Pts',(43.3995875679736,4.23227233687177,96.6878697073895));
#5893=CARTESIAN_POINT('Ctrl Pts',(42.9662290353703,-2.68988237601731,96.175049194569));
#5894=CARTESIAN_POINT('Ctrl Pts',(-14.8314762841919,-31.0842844931134,176.175));
#5895=CARTESIAN_POINT('Ctrl Pts',(-14.8720520110904,-31.0771952973186,176.175));
#5896=CARTESIAN_POINT('Ctrl Pts',(-14.9123907528154,-31.0701669927407,176.174999999948));
#5897=CARTESIAN_POINT('Ctrl Pts',(-16.3936109252653,-30.8129429956261,176.174999999948));
#5898=CARTESIAN_POINT('Ctrl Pts',(-17.5513162208935,-30.6416306016443,176.175000000018));
#5899=CARTESIAN_POINT('Ctrl Pts',(-18.4593161468695,-30.7649772817031,176.175000000018));
#5900=CARTESIAN_POINT('Ctrl Pts',(-18.6208186407214,-30.8040859846887,176.175));
#5901=CARTESIAN_POINT('Ctrl Pts',(-18.8452353214081,-30.910617608825,176.175));
#5902=CARTESIAN_POINT('Ctrl Pts',(-18.9267438730872,-30.9648032756897,176.175));
#5903=CARTESIAN_POINT('Ctrl Pts',(-19.0454333052481,-31.0934768228617,176.175));
#5904=CARTESIAN_POINT('Ctrl Pts',(-19.0852830375859,-31.1586801297597,176.175));
#5905=CARTESIAN_POINT('Ctrl Pts',(-19.1403814430859,-31.3101266319345,176.175));
#5906=CARTESIAN_POINT('Ctrl Pts',(-19.1520160437255,-31.3927091910812,176.175));
#5907=CARTESIAN_POINT('Ctrl Pts',(-19.1517838016331,-31.6051921164191,176.175));
#5908=CARTESIAN_POINT('Ctrl Pts',(-19.1233412575236,-31.7376393559236,176.175));
#5909=CARTESIAN_POINT('Ctrl Pts',(-19.0393923167165,-31.9975381305027,176.175));
#5910=CARTESIAN_POINT('Ctrl Pts',(-18.9769285430517,-32.1359644861352,176.175));
#5911=CARTESIAN_POINT('Ctrl Pts',(-18.905403135329,-32.2698889414062,176.175));
#5912=CARTESIAN_POINT('Ctrl Pts',(29.8914799604635,-1.87134330714796,176.175));
#5913=CARTESIAN_POINT('Ctrl Pts',(29.6354468953821,-5.96102968637279,176.175));
#5914=CARTESIAN_POINT('Ctrl Pts',(28.5863100551355,-9.95808602423828,176.174999999978));
#5915=CARTESIAN_POINT('Ctrl Pts',(25.0345739996376,-17.3191372996863,176.174999999978));
#5916=CARTESIAN_POINT('Ctrl Pts',(22.5780210066315,-20.6100639687578,176.174999999977));
#5917=CARTESIAN_POINT('Ctrl Pts',(16.5571453879958,-26.1303885050785,176.174999999977));
#5918=CARTESIAN_POINT('Ctrl Pts',(13.0562456073006,-28.2961986798078,176.174999999969));
#5919=CARTESIAN_POINT('Ctrl Pts',(6.23443499556271,-30.9784094476991,176.174999999969));
#5920=CARTESIAN_POINT('Ctrl Pts',(2.24856233852418,-32.0718482306565,176.17499999995));
#5921=CARTESIAN_POINT('Ctrl Pts',(-3.82215813191691,-32.2739190238045,176.17499999995));
#5922=CARTESIAN_POINT('Ctrl Pts',(-4.80115899269417,-32.2672139776753,176.175));
#5923=CARTESIAN_POINT('Ctrl Pts',(-5.74089532283286,-32.2309649224809,176.175));
#5924=CARTESIAN_POINT('Ctrl Pts',(42.9662290353703,-2.68988237601735,176.175049194569));
#5925=CARTESIAN_POINT('Ctrl Pts',(42.532870502767,-9.61203708890641,175.662228681749));
#5926=CARTESIAN_POINT('Ctrl Pts',(38.2594323809815,-23.2369979749895,174.636587656108));
#5927=CARTESIAN_POINT('Ctrl Pts',(23.076004512036,-38.3563544707655,173.098126117646));
#5928=CARTESIAN_POINT('Ctrl Pts',(2.60882860044971,-44.6863801370888,171.559664579185));
#5929=CARTESIAN_POINT('Ctrl Pts',(-18.4573321390407,-40.7804226315529,170.021203040723));
#5930=CARTESIAN_POINT('Ctrl Pts',(-35.2945027302587,-27.5316173159943,168.482741502262));
#5931=CARTESIAN_POINT('Ctrl Pts',(-44.0464365262157,-7.97591330059319,166.9442799638));
#5932=CARTESIAN_POINT('Ctrl Pts',(-42.7077135358229,13.4071034216378,165.405818425338));
#5933=CARTESIAN_POINT('Ctrl Pts',(-31.5852400504811,31.7186529166739,163.867356886877));
#5934=CARTESIAN_POINT('Ctrl Pts',(-13.2269339283256,42.7638709496656,162.328895348415));
#5935=CARTESIAN_POINT('Ctrl Pts',(8.16148654793207,44.0123871728549,160.790433809954));
#5936=CARTESIAN_POINT('Ctrl Pts',(27.6802169333556,35.178202828164,159.251972271492));
#5937=CARTESIAN_POINT('Ctrl Pts',(40.8577392784033,18.2851128120634,157.713510733031));
#5938=CARTESIAN_POINT('Ctrl Pts',(44.6752478397432,-2.79687457270771,156.175049194569));
#5939=CARTESIAN_POINT('Ctrl Pts',(38.2581946000794,-23.2381324801926,154.636587656108));
#5940=CARTESIAN_POINT('Ctrl Pts',(23.0766504813603,-38.355813908803,153.098126117646));
#5941=CARTESIAN_POINT('Ctrl Pts',(2.60852362729651,-44.6866407909796,151.559664579184));
#5942=CARTESIAN_POINT('Ctrl Pts',(-18.4571844503361,-40.7802967122098,150.021203040723));
#5943=CARTESIAN_POINT('Ctrl Pts',(-35.2945740535073,-27.5316781551082,148.482741502261));
#5944=CARTESIAN_POINT('Ctrl Pts',(-44.0464020626242,-7.97588390478579,146.9442799638));
#5945=CARTESIAN_POINT('Ctrl Pts',(-42.7077301875376,13.4070892183611,145.405818425338));
#5946=CARTESIAN_POINT('Ctrl Pts',(-31.5852320047967,31.7186597793244,143.867356886877));
#5947=CARTESIAN_POINT('Ctrl Pts',(-13.2269378157889,42.7638676338136,142.328895348415));
#5948=CARTESIAN_POINT('Ctrl Pts',(8.16148842625374,44.0123887749862,140.790433809954));
#5949=CARTESIAN_POINT('Ctrl Pts',(27.6802160257971,35.178202054059,139.251972271492));
#5950=CARTESIAN_POINT('Ctrl Pts',(40.8577397169172,18.2851131860847,137.71351073303));
#5951=CARTESIAN_POINT('Ctrl Pts',(44.6752476278535,-2.79687475341264,136.175049194569));
#5952=CARTESIAN_POINT('Ctrl Pts',(38.2581947024823,-23.2381323929062,134.636587656107));
#5953=CARTESIAN_POINT('Ctrl Pts',(23.0766504318337,-38.3558139509246,133.098126117646));
#5954=CARTESIAN_POINT('Ctrl Pts',(2.60852365132623,-44.6866407707369,131.559664579184));
#5955=CARTESIAN_POINT('Ctrl Pts',(-18.4571844621531,-40.7802967217641,130.021203040723));
#5956=CARTESIAN_POINT('Ctrl Pts',(-35.2945740473702,-27.5316781509602,128.482741502261));
#5957=CARTESIAN_POINT('Ctrl Pts',(-44.0464020664739,-7.97588390582045,126.9442799638));
#5958=CARTESIAN_POINT('Ctrl Pts',(-42.707730183847,13.4070892168543,125.405818425338));
#5959=CARTESIAN_POINT('Ctrl Pts',(-31.5852320103685,31.7186597842054,123.867356886877));
#5960=CARTESIAN_POINT('Ctrl Pts',(-13.2269378052558,42.76386762286,122.328895348415));
#5961=CARTESIAN_POINT('Ctrl Pts',(8.16148840493636,44.0123887980679,120.790433809954));
#5962=CARTESIAN_POINT('Ctrl Pts',(27.6802160696835,35.1782020060894,119.251972271492));
#5963=CARTESIAN_POINT('Ctrl Pts',(40.8577396262003,18.2851132854612,117.71351073303));
#5964=CARTESIAN_POINT('Ctrl Pts',(44.6752478155511,-2.79687495913351,116.175049194569));
#5965=CARTESIAN_POINT('Ctrl Pts',(38.2581943140404,-23.2381319671137,114.636587656107));
#5966=CARTESIAN_POINT('Ctrl Pts',(23.0766512357593,-38.3558148321763,113.098126117646));
#5967=CARTESIAN_POINT('Ctrl Pts',(2.608521987489,-44.6866389468502,111.559664579184));
#5968=CARTESIAN_POINT('Ctrl Pts',(-18.4571810185975,-40.7803004965715,110.021203040723));
#5969=CARTESIAN_POINT('Ctrl Pts',(-35.2945811743214,-27.5316703384335,108.482741502261));
#5970=CARTESIAN_POINT('Ctrl Pts',(-44.0463873162142,-7.97590007500429,106.9442799638));
#5971=CARTESIAN_POINT('Ctrl Pts',(-42.70776071209,13.4071226814477,105.405818425338));
#5972=CARTESIAN_POINT('Ctrl Pts',(-31.5851688318902,31.7185905246683,103.867356886877));
#5973=CARTESIAN_POINT('Ctrl Pts',(-13.2270686360966,42.7640109788,102.328895348415));
#5974=CARTESIAN_POINT('Ctrl Pts',(8.16175848800253,44.0120921430287,100.790433809954));
#5975=CARTESIAN_POINT('Ctrl Pts',(27.6796425631909,35.1788189128133,99.2519722714921));
#5976=CARTESIAN_POINT('Ctrl Pts',(40.8588262465759,18.2838332621111,97.7135107330305));
#5977=CARTESIAN_POINT('Ctrl Pts',(43.3995875679736,4.23227233687177,96.6878697073895));
#5978=CARTESIAN_POINT('Ctrl Pts',(42.9662290353703,-2.68988237601731,96.175049194569));
#5979=CARTESIAN_POINT('Origin',(13.3882352739261,-0.174999999999926,198.875));
#5980=CARTESIAN_POINT('',(23.7356140641021,-4.175,198.875));
#5981=CARTESIAN_POINT('',(24.0993646181803,-0.175000000000004,194.875));
#5982=CARTESIAN_POINT('Ctrl Pts',(23.7356140641021,-4.175,198.875));
#5983=CARTESIAN_POINT('Ctrl Pts',(23.7356140641021,-4.17500000000001,198.371716302547));
#5984=CARTESIAN_POINT('Ctrl Pts',(23.754021263945,-4.07422134021741,197.835589008979));
#5985=CARTESIAN_POINT('Ctrl Pts',(23.8204681688663,-3.66580160595859,196.850498320106));
#5986=CARTESIAN_POINT('Ctrl Pts',(23.8675512581533,-3.35821442551492,196.401448288954));
#5987=CARTESIAN_POINT('Ctrl Pts',(23.956616885869,-2.64919278184584,195.692250469515));
#5988=CARTESIAN_POINT('Ctrl Pts',(24.0044506627263,-2.20006430341993,195.384502327169));
#5989=CARTESIAN_POINT('Ctrl Pts',(24.0744327574733,-1.21475180683462,194.975849358444));
#5990=CARTESIAN_POINT('Ctrl Pts',(24.095708524856,-0.678483006287029,194.875));
#5991=CARTESIAN_POINT('Ctrl Pts',(24.0993646181803,-0.175000000000004,194.875));
#5992=CARTESIAN_POINT('',(26.7764705478523,-4.17500000000002,198.875));
#5993=CARTESIAN_POINT('',(13.3882352739261,-4.17499999999993,198.875));
#5994=CARTESIAN_POINT('',(27.099434957209,-0.175000000000026,194.875));
#5995=CARTESIAN_POINT('Ctrl Pts',(26.7764705478523,-4.17500000000002,198.875));
#5996=CARTESIAN_POINT('Ctrl Pts',(26.7764705478523,-4.17500000000002,198.371870765229));
#5997=CARTESIAN_POINT('Ctrl Pts',(26.7927754538471,-4.07428092894862,197.83576164042));
#5998=CARTESIAN_POINT('Ctrl Pts',(26.8517122363511,-3.66580566334315,196.850479204811));
#5999=CARTESIAN_POINT('Ctrl Pts',(26.8935041898797,-3.35809231803884,196.401238068546));
#6000=CARTESIAN_POINT('Ctrl Pts',(26.9726078781048,-2.64873468796723,195.691880438475));
#6001=CARTESIAN_POINT('Ctrl Pts',(27.0151039758099,-2.19950121653806,195.384185342292));
#6002=CARTESIAN_POINT('Ctrl Pts',(27.0772829985575,-1.21424619873517,194.975723198504));
#6003=CARTESIAN_POINT('Ctrl Pts',(27.0961857181155,-0.678157391277378,194.875));
#6004=CARTESIAN_POINT('Ctrl Pts',(27.099434957209,-0.175000000000024,194.875));
#6005=CARTESIAN_POINT('',(13.3882352739261,-0.174999999999926,194.875));
#6006=CARTESIAN_POINT('Origin',(26.7764705478523,-4.17500000000002,194.875));
#6007=CARTESIAN_POINT('',(23.7356140641021,-4.175,199.125));
#6008=CARTESIAN_POINT('',(23.7356140641021,-4.175,205.625));
#6009=CARTESIAN_POINT('',(26.5,-4.175,199.125));
#6010=CARTESIAN_POINT('',(0.,-4.175,199.125));
#6011=CARTESIAN_POINT('',(26.5,-4.17500000000002,204.875));
#6012=CARTESIAN_POINT('',(26.5,-4.175,207.375));
#6013=CARTESIAN_POINT('',(26.7764705478523,-4.17500000000002,204.875));
#6014=CARTESIAN_POINT('',(26.7764705478523,-4.17500000000002,204.875));
#6015=CARTESIAN_POINT('',(26.7764705478523,-4.17500000000002,194.875));
#6016=CARTESIAN_POINT('Origin',(21.7189334525655,-14.1950349851855,208.875));
#6017=CARTESIAN_POINT('',(17.8996196941813,-16.1373360504043,208.875));
#6018=CARTESIAN_POINT('',(20.3297469778752,-12.9426190477652,204.875));
#6019=CARTESIAN_POINT('Ctrl Pts',(17.8996196941813,-16.1373360504043,208.875));
#6020=CARTESIAN_POINT('Ctrl Pts',(17.8996196941813,-16.1373360504043,208.372658466859));
#6021=CARTESIAN_POINT('Ctrl Pts',(17.9673457313267,-16.0631929659092,207.836851408107));
#6022=CARTESIAN_POINT('Ctrl Pts',(18.236900777846,-15.756494881445,206.851305005216));
#6023=CARTESIAN_POINT('Ctrl Pts',(18.4380666482449,-15.5233379479808,206.40157180987));
#6024=CARTESIAN_POINT('Ctrl Pts',(18.8890896781957,-14.9713075597189,205.689561676662));
#6025=CARTESIAN_POINT('Ctrl Pts',(19.1690871561118,-14.6151317340364,205.381161159025));
#6026=CARTESIAN_POINT('Ctrl Pts',(19.7541419045441,-13.8141179833183,204.973928043835));
#6027=CARTESIAN_POINT('Ctrl Pts',(20.058441225559,-13.3687752436538,204.875));
#6028=CARTESIAN_POINT('Ctrl Pts',(20.3297469778752,-12.9426190477652,204.875));
#6029=CARTESIAN_POINT('',(20.1277881208428,-18.1461330691268,208.875));
#6030=CARTESIAN_POINT('',(19.0405374276022,-17.1659262207342,208.875));
#6031=CARTESIAN_POINT('',(22.5857228144668,-14.976485734246,204.875));
#6032=CARTESIAN_POINT('Ctrl Pts',(20.1277881208428,-18.1461330691268,208.875));
#6033=CARTESIAN_POINT('Ctrl Pts',(20.1277881208428,-18.1461330691268,208.37267786122));
#6034=CARTESIAN_POINT('Ctrl Pts',(20.1954542660137,-18.0719479708616,207.836887743479));
#6035=CARTESIAN_POINT('Ctrl Pts',(20.4654240046897,-17.7656437207552,206.85134743632));
#6036=CARTESIAN_POINT('Ctrl Pts',(20.6671374190106,-17.5329892681506,206.401602110325));
#6037=CARTESIAN_POINT('Ctrl Pts',(21.1207826858022,-16.9838144053638,205.689956993836));
#6038=CARTESIAN_POINT('Ctrl Pts',(21.4030109876838,-16.6302864712687,205.381674400255));
#6039=CARTESIAN_POINT('Ctrl Pts',(21.9963918831892,-15.8371099511682,204.974233196102));
#6040=CARTESIAN_POINT('Ctrl Pts',(22.3068799671648,-15.3970027613853,204.875));
#6041=CARTESIAN_POINT('Ctrl Pts',(22.5857228144668,-14.976485734246,204.875));
#6042=CARTESIAN_POINT('',(21.7189334525655,-14.1950349851855,204.875));
#6043=CARTESIAN_POINT('Origin',(20.1277881208428,-18.1461330691268,194.875));
#6044=CARTESIAN_POINT('',(17.8996196941813,-16.1373360504043,210.875));
#6045=CARTESIAN_POINT('',(17.8996196941813,-16.1373360504043,205.625));
#6046=CARTESIAN_POINT('',(20.1277881208428,-18.1461330691268,210.875));
#6047=CARTESIAN_POINT('',(18.4446422105658,-16.6286990878432,210.875));
#6048=CARTESIAN_POINT('',(20.1277881208428,-18.1461330691268,194.875));
#6049=CARTESIAN_POINT('Origin',(15.7662461856024,-19.5995903233919,210.875));
#6050=CARTESIAN_POINT('',(17.2289307645401,-20.9182682053435,214.875));
#6051=CARTESIAN_POINT('Ctrl Pts',(17.2289307645401,-20.9182682053435,214.875));
#6052=CARTESIAN_POINT('Ctrl Pts',(17.6184019375848,-20.5974877368409,214.875));
#6053=CARTESIAN_POINT('Ctrl Pts',(18.0240903819154,-20.2432080804591,214.775766803898));
#6054=CARTESIAN_POINT('Ctrl Pts',(18.7517446940195,-19.5710852633595,214.368325599745));
#6055=CARTESIAN_POINT('Ctrl Pts',(19.074235340171,-19.2538556970935,214.060043006164));
#6056=CARTESIAN_POINT('Ctrl Pts',(19.5736237989734,-18.7459204401815,213.348397889675));
#6057=CARTESIAN_POINT('Ctrl Pts',(19.784202407089,-18.5212583703125,212.89865256368));
#6058=CARTESIAN_POINT('Ctrl Pts',(20.0609878736095,-18.2210988144807,211.913112256521));
#6059=CARTESIAN_POINT('Ctrl Pts',(20.1277881208428,-18.1461330691268,211.37732213878));
#6060=CARTESIAN_POINT('Ctrl Pts',(20.1277881208428,-18.1461330691268,210.875));
#6061=CARTESIAN_POINT('',(14.9729549279485,-18.8844015188627,214.875));
#6062=CARTESIAN_POINT('Ctrl Pts',(14.9729549279485,-18.8844015188627,214.875));
#6063=CARTESIAN_POINT('Ctrl Pts',(15.3688135051196,-18.5705354623766,214.875));
#6064=CARTESIAN_POINT('Ctrl Pts',(15.7803486447933,-18.2218707791124,214.776071956165));
#6065=CARTESIAN_POINT('Ctrl Pts',(16.5166581584913,-17.5572202035913,214.368838840975));
#6066=CARTESIAN_POINT('Ctrl Pts',(16.8420129245906,-17.2419360736125,214.060438323338));
#6067=CARTESIAN_POINT('Ctrl Pts',(17.3445124498984,-16.73631412969,213.34842819013));
#6068=CARTESIAN_POINT('Ctrl Pts',(17.5556473993011,-16.512144782596,212.898694994784));
#6069=CARTESIAN_POINT('Ctrl Pts',(17.8328674213708,-16.2123570285406,211.913148591892));
#6070=CARTESIAN_POINT('Ctrl Pts',(17.8996196941813,-16.1373360504043,211.377341533141));
#6071=CARTESIAN_POINT('Ctrl Pts',(17.8996196941813,-16.1373360504043,210.875));
#6072=CARTESIAN_POINT('',(15.7662461856024,-19.5995903233919,214.875));
#6073=CARTESIAN_POINT('Origin',(10.0392347130271,-22.5676337116968,214.875));
#6074=CARTESIAN_POINT('',(4.,-23.7657316319107,214.875));
#6075=CARTESIAN_POINT('Origin',(0.,0.,214.875));
#6076=CARTESIAN_POINT('',(4.,-26.8031714541395,214.875));
#6077=CARTESIAN_POINT('',(4.,-23.3338168558484,214.875));
#6078=CARTESIAN_POINT('Origin',(0.,0.,214.875));
#6079=CARTESIAN_POINT('Origin',(4.,-23.3338168558484,210.875));
#6080=CARTESIAN_POINT('',(0.,-27.1,210.875));
#6081=CARTESIAN_POINT('Ctrl Pts',(-4.04190569902596E-15,-27.1,210.875));
#6082=CARTESIAN_POINT('Ctrl Pts',(-4.44623066210922E-15,-27.1,211.37732213878));
#6083=CARTESIAN_POINT('Ctrl Pts',(0.100408148123631,-27.1005829213316,211.913112256521));
#6084=CARTESIAN_POINT('Ctrl Pts',(0.508678769869345,-27.095994582477,212.89865256368));
#6085=CARTESIAN_POINT('Ctrl Pts',(0.816543640182659,-27.0900265458901,213.348397889675));
#6086=CARTESIAN_POINT('Ctrl Pts',(1.5281887566714,-27.0592322903055,214.060043006164));
#6087=CARTESIAN_POINT('Ctrl Pts',(1.9797418073756,-27.0321277340779,214.368325599745));
#6088=CARTESIAN_POINT('Ctrl Pts',(2.96617935828074,-26.9417350498948,214.775766803898));
#6089=CARTESIAN_POINT('Ctrl Pts',(3.50095951896741,-26.8776462948331,214.875));
#6090=CARTESIAN_POINT('Ctrl Pts',(4.,-26.8031714541395,214.875));
#6091=CARTESIAN_POINT('',(0.,-24.1,210.875));
#6092=CARTESIAN_POINT('Ctrl Pts',(5.55111512312578E-16,-24.1,210.875));
#6093=CARTESIAN_POINT('Ctrl Pts',(5.82997069128522E-16,-24.1,211.377341533141));
#6094=CARTESIAN_POINT('Ctrl Pts',(0.100417047145008,-24.1006555368459,211.913148591892));
#6095=CARTESIAN_POINT('Ctrl Pts',(0.508702501195005,-24.0954954855732,212.898694994784));
#6096=CARTESIAN_POINT('Ctrl Pts',(0.816573940637823,-24.0887843149423,213.34842819013));
#6097=CARTESIAN_POINT('Ctrl Pts',(1.52858407384555,-24.0541304072253,214.060438323338));
#6098=CARTESIAN_POINT('Ctrl Pts',(1.98061001651676,-24.0235959415805,214.368838840975));
#6099=CARTESIAN_POINT('Ctrl Pts',(2.96729327755414,-23.9217714362228,214.776071956165));
#6100=CARTESIAN_POINT('Ctrl Pts',(3.50181801102661,-23.8495804267535,214.875));
#6101=CARTESIAN_POINT('Ctrl Pts',(4.,-23.7657316319107,214.875));
#6102=CARTESIAN_POINT('',(0.,-23.3338168558484,210.875));
#6103=CARTESIAN_POINT('Origin',(0.,-24.1,194.875));
#6104=CARTESIAN_POINT('',(0.,-24.1,198.875));
#6105=CARTESIAN_POINT('',(0.,-24.1,205.625));
#6106=CARTESIAN_POINT('',(0.,-27.1,198.875));
#6107=CARTESIAN_POINT('',(0.,-12.05,198.875));
#6108=CARTESIAN_POINT('',(0.,-27.1,194.875));
#6109=CARTESIAN_POINT('Origin',(-4.,-12.05,198.875));
#6110=CARTESIAN_POINT('',(-4.,-23.7657316319107,194.875));
#6111=CARTESIAN_POINT('Ctrl Pts',(-4.,-23.7657316319107,194.875));
#6112=CARTESIAN_POINT('Ctrl Pts',(-3.50181801102661,-23.8495804267535,194.875));
#6113=CARTESIAN_POINT('Ctrl Pts',(-2.96729327755414,-23.9217714362228,194.973928043835));
#6114=CARTESIAN_POINT('Ctrl Pts',(-1.98061001651676,-24.0235959415805,195.381161159025));
#6115=CARTESIAN_POINT('Ctrl Pts',(-1.52858407384555,-24.0541304072253,195.689561676662));
#6116=CARTESIAN_POINT('Ctrl Pts',(-0.816573940637822,-24.0887843149423,
196.40157180987));
#6117=CARTESIAN_POINT('Ctrl Pts',(-0.508702501195005,-24.0954954855732,
196.851305005216));
#6118=CARTESIAN_POINT('Ctrl Pts',(-0.100417047145008,-24.1006555368459,
197.836851408107));
#6119=CARTESIAN_POINT('Ctrl Pts',(-3.12137247141197E-15,-24.1,198.372658466859));
#6120=CARTESIAN_POINT('Ctrl Pts',(-2.61943244872498E-15,-24.1,198.875));
#6121=CARTESIAN_POINT('',(-4.,-26.8031714541395,194.875));
#6122=CARTESIAN_POINT('',(-4.,-12.05,194.875));
#6123=CARTESIAN_POINT('Ctrl Pts',(-4.,-26.8031714541395,194.875));
#6124=CARTESIAN_POINT('Ctrl Pts',(-3.50095951896741,-26.8776462948331,194.875));
#6125=CARTESIAN_POINT('Ctrl Pts',(-2.96617935828074,-26.9417350498948,194.974233196102));
#6126=CARTESIAN_POINT('Ctrl Pts',(-1.9797418073756,-27.0321277340779,195.381674400255));
#6127=CARTESIAN_POINT('Ctrl Pts',(-1.5281887566714,-27.0592322903055,195.689956993836));
#6128=CARTESIAN_POINT('Ctrl Pts',(-0.816543640182659,-27.0900265458901,
196.401602110325));
#6129=CARTESIAN_POINT('Ctrl Pts',(-0.508678769869345,-27.095994582477,196.85134743632));
#6130=CARTESIAN_POINT('Ctrl Pts',(-0.100408148123631,-27.1005829213316,
197.836887743479));
#6131=CARTESIAN_POINT('Ctrl Pts',(-5.55111512312578E-16,-27.1,198.37267786122));
#6132=CARTESIAN_POINT('Ctrl Pts',(-5.55111512312578E-16,-27.1,198.875));
#6133=CARTESIAN_POINT('Origin',(-1.36903644974241E-15,-5.46235190467482E-16,
194.875));
#6134=CARTESIAN_POINT('',(-24.0993646181803,0.175,194.875));
#6135=CARTESIAN_POINT('Origin',(0.,0.,194.875));
#6136=CARTESIAN_POINT('',(-27.099434957209,0.175000000000026,194.875));
#6137=CARTESIAN_POINT('',(-13.3882352739261,0.174999999999906,194.875));
#6138=CARTESIAN_POINT('Origin',(0.,0.,194.875));
#6139=CARTESIAN_POINT('Origin',(-13.3882352739261,0.174999999999906,198.875));
#6140=CARTESIAN_POINT('',(-23.7356140641021,4.175,198.875));
#6141=CARTESIAN_POINT('Ctrl Pts',(-23.7356140641021,4.17499999999999,198.875));
#6142=CARTESIAN_POINT('Ctrl Pts',(-23.7356140641021,4.175,198.371716302547));
#6143=CARTESIAN_POINT('Ctrl Pts',(-23.754021263945,4.0742213402174,197.835589008979));
#6144=CARTESIAN_POINT('Ctrl Pts',(-23.8204681688663,3.66580160595859,196.850498320106));
#6145=CARTESIAN_POINT('Ctrl Pts',(-23.8675512581533,3.35821442551492,196.401448288954));
#6146=CARTESIAN_POINT('Ctrl Pts',(-23.956616885869,2.64919278184583,195.692250469515));
#6147=CARTESIAN_POINT('Ctrl Pts',(-24.0044506627263,2.20006430341992,195.384502327169));
#6148=CARTESIAN_POINT('Ctrl Pts',(-24.0744327574734,1.21475180683462,194.975849358444));
#6149=CARTESIAN_POINT('Ctrl Pts',(-24.095708524856,0.678483006287024,194.875));
#6150=CARTESIAN_POINT('Ctrl Pts',(-24.0993646181803,0.175,194.875));
#6151=CARTESIAN_POINT('',(-26.7764705478523,4.17500000000002,198.875));
#6152=CARTESIAN_POINT('',(-13.3882352739261,4.17499999999991,198.875));
#6153=CARTESIAN_POINT('Ctrl Pts',(-26.7764705478523,4.17500000000002,198.875));
#6154=CARTESIAN_POINT('Ctrl Pts',(-26.7764705478523,4.17500000000002,198.371870765229));
#6155=CARTESIAN_POINT('Ctrl Pts',(-26.7927754538471,4.07428092894862,197.83576164042));
#6156=CARTESIAN_POINT('Ctrl Pts',(-26.8517122363511,3.66580566334316,196.850479204811));
#6157=CARTESIAN_POINT('Ctrl Pts',(-26.8935041898797,3.35809231803884,196.401238068546));
#6158=CARTESIAN_POINT('Ctrl Pts',(-26.9726078781048,2.64873468796723,195.691880438475));
#6159=CARTESIAN_POINT('Ctrl Pts',(-27.0151039758099,2.19950121653806,195.384185342292));
#6160=CARTESIAN_POINT('Ctrl Pts',(-27.0772829985575,1.21424619873517,194.975723198504));
#6161=CARTESIAN_POINT('Ctrl Pts',(-27.0961857181155,0.678157391277378,194.875));
#6162=CARTESIAN_POINT('Ctrl Pts',(-27.099434957209,0.175000000000024,194.875));
#6163=CARTESIAN_POINT('Origin',(-26.7764705478523,4.17500000000002,194.875));
#6164=CARTESIAN_POINT('',(-23.7356140641021,4.175,199.125));
#6165=CARTESIAN_POINT('',(-23.7356140641021,4.175,205.625));
#6166=CARTESIAN_POINT('',(-26.5,4.175,199.125));
#6167=CARTESIAN_POINT('',(0.,4.175,199.125));
#6168=CARTESIAN_POINT('',(-26.5,4.17500000000002,204.875));
#6169=CARTESIAN_POINT('',(-26.5,4.175,201.875));
#6170=CARTESIAN_POINT('',(-26.7764705478523,4.17500000000002,204.875));
#6171=CARTESIAN_POINT('',(-26.7764705478523,4.17500000000002,204.875));
#6172=CARTESIAN_POINT('',(-26.7764705478523,4.17500000000002,194.875));
#6173=CARTESIAN_POINT('Origin',(-21.7189334525656,14.1950349851855,208.875));
#6174=CARTESIAN_POINT('',(-17.8996196941813,16.1373360504043,208.875));
#6175=CARTESIAN_POINT('',(-20.3297469778752,12.9426190477652,204.875));
#6176=CARTESIAN_POINT('Ctrl Pts',(-17.8996196941813,16.1373360504043,208.875));
#6177=CARTESIAN_POINT('Ctrl Pts',(-17.8996196941813,16.1373360504043,208.372658466859));
#6178=CARTESIAN_POINT('Ctrl Pts',(-17.9673457313267,16.0631929659091,207.836851408107));
#6179=CARTESIAN_POINT('Ctrl Pts',(-18.236900777846,15.756494881445,206.851305005216));
#6180=CARTESIAN_POINT('Ctrl Pts',(-18.4380666482449,15.5233379479808,206.40157180987));
#6181=CARTESIAN_POINT('Ctrl Pts',(-18.8890896781957,14.9713075597189,205.689561676662));
#6182=CARTESIAN_POINT('Ctrl Pts',(-19.1690871561118,14.6151317340364,205.381161159025));
#6183=CARTESIAN_POINT('Ctrl Pts',(-19.7541419045441,13.8141179833183,204.973928043835));
#6184=CARTESIAN_POINT('Ctrl Pts',(-20.058441225559,13.3687752436537,204.875));
#6185=CARTESIAN_POINT('Ctrl Pts',(-20.3297469778752,12.9426190477652,204.875));
#6186=CARTESIAN_POINT('',(-20.1277881208429,18.1461330691269,208.875));
#6187=CARTESIAN_POINT('',(-19.0405374276022,17.1659262207343,208.875));
#6188=CARTESIAN_POINT('',(-22.5857228144668,14.976485734246,204.875));
#6189=CARTESIAN_POINT('Ctrl Pts',(-20.1277881208428,18.1461330691268,208.875));
#6190=CARTESIAN_POINT('Ctrl Pts',(-20.1277881208428,18.1461330691268,208.37267786122));
#6191=CARTESIAN_POINT('Ctrl Pts',(-20.1954542660137,18.0719479708616,207.836887743479));
#6192=CARTESIAN_POINT('Ctrl Pts',(-20.4654240046897,17.7656437207552,206.85134743632));
#6193=CARTESIAN_POINT('Ctrl Pts',(-20.6671374190106,17.5329892681506,206.401602110325));
#6194=CARTESIAN_POINT('Ctrl Pts',(-21.1207826858022,16.9838144053638,205.689956993836));
#6195=CARTESIAN_POINT('Ctrl Pts',(-21.4030109876838,16.6302864712687,205.381674400255));
#6196=CARTESIAN_POINT('Ctrl Pts',(-21.9963918831892,15.8371099511682,204.974233196102));
#6197=CARTESIAN_POINT('Ctrl Pts',(-22.3068799671648,15.3970027613853,204.875));
#6198=CARTESIAN_POINT('Ctrl Pts',(-22.5857228144668,14.976485734246,204.875));
#6199=CARTESIAN_POINT('',(-21.7189334525656,14.1950349851855,204.875));
#6200=CARTESIAN_POINT('Origin',(-20.1277881208429,18.1461330691269,194.875));
#6201=CARTESIAN_POINT('',(-17.8996196941813,16.1373360504043,210.875));
#6202=CARTESIAN_POINT('',(-17.8996196941813,16.1373360504043,205.625));
#6203=CARTESIAN_POINT('',(-20.1277881208429,18.1461330691269,210.875));
#6204=CARTESIAN_POINT('',(-18.4446422105658,16.6286990878432,210.875));
#6205=CARTESIAN_POINT('',(-20.1277881208429,18.1461330691269,194.875));
#6206=CARTESIAN_POINT('Origin',(-15.7662461856024,19.599590323392,210.875));
#6207=CARTESIAN_POINT('',(-17.2289307645401,20.9182682053435,214.875));
#6208=CARTESIAN_POINT('Ctrl Pts',(-17.2289307645401,20.9182682053435,214.875));
#6209=CARTESIAN_POINT('Ctrl Pts',(-17.6184019375848,20.5974877368409,214.875));
#6210=CARTESIAN_POINT('Ctrl Pts',(-18.0240903819154,20.2432080804591,214.775766803898));
#6211=CARTESIAN_POINT('Ctrl Pts',(-18.7517446940195,19.5710852633595,214.368325599745));
#6212=CARTESIAN_POINT('Ctrl Pts',(-19.074235340171,19.2538556970934,214.060043006164));
#6213=CARTESIAN_POINT('Ctrl Pts',(-19.5736237989734,18.7459204401815,213.348397889675));
#6214=CARTESIAN_POINT('Ctrl Pts',(-19.784202407089,18.5212583703125,212.89865256368));
#6215=CARTESIAN_POINT('Ctrl Pts',(-20.0609878736095,18.2210988144807,211.913112256521));
#6216=CARTESIAN_POINT('Ctrl Pts',(-20.1277881208428,18.1461330691268,211.37732213878));
#6217=CARTESIAN_POINT('Ctrl Pts',(-20.1277881208428,18.1461330691268,210.875));
#6218=CARTESIAN_POINT('',(-14.9729549279485,18.8844015188627,214.875));
#6219=CARTESIAN_POINT('Ctrl Pts',(-14.9729549279485,18.8844015188627,214.875));
#6220=CARTESIAN_POINT('Ctrl Pts',(-15.3688135051196,18.5705354623766,214.875));
#6221=CARTESIAN_POINT('Ctrl Pts',(-15.7803486447933,18.2218707791124,214.776071956165));
#6222=CARTESIAN_POINT('Ctrl Pts',(-16.5166581584912,17.5572202035913,214.368838840975));
#6223=CARTESIAN_POINT('Ctrl Pts',(-16.8420129245906,17.2419360736125,214.060438323338));
#6224=CARTESIAN_POINT('Ctrl Pts',(-17.3445124498984,16.73631412969,213.34842819013));
#6225=CARTESIAN_POINT('Ctrl Pts',(-17.5556473993011,16.512144782596,212.898694994784));
#6226=CARTESIAN_POINT('Ctrl Pts',(-17.8328674213708,16.2123570285406,211.913148591892));
#6227=CARTESIAN_POINT('Ctrl Pts',(-17.8996196941813,16.1373360504043,211.377341533141));
#6228=CARTESIAN_POINT('Ctrl Pts',(-17.8996196941813,16.1373360504043,210.875));
#6229=CARTESIAN_POINT('',(-15.7662461856024,19.599590323392,214.875));
#6230=CARTESIAN_POINT('Origin',(-10.0392347130272,22.5676337116968,214.875));
#6231=CARTESIAN_POINT('',(-4.,23.7657316319107,214.875));
#6232=CARTESIAN_POINT('Origin',(0.,0.,214.875));
#6233=CARTESIAN_POINT('',(-4.,26.8031714541395,214.875));
#6234=CARTESIAN_POINT('',(-4.,23.3338168558484,214.875));
#6235=CARTESIAN_POINT('Origin',(0.,0.,214.875));
#6236=CARTESIAN_POINT('Origin',(4.,12.05,198.875));
#6237=CARTESIAN_POINT('',(4.,23.7657316319107,194.875));
#6238=CARTESIAN_POINT('',(0.,24.1,198.875));
#6239=CARTESIAN_POINT('Ctrl Pts',(4.,23.7657316319107,194.875));
#6240=CARTESIAN_POINT('Ctrl Pts',(3.50181801102661,23.8495804267535,194.875));
#6241=CARTESIAN_POINT('Ctrl Pts',(2.96729327755414,23.9217714362228,194.973928043835));
#6242=CARTESIAN_POINT('Ctrl Pts',(1.98061001651676,24.0235959415805,195.381161159025));
#6243=CARTESIAN_POINT('Ctrl Pts',(1.52858407384555,24.0541304072253,195.689561676662));
#6244=CARTESIAN_POINT('Ctrl Pts',(0.816573940637822,24.0887843149423,196.40157180987));
#6245=CARTESIAN_POINT('Ctrl Pts',(0.508702501195005,24.0954954855732,196.851305005216));
#6246=CARTESIAN_POINT('Ctrl Pts',(0.100417047145008,24.1006555368459,197.836851408107));
#6247=CARTESIAN_POINT('Ctrl Pts',(3.12137247141197E-15,24.1,198.372658466859));
#6248=CARTESIAN_POINT('Ctrl Pts',(2.61943244872498E-15,24.1,198.875));
#6249=CARTESIAN_POINT('',(4.,26.8031714541395,194.875));
#6250=CARTESIAN_POINT('',(4.,12.05,194.875));
#6251=CARTESIAN_POINT('',(0.,27.1,198.875));
#6252=CARTESIAN_POINT('Ctrl Pts',(4.,26.8031714541395,194.875));
#6253=CARTESIAN_POINT('Ctrl Pts',(3.50095951896741,26.8776462948331,194.875));
#6254=CARTESIAN_POINT('Ctrl Pts',(2.96617935828074,26.9417350498948,194.974233196102));
#6255=CARTESIAN_POINT('Ctrl Pts',(1.9797418073756,27.0321277340779,195.381674400255));
#6256=CARTESIAN_POINT('Ctrl Pts',(1.5281887566714,27.0592322903055,195.689956993836));
#6257=CARTESIAN_POINT('Ctrl Pts',(0.816543640182659,27.0900265458901,196.401602110325));
#6258=CARTESIAN_POINT('Ctrl Pts',(0.508678769869345,27.095994582477,196.85134743632));
#6259=CARTESIAN_POINT('Ctrl Pts',(0.100408148123631,27.1005829213316,197.836887743479));
#6260=CARTESIAN_POINT('Ctrl Pts',(5.55111512312578E-16,27.1,198.37267786122));
#6261=CARTESIAN_POINT('Ctrl Pts',(5.55111512312578E-16,27.1,198.875));
#6262=CARTESIAN_POINT('',(0.,12.05,198.875));
#6263=CARTESIAN_POINT('Origin',(0.,0.,205.625));
#6264=CARTESIAN_POINT('Origin',(0.,0.,194.875));
#6265=CARTESIAN_POINT('',(0.,24.1,210.875));
#6266=CARTESIAN_POINT('',(0.,24.1,205.625));
#6267=CARTESIAN_POINT('Ctrl Pts',(-5.55111512312578E-16,24.1,210.875));
#6268=CARTESIAN_POINT('Ctrl Pts',(-4.85397620272718E-16,24.1,211.377341533141));
#6269=CARTESIAN_POINT('Ctrl Pts',(-0.100417047145017,24.1006555368459,211.913148591892));
#6270=CARTESIAN_POINT('Ctrl Pts',(-0.508702501195023,24.0954954855732,212.898694994784));
#6271=CARTESIAN_POINT('Ctrl Pts',(-0.816573940637823,24.0887843149423,213.34842819013));
#6272=CARTESIAN_POINT('Ctrl Pts',(-1.52858407384555,24.0541304072253,214.060438323338));
#6273=CARTESIAN_POINT('Ctrl Pts',(-1.98061001651676,24.0235959415805,214.368838840975));
#6274=CARTESIAN_POINT('Ctrl Pts',(-2.96729327755413,23.9217714362228,214.776071956165));
#6275=CARTESIAN_POINT('Ctrl Pts',(-3.50181801102661,23.8495804267535,214.875));
#6276=CARTESIAN_POINT('Ctrl Pts',(-4.,23.7657316319107,214.875));
#6277=CARTESIAN_POINT('',(-23.7356140641021,4.175,204.875));
#6278=CARTESIAN_POINT('Origin',(0.,0.,204.875));
#6279=CARTESIAN_POINT('',(-23.7356140641021,4.175,210.125));
#6280=CARTESIAN_POINT('',(-23.7356140641021,4.175,205.625));
#6281=CARTESIAN_POINT('',(-23.7356140641021,-4.175,210.125));
#6282=CARTESIAN_POINT('Ctrl Pts',(-23.7356140641021,4.175,210.125));
#6283=CARTESIAN_POINT('Ctrl Pts',(-23.7356140641021,4.175,210.650371299775));
#6284=CARTESIAN_POINT('Ctrl Pts',(-23.754862302673,4.06978696920304,211.210019827768));
#6285=CARTESIAN_POINT('Ctrl Pts',(-23.8239873998179,3.64338753859784,212.2383295922));
#6286=CARTESIAN_POINT('Ctrl Pts',(-23.8728225206234,3.3222576148458,212.707084008062));
#6287=CARTESIAN_POINT('Ctrl Pts',(-23.9641779441199,2.58209557041454,213.447246052493));
#6288=CARTESIAN_POINT('Ctrl Pts',(-24.0126912961754,2.11333620075815,213.768385043973));
#6289=CARTESIAN_POINT('Ctrl Pts',(-24.0810773806702,1.08500938064248,214.194791055529));
#6290=CARTESIAN_POINT('Ctrl Pts',(-24.1,0.525354885981938,214.3));
#6291=CARTESIAN_POINT('Ctrl Pts',(-24.1,-0.525354885981938,214.3));
#6292=CARTESIAN_POINT('Ctrl Pts',(-24.0810773806702,-1.08500938064248,214.194791055529));
#6293=CARTESIAN_POINT('Ctrl Pts',(-24.0126912961754,-2.11333620075815,213.768385043973));
#6294=CARTESIAN_POINT('Ctrl Pts',(-23.9641779441199,-2.58209557041454,213.447246052493));
#6295=CARTESIAN_POINT('Ctrl Pts',(-23.8728225206234,-3.3222576148458,212.707084008062));
#6296=CARTESIAN_POINT('Ctrl Pts',(-23.8239873998179,-3.64338753859784,212.2383295922));
#6297=CARTESIAN_POINT('Ctrl Pts',(-23.754862302673,-4.06978696920304,211.210019827768));
#6298=CARTESIAN_POINT('Ctrl Pts',(-23.7356140641021,-4.175,210.650371299775));
#6299=CARTESIAN_POINT('Ctrl Pts',(-23.7356140641021,-4.175,210.125));
#6300=CARTESIAN_POINT('',(-23.7356140641021,-4.175,199.125));
#6301=CARTESIAN_POINT('',(-23.7356140641021,-4.175,205.625));
#6302=CARTESIAN_POINT('Ctrl Pts',(-23.7356140641021,-4.175,199.125));
#6303=CARTESIAN_POINT('Ctrl Pts',(-23.7356140641021,-4.175,198.599628700225));
#6304=CARTESIAN_POINT('Ctrl Pts',(-23.754862302673,-4.06978696920304,198.039980172232));
#6305=CARTESIAN_POINT('Ctrl Pts',(-23.8239873998179,-3.64338753859784,197.0116704078));
#6306=CARTESIAN_POINT('Ctrl Pts',(-23.8728225206234,-3.32225761484581,196.542915991938));
#6307=CARTESIAN_POINT('Ctrl Pts',(-23.9641779441199,-2.58209557041454,195.802753947507));
#6308=CARTESIAN_POINT('Ctrl Pts',(-24.0126912961754,-2.11333620075815,195.481614956027));
#6309=CARTESIAN_POINT('Ctrl Pts',(-24.0810773806702,-1.08500938064248,195.055208944471));
#6310=CARTESIAN_POINT('Ctrl Pts',(-24.1,-0.52535488598194,194.95));
#6311=CARTESIAN_POINT('Ctrl Pts',(-24.1,0.525354885981937,194.95));
#6312=CARTESIAN_POINT('Ctrl Pts',(-24.0810773806702,1.08500938064248,195.055208944471));
#6313=CARTESIAN_POINT('Ctrl Pts',(-24.0126912961754,2.11333620075815,195.481614956027));
#6314=CARTESIAN_POINT('Ctrl Pts',(-23.9641779441199,2.58209557041453,195.802753947507));
#6315=CARTESIAN_POINT('Ctrl Pts',(-23.8728225206234,3.3222576148458,196.542915991938));
#6316=CARTESIAN_POINT('Ctrl Pts',(-23.8239873998179,3.6433875385978,197.0116704078));
#6317=CARTESIAN_POINT('Ctrl Pts',(-23.754862302673,4.06978696920302,198.039980172232));
#6318=CARTESIAN_POINT('Ctrl Pts',(-23.7356140641021,4.175,198.599628700225));
#6319=CARTESIAN_POINT('Ctrl Pts',(-23.7356140641021,4.175,199.125));
#6320=CARTESIAN_POINT('',(23.7356140641021,-4.175,204.875));
#6321=CARTESIAN_POINT('Origin',(0.,0.,204.875));
#6322=CARTESIAN_POINT('',(23.7356140641021,-4.175,210.125));
#6323=CARTESIAN_POINT('',(23.7356140641021,-4.175,205.625));
#6324=CARTESIAN_POINT('',(23.7356140641021,4.175,210.125));
#6325=CARTESIAN_POINT('Ctrl Pts',(23.7356140641021,-4.175,210.125));
#6326=CARTESIAN_POINT('Ctrl Pts',(23.7356140641021,-4.175,210.650371299775));
#6327=CARTESIAN_POINT('Ctrl Pts',(23.754862302673,-4.06978696920304,211.210019827768));
#6328=CARTESIAN_POINT('Ctrl Pts',(23.8239873998179,-3.64338753859784,212.2383295922));
#6329=CARTESIAN_POINT('Ctrl Pts',(23.8728225206234,-3.3222576148458,212.707084008062));
#6330=CARTESIAN_POINT('Ctrl Pts',(23.9641779441199,-2.58209557041454,213.447246052493));
#6331=CARTESIAN_POINT('Ctrl Pts',(24.0126912961754,-2.11333620075815,213.768385043973));
#6332=CARTESIAN_POINT('Ctrl Pts',(24.0810773806702,-1.08500938064248,214.194791055529));
#6333=CARTESIAN_POINT('Ctrl Pts',(24.1,-0.525354885981938,214.3));
#6334=CARTESIAN_POINT('Ctrl Pts',(24.1,0.525354885981938,214.3));
#6335=CARTESIAN_POINT('Ctrl Pts',(24.0810773806702,1.08500938064248,214.194791055529));
#6336=CARTESIAN_POINT('Ctrl Pts',(24.0126912961754,2.11333620075815,213.768385043973));
#6337=CARTESIAN_POINT('Ctrl Pts',(23.9641779441199,2.58209557041454,213.447246052493));
#6338=CARTESIAN_POINT('Ctrl Pts',(23.8728225206234,3.3222576148458,212.707084008062));
#6339=CARTESIAN_POINT('Ctrl Pts',(23.8239873998179,3.64338753859784,212.2383295922));
#6340=CARTESIAN_POINT('Ctrl Pts',(23.754862302673,4.06978696920304,211.210019827768));
#6341=CARTESIAN_POINT('Ctrl Pts',(23.7356140641021,4.175,210.650371299775));
#6342=CARTESIAN_POINT('Ctrl Pts',(23.7356140641021,4.175,210.125));
#6343=CARTESIAN_POINT('',(23.7356140641021,4.175,199.125));
#6344=CARTESIAN_POINT('',(23.7356140641021,4.175,205.625));
#6345=CARTESIAN_POINT('Ctrl Pts',(23.7356140641021,4.175,199.125));
#6346=CARTESIAN_POINT('Ctrl Pts',(23.7356140641021,4.175,198.599628700225));
#6347=CARTESIAN_POINT('Ctrl Pts',(23.754862302673,4.06978696920304,198.039980172232));
#6348=CARTESIAN_POINT('Ctrl Pts',(23.8239873998179,3.64338753859784,197.0116704078));
#6349=CARTESIAN_POINT('Ctrl Pts',(23.8728225206234,3.3222576148458,196.542915991938));
#6350=CARTESIAN_POINT('Ctrl Pts',(23.9641779441199,2.58209557041453,195.802753947507));
#6351=CARTESIAN_POINT('Ctrl Pts',(24.0126912961754,2.11333620075815,195.481614956027));
#6352=CARTESIAN_POINT('Ctrl Pts',(24.0810773806702,1.08500938064248,195.055208944471));
#6353=CARTESIAN_POINT('Ctrl Pts',(24.1,0.525354885981937,194.95));
#6354=CARTESIAN_POINT('Ctrl Pts',(24.1,-0.52535488598194,194.95));
#6355=CARTESIAN_POINT('Ctrl Pts',(24.0810773806702,-1.08500938064248,195.055208944471));
#6356=CARTESIAN_POINT('Ctrl Pts',(24.0126912961754,-2.11333620075815,195.481614956027));
#6357=CARTESIAN_POINT('Ctrl Pts',(23.9641779441199,-2.58209557041454,195.802753947507));
#6358=CARTESIAN_POINT('Ctrl Pts',(23.8728225206234,-3.32225761484581,196.542915991938));
#6359=CARTESIAN_POINT('Ctrl Pts',(23.8239873998179,-3.64338753859784,197.0116704078));
#6360=CARTESIAN_POINT('Ctrl Pts',(23.754862302673,-4.06978696920304,198.039980172232));
#6361=CARTESIAN_POINT('Ctrl Pts',(23.7356140641021,-4.175,198.599628700225));
#6362=CARTESIAN_POINT('Ctrl Pts',(23.7356140641021,-4.175,199.125));
#6363=CARTESIAN_POINT('',(24.1,0.,263.125));
#6364=CARTESIAN_POINT('Origin',(0.,0.,263.125));
#6365=CARTESIAN_POINT('Origin',(0.,24.1,194.875));
#6366=CARTESIAN_POINT('',(0.,27.1,210.875));
#6367=CARTESIAN_POINT('',(0.,27.1,194.875));
#6368=CARTESIAN_POINT('',(0.,23.3338168558484,210.875));
#6369=CARTESIAN_POINT('Origin',(-4.,23.3338168558484,210.875));
#6370=CARTESIAN_POINT('Ctrl Pts',(4.33680868994202E-16,27.1,210.875));
#6371=CARTESIAN_POINT('Ctrl Pts',(2.24547267399415E-16,27.1,211.37732213878));
#6372=CARTESIAN_POINT('Ctrl Pts',(-0.100408148123643,27.1005829213316,211.913112256521));
#6373=CARTESIAN_POINT('Ctrl Pts',(-0.508678769869345,27.095994582477,212.89865256368));
#6374=CARTESIAN_POINT('Ctrl Pts',(-0.816543640182659,27.0900265458901,213.348397889675));
#6375=CARTESIAN_POINT('Ctrl Pts',(-1.5281887566714,27.0592322903055,214.060043006164));
#6376=CARTESIAN_POINT('Ctrl Pts',(-1.9797418073756,27.0321277340779,214.368325599745));
#6377=CARTESIAN_POINT('Ctrl Pts',(-2.96617935828074,26.9417350498948,214.775766803898));
#6378=CARTESIAN_POINT('Ctrl Pts',(-3.50095951896741,26.8776462948331,214.875));
#6379=CARTESIAN_POINT('Ctrl Pts',(-4.,26.8031714541395,214.875));
#6380=CARTESIAN_POINT('Origin',(22.7062758988312,-10.913678300083,204.875));
#6381=CARTESIAN_POINT('Origin',(0.,0.,204.875));
#6382=CARTESIAN_POINT('',(11.3531379494156,-4.175,204.875));
#6383=CARTESIAN_POINT('Origin',(-22.7062758988311,10.9136783000831,204.875));
#6384=CARTESIAN_POINT('Origin',(0.,0.,204.875));
#6385=CARTESIAN_POINT('',(-11.3531379494156,4.175,204.875));
#6386=CARTESIAN_POINT('Origin',(0.,0.,178.575));
#6387=CARTESIAN_POINT('Origin',(0.,0.,194.875));
#6388=CARTESIAN_POINT('',(27.1,-3.31879282568933E-15,181.575));
#6389=CARTESIAN_POINT('Origin',(0.,0.,181.575));
#6390=CARTESIAN_POINT('Origin',(0.,-4.175,210.125));
#6391=CARTESIAN_POINT('',(26.5,-4.175,210.125));
#6392=CARTESIAN_POINT('',(26.5,-4.175,207.375));
#6393=CARTESIAN_POINT('',(0.,-4.175,210.125));
#6394=CARTESIAN_POINT('Origin',(-1.36903644974241E-15,-5.46235190467482E-16,
194.875));
#6395=CARTESIAN_POINT('Origin',(0.,4.175,199.125));
#6396=CARTESIAN_POINT('',(-26.5,4.175,210.125));
#6397=CARTESIAN_POINT('',(-26.5,4.175,201.875));
#6398=CARTESIAN_POINT('',(0.,4.175,210.125));
#6399=CARTESIAN_POINT('Origin',(0.,0.,181.575));
#6400=CARTESIAN_POINT('',(30.1,3.68618686543353E-15,178.575));
#6401=CARTESIAN_POINT('Origin',(0.,0.,178.575));
#6402=CARTESIAN_POINT('Origin',(-1.96488732495017E-15,-7.91602869607955E-16,
178.575));
#6403=CARTESIAN_POINT('',(-28.8571842530644,15.4036656995889,178.575));
#6404=CARTESIAN_POINT('',(-32.6824521072472,18.1828854766645,178.575));
#6405=CARTESIAN_POINT('',(-18.1465370555923,7.62192500816396,178.575));
#6406=CARTESIAN_POINT('',(-37.1282910999146,4.5,178.575));
#6407=CARTESIAN_POINT('Origin',(0.,0.,178.575));
#6408=CARTESIAN_POINT('',(-32.4,4.5,178.575));
#6409=CARTESIAN_POINT('',(-16.2,4.5,178.575));
#6410=CARTESIAN_POINT('',(-32.4,-4.5,178.575));
#6411=CARTESIAN_POINT('',(-32.4,-2.25,178.575));
#6412=CARTESIAN_POINT('',(-37.1282910999146,-4.5,178.575));
#6413=CARTESIAN_POINT('',(-19.1609119809069,-4.5,178.575));
#6414=CARTESIAN_POINT('',(-32.6824521072472,-18.1828854766644,178.575));
#6415=CARTESIAN_POINT('Origin',(0.,0.,178.575));
#6416=CARTESIAN_POINT('',(-28.8571842530644,-15.4036656995889,178.575));
#6417=CARTESIAN_POINT('',(-15.7511089441903,-5.8815446124508,178.575));
#6418=CARTESIAN_POINT('',(-23.5671169824322,-22.6848186489634,178.575));
#6419=CARTESIAN_POINT('',(-24.8896338000902,-20.8645304116198,178.575));
#6420=CARTESIAN_POINT('',(-27.3923848366149,-25.464038426039,178.575));
#6421=CARTESIAN_POINT('',(-12.8564697849601,-14.9030779575385,178.575));
#6422=CARTESIAN_POINT('',(-15.7530272453019,-33.9205267147899,178.575));
#6423=CARTESIAN_POINT('Origin',(0.,0.,178.575));
#6424=CARTESIAN_POINT('',(-14.2919049410765,-29.4236546532757,178.575));
#6425=CARTESIAN_POINT('',(-9.28582963220234,-14.0165390892942,178.575));
#6426=CARTESIAN_POINT('',(-5.73239629442011,-32.2048076026503,178.575));
#6427=CARTESIAN_POINT('',(-7.87227345608421,-31.5095193653066,178.575));
#6428=CARTESIAN_POINT('',(-7.19351859864554,-36.7016796641644,178.575));
#6429=CARTESIAN_POINT('',(-1.64129310649457,-19.6136866722866,178.575));
#6430=CARTESIAN_POINT('',(7.19351859864554,-36.7016796641644,178.575));
#6431=CARTESIAN_POINT('Origin',(0.,0.,178.575));
#6432=CARTESIAN_POINT('',(5.73239629442011,-32.2048076026502,178.575));
#6433=CARTESIAN_POINT('',(0.726320985545961,-16.7976920386688,178.575));
#6434=CARTESIAN_POINT('',(14.2919049410765,-29.4236546532757,178.575));
#6435=CARTESIAN_POINT('',(12.1520277794124,-30.1189428906194,178.575));
#6436=CARTESIAN_POINT('',(15.7530272453019,-33.9205267147899,178.575));
#6437=CARTESIAN_POINT('',(10.200801753151,-16.8325337229121,178.575));
#6438=CARTESIAN_POINT('',(27.3923848366149,-25.464038426039,178.575));
#6439=CARTESIAN_POINT('Origin',(0.,0.,178.575));
#6440=CARTESIAN_POINT('',(23.5671169824322,-22.6848186489634,178.575));
#6441=CARTESIAN_POINT('',(10.461041673558,-13.1626975618253,178.575));
#6442=CARTESIAN_POINT('',(28.8571842530644,-15.4036656995889,178.575));
#6443=CARTESIAN_POINT('',(27.5346674354064,-17.2239539369325,178.575));
#6444=CARTESIAN_POINT('',(32.6824521072472,-18.1828854766645,178.575));
#6445=CARTESIAN_POINT('',(18.1465370555923,-7.62192500816396,178.575));
#6446=CARTESIAN_POINT('',(37.1282910999146,-4.50000000000001,178.575));
#6447=CARTESIAN_POINT('Origin',(0.,0.,178.575));
#6448=CARTESIAN_POINT('',(32.4,-4.50000000000001,178.575));
#6449=CARTESIAN_POINT('',(16.2,-4.5,178.575));
#6450=CARTESIAN_POINT('',(32.4,4.49999999999999,178.575));
#6451=CARTESIAN_POINT('',(32.4,2.25,178.575));
#6452=CARTESIAN_POINT('',(37.1282910999146,4.49999999999999,178.575));
#6453=CARTESIAN_POINT('',(19.1609119809069,4.49999999999999,178.575));
#6454=CARTESIAN_POINT('',(32.6824521072472,18.1828854766644,178.575));
#6455=CARTESIAN_POINT('Origin',(0.,0.,178.575));
#6456=CARTESIAN_POINT('',(28.8571842530644,15.4036656995889,178.575));
#6457=CARTESIAN_POINT('',(15.7511089441903,5.8815446124508,178.575));
#6458=CARTESIAN_POINT('',(23.5671169824322,22.6848186489634,178.575));
#6459=CARTESIAN_POINT('',(24.8896338000902,20.8645304116198,178.575));
#6460=CARTESIAN_POINT('',(27.3923848366149,25.464038426039,178.575));
#6461=CARTESIAN_POINT('',(12.8564697849601,14.9030779575385,178.575));
#6462=CARTESIAN_POINT('',(15.7530272453019,33.9205267147899,178.575));
#6463=CARTESIAN_POINT('Origin',(0.,0.,178.575));
#6464=CARTESIAN_POINT('',(14.2919049410765,29.4236546532757,178.575));
#6465=CARTESIAN_POINT('',(9.28582963220234,14.0165390892942,178.575));
#6466=CARTESIAN_POINT('',(5.73239629442011,32.2048076026503,178.575));
#6467=CARTESIAN_POINT('',(7.87227345608421,31.5095193653066,178.575));
#6468=CARTESIAN_POINT('',(7.19351859864554,36.7016796641644,178.575));
#6469=CARTESIAN_POINT('',(1.64129310649457,19.6136866722866,178.575));
#6470=CARTESIAN_POINT('',(-7.19351859864554,36.7016796641644,178.575));
#6471=CARTESIAN_POINT('Origin',(0.,0.,178.575));
#6472=CARTESIAN_POINT('',(-5.7323962944201,32.2048076026502,178.575));
#6473=CARTESIAN_POINT('',(-0.72632098554596,16.7976920386688,178.575));
#6474=CARTESIAN_POINT('',(-14.2919049410765,29.4236546532757,178.575));
#6475=CARTESIAN_POINT('',(-12.1520277794124,30.1189428906194,178.575));
#6476=CARTESIAN_POINT('',(-15.7530272453019,33.9205267147899,178.575));
#6477=CARTESIAN_POINT('',(-10.200801753151,16.8325337229121,178.575));
#6478=CARTESIAN_POINT('',(-27.3923848366149,25.464038426039,178.575));
#6479=CARTESIAN_POINT('Origin',(0.,0.,178.575));
#6480=CARTESIAN_POINT('',(-23.5671169824322,22.6848186489634,178.575));
#6481=CARTESIAN_POINT('',(-10.461041673558,13.1626975618253,178.575));
#6482=CARTESIAN_POINT('',(-27.5346674354064,17.2239539369325,178.575));
#6483=CARTESIAN_POINT('Origin',(-26.5,-3.675,207.375));
#6484=CARTESIAN_POINT('',(-27.,-3.675,199.125));
#6485=CARTESIAN_POINT('',(-26.5,-4.175,199.125));
#6486=CARTESIAN_POINT('Origin',(-26.5,-3.675,199.125));
#6487=CARTESIAN_POINT('',(-26.5,-4.175,210.125));
#6488=CARTESIAN_POINT('',(-26.5,-4.175,207.375));
#6489=CARTESIAN_POINT('',(-27.,-3.675,210.125));
#6490=CARTESIAN_POINT('Origin',(-26.5,-3.675,210.125));
#6491=CARTESIAN_POINT('',(-27.,-3.675,207.375));
#6492=CARTESIAN_POINT('Origin',(-26.5,0.,210.125));
#6493=CARTESIAN_POINT('',(-27.,3.675,210.125));
#6494=CARTESIAN_POINT('Origin',(-26.5,3.675,210.125));
#6495=CARTESIAN_POINT('Origin',(-27.,0.,210.125));
#6496=CARTESIAN_POINT('Origin',(-26.5,0.,210.125));
#6497=CARTESIAN_POINT('Origin',(-26.5,3.675,201.875));
#6498=CARTESIAN_POINT('',(-27.,3.675,199.125));
#6499=CARTESIAN_POINT('Origin',(-26.5,3.675,199.125));
#6500=CARTESIAN_POINT('',(-27.,3.675,201.875));
#6501=CARTESIAN_POINT('Origin',(-26.5,0.,199.125));
#6502=CARTESIAN_POINT('Origin',(-27.,0.,199.125));
#6503=CARTESIAN_POINT('Origin',(-26.5,0.,199.125));
#6504=CARTESIAN_POINT('Origin',(0.,0.,210.125));
#6505=CARTESIAN_POINT('',(0.,-4.175,210.125));
#6506=CARTESIAN_POINT('Origin',(0.,-4.175,210.125));
#6507=CARTESIAN_POINT('',(0.,-4.175,199.125));
#6508=CARTESIAN_POINT('Origin',(-27.,-5.02870528724499E-18,204.625));
#6509=CARTESIAN_POINT('Origin',(26.5,3.675,201.875));
#6510=CARTESIAN_POINT('',(27.,3.675,199.125));
#6511=CARTESIAN_POINT('',(26.5,4.175,199.125));
#6512=CARTESIAN_POINT('Origin',(26.5,3.675,199.125));
#6513=CARTESIAN_POINT('',(26.5,4.175,210.125));
#6514=CARTESIAN_POINT('',(26.5,4.175,201.875));
#6515=CARTESIAN_POINT('',(27.,3.675,210.125));
#6516=CARTESIAN_POINT('Origin',(26.5,3.675,210.125));
#6517=CARTESIAN_POINT('',(27.,3.675,201.875));
#6518=CARTESIAN_POINT('Origin',(26.5,0.,210.125));
#6519=CARTESIAN_POINT('',(27.,-3.675,210.125));
#6520=CARTESIAN_POINT('Origin',(26.5,-3.675,210.125));
#6521=CARTESIAN_POINT('Origin',(27.,0.,210.125));
#6522=CARTESIAN_POINT('Origin',(26.5,0.,210.125));
#6523=CARTESIAN_POINT('Origin',(26.5,-3.675,207.375));
#6524=CARTESIAN_POINT('',(27.,-3.675,199.125));
#6525=CARTESIAN_POINT('Origin',(26.5,-3.675,199.125));
#6526=CARTESIAN_POINT('',(27.,-3.675,207.375));
#6527=CARTESIAN_POINT('Origin',(26.5,0.,199.125));
#6528=CARTESIAN_POINT('Origin',(27.,0.,199.125));
#6529=CARTESIAN_POINT('Origin',(26.5,0.,199.125));
#6530=CARTESIAN_POINT('Origin',(0.,0.,210.125));
#6531=CARTESIAN_POINT('',(0.,4.175,210.125));
#6532=CARTESIAN_POINT('Origin',(0.,4.175,199.125));
#6533=CARTESIAN_POINT('',(0.,4.175,199.125));
#6534=CARTESIAN_POINT('Origin',(27.,-5.02870528724499E-18,204.625));
#6535=CARTESIAN_POINT('Origin',(0.,0.,199.125));
#6536=CARTESIAN_POINT('Origin',(0.,0.,199.125));
#6537=CARTESIAN_POINT('Origin',(-23.5671169824322,22.6848186489634,176.175));
#6538=CARTESIAN_POINT('',(-27.3923848366149,25.464038426039,176.175));
#6539=CARTESIAN_POINT('',(-27.3923848366149,25.464038426039,176.175));
#6540=CARTESIAN_POINT('',(-23.5671169824322,22.6848186489634,176.175));
#6541=CARTESIAN_POINT('',(-10.461041673558,13.1626975618253,176.175));
#6542=CARTESIAN_POINT('',(-23.5671169824322,22.6848186489634,176.175));
#6543=CARTESIAN_POINT('Origin',(-33.6480404758685,18.8844264910152,176.175));
#6544=CARTESIAN_POINT('',(-32.6824521072472,18.1828854766645,176.175));
#6545=CARTESIAN_POINT('',(-32.6824521072472,18.1828854766645,176.175));
#6546=CARTESIAN_POINT('',(-28.8571842530644,15.4036656995889,176.175));
#6547=CARTESIAN_POINT('',(-28.8571842530644,15.4036656995889,176.175));
#6548=CARTESIAN_POINT('',(-18.1465370555923,7.62192500816396,176.175));
#6549=CARTESIAN_POINT('Origin',(-28.8571842530644,15.4036656995889,176.175));
#6550=CARTESIAN_POINT('',(-27.5346674354064,17.2239539369325,176.175));
#6551=CARTESIAN_POINT('Origin',(-5.7323962944201,32.2048076026502,176.175));
#6552=CARTESIAN_POINT('',(-7.19351859864554,36.7016796641644,176.175));
#6553=CARTESIAN_POINT('',(-7.19351859864554,36.7016796641644,176.175));
#6554=CARTESIAN_POINT('',(-5.7323962944201,32.2048076026502,176.175));
#6555=CARTESIAN_POINT('',(-0.72632098554596,16.7976920386688,176.175));
#6556=CARTESIAN_POINT('',(-5.7323962944201,32.2048076026502,176.175));
#6557=CARTESIAN_POINT('Origin',(-16.1218491829737,35.0556439205115,176.175));
#6558=CARTESIAN_POINT('',(-15.7530272453019,33.9205267147899,176.175));
#6559=CARTESIAN_POINT('',(-15.7530272453019,33.9205267147899,176.175));
#6560=CARTESIAN_POINT('',(-14.2919049410765,29.4236546532757,176.175));
#6561=CARTESIAN_POINT('',(-14.2919049410765,29.4236546532757,176.175));
#6562=CARTESIAN_POINT('',(-10.200801753151,16.8325337229121,176.175));
#6563=CARTESIAN_POINT('Origin',(-14.2919049410765,29.4236546532757,176.175));
#6564=CARTESIAN_POINT('',(-12.1520277794124,30.1189428906194,176.175));
#6565=CARTESIAN_POINT('Origin',(14.2919049410765,29.4236546532757,176.175));
#6566=CARTESIAN_POINT('',(15.7530272453019,33.9205267147899,176.175));
#6567=CARTESIAN_POINT('',(15.7530272453019,33.9205267147899,176.175));
#6568=CARTESIAN_POINT('',(14.2919049410765,29.4236546532757,176.175));
#6569=CARTESIAN_POINT('',(9.28582963220234,14.0165390892942,176.175));
#6570=CARTESIAN_POINT('',(14.2919049410765,29.4236546532757,176.175));
#6571=CARTESIAN_POINT('Origin',(7.56234053631733,37.836796869886,176.175));
#6572=CARTESIAN_POINT('',(7.19351859864554,36.7016796641644,176.175));
#6573=CARTESIAN_POINT('',(7.19351859864554,36.7016796641644,176.175));
#6574=CARTESIAN_POINT('',(5.73239629442011,32.2048076026503,176.175));
#6575=CARTESIAN_POINT('',(5.73239629442011,32.2048076026503,176.175));
#6576=CARTESIAN_POINT('',(1.64129310649457,19.6136866722866,176.175));
#6577=CARTESIAN_POINT('Origin',(5.73239629442011,32.2048076026503,176.175));
#6578=CARTESIAN_POINT('',(7.87227345608421,31.5095193653066,176.175));
#6579=CARTESIAN_POINT('Origin',(28.8571842530644,15.4036656995889,176.175));
#6580=CARTESIAN_POINT('',(32.6824521072472,18.1828854766644,176.175));
#6581=CARTESIAN_POINT('',(32.6824521072472,18.1828854766644,176.175));
#6582=CARTESIAN_POINT('',(28.8571842530644,15.4036656995889,176.175));
#6583=CARTESIAN_POINT('',(15.7511089441903,5.8815446124508,176.175));
#6584=CARTESIAN_POINT('',(28.8571842530644,15.4036656995889,176.175));
#6585=CARTESIAN_POINT('Origin',(28.3579732052363,26.1655794403897,176.175));
#6586=CARTESIAN_POINT('',(27.3923848366149,25.464038426039,176.175));
#6587=CARTESIAN_POINT('',(27.3923848366149,25.464038426039,176.175));
#6588=CARTESIAN_POINT('',(23.5671169824322,22.6848186489634,176.175));
#6589=CARTESIAN_POINT('',(23.5671169824322,22.6848186489634,176.175));
#6590=CARTESIAN_POINT('',(12.8564697849601,14.9030779575385,176.175));
#6591=CARTESIAN_POINT('Origin',(23.5671169824322,22.6848186489634,176.175));
#6592=CARTESIAN_POINT('',(24.8896338000902,20.8645304116198,176.175));
#6593=CARTESIAN_POINT('Origin',(32.4,-4.50000000000001,176.175));
#6594=CARTESIAN_POINT('',(37.1282910999146,-4.50000000000001,176.175));
#6595=CARTESIAN_POINT('',(32.4,-4.50000000000001,176.175));
#6596=CARTESIAN_POINT('Origin',(38.3218239618137,4.49999999999999,176.175));
#6597=CARTESIAN_POINT('',(37.1282910999146,4.49999999999999,176.175));
#6598=CARTESIAN_POINT('',(37.1282910999146,4.49999999999999,176.175));
#6599=CARTESIAN_POINT('',(32.4,4.49999999999999,176.175));
#6600=CARTESIAN_POINT('',(32.4,4.49999999999999,176.175));
#6601=CARTESIAN_POINT('',(19.1609119809069,4.49999999999999,176.175));
#6602=CARTESIAN_POINT('Origin',(32.4,4.49999999999999,176.175));
#6603=CARTESIAN_POINT('',(32.4,2.25,176.175));
#6604=CARTESIAN_POINT('Origin',(23.5671169824322,-22.6848186489634,176.175));
#6605=CARTESIAN_POINT('',(27.3923848366149,-25.464038426039,176.175));
#6606=CARTESIAN_POINT('',(23.5671169824322,-22.6848186489634,176.175));
#6607=CARTESIAN_POINT('Origin',(33.6480404758685,-18.8844264910152,176.175));
#6608=CARTESIAN_POINT('',(32.6824521072472,-18.1828854766645,176.175));
#6609=CARTESIAN_POINT('',(28.8571842530644,-15.4036656995889,176.175));
#6610=CARTESIAN_POINT('Origin',(28.8571842530644,-15.4036656995889,176.175));
#6611=CARTESIAN_POINT('Origin',(5.73239629442011,-32.2048076026502,176.175));
#6612=CARTESIAN_POINT('',(7.19351859864554,-36.7016796641644,176.175));
#6613=CARTESIAN_POINT('',(5.73239629442011,-32.2048076026502,176.175));
#6614=CARTESIAN_POINT('Origin',(16.1218491829737,-35.0556439205115,176.175));
#6615=CARTESIAN_POINT('',(15.7530272453019,-33.9205267147899,176.175));
#6616=CARTESIAN_POINT('',(14.2919049410765,-29.4236546532757,176.175));
#6617=CARTESIAN_POINT('Origin',(14.2919049410765,-29.4236546532757,176.175));
#6618=CARTESIAN_POINT('Origin',(-14.2919049410765,-29.4236546532757,176.175));
#6619=CARTESIAN_POINT('',(-15.7530272453019,-33.9205267147899,176.175));
#6620=CARTESIAN_POINT('',(-14.2919049410765,-29.4236546532757,176.175));
#6621=CARTESIAN_POINT('',(-9.28582963220234,-14.0165390892942,176.175));
#6622=CARTESIAN_POINT('',(-14.2919049410765,-29.4236546532757,176.175));
#6623=CARTESIAN_POINT('Origin',(-7.56234053631733,-37.836796869886,176.175));
#6624=CARTESIAN_POINT('',(-7.19351859864554,-36.7016796641644,176.175));
#6625=CARTESIAN_POINT('',(-5.73239629442011,-32.2048076026503,176.175));
#6626=CARTESIAN_POINT('',(-5.73239629442011,-32.2048076026503,176.175));
#6627=CARTESIAN_POINT('',(-1.64129310649457,-19.6136866722866,176.175));
#6628=CARTESIAN_POINT('Origin',(-5.73239629442011,-32.2048076026503,176.175));
#6629=CARTESIAN_POINT('',(-7.87227345608421,-31.5095193653066,176.175));
#6630=CARTESIAN_POINT('Origin',(-28.8571842530644,-15.4036656995889,176.175));
#6631=CARTESIAN_POINT('',(-32.6824521072472,-18.1828854766644,176.175));
#6632=CARTESIAN_POINT('',(-32.6824521072472,-18.1828854766644,176.175));
#6633=CARTESIAN_POINT('',(-28.8571842530644,-15.4036656995889,176.175));
#6634=CARTESIAN_POINT('',(-15.7511089441903,-5.8815446124508,176.175));
#6635=CARTESIAN_POINT('',(-28.8571842530644,-15.4036656995889,176.175));
#6636=CARTESIAN_POINT('Origin',(-28.3579732052363,-26.1655794403897,176.175));
#6637=CARTESIAN_POINT('',(-27.3923848366149,-25.464038426039,176.175));
#6638=CARTESIAN_POINT('',(-27.3923848366149,-25.464038426039,176.175));
#6639=CARTESIAN_POINT('',(-23.5671169824322,-22.6848186489634,176.175));
#6640=CARTESIAN_POINT('',(-23.5671169824322,-22.6848186489634,176.175));
#6641=CARTESIAN_POINT('',(-12.8564697849601,-14.9030779575385,176.175));
#6642=CARTESIAN_POINT('Origin',(-23.5671169824322,-22.6848186489634,176.175));
#6643=CARTESIAN_POINT('',(-24.8896338000902,-20.8645304116198,176.175));
#6644=CARTESIAN_POINT('Origin',(-1.96488732495017E-15,-7.91602869607955E-16,
176.175));
#6645=CARTESIAN_POINT('Origin',(0.,0.,176.175));
#6646=CARTESIAN_POINT('',(-37.1282910999146,-4.5,176.175));
#6647=CARTESIAN_POINT('Origin',(0.,0.,176.175));
#6648=CARTESIAN_POINT('',(-32.4,-4.5,176.175));
#6649=CARTESIAN_POINT('',(-19.1609119809069,-4.5,176.175));
#6650=CARTESIAN_POINT('',(-32.4,4.5,176.175));
#6651=CARTESIAN_POINT('',(-32.4,-2.25,176.175));
#6652=CARTESIAN_POINT('',(-37.1282910999146,4.5,176.175));
#6653=CARTESIAN_POINT('',(-16.2,4.5,176.175));
#6654=CARTESIAN_POINT('Origin',(0.,0.,176.175));
#6655=CARTESIAN_POINT('Origin',(0.,0.,176.175));
#6656=CARTESIAN_POINT('Origin',(0.,0.,176.175));
#6657=CARTESIAN_POINT('Origin',(0.,0.,176.175));
#6658=CARTESIAN_POINT('Origin',(0.,0.,176.175));
#6659=CARTESIAN_POINT('',(-24.1,2.95139878594512E-15,176.175));
#6660=CARTESIAN_POINT('Origin',(0.,0.,176.175));
#6661=CARTESIAN_POINT('Origin',(0.,0.,176.175));
#6662=CARTESIAN_POINT('',(-37.1282910999146,-4.5,176.175));
#6663=CARTESIAN_POINT('Origin',(0.,0.,176.175));
#6664=CARTESIAN_POINT('Origin',(0.,0.,176.175));
#6665=CARTESIAN_POINT('Origin',(0.,0.,176.175));
#6666=CARTESIAN_POINT('Origin',(0.,0.,176.175));
#6667=CARTESIAN_POINT('Origin',(0.,0.,176.175));
#6668=CARTESIAN_POINT('Origin',(0.,0.,176.175));
#6669=CARTESIAN_POINT('Origin',(0.,0.,176.175));
#6670=CARTESIAN_POINT('Origin',(0.,0.,176.175));
#6671=CARTESIAN_POINT('Origin',(-32.4,4.5,176.175));
#6672=CARTESIAN_POINT('',(-37.1282910999146,4.5,176.175));
#6673=CARTESIAN_POINT('',(-32.4,4.5,176.175));
#6674=CARTESIAN_POINT('Origin',(-38.3218239618137,-4.5,176.175));
#6675=CARTESIAN_POINT('',(-32.4,-4.5,176.175));
#6676=CARTESIAN_POINT('Origin',(-32.4,-4.5,176.175));
#6677=CARTESIAN_POINT('Origin',(0.,0.,176.175));
#6678=CARTESIAN_POINT('Origin',(13.225,0.,290.125));
#6679=CARTESIAN_POINT('',(13.225,15.55,290.125));
#6680=CARTESIAN_POINT('Origin',(13.225,0.,290.125));
#6681=CARTESIAN_POINT('',(13.725,15.05,290.125));
#6682=CARTESIAN_POINT('Origin',(13.725,0.,290.125));
#6683=CARTESIAN_POINT('Origin',(0.,0.,290.125));
#6684=CARTESIAN_POINT('',(-13.225,15.55,290.125));
#6685=CARTESIAN_POINT('Origin',(-13.225,0.,290.125));
#6686=CARTESIAN_POINT('Ctrl Pts',(-9.78521017106295,-8.52742789151115,277.121712971134));
#6687=CARTESIAN_POINT('Ctrl Pts',(-10.1142799248419,-8.23098119591105,276.9273061404));
#6688=CARTESIAN_POINT('Ctrl Pts',(-10.4022159595482,-7.80305035662939,276.660465342262));
#6689=CARTESIAN_POINT('Ctrl Pts',(-10.8958205907519,-6.71447503687327,276.085872057114));
#6690=CARTESIAN_POINT('Ctrl Pts',(-11.1014891872492,-6.05309119971722,275.779075370683));
#6691=CARTESIAN_POINT('Ctrl Pts',(-11.4305589419712,-4.54538416397626,275.232553950273));
#6692=CARTESIAN_POINT('Ctrl Pts',(-11.5539601001959,-3.69901364134654,274.993753371541));
#6693=CARTESIAN_POINT('Ctrl Pts',(-11.7184949783089,-1.90151129903706,274.664677195163));
#6694=CARTESIAN_POINT('Ctrl Pts',(-11.7596286981972,-0.950967195189057,
274.575000000471));
#6695=CARTESIAN_POINT('Ctrl Pts',(-11.7596286988855,-7.69568742065019E-9,
274.575));
#6696=CARTESIAN_POINT('Ctrl Pts',(9.78521018350369,-8.52742788030375,277.121712963784));
#6697=CARTESIAN_POINT('Ctrl Pts',(9.08223733140165,-9.16070996487072,277.53701313281));
#6698=CARTESIAN_POINT('Ctrl Pts',(7.53369833425225,-10.2792036310161,278.403829318609));
#6699=CARTESIAN_POINT('Ctrl Pts',(4.82131512152374,-11.4953744124656,279.61932945189));
#6700=CARTESIAN_POINT('Ctrl Pts',(1.69176937222609,-12.1881941979972,280.465339305806));
#6701=CARTESIAN_POINT('Ctrl Pts',(-1.69720302821416,-12.190320703966,280.470489184904));
#6702=CARTESIAN_POINT('Ctrl Pts',(-5.8629096725381,-11.2638958409414,279.336202282187));
#6703=CARTESIAN_POINT('Ctrl Pts',(-8.37933310294994,-9.79393022566988,277.952272759978));
#6704=CARTESIAN_POINT('Ctrl Pts',(-9.78521017106296,-8.52742789151114,277.121712971134));
#6705=CARTESIAN_POINT('Ctrl Pts',(9.78521017106294,8.52742789151116,277.121712971134));
#6706=CARTESIAN_POINT('Ctrl Pts',(10.1142799248419,8.23098119591106,276.9273061404));
#6707=CARTESIAN_POINT('Ctrl Pts',(10.4022159595482,7.8030503566294,276.660465342262));
#6708=CARTESIAN_POINT('Ctrl Pts',(10.8958205907518,6.71447503687328,276.085872057114));
#6709=CARTESIAN_POINT('Ctrl Pts',(11.1014891872492,6.05309119971723,275.779075370683));
#6710=CARTESIAN_POINT('Ctrl Pts',(11.4305589419712,4.54538416397628,275.232553950273));
#6711=CARTESIAN_POINT('Ctrl Pts',(11.5539601001959,3.69901364134656,274.993753371541));
#6712=CARTESIAN_POINT('Ctrl Pts',(11.7184949783089,1.90151129903709,274.664677195163));
#6713=CARTESIAN_POINT('Ctrl Pts',(11.7596286981972,0.950967195189085,274.575000000471));
#6714=CARTESIAN_POINT('Ctrl Pts',(11.7596286988855,7.69571656400458E-9,
274.575));
#6715=CARTESIAN_POINT('Ctrl Pts',(-9.78521018350366,8.52742788030378,277.121712963784));
#6716=CARTESIAN_POINT('Ctrl Pts',(-9.08223733140163,9.16070996487074,277.53701313281));
#6717=CARTESIAN_POINT('Ctrl Pts',(-7.53400163018475,10.2795410041928,278.404790783916));
#6718=CARTESIAN_POINT('Ctrl Pts',(-4.82168350167141,11.4960808411296,279.620623961112));
#6719=CARTESIAN_POINT('Ctrl Pts',(-1.69485041979599,12.1891620684257,280.468147383983));
#6720=CARTESIAN_POINT('Ctrl Pts',(1.69233814573598,12.18801241278,280.464877767269));
#6721=CARTESIAN_POINT('Ctrl Pts',(4.82256435198881,11.4947701321237,279.618318293348));
#6722=CARTESIAN_POINT('Ctrl Pts',(7.53343200133321,10.2793522479747,278.403826686115));
#6723=CARTESIAN_POINT('Ctrl Pts',(9.08227163700647,9.1606790585905,277.536992865556));
#6724=CARTESIAN_POINT('Ctrl Pts',(9.78521017106297,8.52742789151113,277.121712971134));
#6725=CARTESIAN_POINT('Origin',(13.725,-6.3467367489333E-16,290.125));
#6726=CARTESIAN_POINT('',(13.725,8.96,290.125));
#6727=CARTESIAN_POINT('Origin',(13.725,0.,290.125));
#6728=CARTESIAN_POINT('Origin',(-13.225,0.,290.125));
#6729=CARTESIAN_POINT('',(-13.725,15.05,290.125));
#6730=CARTESIAN_POINT('Origin',(-13.725,0.,290.125));
#6731=CARTESIAN_POINT('Origin',(-13.725,-6.3467367489333E-16,290.125));
#6732=CARTESIAN_POINT('',(-13.725,8.96,290.125));
#6733=CARTESIAN_POINT('Origin',(-13.725,0.,290.125));
#6734=CARTESIAN_POINT('Ctrl Pts',(11.5743761203188,8.33088251162017E-9,
274.512340647497));
#6735=CARTESIAN_POINT('Ctrl Pts',(11.5561844899181,8.28944282170874E-9,
274.556812675772));
#6736=CARTESIAN_POINT('Ctrl Pts',(11.5268265581521,8.19642823151827E-9,
274.638643959153));
#6737=CARTESIAN_POINT('Ctrl Pts',(11.4694250582425,7.97517605138771E-9,
274.696581157236));
#6738=CARTESIAN_POINT('Ctrl Pts',(11.467052181403,7.68108852584385E-9,274.580892609529));
#6739=CARTESIAN_POINT('Ctrl Pts',(11.6587028788809,7.68594584765608E-9,
274.575));
#6740=CARTESIAN_POINT('Ctrl Pts',(11.7596286988855,7.69570352709067E-9,
274.575));
#6741=CARTESIAN_POINT('Ctrl Pts',(11.569828212499,0.302797951737442,274.523458654611));
#6742=CARTESIAN_POINT('Ctrl Pts',(11.5526077205901,0.296397684509095,274.566418517234));
#6743=CARTESIAN_POINT('Ctrl Pts',(11.5237946054448,0.29620427929781,274.64468082071));
#6744=CARTESIAN_POINT('Ctrl Pts',(11.4669669526553,0.333197764891387,274.694364610917));
#6745=CARTESIAN_POINT('Ctrl Pts',(11.4719255973723,0.404397215225019,274.578672403393));
#6746=CARTESIAN_POINT('Ctrl Pts',(11.6608054998087,0.448047251485863,274.575000000221));
#6747=CARTESIAN_POINT('Ctrl Pts',(11.7596286985413,0.475483601442388,274.575000000235));
#6748=CARTESIAN_POINT('Ctrl Pts',(11.5385876530282,0.911429727330122,274.555741696104));
#6749=CARTESIAN_POINT('Ctrl Pts',(11.5244566712099,0.898506059365477,274.596327556326));
#6750=CARTESIAN_POINT('Ctrl Pts',(11.4981615283231,0.906846352024914,274.66932122339));
#6751=CARTESIAN_POINT('Ctrl Pts',(11.4436252487088,1.02449758313604,274.708494577624));
#6752=CARTESIAN_POINT('Ctrl Pts',(11.4635950466716,1.22825482605686,274.6052701019));
#6753=CARTESIAN_POINT('Ctrl Pts',(11.6454681548488,1.35013112748394,274.613828467759));
#6754=CARTESIAN_POINT('Ctrl Pts',(11.7390618382531,1.42643474412784,274.618934041723));
#6755=CARTESIAN_POINT('Ctrl Pts',(11.4225397012645,1.86966344937532,274.645034118229));
#6756=CARTESIAN_POINT('Ctrl Pts',(11.4145848844314,1.86105786674045,274.684883077913));
#6757=CARTESIAN_POINT('Ctrl Pts',(11.3944895081839,1.90269428181295,274.757209962994));
#6758=CARTESIAN_POINT('Ctrl Pts',(11.3483980232933,2.14532662215746,274.801571677718));
#6759=CARTESIAN_POINT('Ctrl Pts',(11.3936637766101,2.49098698202211,274.748047086617));
#6760=CARTESIAN_POINT('Ctrl Pts',(11.5622990386473,2.68750714954006,274.789049445224));
#6761=CARTESIAN_POINT('Ctrl Pts',(11.6465109690445,2.81311729335205,274.810957196508));
#6762=CARTESIAN_POINT('Ctrl Pts',(11.2262147563715,2.90907240054531,274.789929423321));
#6763=CARTESIAN_POINT('Ctrl Pts',(11.2254285049407,2.91450688677547,274.832647123642));
#6764=CARTESIAN_POINT('Ctrl Pts',(11.2142437314139,3.00133166871454,274.912779351904));
#6765=CARTESIAN_POINT('Ctrl Pts',(11.1862368793377,3.34524544317486,274.982903456899));
#6766=CARTESIAN_POINT('Ctrl Pts',(11.2626207442812,3.74870321945964,274.9964932278));
#6767=CARTESIAN_POINT('Ctrl Pts',(11.4174741919647,3.97347598470678,275.071998632505));
#6768=CARTESIAN_POINT('Ctrl Pts',(11.4922595210836,4.12267090361483,275.11252887236));
#6769=CARTESIAN_POINT('Ctrl Pts',(10.9306301882554,4.05980190849646,275.008768663211));
#6770=CARTESIAN_POINT('Ctrl Pts',(10.9390893425225,4.08232091924519,275.058050477587));
#6771=CARTESIAN_POINT('Ctrl Pts',(10.9433647182129,4.20935704195016,275.153754083681));
#6772=CARTESIAN_POINT('Ctrl Pts',(10.9515482162657,4.59016150471304,275.2627685472));
#6773=CARTESIAN_POINT('Ctrl Pts',(11.0674124261187,4.95422319358349,275.341202482224));
#6774=CARTESIAN_POINT('Ctrl Pts',(11.2096124700262,5.1724093360119,275.442897023628));
#6775=CARTESIAN_POINT('Ctrl Pts',(11.2763074943943,5.322130607998,275.497519407639));
#6776=CARTESIAN_POINT('Ctrl Pts',(10.516351150792,5.31829454670287,275.317060392323));
#6777=CARTESIAN_POINT('Ctrl Pts',(10.5396042512221,5.34893722675295,275.374787443164));
#6778=CARTESIAN_POINT('Ctrl Pts',(10.5746428061765,5.48150611688654,275.488446242904));
#6779=CARTESIAN_POINT('Ctrl Pts',(10.6455029462457,5.79875293295831,275.633390086444));
#6780=CARTESIAN_POINT('Ctrl Pts',(10.8057910300625,6.05386131050668,275.757118620044));
#6781=CARTESIAN_POINT('Ctrl Pts',(10.9374703745958,6.25106156484997,275.871860757849));
#6782=CARTESIAN_POINT('Ctrl Pts',(10.9986548890005,6.38423275547364,275.932281459951));
#6783=CARTESIAN_POINT('Ctrl Pts',(9.99346466665757,6.57234976651296,275.70536790716));
#6784=CARTESIAN_POINT('Ctrl Pts',(10.0409114673668,6.58947998255889,275.769011165774));
#6785=CARTESIAN_POINT('Ctrl Pts',(10.1280005417273,6.67145829839229,275.893441894504));
#6786=CARTESIAN_POINT('Ctrl Pts',(10.2778400320596,6.85560413727409,276.058741311269));
#6787=CARTESIAN_POINT('Ctrl Pts',(10.4755709337211,7.00229300039176,276.205290924832));
#6788=CARTESIAN_POINT('Ctrl Pts',(10.5998175395272,7.18091592682849,276.3208302003));
#6789=CARTESIAN_POINT('Ctrl Pts',(10.6593017049261,7.28780665952404,276.378146785753));
#6790=CARTESIAN_POINT('Ctrl Pts',(9.44691418330968,7.5522617038098,276.106919510555));
#6791=CARTESIAN_POINT('Ctrl Pts',(9.51600520728281,7.55415457943203,276.174484549762));
#6792=CARTESIAN_POINT('Ctrl Pts',(9.64934095421657,7.58616932791731,276.305985427386));
#6793=CARTESIAN_POINT('Ctrl Pts',(9.85726149583501,7.67031185243843,276.483278243467));
#6794=CARTESIAN_POINT('Ctrl Pts',(10.0672242988476,7.79677674283877,276.643854354065));
#6795=CARTESIAN_POINT('Ctrl Pts',(10.1951489110367,7.93948540766812,276.746875975949));
#6796=CARTESIAN_POINT('Ctrl Pts',(10.258247942195,8.01711678693823,276.794143595161));
#6797=CARTESIAN_POINT('Ctrl Pts',(9.10956508485687,7.94386592777752,276.342149458434));
#6798=CARTESIAN_POINT('Ctrl Pts',(9.17624034661036,7.95482022124763,276.414648785269));
#6799=CARTESIAN_POINT('Ctrl Pts',(9.31198143197227,7.99093186650573,276.553677407874));
#6800=CARTESIAN_POINT('Ctrl Pts',(9.52309977425358,8.08253759669204,276.739126659902));
#6801=CARTESIAN_POINT('Ctrl Pts',(9.7376150940994,8.21031721004202,276.898558894628));
#6802=CARTESIAN_POINT('Ctrl Pts',(9.87932933694931,8.31949488253322,276.98620118292));
#6803=CARTESIAN_POINT('Ctrl Pts',(9.94974504795242,8.37920454371111,277.024509555767));
#6804=CARTESIAN_POINT('Ctrl Pts',(8.92832969412601,8.12232374979758,276.454308759736));
#6805=CARTESIAN_POINT('Ctrl Pts',(8.99130946953317,8.13582425583909,276.528178413089));
#6806=CARTESIAN_POINT('Ctrl Pts',(9.12345262189263,8.17366431264935,276.668663587216));
#6807=CARTESIAN_POINT('Ctrl Pts',(9.33594408839681,8.26171744488328,276.853085342562));
#6808=CARTESIAN_POINT('Ctrl Pts',(9.55812775261579,8.37916402984131,277.007221905336));
#6809=CARTESIAN_POINT('Ctrl Pts',(9.70951580612564,8.47536794876401,277.087572572108));
#6810=CARTESIAN_POINT('Ctrl Pts',(9.78521017106295,8.52742789151116,277.121712971134));
#6811=CARTESIAN_POINT('Ctrl Pts',(-11.5743761203188,-8.33087168694568E-9,
274.512340647497));
#6812=CARTESIAN_POINT('Ctrl Pts',(-11.5561844899181,-8.28943255984812E-9,
274.556812675772));
#6813=CARTESIAN_POINT('Ctrl Pts',(-11.5268265581521,-8.19642271572919E-9,
274.638643959153));
#6814=CARTESIAN_POINT('Ctrl Pts',(-11.4694250582425,-7.97518660208965E-9,
274.696581157236));
#6815=CARTESIAN_POINT('Ctrl Pts',(-11.467052181403,-7.6811022151949E-9,
274.580892609529));
#6816=CARTESIAN_POINT('Ctrl Pts',(-11.6587028788809,-7.68595939946252E-9,
274.575));
#6817=CARTESIAN_POINT('Ctrl Pts',(-11.7596286988855,-7.69571447681189E-9,
274.575));
#6818=CARTESIAN_POINT('Ctrl Pts',(-11.569828212499,-0.302797951737431,274.523458654611));
#6819=CARTESIAN_POINT('Ctrl Pts',(-11.55260772059,-0.296397684509085,274.566418517234));
#6820=CARTESIAN_POINT('Ctrl Pts',(-11.5237946054448,-0.296204279297805,
274.64468082071));
#6821=CARTESIAN_POINT('Ctrl Pts',(-11.4669669526553,-0.333197764891398,
274.694364610917));
#6822=CARTESIAN_POINT('Ctrl Pts',(-11.4719255973723,-0.404397215225032,
274.578672403392));
#6823=CARTESIAN_POINT('Ctrl Pts',(-11.6608054998087,-0.448047251485876,
274.575000000221));
#6824=CARTESIAN_POINT('Ctrl Pts',(-11.7596286985413,-0.475483601442399,
274.575000000235));
#6825=CARTESIAN_POINT('Ctrl Pts',(-11.5385876530282,-0.911429727330137,
274.555741696104));
#6826=CARTESIAN_POINT('Ctrl Pts',(-11.5244566712099,-0.898506059365493,
274.596327556326));
#6827=CARTESIAN_POINT('Ctrl Pts',(-11.4981615283231,-0.906846352024892,
274.66932122339));
#6828=CARTESIAN_POINT('Ctrl Pts',(-11.4436252487088,-1.02449758313604,274.708494577624));
#6829=CARTESIAN_POINT('Ctrl Pts',(-11.4635950466716,-1.22825482605678,274.605270101901));
#6830=CARTESIAN_POINT('Ctrl Pts',(-11.6454681548488,-1.35013112748394,274.61382846776));
#6831=CARTESIAN_POINT('Ctrl Pts',(-11.7390618382531,-1.42643474412784,274.618934041723));
#6832=CARTESIAN_POINT('Ctrl Pts',(-11.4225397012645,-1.8696634493753,274.645034118229));
#6833=CARTESIAN_POINT('Ctrl Pts',(-11.4145848844314,-1.86105786674042,274.684883077913));
#6834=CARTESIAN_POINT('Ctrl Pts',(-11.3944895081839,-1.90269428181297,274.757209962994));
#6835=CARTESIAN_POINT('Ctrl Pts',(-11.3483980232933,-2.14532662215748,274.801571677717));
#6836=CARTESIAN_POINT('Ctrl Pts',(-11.3936637766101,-2.49098698202217,274.748047086617));
#6837=CARTESIAN_POINT('Ctrl Pts',(-11.5622990386473,-2.68750714954008,274.789049445224));
#6838=CARTESIAN_POINT('Ctrl Pts',(-11.6465109690445,-2.81311729335206,274.810957196508));
#6839=CARTESIAN_POINT('Ctrl Pts',(-11.2262147563715,-2.90907240054532,274.789929423321));
#6840=CARTESIAN_POINT('Ctrl Pts',(-11.2254285049407,-2.91450688677548,274.832647123642));
#6841=CARTESIAN_POINT('Ctrl Pts',(-11.2142437314139,-3.0013316687145,274.912779351904));
#6842=CARTESIAN_POINT('Ctrl Pts',(-11.1862368793377,-3.34524544317489,274.982903456899));
#6843=CARTESIAN_POINT('Ctrl Pts',(-11.2626207442813,-3.74870321945958,274.9964932278));
#6844=CARTESIAN_POINT('Ctrl Pts',(-11.4174741919647,-3.97347598470679,275.071998632505));
#6845=CARTESIAN_POINT('Ctrl Pts',(-11.4922595210836,-4.12267090361483,275.11252887236));
#6846=CARTESIAN_POINT('Ctrl Pts',(-10.9306301882554,-4.05980190849645,275.008768663211));
#6847=CARTESIAN_POINT('Ctrl Pts',(-10.9390893425225,-4.08232091924518,275.058050477587));
#6848=CARTESIAN_POINT('Ctrl Pts',(-10.9433647182129,-4.20935704195018,275.15375408368));
#6849=CARTESIAN_POINT('Ctrl Pts',(-10.9515482162657,-4.59016150471305,275.2627685472));
#6850=CARTESIAN_POINT('Ctrl Pts',(-11.0674124261188,-4.9542231935835,275.341202482224));
#6851=CARTESIAN_POINT('Ctrl Pts',(-11.2096124700262,-5.1724093360119,275.442897023628));
#6852=CARTESIAN_POINT('Ctrl Pts',(-11.2763074943943,-5.322130607998,275.497519407639));
#6853=CARTESIAN_POINT('Ctrl Pts',(-10.516351150792,-5.31829454670286,275.317060392323));
#6854=CARTESIAN_POINT('Ctrl Pts',(-10.5396042512221,-5.34893722675294,275.374787443164));
#6855=CARTESIAN_POINT('Ctrl Pts',(-10.5746428061765,-5.48150611688654,275.488446242904));
#6856=CARTESIAN_POINT('Ctrl Pts',(-10.6455029462457,-5.79875293295832,275.633390086444));
#6857=CARTESIAN_POINT('Ctrl Pts',(-10.8057910300625,-6.05386131050664,275.757118620044));
#6858=CARTESIAN_POINT('Ctrl Pts',(-10.9374703745958,-6.25106156484998,275.871860757849));
#6859=CARTESIAN_POINT('Ctrl Pts',(-10.9986548890005,-6.38423275547365,275.932281459951));
#6860=CARTESIAN_POINT('Ctrl Pts',(-9.99346466665757,-6.57234976651293,275.70536790716));
#6861=CARTESIAN_POINT('Ctrl Pts',(-10.0409114673668,-6.58947998255886,275.769011165774));
#6862=CARTESIAN_POINT('Ctrl Pts',(-10.1280005417273,-6.67145829839227,275.893441894504));
#6863=CARTESIAN_POINT('Ctrl Pts',(-10.2778400320597,-6.8556041372741,276.058741311269));
#6864=CARTESIAN_POINT('Ctrl Pts',(-10.4755709337211,-7.00229300039173,276.205290924831));
#6865=CARTESIAN_POINT('Ctrl Pts',(-10.5998175395273,-7.1809159268285,276.3208302003));
#6866=CARTESIAN_POINT('Ctrl Pts',(-10.6593017049262,-7.28780665952405,276.378146785753));
#6867=CARTESIAN_POINT('Ctrl Pts',(-9.44691418330968,-7.55226170380979,276.106919510555));
#6868=CARTESIAN_POINT('Ctrl Pts',(-9.51600520728281,-7.55415457943202,276.174484549762));
#6869=CARTESIAN_POINT('Ctrl Pts',(-9.64934095421657,-7.5861693279173,276.305985427386));
#6870=CARTESIAN_POINT('Ctrl Pts',(-9.85726149583501,-7.67031185243842,276.483278243467));
#6871=CARTESIAN_POINT('Ctrl Pts',(-10.0672242988477,-7.7967767428388,276.643854354065));
#6872=CARTESIAN_POINT('Ctrl Pts',(-10.1951489110367,-7.93948540766809,276.746875975949));
#6873=CARTESIAN_POINT('Ctrl Pts',(-10.258247942195,-8.0171167869382,276.794143595161));
#6874=CARTESIAN_POINT('Ctrl Pts',(-9.10956508485688,-7.94386592777751,276.342149458434));
#6875=CARTESIAN_POINT('Ctrl Pts',(-9.17624034661037,-7.95482022124762,276.414648785269));
#6876=CARTESIAN_POINT('Ctrl Pts',(-9.31198143197227,-7.99093186650573,276.553677407874));
#6877=CARTESIAN_POINT('Ctrl Pts',(-9.52309977425358,-8.08253759669204,276.739126659902));
#6878=CARTESIAN_POINT('Ctrl Pts',(-9.73761509409941,-8.21031721004205,276.898558894628));
#6879=CARTESIAN_POINT('Ctrl Pts',(-9.87932933694932,-8.31949488253321,276.98620118292));
#6880=CARTESIAN_POINT('Ctrl Pts',(-9.94974504795242,-8.3792045437111,277.024509555767));
#6881=CARTESIAN_POINT('Ctrl Pts',(-8.92832969412601,-8.12232374979757,276.454308759736));
#6882=CARTESIAN_POINT('Ctrl Pts',(-8.99130946953318,-8.13582425583908,276.528178413089));
#6883=CARTESIAN_POINT('Ctrl Pts',(-9.12345262189264,-8.17366431264935,276.668663587216));
#6884=CARTESIAN_POINT('Ctrl Pts',(-9.33594408839682,-8.26171744488327,276.853085342562));
#6885=CARTESIAN_POINT('Ctrl Pts',(-9.5581277526158,-8.37916402984134,277.007221905336));
#6886=CARTESIAN_POINT('Ctrl Pts',(-9.70951580612565,-8.47536794876401,277.087572572108));
#6887=CARTESIAN_POINT('Ctrl Pts',(-9.78521017106296,-8.52742789151115,277.121712971134));
#6888=CARTESIAN_POINT('Origin',(0.,0.,275.44926447038));
#6889=CARTESIAN_POINT('Origin',(7.57242974962934E-16,0.,273.981250398239));
#6890=CARTESIAN_POINT('Origin',(0.,0.,275.44926447038));
#6891=CARTESIAN_POINT('Ctrl Pts',(-9.78521017106296,-8.52742789151114,277.121712971134));
#6892=CARTESIAN_POINT('Ctrl Pts',(-8.37933310294994,-9.79393022566988,277.952272759978));
#6893=CARTESIAN_POINT('Ctrl Pts',(-5.8629096725381,-11.2638958409414,279.336202282187));
#6894=CARTESIAN_POINT('Ctrl Pts',(-1.69720302821416,-12.190320703966,280.470489184904));
#6895=CARTESIAN_POINT('Ctrl Pts',(1.69176937222609,-12.1881941979972,280.465339305806));
#6896=CARTESIAN_POINT('Ctrl Pts',(4.82131512152374,-11.4953744124656,279.61932945189));
#6897=CARTESIAN_POINT('Ctrl Pts',(7.53369833425225,-10.2792036310161,278.403829318609));
#6898=CARTESIAN_POINT('Ctrl Pts',(9.08223733140165,-9.16070996487072,277.53701313281));
#6899=CARTESIAN_POINT('Ctrl Pts',(9.78521018350369,-8.52742788030375,277.121712963784));
#6900=CARTESIAN_POINT('Ctrl Pts',(-9.43917878849241,-8.2894395818099,276.965642575587));
#6901=CARTESIAN_POINT('Ctrl Pts',(-8.10187869700707,-9.56421703195995,277.767413063047));
#6902=CARTESIAN_POINT('Ctrl Pts',(-5.68282979016358,-11.0733188824173,279.133942810849));
#6903=CARTESIAN_POINT('Ctrl Pts',(-1.64695343755919,-12.0322099019623,280.269354314262));
#6904=CARTESIAN_POINT('Ctrl Pts',(1.6418140081307,-12.0300241535139,280.264086585452));
#6905=CARTESIAN_POINT('Ctrl Pts',(4.67383768997386,-11.3129378803134,279.417245237587));
#6906=CARTESIAN_POINT('Ctrl Pts',(7.28917359786279,-10.0629436769126,278.212670930464));
#6907=CARTESIAN_POINT('Ctrl Pts',(8.77049611058018,-8.92685941504193,277.366547384));
#6908=CARTESIAN_POINT('Ctrl Pts',(9.43917880032887,-8.28943957053323,276.965642568486));
#6909=CARTESIAN_POINT('Ctrl Pts',(-8.83575276886456,-8.02469351715526,276.464337242119));
#6910=CARTESIAN_POINT('Ctrl Pts',(-7.61627738563721,-9.30147734562421,277.28244977009));
#6911=CARTESIAN_POINT('Ctrl Pts',(-5.3677436770072,-10.8391098114296,278.690454095896));
#6912=CARTESIAN_POINT('Ctrl Pts',(-1.55893733934596,-11.8206037878836,279.866668573825));
#6913=CARTESIAN_POINT('Ctrl Pts',(1.55420195451463,-11.8186264870633,279.861011056318));
#6914=CARTESIAN_POINT('Ctrl Pts',(4.41542828645947,-11.0840563395041,278.984180256563));
#6915=CARTESIAN_POINT('Ctrl Pts',(6.86144818539227,-9.81051284039492,277.740825993163));
#6916=CARTESIAN_POINT('Ctrl Pts',(8.22598532026209,-8.66311658844759,276.873413469546));
#6917=CARTESIAN_POINT('Ctrl Pts',(8.83575277965515,-8.02469350585594,276.464337234881));
#6918=CARTESIAN_POINT('Ctrl Pts',(-8.45911118793613,-8.12030281151033,275.753662413846));
#6919=CARTESIAN_POINT('Ctrl Pts',(-7.26825105552854,-9.36099452423692,276.655382089892));
#6920=CARTESIAN_POINT('Ctrl Pts',(-5.10529090978526,-10.8253044618546,278.17116590896));
#6921=CARTESIAN_POINT('Ctrl Pts',(-1.48056381494174,-11.7544638956972,279.420188183278));
#6922=CARTESIAN_POINT('Ctrl Pts',(1.47600004696239,-11.752398768624,279.41441375519));
#6923=CARTESIAN_POINT('Ctrl Pts',(4.19908859416054,-11.0573923833754,278.482986205356));
#6924=CARTESIAN_POINT('Ctrl Pts',(6.54178178595294,-9.84487996883933,277.149639224627));
#6925=CARTESIAN_POINT('Ctrl Pts',(7.86365206293743,-8.74067894425004,276.204544255539));
#6926=CARTESIAN_POINT('Ctrl Pts',(8.45911119847592,-8.12030280053181,275.753662405868));
#6927=CARTESIAN_POINT('Ctrl Pts',(-8.35931433557111,-8.22176920371253,275.449264478675));
#6928=CARTESIAN_POINT('Ctrl Pts',(-7.15830095680061,-9.44287479614821,276.38664867766));
#6929=CARTESIAN_POINT('Ctrl Pts',(-5.00856946524661,-10.8601506945685,277.94857556607));
#6930=CARTESIAN_POINT('Ctrl Pts',(-1.44988746854733,-11.7533686150568,279.22875145949));
#6931=CARTESIAN_POINT('Ctrl Pts',(1.4452456021386,-11.7513183319576,279.222939216521));
#6932=CARTESIAN_POINT('Ctrl Pts',(4.11875554097378,-11.0833321057618,278.268117805831));
#6933=CARTESIAN_POINT('Ctrl Pts',(6.4358916553084,-9.91075397263801,276.896283250263));
#6934=CARTESIAN_POINT('Ctrl Pts',(7.75877833957624,-8.83235179840022,275.917979452143));
#6935=CARTESIAN_POINT('Ctrl Pts',(8.35931434619895,-8.22176919290684,275.44926447038));
#6936=CARTESIAN_POINT('Ctrl Pts',(-8.35931433557111,-8.22176920371253,275.449264478675));
#6937=CARTESIAN_POINT('Ctrl Pts',(-7.15830095680061,-9.44287479614821,276.38664867766));
#6938=CARTESIAN_POINT('Ctrl Pts',(-5.00856946524661,-10.8601506945685,277.94857556607));
#6939=CARTESIAN_POINT('Ctrl Pts',(-1.44988746854733,-11.7533686150568,279.22875145949));
#6940=CARTESIAN_POINT('Ctrl Pts',(1.4452456021386,-11.7513183319576,279.222939216521));
#6941=CARTESIAN_POINT('Ctrl Pts',(4.11875554097378,-11.0833321057618,278.268117805831));
#6942=CARTESIAN_POINT('Ctrl Pts',(6.4358916553084,-9.91075397263801,276.896283250263));
#6943=CARTESIAN_POINT('Ctrl Pts',(7.75877833957624,-8.83235179840022,275.917979452143));
#6944=CARTESIAN_POINT('Ctrl Pts',(8.35931434619895,-8.22176919290684,275.44926447038));
#6945=CARTESIAN_POINT('Ctrl Pts',(9.78521017106297,8.52742789151113,277.121712971134));
#6946=CARTESIAN_POINT('Ctrl Pts',(9.08227163700647,9.1606790585905,277.536992865556));
#6947=CARTESIAN_POINT('Ctrl Pts',(7.53343200133321,10.2793522479747,278.403826686115));
#6948=CARTESIAN_POINT('Ctrl Pts',(4.82256435198881,11.4947701321237,279.618318293348));
#6949=CARTESIAN_POINT('Ctrl Pts',(1.69233814573598,12.18801241278,280.464877767269));
#6950=CARTESIAN_POINT('Ctrl Pts',(-1.69485041979599,12.1891620684257,280.468147383983));
#6951=CARTESIAN_POINT('Ctrl Pts',(-4.82168350167141,11.4960808411296,279.620623961112));
#6952=CARTESIAN_POINT('Ctrl Pts',(-7.53400163018475,10.2795410041928,278.404790783916));
#6953=CARTESIAN_POINT('Ctrl Pts',(-9.08223733140163,9.16070996487074,277.53701313281));
#6954=CARTESIAN_POINT('Ctrl Pts',(-9.78521018350366,8.52742788030378,277.121712963784));
#6955=CARTESIAN_POINT('Ctrl Pts',(9.43917878849241,8.28943958180989,276.965642575587));
#6956=CARTESIAN_POINT('Ctrl Pts',(8.77052874274975,8.92682830688491,277.366527819317));
#6957=CARTESIAN_POINT('Ctrl Pts',(7.28889916747684,10.0631028505457,278.212662242415));
#6958=CARTESIAN_POINT('Ctrl Pts',(4.67500852325885,11.3123672465012,279.416198299925));
#6959=CARTESIAN_POINT('Ctrl Pts',(1.64232032952924,12.0298643662687,280.263598784756));
#6960=CARTESIAN_POINT('Ctrl Pts',(-1.6447619004594,12.0311875401008,280.266874974862));
#6961=CARTESIAN_POINT('Ctrl Pts',(-4.67412977321921,11.3136273062064,279.418612911662));
#6962=CARTESIAN_POINT('Ctrl Pts',(-7.28941505501038,10.0633348900131,278.2136559223));
#6963=CARTESIAN_POINT('Ctrl Pts',(-8.77049611058016,8.92685941504195,277.366547384));
#6964=CARTESIAN_POINT('Ctrl Pts',(-9.43917880032885,8.28943957053327,276.965642568486));
#6965=CARTESIAN_POINT('Ctrl Pts',(8.83575276886439,8.024693517155,276.464337242119));
#6966=CARTESIAN_POINT('Ctrl Pts',(8.22601507725073,8.66308543138947,276.873393506105));
#6967=CARTESIAN_POINT('Ctrl Pts',(6.86118663176542,9.81071637093065,277.74078667256));
#6968=CARTESIAN_POINT('Ctrl Pts',(4.41647269371195,11.0835852877063,278.983044395378));
#6969=CARTESIAN_POINT('Ctrl Pts',(1.55466997709754,11.8185293992487,279.86047116111));
#6970=CARTESIAN_POINT('Ctrl Pts',(-1.55705013111409,11.8198435044852,279.863991968792));
#6971=CARTESIAN_POINT('Ctrl Pts',(-4.41563925284974,11.0849180663715,278.985455063494));
#6972=CARTESIAN_POINT('Ctrl Pts',(-6.86172354221791,9.81099692632652,277.741826782755));
#6973=CARTESIAN_POINT('Ctrl Pts',(-8.22598532026194,8.66311658844736,276.873413469546));
#6974=CARTESIAN_POINT('Ctrl Pts',(-8.83575277965499,8.02469350585574,276.464337234881));
#6975=CARTESIAN_POINT('Ctrl Pts',(8.45911118793611,8.12030281151032,275.753662413846));
#6976=CARTESIAN_POINT('Ctrl Pts',(7.86368112173232,8.7406486678736,276.204522251869));
#6977=CARTESIAN_POINT('Ctrl Pts',(6.54153160587373,9.84504187184952,277.149623912114));
#6978=CARTESIAN_POINT('Ctrl Pts',(4.20011802546848,11.05684293476,278.481844368913));
#6979=CARTESIAN_POINT('Ctrl Pts',(1.47644523900111,11.7522471117436,279.41388578473));
#6980=CARTESIAN_POINT('Ctrl Pts',(-1.47865816679215,11.7534625808187,279.417531271695));
#6981=CARTESIAN_POINT('Ctrl Pts',(-4.19931913662696,11.0581216884904,278.484383326551));
#6982=CARTESIAN_POINT('Ctrl Pts',(-6.54200402559899,9.84526479318337,277.150697358038));
#6983=CARTESIAN_POINT('Ctrl Pts',(-7.86365206293744,8.74067894425005,276.204544255539));
#6984=CARTESIAN_POINT('Ctrl Pts',(-8.45911119847592,8.12030280053185,275.753662405868));
#6985=CARTESIAN_POINT('Ctrl Pts',(8.35931433557109,8.22176920371251,275.449264478675));
#6986=CARTESIAN_POINT('Ctrl Pts',(7.75880764618585,8.83232199993035,275.917956578167));
#6987=CARTESIAN_POINT('Ctrl Pts',(6.43566413228645,9.9108972625431,276.896280279185));
#6988=CARTESIAN_POINT('Ctrl Pts',(4.1198227342127,11.0827494853552,278.266976594743));
#6989=CARTESIAN_POINT('Ctrl Pts',(1.44573149426279,11.751143062683,279.222418316114));
#6990=CARTESIAN_POINT('Ctrl Pts',(-1.44787768102798,11.7522515098611,279.226108462309));
#6991=CARTESIAN_POINT('Ctrl Pts',(-4.11907024095426,11.0840132130674,278.269578811416));
#6992=CARTESIAN_POINT('Ctrl Pts',(-6.43615075511231,9.91107925294877,276.897368376703));
#6993=CARTESIAN_POINT('Ctrl Pts',(-7.75877833957626,8.83235179840023,275.917979452143));
#6994=CARTESIAN_POINT('Ctrl Pts',(-8.35931434619895,8.22176919290688,275.44926447038));
#6995=CARTESIAN_POINT('Ctrl Pts',(8.35931433557109,8.22176920371251,275.449264478675));
#6996=CARTESIAN_POINT('Ctrl Pts',(7.75880764618585,8.83232199993035,275.917956578167));
#6997=CARTESIAN_POINT('Ctrl Pts',(6.43566413228645,9.9108972625431,276.896280279185));
#6998=CARTESIAN_POINT('Ctrl Pts',(4.1198227342127,11.0827494853552,278.266976594743));
#6999=CARTESIAN_POINT('Ctrl Pts',(1.44573149426279,11.751143062683,279.222418316114));
#7000=CARTESIAN_POINT('Ctrl Pts',(-1.44787768102798,11.7522515098611,279.226108462309));
#7001=CARTESIAN_POINT('Ctrl Pts',(-4.11907024095426,11.0840132130674,278.269578811416));
#7002=CARTESIAN_POINT('Ctrl Pts',(-6.43615075511231,9.91107925294877,276.897368376703));
#7003=CARTESIAN_POINT('Ctrl Pts',(-7.75877833957626,8.83235179840023,275.917979452143));
#7004=CARTESIAN_POINT('Ctrl Pts',(-8.35931434619895,8.22176919290688,275.44926447038));
#7005=CARTESIAN_POINT('Origin',(0.,0.,275.44926447038));
#7006=CARTESIAN_POINT('Origin',(0.,0.,275.44926447038));
#7007=CARTESIAN_POINT('Origin',(-6.15738339526818E-16,0.,273.981250398239));
#7008=CARTESIAN_POINT('Origin',(0.,0.,268.85));
#7009=CARTESIAN_POINT('Origin',(0.,0.,274.575));
#7010=CARTESIAN_POINT('Origin',(0.,0.,274.575));
#7011=CARTESIAN_POINT('Origin',(93.3946312035762,0.,290.125));
#7012=CARTESIAN_POINT('',(15.1,-7.34788079488412E-16,284.125));
#7013=CARTESIAN_POINT('Origin',(15.1,0.,290.125));
#7014=CARTESIAN_POINT('',(-15.1,0.,296.125));
#7015=CARTESIAN_POINT('Origin',(-15.1,0.,290.125));
#7016=CARTESIAN_POINT('Origin',(0.,0.,71.125));
#7017=CARTESIAN_POINT('',(21.1,0.,70.125));
#7018=CARTESIAN_POINT('Origin',(0.,0.,70.125));
#7019=CARTESIAN_POINT('',(22.1,-5.4129388522313E-15,71.125));
#7020=CARTESIAN_POINT('Origin',(0.,0.,71.125));
#7021=CARTESIAN_POINT('Origin',(22.1,0.,70.125));
#7022=CARTESIAN_POINT('',(7.5,0.,70.125));
#7023=CARTESIAN_POINT('Origin',(0.,0.,70.125));
#7024=CARTESIAN_POINT('Origin',(0.,0.,109.125));
#7025=CARTESIAN_POINT('',(22.1,0.,148.125));
#7026=CARTESIAN_POINT('Origin',(0.,0.,148.125));
#7027=CARTESIAN_POINT('Origin',(0.,0.,36.5624999999999));
#7028=CARTESIAN_POINT('',(7.,0.,73.125));
#7029=CARTESIAN_POINT('Origin',(0.,0.,73.125));
#7030=CARTESIAN_POINT('',(-7.00000000000003,8.57252759403151E-16,3.175));
#7031=CARTESIAN_POINT('Origin',(0.,0.,3.175));
#7032=CARTESIAN_POINT('Origin',(7.5,0.,73.125));
#7033=CARTESIAN_POINT('',(7.5,0.,73.125));
#7034=CARTESIAN_POINT('Origin',(0.,0.,73.125));
#7035=CARTESIAN_POINT('Origin',(0.,0.,71.625));
#7036=CARTESIAN_POINT('Origin',(24.1,0.,148.125));
#7037=CARTESIAN_POINT('',(24.1,0.,148.125));
#7038=CARTESIAN_POINT('Origin',(0.,0.,148.125));
#7039=CARTESIAN_POINT('Origin',(0.,0.,205.625));
#7040=CARTESIAN_POINT('Ctrl Pts',(3.71961099803128,-11.9263102005608,-10.));
#7041=CARTESIAN_POINT('Ctrl Pts',(5.39892600965429,-11.5153063694531,-10.));
#7042=CARTESIAN_POINT('Ctrl Pts',(6.86152238007763,-10.8402933710485,-9.95725391415887));
#7043=CARTESIAN_POINT('Ctrl Pts',(8.08345843438765,-9.98443239387534,-9.85355339059318));
#7044=CARTESIAN_POINT('Ctrl Pts',(3.71961099803128,-11.4702287814649,-10.));
#7045=CARTESIAN_POINT('Ctrl Pts',(5.36733059788063,-11.0975769493134,-10.094256967056));
#7046=CARTESIAN_POINT('Ctrl Pts',(6.81051934879681,-10.5056793218383,-10.137009818931));
#7047=CARTESIAN_POINT('Ctrl Pts',(8.05259334624567,-9.72853371814357,-10.0718627620378));
#7048=CARTESIAN_POINT('Ctrl Pts',(3.71961099803128,-10.5592179468945,-10.3248086343796));
#7049=CARTESIAN_POINT('Ctrl Pts',(5.32508159233778,-10.3321075817252,-10.5478486523754));
#7050=CARTESIAN_POINT('Ctrl Pts',(6.76969297559727,-9.93475447601563,-10.6846211329126));
#7051=CARTESIAN_POINT('Ctrl Pts',(8.06869767200388,-9.31301937326295,-10.6320010174136));
#7052=CARTESIAN_POINT('Ctrl Pts',(3.71961099803128,-9.87159788435681,-11.4614354542683));
#7053=CARTESIAN_POINT('Ctrl Pts',(5.35039111341115,-9.84323299009818,-11.6565368660731));
#7054=CARTESIAN_POINT('Ctrl Pts',(6.89469469488658,-9.64859502250691,-11.7217672710271));
#7055=CARTESIAN_POINT('Ctrl Pts',(8.29921694201844,-9.14975888276235,-11.5483433512172));
#7056=CARTESIAN_POINT('Ctrl Pts',(3.71961099803128,-9.93710215875929,-12.6388624679005));
#7057=CARTESIAN_POINT('Ctrl Pts',(5.43044841664219,-9.98001948175306,-12.7214082877046));
#7058=CARTESIAN_POINT('Ctrl Pts',(7.11732347229964,-9.84725018630377,-12.6458576581697));
#7059=CARTESIAN_POINT('Ctrl Pts',(8.62823548018336,-9.35730056444007,-12.3153571085593));
#7060=CARTESIAN_POINT('Ctrl Pts',(3.71961099803128,-10.3162442971838,-13.2347848227557));
#7061=CARTESIAN_POINT('Ctrl Pts',(5.49480307247359,-10.3379844943441,-13.2547725615456));
#7062=CARTESIAN_POINT('Ctrl Pts',(7.2810939987083,-10.1789741767085,-13.096917765427));
#7063=CARTESIAN_POINT('Ctrl Pts',(8.85826283815343,-9.64550311165911,-12.6759136709822));
#7064=CARTESIAN_POINT('Ctrl Pts',(3.71961099803128,-10.5671865309812,-13.4672364672365));
#7065=CARTESIAN_POINT('Ctrl Pts',(5.52711103458745,-10.5671865309812,-13.4672364672365));
#7066=CARTESIAN_POINT('Ctrl Pts',(7.36305430245271,-10.3845119034659,-13.2778627820998));
#7067=CARTESIAN_POINT('Ctrl Pts',(8.97333381365574,-9.82049248867963,-12.8184487816877));
#7068=CARTESIAN_POINT('',(8.97333381365574,-9.82049248867963,-12.8184487816877));
#7069=CARTESIAN_POINT('',(8.08345843438762,-9.9844323938753,-9.85355339059318));
#7070=CARTESIAN_POINT('Origin',(8.97333381365574,-11.0835783393137,-11.2677669529659));
#7071=CARTESIAN_POINT('',(3.71961099803128,-11.9263102005608,-10.));
#7072=CARTESIAN_POINT('Ctrl Pts',(8.08345843438765,-9.98443239387534,-9.85355339059318));
#7073=CARTESIAN_POINT('Ctrl Pts',(6.86152238007763,-10.8402933710485,-9.95725391415887));
#7074=CARTESIAN_POINT('Ctrl Pts',(5.39892600965429,-11.5153063694531,-10.));
#7075=CARTESIAN_POINT('Ctrl Pts',(3.71961099803128,-11.9263102005608,-10.));
#7076=CARTESIAN_POINT('',(3.71961099803128,-10.5671865309812,-13.4672364672365));
#7077=CARTESIAN_POINT('Origin',(3.71961099803128,-11.9263102005608,-12.));
#7078=CARTESIAN_POINT('Ctrl Pts',(3.71961099803128,-10.5671865309812,-13.4672364672365));
#7079=CARTESIAN_POINT('Ctrl Pts',(5.52711103458745,-10.5671865309812,-13.4672364672365));
#7080=CARTESIAN_POINT('Ctrl Pts',(7.36305430245271,-10.3845119034659,-13.2778627820998));
#7081=CARTESIAN_POINT('Ctrl Pts',(8.97333381365574,-9.82049248867963,-12.8184487816877));
#7082=CARTESIAN_POINT('Ctrl Pts',(13.2249999997525,-7.75991428871226,-11.3996064906497));
#7083=CARTESIAN_POINT('Ctrl Pts',(11.9272030617759,-8.60986011010376,-11.8890546629403));
#7084=CARTESIAN_POINT('Ctrl Pts',(10.4929722454954,-9.28822118233208,-12.3848947519096));
#7085=CARTESIAN_POINT('Ctrl Pts',(8.97333381365563,-9.82049248867967,-12.8184487816878));
#7086=CARTESIAN_POINT('Ctrl Pts',(12.9775383942524,-7.50849492276463,-11.2548246162709));
#7087=CARTESIAN_POINT('Ctrl Pts',(11.7142046666757,-8.35928481712039,-11.723535035964));
#7088=CARTESIAN_POINT('Ctrl Pts',(10.3104495572948,-9.04623795391678,-12.2050117974896));
#7089=CARTESIAN_POINT('Ctrl Pts',(8.81990584631923,-9.58717331931893,-12.6284019674137));
#7090=CARTESIAN_POINT('Ctrl Pts',(12.4847832139887,-7.11967400070384,-10.7723580268093));
#7091=CARTESIAN_POINT('Ctrl Pts',(11.2899824014887,-7.9751948102062,-11.222598766323));
#7092=CARTESIAN_POINT('Ctrl Pts',(9.94653352287598,-8.67745822150045,-11.6946049522949));
#7093=CARTESIAN_POINT('Ctrl Pts',(8.51396023777766,-9.23250636075468,-12.1136689840944));
#7094=CARTESIAN_POINT('Ctrl Pts',(11.891694262459,-7.04212646657813,-9.51363089429674));
#7095=CARTESIAN_POINT('Ctrl Pts',(10.7581366396561,-7.89792000241431,-10.0010290899233));
#7096=CARTESIAN_POINT('Ctrl Pts',(9.47750316209841,-8.59917269694987,-10.5109104935799));
#7097=CARTESIAN_POINT('Ctrl Pts',(8.11072857963287,-9.15021347709244,-10.962409326726));
#7098=CARTESIAN_POINT('Ctrl Pts',(11.8907584613392,-7.56020360312523,-8.61177120837912));
#7099=CARTESIAN_POINT('Ctrl Pts',(10.7168656568602,-8.40699254004749,-9.14944908822954));
#7100=CARTESIAN_POINT('Ctrl Pts',(9.41135594587823,-9.07902339752642,-9.69831528157903));
#7101=CARTESIAN_POINT('Ctrl Pts',(8.03716080217477,-9.60058438027789,-10.1810174477598));
#7102=CARTESIAN_POINT('Ctrl Pts',(12.0458935883991,-7.97713594765711,-8.25222334508046));
#7103=CARTESIAN_POINT('Ctrl Pts',(10.8227420120732,-8.82368114921307,-8.8046230507845));
#7104=CARTESIAN_POINT('Ctrl Pts',(9.48292974498183,-9.4809898026988,-9.36423678463746));
#7105=CARTESIAN_POINT('Ctrl Pts',(8.08345843438778,-9.98443239387567,-9.85355339059284));
#7106=CARTESIAN_POINT('',(13.2249999998762,-7.75991428871226,-11.3996064906497));
#7107=CARTESIAN_POINT('Ctrl Pts',(8.97333381365563,-9.82049248867967,-12.8184487816878));
#7108=CARTESIAN_POINT('Ctrl Pts',(10.4929722454954,-9.28822118233208,-12.3848947519096));
#7109=CARTESIAN_POINT('Ctrl Pts',(11.9272030617759,-8.60986011010376,-11.8890546629403));
#7110=CARTESIAN_POINT('Ctrl Pts',(13.2249999997525,-7.75991428871226,-11.3996064906497));
#7111=CARTESIAN_POINT('',(12.0458935883991,-7.97713594765711,-8.25222334508046));
#7112=CARTESIAN_POINT('Origin',(13.2249999997525,-8.75797400430226,-9.66643690745356));
#7113=CARTESIAN_POINT('Ctrl Pts',(12.0458935883991,-7.97713594765711,-8.25222334508046));
#7114=CARTESIAN_POINT('Ctrl Pts',(10.8227420120732,-8.82368114921307,-8.8046230507845));
#7115=CARTESIAN_POINT('Ctrl Pts',(9.48292974498183,-9.4809898026988,-9.36423678463746));
#7116=CARTESIAN_POINT('Ctrl Pts',(8.08345843438778,-9.98443239387567,-9.85355339059284));
#7117=CARTESIAN_POINT('Ctrl Pts',(12.0458935883577,-7.97713594768578,-8.25222334509917));
#7118=CARTESIAN_POINT('Ctrl Pts',(12.3707036351403,-7.75233438441893,-8.10553263419165));
#7119=CARTESIAN_POINT('Ctrl Pts',(12.9527914777414,-7.17126782368698,-7.91138460290535));
#7120=CARTESIAN_POINT('Ctrl Pts',(13.7877988497516,-5.72838013619058,-7.81101123737242));
#7121=CARTESIAN_POINT('Ctrl Pts',(14.2845441249165,-3.69920850621955,-8.01140681760438));
#7122=CARTESIAN_POINT('Ctrl Pts',(14.3154826216946,-1.23887183704066,-8.40138175473754));
#7123=CARTESIAN_POINT('Ctrl Pts',(14.3157389053515,1.23895891074636,-8.40134462321907));
#7124=CARTESIAN_POINT('Ctrl Pts',(14.2882932017724,3.69786502032728,-8.00750933068989));
#7125=CARTESIAN_POINT('Ctrl Pts',(13.7883696882017,5.72907563830566,-7.80993774043084));
#7126=CARTESIAN_POINT('Ctrl Pts',(12.9531683612161,7.17102610724797,-7.91108541174084));
#7127=CARTESIAN_POINT('Ctrl Pts',(12.3707036353503,7.75233438423202,-8.10553263411329));
#7128=CARTESIAN_POINT('Ctrl Pts',(12.0458935885832,7.97713594752969,-8.25222334499732));
#7129=CARTESIAN_POINT('Ctrl Pts',(11.9424701703432,-7.69918105129975,-8.49192192062827));
#7130=CARTESIAN_POINT('Ctrl Pts',(12.2298773854731,-7.51165207555789,-8.3514912852835));
#7131=CARTESIAN_POINT('Ctrl Pts',(12.7683654820701,-7.00474895666199,-8.15086373062144));
#7132=CARTESIAN_POINT('Ctrl Pts',(13.5895137913211,-5.67143445640653,-8.01287595329253));
#7133=CARTESIAN_POINT('Ctrl Pts',(14.1275315450804,-3.70701334254855,-8.16114786180632));
#7134=CARTESIAN_POINT('Ctrl Pts',(14.210427880866,-1.25163469403311,-8.5068524240102));
#7135=CARTESIAN_POINT('Ctrl Pts',(14.2105533934003,1.25168371050342,-8.50673917229052));
#7136=CARTESIAN_POINT('Ctrl Pts',(14.1312173334769,3.70570300552726,-8.15750423468885));
#7137=CARTESIAN_POINT('Ctrl Pts',(13.5898957199856,5.67216461635316,-8.01196978270251));
#7138=CARTESIAN_POINT('Ctrl Pts',(12.7687437234699,7.00451727793612,-8.15057441307227));
#7139=CARTESIAN_POINT('Ctrl Pts',(12.2298773856645,7.51165207539712,-8.35149128520472));
#7140=CARTESIAN_POINT('Ctrl Pts',(11.9424701705428,7.69918105116948,-8.49192192053074));
#7141=CARTESIAN_POINT('Ctrl Pts',(11.8686276502017,-7.23318566715414,-9.12765690572713));
#7142=CARTESIAN_POINT('Ctrl Pts',(12.0742912164883,-7.11021413942708,-8.98862211782285));
#7143=CARTESIAN_POINT('Ctrl Pts',(12.5105564057134,-6.73259453634178,-8.75326619027272));
#7144=CARTESIAN_POINT('Ctrl Pts',(13.2731964241965,-5.58887419867257,-8.50095177913403));
#7145=CARTESIAN_POINT('Ctrl Pts',(13.8606735592805,-3.73281968870731,-8.50834937899161));
#7146=CARTESIAN_POINT('Ctrl Pts',(14.0237087496628,-1.27847400352369,-8.74096304764809));
#7147=CARTESIAN_POINT('Ctrl Pts',(14.0236564501134,1.2784600613136,-8.74085904102992));
#7148=CARTESIAN_POINT('Ctrl Pts',(13.864185151538,3.73156255175761,-8.50506880095681));
#7149=CARTESIAN_POINT('Ctrl Pts',(13.2731572186391,5.5896637601423,-8.50025208514423));
#7150=CARTESIAN_POINT('Ctrl Pts',(12.510934086797,6.73237999969695,-8.75298960734309));
#7151=CARTESIAN_POINT('Ctrl Pts',(12.0742912166375,7.11021413931182,-8.98862211773568));
#7152=CARTESIAN_POINT('Ctrl Pts',(11.8686276503446,7.23318566706855,-9.1276569056307));
#7153=CARTESIAN_POINT('Ctrl Pts',(12.2410198267031,-6.97777173327318,-10.4460839640104));
#7154=CARTESIAN_POINT('Ctrl Pts',(12.3212812670681,-6.88178177655359,-10.2930870834131));
#7155=CARTESIAN_POINT('Ctrl Pts',(12.5594206344219,-6.57685953427747,-9.98358536885035));
#7156=CARTESIAN_POINT('Ctrl Pts',(13.0945631209812,-5.56849233662552,-9.51188091471816));
#7157=CARTESIAN_POINT('Ctrl Pts',(13.5996699477947,-3.80751054729505,-9.22917452682825));
#7158=CARTESIAN_POINT('Ctrl Pts',(13.794474112035,-1.32841211404397,-9.21298763031766));
#7159=CARTESIAN_POINT('Ctrl Pts',(13.7942907726966,1.32827968891009,-9.2126727834386));
#7160=CARTESIAN_POINT('Ctrl Pts',(13.6024736886236,3.80646189893328,-9.22719299545036));
#7161=CARTESIAN_POINT('Ctrl Pts',(13.094104800408,5.56905791322409,-9.51179040752651));
#7162=CARTESIAN_POINT('Ctrl Pts',(12.5597363903628,6.57668671514793,-9.98337134290409));
#7163=CARTESIAN_POINT('Ctrl Pts',(12.3212812671423,6.88178177646201,-10.2930870833048));
#7164=CARTESIAN_POINT('Ctrl Pts',(12.2410198267588,6.97777173320656,-10.4460839639041));
#7165=CARTESIAN_POINT('Ctrl Pts',(12.8538075916971,-7.38278523977067,-11.1824336791188));
#7166=CARTESIAN_POINT('Ctrl Pts',(12.9038924617164,-7.21557228990396,-11.0343643811331));
#7167=CARTESIAN_POINT('Ctrl Pts',(13.04078518416,-6.79426028807454,-10.7330434906588));
#7168=CARTESIAN_POINT('Ctrl Pts',(13.3395928240607,-5.66911648461909,-10.2161942236495));
#7169=CARTESIAN_POINT('Ctrl Pts',(13.6221407977428,-3.8806356932091,-9.78687056688515));
#7170=CARTESIAN_POINT('Ctrl Pts',(13.728871124059,-1.36594841240894,-9.58429867760355));
#7171=CARTESIAN_POINT('Ctrl Pts',(13.7284652076722,1.36529387537592,-9.5846012469363));
#7172=CARTESIAN_POINT('Ctrl Pts',(13.6240291134805,3.88037910146239,-9.78549585771995));
#7173=CARTESIAN_POINT('Ctrl Pts',(13.3395138664106,5.67001694684681,-10.2158956718724));
#7174=CARTESIAN_POINT('Ctrl Pts',(13.0409778558911,6.7941102200905,-10.7328996974058));
#7175=CARTESIAN_POINT('Ctrl Pts',(12.9038924617603,7.21557228976792,-11.0343643810286));
#7176=CARTESIAN_POINT('Ctrl Pts',(12.8538075917323,7.38278523965393,-11.1824336790164));
#7177=CARTESIAN_POINT('Ctrl Pts',(13.2249999999417,-7.75991428874105,-11.3996064906663));
#7178=CARTESIAN_POINT('Ctrl Pts',(13.2939264506441,-7.53420968489552,-11.2696326699146));
#7179=CARTESIAN_POINT('Ctrl Pts',(13.4183356881157,-7.00863554021273,-11.0146458492268));
#7180=CARTESIAN_POINT('Ctrl Pts',(13.5994837662193,-5.75754437613829,-10.5562067020134));
#7181=CARTESIAN_POINT('Ctrl Pts',(13.7118522150672,-3.92630653327232,-10.1041953571127));
#7182=CARTESIAN_POINT('Ctrl Pts',(13.7262634110413,-1.38788416824565,-9.80849617988625));
#7183=CARTESIAN_POINT('Ctrl Pts',(13.7263203767711,1.38709419097392,-9.80861383472076));
#7184=CARTESIAN_POINT('Ctrl Pts',(13.7125865778577,3.92609724988253,-10.1042784111739));
#7185=CARTESIAN_POINT('Ctrl Pts',(13.5995915023324,5.75809404504375,-10.5562519267133));
#7186=CARTESIAN_POINT('Ctrl Pts',(13.4184112778381,7.00849697978965,-11.0146159135081));
#7187=CARTESIAN_POINT('Ctrl Pts',(13.2939264506889,7.53420968472154,-11.2696326698256));
#7188=CARTESIAN_POINT('Ctrl Pts',(13.2249999999896,7.75991428858434,-11.3996064905761));
#7189=CARTESIAN_POINT('',(13.2249999999948,7.75991428858434,-11.3996064905761));
#7190=CARTESIAN_POINT('',(12.0458935885832,7.97713594752969,-8.25222334499732));
#7191=CARTESIAN_POINT('Origin',(13.2249999999478,8.75797400415789,-9.66643690737042));
#7192=CARTESIAN_POINT('Ctrl Pts',(12.0458935885832,7.97713594752969,-8.25222334499732));
#7193=CARTESIAN_POINT('Ctrl Pts',(12.3707036353503,7.75233438423202,-8.10553263411329));
#7194=CARTESIAN_POINT('Ctrl Pts',(12.9531683612161,7.17102610724797,-7.91108541174084));
#7195=CARTESIAN_POINT('Ctrl Pts',(13.7883696882017,5.72907563830566,-7.80993774043084));
#7196=CARTESIAN_POINT('Ctrl Pts',(14.2882932017724,3.69786502032728,-8.00750933068989));
#7197=CARTESIAN_POINT('Ctrl Pts',(14.3157389053515,1.23895891074636,-8.40134462321907));
#7198=CARTESIAN_POINT('Ctrl Pts',(14.3154826216946,-1.23887183704066,-8.40138175473754));
#7199=CARTESIAN_POINT('Ctrl Pts',(14.2845441249165,-3.69920850621955,-8.01140681760438));
#7200=CARTESIAN_POINT('Ctrl Pts',(13.7877988497516,-5.72838013619058,-7.81101123737242));
#7201=CARTESIAN_POINT('Ctrl Pts',(12.9527914777414,-7.17126782368698,-7.91138460290535));
#7202=CARTESIAN_POINT('Ctrl Pts',(12.3707036351403,-7.75233438441893,-8.10553263419165));
#7203=CARTESIAN_POINT('Ctrl Pts',(12.0458935883577,-7.97713594768578,-8.25222334509917));
#7204=CARTESIAN_POINT('Ctrl Pts',(13.2249999999417,-7.75991428874105,-11.3996064906663));
#7205=CARTESIAN_POINT('Ctrl Pts',(13.2939264506441,-7.53420968489552,-11.2696326699146));
#7206=CARTESIAN_POINT('Ctrl Pts',(13.4183356881157,-7.00863554021273,-11.0146458492268));
#7207=CARTESIAN_POINT('Ctrl Pts',(13.5994837662193,-5.75754437613829,-10.5562067020134));
#7208=CARTESIAN_POINT('Ctrl Pts',(13.7118522150672,-3.92630653327232,-10.1041953571127));
#7209=CARTESIAN_POINT('Ctrl Pts',(13.7262634110413,-1.38788416824565,-9.80849617988625));
#7210=CARTESIAN_POINT('Ctrl Pts',(13.7263203767711,1.38709419097392,-9.80861383472076));
#7211=CARTESIAN_POINT('Ctrl Pts',(13.7125865778577,3.92609724988253,-10.1042784111739));
#7212=CARTESIAN_POINT('Ctrl Pts',(13.5995915023324,5.75809404504375,-10.5562519267133));
#7213=CARTESIAN_POINT('Ctrl Pts',(13.4184112778381,7.00849697978965,-11.0146159135081));
#7214=CARTESIAN_POINT('Ctrl Pts',(13.2939264506889,7.53420968472154,-11.2696326698256));
#7215=CARTESIAN_POINT('Ctrl Pts',(13.2249999999896,7.75991428858434,-11.3996064905761));
#7216=CARTESIAN_POINT('Ctrl Pts',(8.97333381366076,9.82049248867788,-12.8184487816863));
#7217=CARTESIAN_POINT('Ctrl Pts',(10.4929722455749,9.28822118230385,-12.3848947518867));
#7218=CARTESIAN_POINT('Ctrl Pts',(11.9272030619217,8.60986011003492,-11.8890546628899));
#7219=CARTESIAN_POINT('Ctrl Pts',(13.2249999999478,7.75991428858434,-11.3996064905761));
#7220=CARTESIAN_POINT('Ctrl Pts',(8.81990584632426,9.58717331931711,-12.6284019674123));
#7221=CARTESIAN_POINT('Ctrl Pts',(10.3104495573727,9.04623795388809,-12.2050117974673));
#7222=CARTESIAN_POINT('Ctrl Pts',(11.7142046668184,8.35928481705061,-11.7235350359151));
#7223=CARTESIAN_POINT('Ctrl Pts',(12.9775383944425,7.50849492263658,-11.2548246162004));
#7224=CARTESIAN_POINT('Ctrl Pts',(8.51396023778249,9.23250636075281,-12.113668984093));
#7225=CARTESIAN_POINT('Ctrl Pts',(9.94653352295087,8.67745822147102,-11.6946049522728));
#7226=CARTESIAN_POINT('Ctrl Pts',(11.2899824016252,7.97519481013474,-11.2225987662751));
#7227=CARTESIAN_POINT('Ctrl Pts',(12.4847832141685,7.1196740005751,-10.7723580267416));
#7228=CARTESIAN_POINT('Ctrl Pts',(8.11072857963748,9.15021347709059,-10.9624093267245));
#7229=CARTESIAN_POINT('Ctrl Pts',(9.47750316216986,8.59917269692065,-10.5109104935561));
#7230=CARTESIAN_POINT('Ctrl Pts',(10.7581366397863,7.89792000234291,-10.0010290898716));
#7231=CARTESIAN_POINT('Ctrl Pts',(11.8916942626296,7.04212646644933,-9.51363089422338));
#7232=CARTESIAN_POINT('Ctrl Pts',(8.03716080217941,9.60058438027613,-10.1810174477582));
#7233=CARTESIAN_POINT('Ctrl Pts',(9.41135594595011,9.07902339749874,-9.69831528155358));
#7234=CARTESIAN_POINT('Ctrl Pts',(10.7168656569929,8.40699253997909,-9.14944908817373));
#7235=CARTESIAN_POINT('Ctrl Pts',(11.890758461516,7.56020360299782,-8.61177120829826));
#7236=CARTESIAN_POINT('Ctrl Pts',(8.0834584343925,9.98443239387397,-9.85355339059119));
#7237=CARTESIAN_POINT('Ctrl Pts',(9.48292974505506,9.48098980267206,-9.36423678461165));
#7238=CARTESIAN_POINT('Ctrl Pts',(10.8227420122095,8.82368114914629,-8.80462305072764));
#7239=CARTESIAN_POINT('Ctrl Pts',(12.0458935885832,7.9771359475297,-8.25222334499732));
#7240=CARTESIAN_POINT('',(8.97333381366076,9.82049248867788,-12.8184487816863));
#7241=CARTESIAN_POINT('Ctrl Pts',(13.2249999999478,7.75991428858434,-11.3996064905761));
#7242=CARTESIAN_POINT('Ctrl Pts',(11.9272030619217,8.60986011003492,-11.8890546628899));
#7243=CARTESIAN_POINT('Ctrl Pts',(10.4929722455749,9.28822118230385,-12.3848947518867));
#7244=CARTESIAN_POINT('Ctrl Pts',(8.97333381366076,9.82049248867788,-12.8184487816863));
#7245=CARTESIAN_POINT('',(8.08345843439184,9.98443239387316,-9.85355339059119));
#7246=CARTESIAN_POINT('Origin',(8.97333381366076,11.0835783393117,-11.2677669529643));
#7247=CARTESIAN_POINT('Ctrl Pts',(8.0834584343925,9.98443239387397,-9.85355339059119));
#7248=CARTESIAN_POINT('Ctrl Pts',(9.48292974505506,9.48098980267206,-9.36423678461165));
#7249=CARTESIAN_POINT('Ctrl Pts',(10.8227420122095,8.82368114914629,-8.80462305072764));
#7250=CARTESIAN_POINT('Ctrl Pts',(12.0458935885832,7.9771359475297,-8.25222334499732));
#7251=CARTESIAN_POINT('Ctrl Pts',(8.08345843439173,9.98443239387248,-9.85355339059283));
#7252=CARTESIAN_POINT('Ctrl Pts',(6.86152238008088,10.840293371047,-9.95725391415876));
#7253=CARTESIAN_POINT('Ctrl Pts',(5.39892600965616,11.5153063694527,-10.));
#7254=CARTESIAN_POINT('Ctrl Pts',(3.71961099803128,11.9263102005608,-10.));
#7255=CARTESIAN_POINT('Ctrl Pts',(8.05259334624983,9.72853371814097,-10.0718627620376));
#7256=CARTESIAN_POINT('Ctrl Pts',(6.81051934880005,10.505679321837,-10.1370098189311));
#7257=CARTESIAN_POINT('Ctrl Pts',(5.36733059788249,11.097576949313,-10.0942569670561));
#7258=CARTESIAN_POINT('Ctrl Pts',(3.71961099803128,11.4702287814649,-10.));
#7259=CARTESIAN_POINT('Ctrl Pts',(8.06869767200822,9.31301937326087,-10.6320010174135));
#7260=CARTESIAN_POINT('Ctrl Pts',(6.76969297560054,9.93475447601476,-10.6846211329129));
#7261=CARTESIAN_POINT('Ctrl Pts',(5.32508159233963,10.332107581725,-10.5478486523756));
#7262=CARTESIAN_POINT('Ctrl Pts',(3.71961099803128,10.5592179468945,-10.3248086343796));
#7263=CARTESIAN_POINT('Ctrl Pts',(8.29921694202314,9.14975888276068,-11.5483433512167));
#7264=CARTESIAN_POINT('Ctrl Pts',(6.89469469489008,9.64859502250647,-11.7217672710272));
#7265=CARTESIAN_POINT('Ctrl Pts',(5.35039111341307,9.84323299009815,-11.6565368660733));
#7266=CARTESIAN_POINT('Ctrl Pts',(3.71961099803128,9.87159788435681,-11.4614354542683));
#7267=CARTESIAN_POINT('Ctrl Pts',(8.62823548018841,9.35730056443843,-12.3153571085582));
#7268=CARTESIAN_POINT('Ctrl Pts',(7.11732347230344,9.84725018630346,-12.6458576581695));
#7269=CARTESIAN_POINT('Ctrl Pts',(5.43044841664419,9.98001948175312,-12.7214082877047));
#7270=CARTESIAN_POINT('Ctrl Pts',(3.71961099803128,9.93710215875929,-12.6388624679005));
#7271=CARTESIAN_POINT('Ctrl Pts',(8.85826283815871,9.64550311165733,-12.6759136709808));
#7272=CARTESIAN_POINT('Ctrl Pts',(7.28109399871231,10.1789741767082,-13.0969177654266));
#7273=CARTESIAN_POINT('Ctrl Pts',(5.49480307247564,10.3379844943441,-13.2547725615457));
#7274=CARTESIAN_POINT('Ctrl Pts',(3.71961099803128,10.3162442971838,-13.2347848227557));
#7275=CARTESIAN_POINT('Ctrl Pts',(8.97333381366112,9.82049248867775,-12.8184487816862));
#7276=CARTESIAN_POINT('Ctrl Pts',(7.36305430245682,10.3845119034655,-13.2778627820993));
#7277=CARTESIAN_POINT('Ctrl Pts',(5.52711103458952,10.5671865309812,-13.4672364672365));
#7278=CARTESIAN_POINT('Ctrl Pts',(3.71961099803128,10.5671865309812,-13.4672364672365));
#7279=CARTESIAN_POINT('',(3.71961099803128,10.5671865309812,-13.4672364672365));
#7280=CARTESIAN_POINT('',(3.71961099803128,11.9263102005608,-10.));
#7281=CARTESIAN_POINT('Origin',(3.71961099803128,11.9263102005608,-12.));
#7282=CARTESIAN_POINT('Ctrl Pts',(3.71961099803128,11.9263102005608,-10.));
#7283=CARTESIAN_POINT('Ctrl Pts',(5.39892600965616,11.5153063694527,-10.));
#7284=CARTESIAN_POINT('Ctrl Pts',(6.86152238008088,10.840293371047,-9.95725391415876));
#7285=CARTESIAN_POINT('Ctrl Pts',(8.08345843439173,9.98443239387248,-9.85355339059283));
#7286=CARTESIAN_POINT('Ctrl Pts',(8.97333381366112,9.82049248867775,-12.8184487816862));
#7287=CARTESIAN_POINT('Ctrl Pts',(7.36305430245682,10.3845119034655,-13.2778627820993));
#7288=CARTESIAN_POINT('Ctrl Pts',(5.52711103458952,10.5671865309812,-13.4672364672365));
#7289=CARTESIAN_POINT('Ctrl Pts',(3.71961099803128,10.5671865309812,-13.4672364672365));
#7290=CARTESIAN_POINT('Origin',(0.,11.9263102005608,-12.));
#7291=CARTESIAN_POINT('',(-3.71961099803125,10.5671865309812,-13.4672364672365));
#7292=CARTESIAN_POINT('',(-3.71961099803125,11.9263102005608,-10.));
#7293=CARTESIAN_POINT('Origin',(-3.71961099803125,11.9263102005608,-12.));
#7294=CARTESIAN_POINT('',(0.,11.9263102005608,-10.));
#7295=CARTESIAN_POINT('',(0.,10.5671865309812,-13.4672364672365));
#7296=CARTESIAN_POINT('Ctrl Pts',(-3.71961099803125,11.9263102005608,-10.));
#7297=CARTESIAN_POINT('Ctrl Pts',(-5.39892600065305,11.5153063716561,-10.));
#7298=CARTESIAN_POINT('Ctrl Pts',(-6.86152238662726,10.840293366461,-9.95725391360303));
#7299=CARTESIAN_POINT('Ctrl Pts',(-8.08345843438764,9.98443239387534,-9.85355339059318));
#7300=CARTESIAN_POINT('Ctrl Pts',(-3.71961099803125,11.4702287814649,-10.));
#7301=CARTESIAN_POINT('Ctrl Pts',(-5.36733058904873,11.0975769513108,-10.0942569665507));
#7302=CARTESIAN_POINT('Ctrl Pts',(-6.81051935545439,10.5056793176728,-10.1370098185818));
#7303=CARTESIAN_POINT('Ctrl Pts',(-8.05259334624566,9.72853371814357,-10.0718627620378));
#7304=CARTESIAN_POINT('Ctrl Pts',(-3.71961099803125,10.5592179468945,-10.3248086343796));
#7305=CARTESIAN_POINT('Ctrl Pts',(-5.32508158373232,10.3321075829426,-10.5478486511799));
#7306=CARTESIAN_POINT('Ctrl Pts',(-6.76969298256001,9.93475447268309,-10.6846211326306));
#7307=CARTESIAN_POINT('Ctrl Pts',(-8.06869767200387,9.31301937326295,-10.6320010174137));
#7308=CARTESIAN_POINT('Ctrl Pts',(-3.71961099803125,9.87159788435681,-11.4614354542683));
#7309=CARTESIAN_POINT('Ctrl Pts',(-5.35039110467,9.84323299025022,-11.6565368650273));
#7310=CARTESIAN_POINT('Ctrl Pts',(-6.8946947024149,9.64859501983312,-11.7217672700975));
#7311=CARTESIAN_POINT('Ctrl Pts',(-8.29921694201843,9.14975888276235,-11.5483433512172));
#7312=CARTESIAN_POINT('Ctrl Pts',(-3.71961099803125,9.93710215875929,-12.6388624679005));
#7313=CARTESIAN_POINT('Ctrl Pts',(-5.43044840747195,9.98001948152302,-12.7214082872622));
#7314=CARTESIAN_POINT('Ctrl Pts',(-7.11732348039821,9.84725018367761,-12.6458576563982));
#7315=CARTESIAN_POINT('Ctrl Pts',(-8.62823548018335,9.35730056444007,-12.3153571085593));
#7316=CARTESIAN_POINT('Ctrl Pts',(-3.71961099803125,10.3162442971838,-13.2347848227557));
#7317=CARTESIAN_POINT('Ctrl Pts',(-5.49480306295839,10.3379844942276,-13.2547725614385));
#7318=CARTESIAN_POINT('Ctrl Pts',(-7.28109400716201,10.1789741738491,-13.0969177631704));
#7319=CARTESIAN_POINT('Ctrl Pts',(-8.85826283815342,9.64550311165912,-12.6759136709822));
#7320=CARTESIAN_POINT('Ctrl Pts',(-3.71961099803125,10.5671865309812,-13.4672364672365));
#7321=CARTESIAN_POINT('Ctrl Pts',(-5.52711102489909,10.5671865309812,-13.4672364672365));
#7322=CARTESIAN_POINT('Ctrl Pts',(-7.3630543110839,10.3845119004427,-13.2778627796374));
#7323=CARTESIAN_POINT('Ctrl Pts',(-8.97333381365573,9.82049248867964,-12.8184487816877));
#7324=CARTESIAN_POINT('',(-8.97333381365573,9.82049248867964,-12.8184487816877));
#7325=CARTESIAN_POINT('',(-8.08345843438761,9.98443239387531,-9.85355339059318));
#7326=CARTESIAN_POINT('Origin',(-8.97333381365573,11.0835783393137,-11.2677669529659));
#7327=CARTESIAN_POINT('Ctrl Pts',(-8.08345843438764,9.98443239387534,-9.85355339059318));
#7328=CARTESIAN_POINT('Ctrl Pts',(-6.86152238662726,10.840293366461,-9.95725391360303));
#7329=CARTESIAN_POINT('Ctrl Pts',(-5.39892600065305,11.5153063716561,-10.));
#7330=CARTESIAN_POINT('Ctrl Pts',(-3.71961099803125,11.9263102005608,-10.));
#7331=CARTESIAN_POINT('Ctrl Pts',(-3.71961099803125,10.5671865309812,-13.4672364672365));
#7332=CARTESIAN_POINT('Ctrl Pts',(-5.52711102489909,10.5671865309812,-13.4672364672365));
#7333=CARTESIAN_POINT('Ctrl Pts',(-7.3630543110839,10.3845119004427,-13.2778627796374));
#7334=CARTESIAN_POINT('Ctrl Pts',(-8.97333381365573,9.82049248867964,-12.8184487816877));
#7335=CARTESIAN_POINT('Ctrl Pts',(-13.2249999997525,7.75991428871226,-11.3996064906497));
#7336=CARTESIAN_POINT('Ctrl Pts',(-11.9272030617759,8.60986011010376,-11.8890546629403));
#7337=CARTESIAN_POINT('Ctrl Pts',(-10.4929722454954,9.28822118233209,-12.3848947519096));
#7338=CARTESIAN_POINT('Ctrl Pts',(-8.97333381365561,9.82049248867968,-12.8184487816878));
#7339=CARTESIAN_POINT('Ctrl Pts',(-12.9775383942524,7.50849492276463,-11.2548246162709));
#7340=CARTESIAN_POINT('Ctrl Pts',(-11.7142046666757,8.35928481712039,-11.723535035964));
#7341=CARTESIAN_POINT('Ctrl Pts',(-10.3104495572948,9.04623795391679,-12.2050117974896));
#7342=CARTESIAN_POINT('Ctrl Pts',(-8.81990584631922,9.58717331931894,-12.6284019674137));
#7343=CARTESIAN_POINT('Ctrl Pts',(-12.4847832139887,7.11967400070384,-10.7723580268093));
#7344=CARTESIAN_POINT('Ctrl Pts',(-11.2899824014887,7.97519481020619,-11.222598766323));
#7345=CARTESIAN_POINT('Ctrl Pts',(-9.94653352287596,8.67745822150046,-11.6946049522949));
#7346=CARTESIAN_POINT('Ctrl Pts',(-8.51396023777764,9.23250636075468,-12.1136689840944));
#7347=CARTESIAN_POINT('Ctrl Pts',(-11.891694262459,7.04212646657813,-9.51363089429674));
#7348=CARTESIAN_POINT('Ctrl Pts',(-10.7581366396561,7.8979200024143,-10.0010290899233));
#7349=CARTESIAN_POINT('Ctrl Pts',(-9.4775031620984,8.59917269694987,-10.5109104935799));
#7350=CARTESIAN_POINT('Ctrl Pts',(-8.11072857963286,9.15021347709244,-10.962409326726));
#7351=CARTESIAN_POINT('Ctrl Pts',(-11.8907584613392,7.56020360312523,-8.61177120837912));
#7352=CARTESIAN_POINT('Ctrl Pts',(-10.7168656568602,8.40699254004747,-9.14944908822953));
#7353=CARTESIAN_POINT('Ctrl Pts',(-9.41135594587822,9.07902339752642,-9.69831528157903));
#7354=CARTESIAN_POINT('Ctrl Pts',(-8.03716080217476,9.60058438027789,-10.1810174477598));
#7355=CARTESIAN_POINT('Ctrl Pts',(-12.0458935883991,7.97713594765711,-8.25222334508046));
#7356=CARTESIAN_POINT('Ctrl Pts',(-10.8227420120733,8.82368114921306,-8.80462305078449));
#7357=CARTESIAN_POINT('Ctrl Pts',(-9.48292974498183,9.4809898026988,-9.36423678463745));
#7358=CARTESIAN_POINT('Ctrl Pts',(-8.08345843438777,9.98443239387567,-9.85355339059284));
#7359=CARTESIAN_POINT('',(-13.2249999998762,7.75991428871226,-11.3996064906497));
#7360=CARTESIAN_POINT('Ctrl Pts',(-8.97333381365561,9.82049248867968,-12.8184487816878));
#7361=CARTESIAN_POINT('Ctrl Pts',(-10.4929722454954,9.28822118233209,-12.3848947519096));
#7362=CARTESIAN_POINT('Ctrl Pts',(-11.9272030617759,8.60986011010376,-11.8890546629403));
#7363=CARTESIAN_POINT('Ctrl Pts',(-13.2249999997525,7.75991428871226,-11.3996064906497));
#7364=CARTESIAN_POINT('',(-12.0458935883991,7.9771359476571,-8.25222334508046));
#7365=CARTESIAN_POINT('Origin',(-13.2249999997525,8.75797400430226,-9.66643690745356));
#7366=CARTESIAN_POINT('Ctrl Pts',(-12.0458935883991,7.97713594765711,-8.25222334508046));
#7367=CARTESIAN_POINT('Ctrl Pts',(-10.8227420120733,8.82368114921306,-8.80462305078449));
#7368=CARTESIAN_POINT('Ctrl Pts',(-9.48292974498183,9.4809898026988,-9.36423678463745));
#7369=CARTESIAN_POINT('Ctrl Pts',(-8.08345843438777,9.98443239387567,-9.85355339059284));
#7370=CARTESIAN_POINT('Ctrl Pts',(-12.0458935883577,7.97713594768578,-8.25222334509917));
#7371=CARTESIAN_POINT('Ctrl Pts',(-12.3707036351403,7.75233438441892,-8.10553263419164));
#7372=CARTESIAN_POINT('Ctrl Pts',(-12.9527914777414,7.17126782368697,-7.91138460290535));
#7373=CARTESIAN_POINT('Ctrl Pts',(-13.7877988497516,5.72838013619058,-7.81101123737242));
#7374=CARTESIAN_POINT('Ctrl Pts',(-14.2845441249165,3.69920850621954,-8.01140681760437));
#7375=CARTESIAN_POINT('Ctrl Pts',(-14.3154826216945,1.23887183704066,-8.40138175473755));
#7376=CARTESIAN_POINT('Ctrl Pts',(-14.3157389053515,-1.23895891074637,-8.40134462321907));
#7377=CARTESIAN_POINT('Ctrl Pts',(-14.2882932017724,-3.69786502032728,-8.00750933068989));
#7378=CARTESIAN_POINT('Ctrl Pts',(-13.7883696882017,-5.72907563830566,-7.80993774043083));
#7379=CARTESIAN_POINT('Ctrl Pts',(-12.9531683612161,-7.17102610724796,-7.91108541174084));
#7380=CARTESIAN_POINT('Ctrl Pts',(-12.3707036353503,-7.75233438423202,-8.10553263411329));
#7381=CARTESIAN_POINT('Ctrl Pts',(-12.0458935885832,-7.9771359475297,-8.25222334499732));
#7382=CARTESIAN_POINT('Ctrl Pts',(-11.9424701703433,7.69918105129975,-8.49192192062827));
#7383=CARTESIAN_POINT('Ctrl Pts',(-12.2298773854732,7.51165207555784,-8.35149128528347));
#7384=CARTESIAN_POINT('Ctrl Pts',(-12.7683654820701,7.00474895666197,-8.15086373062142));
#7385=CARTESIAN_POINT('Ctrl Pts',(-13.5895137913211,5.67143445640651,-8.01287595329252));
#7386=CARTESIAN_POINT('Ctrl Pts',(-14.1275315450804,3.70701334254854,-8.16114786180632));
#7387=CARTESIAN_POINT('Ctrl Pts',(-14.210427880866,1.2516346940331,-8.5068524240102));
#7388=CARTESIAN_POINT('Ctrl Pts',(-14.2105533934003,-1.25168371050342,-8.50673917229052));
#7389=CARTESIAN_POINT('Ctrl Pts',(-14.1312173334769,-3.70570300552728,-8.15750423468884));
#7390=CARTESIAN_POINT('Ctrl Pts',(-13.5898957199856,-5.67216461635318,-8.01196978270251));
#7391=CARTESIAN_POINT('Ctrl Pts',(-12.7687437234699,-7.00451727793613,-8.15057441307227));
#7392=CARTESIAN_POINT('Ctrl Pts',(-12.2298773856645,-7.51165207539716,-8.35149128520474));
#7393=CARTESIAN_POINT('Ctrl Pts',(-11.9424701705428,-7.69918105116948,-8.49192192053074));
#7394=CARTESIAN_POINT('Ctrl Pts',(-11.8686276502017,7.23318566715414,-9.12765690572713));
#7395=CARTESIAN_POINT('Ctrl Pts',(-12.0742912164885,7.11021413942695,-8.98862211782277));
#7396=CARTESIAN_POINT('Ctrl Pts',(-12.5105564057134,6.73259453634172,-8.75326619027269));
#7397=CARTESIAN_POINT('Ctrl Pts',(-13.2731964241966,5.58887419867251,-8.50095177913399));
#7398=CARTESIAN_POINT('Ctrl Pts',(-13.8606735592804,3.73281968870731,-8.50834937899161));
#7399=CARTESIAN_POINT('Ctrl Pts',(-14.0237087496628,1.27847400352367,-8.74096304764807));
#7400=CARTESIAN_POINT('Ctrl Pts',(-14.0236564501134,-1.2784600613136,-8.74085904102993));
#7401=CARTESIAN_POINT('Ctrl Pts',(-13.864185151538,-3.73156255175764,-8.5050688009568));
#7402=CARTESIAN_POINT('Ctrl Pts',(-13.273157218639,-5.58966376014236,-8.50025208514427));
#7403=CARTESIAN_POINT('Ctrl Pts',(-12.510934086797,-6.73237999969697,-8.75298960734311));
#7404=CARTESIAN_POINT('Ctrl Pts',(-12.0742912166374,-7.11021413931193,-8.98862211773574));
#7405=CARTESIAN_POINT('Ctrl Pts',(-11.8686276503446,-7.23318566706855,-9.1276569056307));
#7406=CARTESIAN_POINT('Ctrl Pts',(-12.2410198267031,6.97777173327318,-10.4460839640104));
#7407=CARTESIAN_POINT('Ctrl Pts',(-12.3212812670684,6.88178177655337,-10.2930870834129));
#7408=CARTESIAN_POINT('Ctrl Pts',(-12.559420634422,6.57685953427736,-9.98358536885029));
#7409=CARTESIAN_POINT('Ctrl Pts',(-13.0945631209813,5.5684923366254,-9.51188091471809));
#7410=CARTESIAN_POINT('Ctrl Pts',(-13.5996699477946,3.80751054729505,-9.22917452682825));
#7411=CARTESIAN_POINT('Ctrl Pts',(-13.794474112035,1.32841211404393,-9.21298763031765));
#7412=CARTESIAN_POINT('Ctrl Pts',(-13.7942907726966,-1.32827968891008,-9.21267278343861));
#7413=CARTESIAN_POINT('Ctrl Pts',(-13.6024736886236,-3.80646189893334,-9.22719299545035));
#7414=CARTESIAN_POINT('Ctrl Pts',(-13.0941048004078,-5.56905791322418,-9.51179040752656));
#7415=CARTESIAN_POINT('Ctrl Pts',(-12.5597363903628,-6.57668671514797,-9.9833713429041));
#7416=CARTESIAN_POINT('Ctrl Pts',(-12.321281267142,-6.88178177646221,-10.2930870833049));
#7417=CARTESIAN_POINT('Ctrl Pts',(-12.2410198267588,-6.97777173320656,-10.4460839639041));
#7418=CARTESIAN_POINT('Ctrl Pts',(-12.8538075916971,7.38278523977067,-11.1824336791188));
#7419=CARTESIAN_POINT('Ctrl Pts',(-12.9038924617167,7.21557228990373,-11.0343643811329));
#7420=CARTESIAN_POINT('Ctrl Pts',(-13.0407851841601,6.79426028807443,-10.7330434906587));
#7421=CARTESIAN_POINT('Ctrl Pts',(-13.3395928240608,5.66911648461897,-10.2161942236494));
#7422=CARTESIAN_POINT('Ctrl Pts',(-13.6221407977428,3.8806356932091,-9.78687056688515));
#7423=CARTESIAN_POINT('Ctrl Pts',(-13.728871124059,1.36594841240891,-9.58429867760353));
#7424=CARTESIAN_POINT('Ctrl Pts',(-13.7284652076722,-1.36529387537591,-9.58460124693631));
#7425=CARTESIAN_POINT('Ctrl Pts',(-13.6240291134805,-3.88037910146247,-9.78549585771994));
#7426=CARTESIAN_POINT('Ctrl Pts',(-13.3395138664105,-5.6700169468469,-10.2158956718725));
#7427=CARTESIAN_POINT('Ctrl Pts',(-13.0409778558911,-6.79411022009055,-10.7328996974058));
#7428=CARTESIAN_POINT('Ctrl Pts',(-12.9038924617601,-7.21557228976812,-11.0343643810288));
#7429=CARTESIAN_POINT('Ctrl Pts',(-12.8538075917323,-7.38278523965393,-11.1824336790164));
#7430=CARTESIAN_POINT('Ctrl Pts',(-13.2249999999417,7.75991428874105,-11.3996064906663));
#7431=CARTESIAN_POINT('Ctrl Pts',(-13.2939264506443,7.53420968489532,-11.2696326699145));
#7432=CARTESIAN_POINT('Ctrl Pts',(-13.4183356881158,7.00863554021263,-11.0146458492268));
#7433=CARTESIAN_POINT('Ctrl Pts',(-13.5994837662195,5.75754437613818,-10.5562067020134));
#7434=CARTESIAN_POINT('Ctrl Pts',(-13.7118522150671,3.92630653327232,-10.1041953571127));
#7435=CARTESIAN_POINT('Ctrl Pts',(-13.7262634110414,1.38788416824561,-9.80849617988624));
#7436=CARTESIAN_POINT('Ctrl Pts',(-13.7263203767711,-1.38709419097391,-9.80861383472076));
#7437=CARTESIAN_POINT('Ctrl Pts',(-13.7125865778577,-3.92609724988261,-10.1042784111738));
#7438=CARTESIAN_POINT('Ctrl Pts',(-13.5995915023323,-5.75809404504382,-10.5562519267133));
#7439=CARTESIAN_POINT('Ctrl Pts',(-13.4184112778381,-7.00849697978968,-11.0146159135081));
#7440=CARTESIAN_POINT('Ctrl Pts',(-13.2939264506887,-7.53420968472172,-11.2696326698256));
#7441=CARTESIAN_POINT('Ctrl Pts',(-13.2249999999896,-7.75991428858434,-11.3996064905761));
#7442=CARTESIAN_POINT('',(-13.2249999999948,-7.75991428858434,-11.3996064905761));
#7443=CARTESIAN_POINT('',(-12.0458935885832,-7.9771359475297,-8.25222334499732));
#7444=CARTESIAN_POINT('Origin',(-13.2249999999478,-8.75797400415789,-9.66643690737042));
#7445=CARTESIAN_POINT('Ctrl Pts',(-12.0458935885832,-7.9771359475297,-8.25222334499732));
#7446=CARTESIAN_POINT('Ctrl Pts',(-12.3707036353503,-7.75233438423202,-8.10553263411329));
#7447=CARTESIAN_POINT('Ctrl Pts',(-12.9531683612161,-7.17102610724796,-7.91108541174084));
#7448=CARTESIAN_POINT('Ctrl Pts',(-13.7883696882017,-5.72907563830566,-7.80993774043083));
#7449=CARTESIAN_POINT('Ctrl Pts',(-14.2882932017724,-3.69786502032728,-8.00750933068989));
#7450=CARTESIAN_POINT('Ctrl Pts',(-14.3157389053515,-1.23895891074637,-8.40134462321907));
#7451=CARTESIAN_POINT('Ctrl Pts',(-14.3154826216945,1.23887183704066,-8.40138175473755));
#7452=CARTESIAN_POINT('Ctrl Pts',(-14.2845441249165,3.69920850621954,-8.01140681760437));
#7453=CARTESIAN_POINT('Ctrl Pts',(-13.7877988497516,5.72838013619058,-7.81101123737242));
#7454=CARTESIAN_POINT('Ctrl Pts',(-12.9527914777414,7.17126782368697,-7.91138460290535));
#7455=CARTESIAN_POINT('Ctrl Pts',(-12.3707036351403,7.75233438441892,-8.10553263419164));
#7456=CARTESIAN_POINT('Ctrl Pts',(-12.0458935883577,7.97713594768578,-8.25222334509917));
#7457=CARTESIAN_POINT('Ctrl Pts',(-13.2249999999417,7.75991428874105,-11.3996064906663));
#7458=CARTESIAN_POINT('Ctrl Pts',(-13.2939264506443,7.53420968489532,-11.2696326699145));
#7459=CARTESIAN_POINT('Ctrl Pts',(-13.4183356881158,7.00863554021263,-11.0146458492268));
#7460=CARTESIAN_POINT('Ctrl Pts',(-13.5994837662195,5.75754437613818,-10.5562067020134));
#7461=CARTESIAN_POINT('Ctrl Pts',(-13.7118522150671,3.92630653327232,-10.1041953571127));
#7462=CARTESIAN_POINT('Ctrl Pts',(-13.7262634110414,1.38788416824561,-9.80849617988624));
#7463=CARTESIAN_POINT('Ctrl Pts',(-13.7263203767711,-1.38709419097391,-9.80861383472076));
#7464=CARTESIAN_POINT('Ctrl Pts',(-13.7125865778577,-3.92609724988261,-10.1042784111738));
#7465=CARTESIAN_POINT('Ctrl Pts',(-13.5995915023323,-5.75809404504382,-10.5562519267133));
#7466=CARTESIAN_POINT('Ctrl Pts',(-13.4184112778381,-7.00849697978968,-11.0146159135081));
#7467=CARTESIAN_POINT('Ctrl Pts',(-13.2939264506887,-7.53420968472172,-11.2696326698256));
#7468=CARTESIAN_POINT('Ctrl Pts',(-13.2249999999896,-7.75991428858434,-11.3996064905761));
#7469=CARTESIAN_POINT('Ctrl Pts',(-8.97333381366077,-9.82049248867787,-12.8184487816863));
#7470=CARTESIAN_POINT('Ctrl Pts',(-10.4929722455749,-9.28822118230384,-12.3848947518867));
#7471=CARTESIAN_POINT('Ctrl Pts',(-11.9272030619217,-8.60986011003492,-11.8890546628899));
#7472=CARTESIAN_POINT('Ctrl Pts',(-13.2249999999478,-7.75991428858434,-11.3996064905761));
#7473=CARTESIAN_POINT('Ctrl Pts',(-8.81990584632427,-9.58717331931711,-12.6284019674123));
#7474=CARTESIAN_POINT('Ctrl Pts',(-10.3104495573727,-9.04623795388809,-12.2050117974673));
#7475=CARTESIAN_POINT('Ctrl Pts',(-11.7142046668185,-8.35928481705061,-11.7235350359151));
#7476=CARTESIAN_POINT('Ctrl Pts',(-12.9775383944425,-7.50849492263658,-11.2548246162003));
#7477=CARTESIAN_POINT('Ctrl Pts',(-8.5139602377825,-9.2325063607528,-12.113668984093));
#7478=CARTESIAN_POINT('Ctrl Pts',(-9.94653352295088,-8.67745822147102,-11.6946049522728));
#7479=CARTESIAN_POINT('Ctrl Pts',(-11.2899824016252,-7.97519481013473,-11.222598766275));
#7480=CARTESIAN_POINT('Ctrl Pts',(-12.4847832141685,-7.1196740005751,-10.7723580267416));
#7481=CARTESIAN_POINT('Ctrl Pts',(-8.11072857963749,-9.15021347709058,-10.9624093267245));
#7482=CARTESIAN_POINT('Ctrl Pts',(-9.47750316216987,-8.59917269692065,-10.5109104935561));
#7483=CARTESIAN_POINT('Ctrl Pts',(-10.7581366397863,-7.89792000234292,-10.0010290898715));
#7484=CARTESIAN_POINT('Ctrl Pts',(-11.8916942626296,-7.04212646644933,-9.51363089422338));
#7485=CARTESIAN_POINT('Ctrl Pts',(-8.03716080217941,-9.60058438027613,-10.1810174477581));
#7486=CARTESIAN_POINT('Ctrl Pts',(-9.41135594595011,-9.07902339749873,-9.69831528155358));
#7487=CARTESIAN_POINT('Ctrl Pts',(-10.7168656569929,-8.40699253997909,-9.14944908817373));
#7488=CARTESIAN_POINT('Ctrl Pts',(-11.890758461516,-7.56020360299782,-8.61177120829826));
#7489=CARTESIAN_POINT('Ctrl Pts',(-8.08345843439251,-9.98443239387397,-9.85355339059119));
#7490=CARTESIAN_POINT('Ctrl Pts',(-9.48292974505506,-9.48098980267205,-9.36423678461164));
#7491=CARTESIAN_POINT('Ctrl Pts',(-10.8227420122095,-8.82368114914629,-8.80462305072764));
#7492=CARTESIAN_POINT('Ctrl Pts',(-12.0458935885832,-7.9771359475297,-8.25222334499733));
#7493=CARTESIAN_POINT('',(-8.97333381366077,-9.82049248867787,-12.8184487816863));
#7494=CARTESIAN_POINT('Ctrl Pts',(-13.2249999999478,-7.75991428858434,-11.3996064905761));
#7495=CARTESIAN_POINT('Ctrl Pts',(-11.9272030619217,-8.60986011003492,-11.8890546628899));
#7496=CARTESIAN_POINT('Ctrl Pts',(-10.4929722455749,-9.28822118230384,-12.3848947518867));
#7497=CARTESIAN_POINT('Ctrl Pts',(-8.97333381366077,-9.82049248867787,-12.8184487816863));
#7498=CARTESIAN_POINT('',(-8.08345843439185,-9.98443239387315,-9.85355339059119));
#7499=CARTESIAN_POINT('Origin',(-8.97333381366077,-11.0835783393117,-11.2677669529643));
#7500=CARTESIAN_POINT('Ctrl Pts',(-8.08345843439251,-9.98443239387397,-9.85355339059119));
#7501=CARTESIAN_POINT('Ctrl Pts',(-9.48292974505506,-9.48098980267205,-9.36423678461164));
#7502=CARTESIAN_POINT('Ctrl Pts',(-10.8227420122095,-8.82368114914629,-8.80462305072764));
#7503=CARTESIAN_POINT('Ctrl Pts',(-12.0458935885832,-7.9771359475297,-8.25222334499733));
#7504=CARTESIAN_POINT('Ctrl Pts',(-8.08345843439174,-9.98443239387247,-9.85355339059283));
#7505=CARTESIAN_POINT('Ctrl Pts',(-6.86152238008088,-10.840293371047,-9.95725391415876));
#7506=CARTESIAN_POINT('Ctrl Pts',(-5.39892600965615,-11.5153063694527,-10.));
#7507=CARTESIAN_POINT('Ctrl Pts',(-3.71961099803124,-11.9263102005608,-10.));
#7508=CARTESIAN_POINT('Ctrl Pts',(-8.05259334624984,-9.72853371814096,-10.0718627620376));
#7509=CARTESIAN_POINT('Ctrl Pts',(-6.81051934880005,-10.505679321837,-10.1370098189311));
#7510=CARTESIAN_POINT('Ctrl Pts',(-5.36733059788233,-11.097576949313,-10.0942569670561));
#7511=CARTESIAN_POINT('Ctrl Pts',(-3.71961099803124,-11.4702287814649,-10.));
#7512=CARTESIAN_POINT('Ctrl Pts',(-8.06869767200823,-9.31301937326086,-10.6320010174135));
#7513=CARTESIAN_POINT('Ctrl Pts',(-6.76969297560055,-9.93475447601475,-10.6846211329129));
#7514=CARTESIAN_POINT('Ctrl Pts',(-5.32508159233921,-10.332107581725,-10.5478486523756));
#7515=CARTESIAN_POINT('Ctrl Pts',(-3.71961099803124,-10.5592179468945,-10.3248086343796));
#7516=CARTESIAN_POINT('Ctrl Pts',(-8.29921694202315,-9.14975888276068,-11.5483433512167));
#7517=CARTESIAN_POINT('Ctrl Pts',(-6.8946946948901,-9.64859502250647,-11.7217672710272));
#7518=CARTESIAN_POINT('Ctrl Pts',(-5.35039111341242,-9.84323299009816,-11.6565368660733));
#7519=CARTESIAN_POINT('Ctrl Pts',(-3.71961099803124,-9.87159788435681,-11.4614354542683));
#7520=CARTESIAN_POINT('Ctrl Pts',(-8.62823548018842,-9.35730056443842,-12.3153571085582));
#7521=CARTESIAN_POINT('Ctrl Pts',(-7.11732347230347,-9.84725018630344,-12.6458576581695));
#7522=CARTESIAN_POINT('Ctrl Pts',(-5.43044841664357,-9.98001948175312,-12.7214082877047));
#7523=CARTESIAN_POINT('Ctrl Pts',(-3.71961099803124,-9.93710215875929,-12.6388624679005));
#7524=CARTESIAN_POINT('Ctrl Pts',(-8.85826283815872,-9.64550311165732,-12.6759136709808));
#7525=CARTESIAN_POINT('Ctrl Pts',(-7.28109399871234,-10.1789741767082,-13.0969177654266));
#7526=CARTESIAN_POINT('Ctrl Pts',(-5.49480307247513,-10.3379844943441,-13.2547725615457));
#7527=CARTESIAN_POINT('Ctrl Pts',(-3.71961099803123,-10.3162442971838,-13.2347848227557));
#7528=CARTESIAN_POINT('Ctrl Pts',(-8.97333381366114,-9.82049248867774,-12.8184487816862));
#7529=CARTESIAN_POINT('Ctrl Pts',(-7.36305430245686,-10.3845119034655,-13.2778627820993));
#7530=CARTESIAN_POINT('Ctrl Pts',(-5.52711103458909,-10.5671865309812,-13.4672364672365));
#7531=CARTESIAN_POINT('Ctrl Pts',(-3.71961099803123,-10.5671865309812,-13.4672364672365));
#7532=CARTESIAN_POINT('',(-3.71961099803123,-10.5671865309812,-13.4672364672365));
#7533=CARTESIAN_POINT('',(-3.71961099803124,-11.9263102005608,-10.));
#7534=CARTESIAN_POINT('Origin',(-3.71961099803123,-11.9263102005608,-12.));
#7535=CARTESIAN_POINT('Ctrl Pts',(-3.71961099803124,-11.9263102005608,-10.));
#7536=CARTESIAN_POINT('Ctrl Pts',(-5.39892600965615,-11.5153063694527,-10.));
#7537=CARTESIAN_POINT('Ctrl Pts',(-6.86152238008088,-10.840293371047,-9.95725391415876));
#7538=CARTESIAN_POINT('Ctrl Pts',(-8.08345843439174,-9.98443239387247,-9.85355339059283));
#7539=CARTESIAN_POINT('Ctrl Pts',(-8.97333381366114,-9.82049248867774,-12.8184487816862));
#7540=CARTESIAN_POINT('Ctrl Pts',(-7.36305430245686,-10.3845119034655,-13.2778627820993));
#7541=CARTESIAN_POINT('Ctrl Pts',(-5.52711103458909,-10.5671865309812,-13.4672364672365));
#7542=CARTESIAN_POINT('Ctrl Pts',(-3.71961099803123,-10.5671865309812,-13.4672364672365));
#7543=CARTESIAN_POINT('Origin',(0.,-11.9263102005608,-12.));
#7544=CARTESIAN_POINT('',(0.,-11.9263102005608,-10.));
#7545=CARTESIAN_POINT('',(0.,-10.5671865309812,-13.4672364672365));
#7546=CARTESIAN_POINT('Origin',(0.,0.,-6.));
#7547=CARTESIAN_POINT('',(20.5535533905933,-4.93038065763132E-31,-2.14644660940672));
#7548=CARTESIAN_POINT('Origin',(0.,-1.25854216854471E-15,-2.14644660940672));
#7549=CARTESIAN_POINT('Origin',(6.39624095006747E-16,0.,-9.85355339059327));
#7550=CARTESIAN_POINT('Origin',(6.39624095006747E-16,0.,-9.85355339059327));
#7551=CARTESIAN_POINT('Origin',(-9.26371073416626E-16,-3.57559750281854E-16,
-10.));
#7552=CARTESIAN_POINT('Origin',(0.,0.,-10.));
#7553=CARTESIAN_POINT('Origin',(0.,0.,-9.5));
#7554=CARTESIAN_POINT('Origin',(-13.225,0.,-24.875));
#7555=CARTESIAN_POINT('',(-13.725,15.05,-24.875));
#7556=CARTESIAN_POINT('Origin',(-13.725,0.,-24.875));
#7557=CARTESIAN_POINT('Origin',(-13.225,0.,-24.875));
#7558=CARTESIAN_POINT('Origin',(0.,0.,-24.875));
#7559=CARTESIAN_POINT('Origin',(13.225,0.,-24.875));
#7560=CARTESIAN_POINT('Origin',(13.225,0.,-24.875));
#7561=CARTESIAN_POINT('',(13.725,15.05,-24.875));
#7562=CARTESIAN_POINT('Origin',(13.725,0.,-24.875));
#7563=CARTESIAN_POINT('Origin',(0.,0.,-9.5));
#7564=CARTESIAN_POINT('Origin',(0.,0.,-10.));
#7565=CARTESIAN_POINT('Origin',(-9.26371073416626E-16,-3.57559750281854E-16,
-10.));
#7566=CARTESIAN_POINT('Origin',(0.,0.,-1.79289321881345));
#7567=CARTESIAN_POINT('',(20.7,-2.53501887423502E-15,-1.79289321881345));
#7568=CARTESIAN_POINT('Origin',(0.,0.,-1.79289321881345));
#7569=CARTESIAN_POINT('Origin',(0.,0.,3.175));
#7570=CARTESIAN_POINT('',(20.7,2.53501887423502E-15,3.175));
#7571=CARTESIAN_POINT('Origin',(0.,0.,3.175));
#7572=CARTESIAN_POINT('Origin',(-13.725,-6.3467367489333E-16,-24.875));
#7573=CARTESIAN_POINT('',(-13.725,8.96,-24.875));
#7574=CARTESIAN_POINT('Origin',(-13.725,0.,-24.875));
#7575=CARTESIAN_POINT('Origin',(13.725,-6.3467367489333E-16,-24.875));
#7576=CARTESIAN_POINT('',(13.725,8.96,-24.875));
#7577=CARTESIAN_POINT('Origin',(13.725,0.,-24.875));
#7578=CARTESIAN_POINT('Origin',(93.3946312035762,0.,-24.875));
#7579=CARTESIAN_POINT('',(15.1,-7.34788079488412E-16,-30.875));
#7580=CARTESIAN_POINT('Origin',(15.1,0.,-24.875));
#7581=CARTESIAN_POINT('',(-15.1,0.,-18.875));
#7582=CARTESIAN_POINT('Origin',(-15.1,0.,-24.875));
#7583=CARTESIAN_POINT('Origin',(0.,0.,-24.875));
#7584=CARTESIAN_POINT('',(15.1,8.96,-24.875));
#7585=CARTESIAN_POINT('Origin',(15.1,0.,-24.875));
#7586=CARTESIAN_POINT('Origin',(0.,0.,-24.875));
#7587=CARTESIAN_POINT('',(-15.1,8.96,-24.875));
#7588=CARTESIAN_POINT('Origin',(-15.1,0.,-24.875));
#7589=CARTESIAN_POINT('Origin',(-15.1,-9.14402943363357E-17,-24.875));
#7590=CARTESIAN_POINT('Origin',(15.1,-9.14402943363357E-17,-24.875));
#7591=CARTESIAN_POINT('Origin',(-9.26371073416626E-16,-3.57559750281854E-16,
3.175));
#7592=CARTESIAN_POINT('Origin',(0.,0.,290.125));
#7593=CARTESIAN_POINT('',(15.1,8.96,290.125));
#7594=CARTESIAN_POINT('Origin',(15.1,0.,290.125));
#7595=CARTESIAN_POINT('Origin',(0.,0.,290.125));
#7596=CARTESIAN_POINT('',(-15.1,8.96,290.125));
#7597=CARTESIAN_POINT('Origin',(-15.1,0.,290.125));
#7598=CARTESIAN_POINT('Origin',(-15.1,-9.14402943363357E-17,290.125));
#7599=CARTESIAN_POINT('Origin',(15.1,-9.14402943363357E-17,290.125));
#7600=CARTESIAN_POINT('Origin',(-2.04421221379722E-15,8.42873945148399E-16,
3.175));
#7601=CARTESIAN_POINT('Origin',(0.,0.,3.175));
#7602=CARTESIAN_POINT('',(-20.75,0.,3.175));
#7603=CARTESIAN_POINT('Origin',(0.,0.,3.175));
#7604=CARTESIAN_POINT('Origin',(0.,0.,0.5));
#7605=CARTESIAN_POINT('',(35.125,-4.30157188200508E-15,0.5));
#7606=CARTESIAN_POINT('Origin',(0.,0.,0.5));
#7607=CARTESIAN_POINT('',(34.625,4.24033954204771E-15,0.));
#7608=CARTESIAN_POINT('Origin',(0.,0.,0.));
#7609=CARTESIAN_POINT('Origin',(-2.04421221379722E-15,8.42873945148399E-16,
0.));
#7610=CARTESIAN_POINT('',(-23.925,5.85993493392009E-15,0.));
#7611=CARTESIAN_POINT('Origin',(0.,0.,0.));
#7612=CARTESIAN_POINT('Origin',(0.,0.,0.));
#7613=CARTESIAN_POINT('Origin',(0.,0.,3.175));
#7614=CARTESIAN_POINT('Origin',(0.,0.,55.125));
#7615=CARTESIAN_POINT('',(14.3266794760102,-4.93038065763132E-31,57.176823386644));
#7616=CARTESIAN_POINT('Origin',(0.,-1.7545122162706E-15,57.176823386644));
#7617=CARTESIAN_POINT('',(9.76707195013468,-2.39224268015487E-15,60.125));
#7618=CARTESIAN_POINT('Origin',(0.,0.,60.125));
#7619=CARTESIAN_POINT('Origin',(0.,0.,55.125));
#7620=CARTESIAN_POINT('',(17.0596075258755,-4.17839875025471E-15,51.1036499424988));
#7621=CARTESIAN_POINT('Origin',(0.,-2.08919937512736E-15,51.1036499424988));
#7622=CARTESIAN_POINT('Origin',(8.,0.,60.125));
#7623=CARTESIAN_POINT('',(8.,0.,60.125));
#7624=CARTESIAN_POINT('Origin',(0.,0.,60.125));
#7625=CARTESIAN_POINT('Origin',(0.,0.,49.0518265558548));
#7626=CARTESIAN_POINT('',(17.5,0.,49.0518265558548));
#7627=CARTESIAN_POINT('Origin',(0.,0.,49.0518265558548));
#7628=CARTESIAN_POINT('Origin',(0.,0.,40.125));
#7629=CARTESIAN_POINT('',(17.5,-4.28626379701574E-15,35.125));
#7630=CARTESIAN_POINT('Origin',(0.,0.,35.125));
#7631=CARTESIAN_POINT('Origin',(0.,0.,35.125));
#7632=CARTESIAN_POINT('',(12.5,0.,30.125));
#7633=CARTESIAN_POINT('Origin',(0.,0.,30.125));
#7634=CARTESIAN_POINT('Origin',(17.5,0.,30.125));
#7635=CARTESIAN_POINT('',(8.,0.,30.125));
#7636=CARTESIAN_POINT('Origin',(0.,0.,30.125));
#7637=CARTESIAN_POINT('Origin',(0.,0.,45.125));
#7638=UNCERTAINTY_MEASURE_WITH_UNIT(LENGTH_MEASURE(0.01),#7642,
'DISTANCE_ACCURACY_VALUE',
'Maximum model space distance between geometric entities at asserted c
onnectivities');
#7639=UNCERTAINTY_MEASURE_WITH_UNIT(LENGTH_MEASURE(1.E-6),#7642,
'DISTANCE_ACCURACY_VALUE',
'Maximum model space distance between geometric entities at asserted c
onnectivities');
#7640=(
GEOMETRIC_REPRESENTATION_CONTEXT(3)
GLOBAL_UNCERTAINTY_ASSIGNED_CONTEXT((#7638))
GLOBAL_UNIT_ASSIGNED_CONTEXT((#7642,#7645,#7643))
REPRESENTATION_CONTEXT('','3D')
);
#7641=(
GEOMETRIC_REPRESENTATION_CONTEXT(3)
GLOBAL_UNCERTAINTY_ASSIGNED_CONTEXT((#7639))
GLOBAL_UNIT_ASSIGNED_CONTEXT((#7642,#7645,#7643))
REPRESENTATION_CONTEXT('','3D')
);
#7642=(
LENGTH_UNIT()
NAMED_UNIT(*)
SI_UNIT(.MILLI.,.METRE.)
);
#7643=(
NAMED_UNIT(*)
SI_UNIT($,.STERADIAN.)
SOLID_ANGLE_UNIT()
);
#7644=DIMENSIONAL_EXPONENTS(0.,0.,0.,0.,0.,0.,0.);
#7645=(
CONVERSION_BASED_UNIT('degree',#7647)
NAMED_UNIT(#7644)
PLANE_ANGLE_UNIT()
);
#7646=(
NAMED_UNIT(*)
PLANE_ANGLE_UNIT()
SI_UNIT($,.RADIAN.)
);
#7647=PLANE_ANGLE_MEASURE_WITH_UNIT(PLANE_ANGLE_MEASURE(0.01745329252),
#7646);
#7648=SHAPE_DEFINITION_REPRESENTATION(#7649,#7650);
#7649=PRODUCT_DEFINITION_SHAPE('',$,#7652);
#7650=SHAPE_REPRESENTATION('',(#2780),#7640);
#7651=PRODUCT_DEFINITION_CONTEXT('part definition',#7656,'design');
#7652=PRODUCT_DEFINITION('AMORTECEDOR XTZ','AMORTECEDOR XTZ',#7653,#7651);
#7653=PRODUCT_DEFINITION_FORMATION('',$,#7658);
#7654=PRODUCT_RELATED_PRODUCT_CATEGORY('AMORTECEDOR XTZ',
'AMORTECEDOR XTZ',(#7658));
#7655=APPLICATION_PROTOCOL_DEFINITION('international standard',
'automotive_design',2009,#7656);
#7656=APPLICATION_CONTEXT(
'Core Data for Automotive Mechanical Design Process');
#7657=PRODUCT_CONTEXT('part definition',#7656,'mechanical');
#7658=PRODUCT('AMORTECEDOR XTZ','AMORTECEDOR XTZ',$,(#7657));
#7659=PRESENTATION_STYLE_ASSIGNMENT((#7663));
#7660=PRESENTATION_STYLE_ASSIGNMENT((#7664));
#7661=PRESENTATION_STYLE_ASSIGNMENT((#7665));
#7662=PRESENTATION_STYLE_ASSIGNMENT((#7666));
#7663=SURFACE_STYLE_USAGE(.BOTH.,#7667);
#7664=SURFACE_STYLE_USAGE(.BOTH.,#7668);
#7665=SURFACE_STYLE_USAGE(.BOTH.,#7669);
#7666=SURFACE_STYLE_USAGE(.BOTH.,#7670);
#7667=SURFACE_SIDE_STYLE('',(#7671));
#7668=SURFACE_SIDE_STYLE('',(#7672));
#7669=SURFACE_SIDE_STYLE('',(#7673));
#7670=SURFACE_SIDE_STYLE('',(#7674));
#7671=SURFACE_STYLE_FILL_AREA(#7675);
#7672=SURFACE_STYLE_FILL_AREA(#7676);
#7673=SURFACE_STYLE_FILL_AREA(#7677);
#7674=SURFACE_STYLE_FILL_AREA(#7678);
#7675=FILL_AREA_STYLE('',(#7679));
#7676=FILL_AREA_STYLE('',(#7680));
#7677=FILL_AREA_STYLE('',(#7681));
#7678=FILL_AREA_STYLE('',(#7682));
#7679=FILL_AREA_STYLE_COLOUR('',#7683);
#7680=FILL_AREA_STYLE_COLOUR('',#7684);
#7681=FILL_AREA_STYLE_COLOUR('',#7685);
#7682=FILL_AREA_STYLE_COLOUR('',#7686);
#7683=COLOUR_RGB('',0.250980392156863,0.250980392156863,0.250980392156863);
#7684=COLOUR_RGB('',0.749019607843137,0.749019607843137,0.749019607843137);
#7685=COLOUR_RGB('',0.647058823529412,0.67843137254902,0.694117647058824);
#7686=COLOUR_RGB('',0.,0.,0.);
ENDSEC;
END-ISO-10303-21;
