ISO-10303-21;
HEADER;
FILE_DESCRIPTION (( 'STEP AP203' ),
    '1' );
FILE_NAME ('Ford escort mk 1 & 2 steering rack.STEP',
    '2012-05-11T13:21:13',
    ( ' ' ),
    ( ' ' ),
    'SwSTEP 2.0',
    'SolidWorks 2012',
    '' );
FILE_SCHEMA (( 'CONFIG_CONTROL_DESIGN' ));
ENDSEC;

DATA;
#1 = CC_DESIGN_PERSON_AND_ORGANIZATION_ASSIGNMENT ( #3606, #3608, ( #9049 ) ) ;
#2 = CIRCLE ( 'NONE', #8668, 12.99999999999999300 ) ;
#3 = CIRCLE ( 'NONE', #8600, 26.49999999999999600 ) ;
#4 = CIRCLE ( 'NONE', #2420, 18.49999999999999600 ) ;
#5 = LOCAL_TIME ( 14, 21, 13.00000000000000000, #9806 ) ;
#6 = LOCAL_TIME ( 14, 21, 13.00000000000000000, #9213 ) ;
#7 = CONICAL_SURFACE ( 'NONE', #8397, 14.00000000000000000, 0.4468424684857638700 ) ;
#8 = CIRCLE ( 'NONE', #8482, 12.99999999999999300 ) ;
#9 = CONICAL_SURFACE ( 'NONE', #3018, 19.00000000000001100, 0.7853981633974205200 ) ;
#10 = CIRCLE ( 'NONE', #2998, 14.49999999999999800 ) ;
#11 = CIRCLE ( 'NONE', #3000, 9.500000000000019500 ) ;
#12 = CIRCLE ( 'NONE', #3003, 18.49999999999999600 ) ;
#13 = CIRCLE ( 'NONE', #9707, 15.09558823529403400 ) ;
#14 = CIRCLE ( 'NONE', #2477, 18.99999999999999600 ) ;
#15 = APPROVAL ( #3724, 'UNSPECIFIED' ) ;
#16 = CIRCLE ( 'NONE', #2530, 2.000000000000001800 ) ;
#17 = CIRCLE ( 'NONE', #2781, 5.500000000000009800 ) ;
#18 = CIRCLE ( 'NONE', #2788, 9.500000000000001800 ) ;
#19 = CIRCLE ( 'NONE', #3071, 4.225000000000093800 ) ;
#20 = CONICAL_SURFACE ( 'NONE', #3029, 14.00000000000000000, 0.4468424684857638700 ) ;
#21 = CIRCLE ( 'NONE', #3075, 6.749999999999980500 ) ;
#22 = CIRCLE ( 'NONE', #2986, 4.000000000000001800 ) ;
#23 = CIRCLE ( 'NONE', #8504, 26.49999999999999600 ) ;
#24 = CONICAL_SURFACE ( 'NONE', #9088, 14.50000000000000000, 0.7853981633974482800 ) ;
#25 = PRODUCT_RELATED_PRODUCT_CATEGORY ( 'detail', '', ( #1245 ) ) ;
#26 = CIRCLE ( 'NONE', #2440, 18.49999999999999600 ) ;
#27 = CIRCLE ( 'NONE', #9225, 2.000000000000001800 ) ;
#28 = CONICAL_SURFACE ( 'NONE', #8485, 14.49999999999999300, 0.5235987755982985900 ) ;
#29 = LOCAL_TIME ( 14, 21, 13.00000000000000000, #9492 ) ;
#30 = APPROVAL ( #3512, 'UNSPECIFIED' ) ;
#31 = PRODUCT_DEFINITION ( 'UNKNOWN', '', #9656, #4865 ) ;
#32 = CIRCLE ( 'NONE', #2534, 3.999999999999994700 ) ;
#33 = CC_DESIGN_PERSON_AND_ORGANIZATION_ASSIGNMENT ( #3484, #3486, ( #8575 ) ) ;
#34 = TOROIDAL_SURFACE ( 'NONE', #8544, 3.404411764705957700, 15.09558823529403400 ) ;
#35 = CC_DESIGN_PERSON_AND_ORGANIZATION_ASSIGNMENT ( #3677, #3679, ( #9821 ) ) ;
#36 = LOCAL_TIME ( 14, 21, 13.00000000000000000, #8502 ) ;
#37 = CIRCLE ( 'NONE', #8591, 9.500000000000001800 ) ;
#38 = CIRCLE ( 'NONE', #8832, 4.225000000000100900 ) ;
#39 = APPROVAL ( #3687, 'UNSPECIFIED' ) ;
#40 = LOCAL_TIME ( 14, 21, 13.00000000000000000, #8554 ) ;
#41 = CC_DESIGN_PERSON_AND_ORGANIZATION_ASSIGNMENT ( #3542, #3544, ( #8418 ) ) ;
#42 = CONICAL_SURFACE ( 'NONE', #8827, 4.250000000000003600, 0.7853981633974761500 ) ;
#43 = CC_DESIGN_DATE_AND_TIME_ASSIGNMENT ( #3718, #3720, ( #297 ) ) ;
#44 = CIRCLE ( 'NONE', #8395, 4.250000000000003600 ) ;
#45 = LOCAL_TIME ( 14, 21, 13.00000000000000000, #9195 ) ;
#46 = CIRCLE ( 'NONE', #3008, 6.750000000000001800 ) ;
#47 = PRODUCT_DEFINITION ( 'UNKNOWN', '', #9049, #4869 ) ;
#48 = CIRCLE ( 'NONE', #3073, 4.000000000000001800 ) ;
#49 = CIRCLE ( 'NONE', #2677, 9.250000000000001800 ) ;
#50 = CIRCLE ( 'NONE', #3036, 14.50000000000000000 ) ;
#51 = CIRCLE ( 'NONE', #3080, 2.000000000000001800 ) ;
#52 = CIRCLE ( 'NONE', #3050, 1.999999999999996700 ) ;
#53 = CIRCLE ( 'NONE', #3044, 9.500000000000001800 ) ;
#54 = CIRCLE ( 'NONE', #8454, 6.750000000000002700 ) ;
#55 = CIRCLE ( 'NONE', #2991, 1.999999999999996700 ) ;
#56 = CIRCLE ( 'NONE', #3011, 18.49999999999999600 ) ;
#57 = CIRCLE ( 'NONE', #2459, 2.000000000000001800 ) ;
#58 = CIRCLE ( 'NONE', #3012, 15.09558823529403400 ) ;
#59 = CIRCLE ( 'NONE', #3014, 10.50000000000000000 ) ;
#60 = CC_DESIGN_PERSON_AND_ORGANIZATION_ASSIGNMENT ( #3584, #3586, ( #47 ) ) ;
#61 = CONICAL_SURFACE ( 'NONE', #8382, 6.749999999999990200, 0.5235987755982956000 ) ;
#62 = CIRCLE ( 'NONE', #8415, 18.49999999999999600 ) ;
#63 = APPROVAL ( #3576, 'UNSPECIFIED' ) ;
#64 = CIRCLE ( 'NONE', #8538, 20.00000000000002800 ) ;
#65 = CIRCLE ( 'NONE', #8698, 18.49999999999999300 ) ;
#66 = TOROIDAL_SURFACE ( 'NONE', #8507, 9.725000000000104400, 4.225000000000096500 ) ;
#67 = PRODUCT_RELATED_PRODUCT_CATEGORY ( 'detail', '', ( #1243 ) ) ;
#68 = LOCAL_TIME ( 14, 21, 13.00000000000000000, #9690 ) ;
#69 = CONICAL_SURFACE ( 'NONE', #9877, 14.25000000000000000, 0.7853981633974482800 ) ;
#70 = APPROVAL ( #3765, 'UNKNOWN' ) ;
#71 = APPROVAL ( #3752, 'UNSPECIFIED' ) ;
#72 = CC_DESIGN_DATE_AND_TIME_ASSIGNMENT ( #3817, #3827, ( #9036 ) ) ;
#73 = LOCAL_TIME ( 14, 21, 13.00000000000000000, #9189 ) ;
#74 = APPROVAL ( #3815, 'UNKNOWN' ) ;
#75 = PRODUCT_RELATED_PRODUCT_CATEGORY ( 'detail', '', ( #1244 ) ) ;
#76 = CC_DESIGN_PERSON_AND_ORGANIZATION_ASSIGNMENT ( #3825, #3829, ( #9036 ) ) ;
#77 = APPROVAL ( #3622, 'UNSPECIFIED' ) ;
#78 = CIRCLE ( 'NONE', #8517, 7.500000000000013300 ) ;
#79 = LOCAL_TIME ( 14, 21, 13.00000000000000000, #8563 ) ;
#80 = CIRCLE ( 'NONE', #2466, 3.999999999999994700 ) ;
#81 = CIRCLE ( 'NONE', #8348, 13.25000000000000000 ) ;
#82 = PRODUCT_RELATED_PRODUCT_CATEGORY ( 'detail', '', ( #1246 ) ) ;
#83 = CC_DESIGN_PERSON_AND_ORGANIZATION_ASSIGNMENT ( #3456, #3458, ( #314 ) ) ;
#84 = LOCAL_TIME ( 14, 21, 13.00000000000000000, #8593 ) ;
#85 = CC_DESIGN_PERSON_AND_ORGANIZATION_ASSIGNMENT ( #3632, #3634, ( #1245 ) ) ;
#86 = APPROVAL ( #3659, 'UNSPECIFIED' ) ;
#87 = CC_DESIGN_DATE_AND_TIME_ASSIGNMENT ( #3653, #3655, ( #31 ) ) ;
#88 = CC_DESIGN_PERSON_AND_ORGANIZATION_ASSIGNMENT ( #3612, #3614, ( #9047 ) ) ;
#89 = CC_DESIGN_PERSON_AND_ORGANIZATION_ASSIGNMENT ( #3548, #3550, ( #8423 ) ) ;
#90 = LOCAL_TIME ( 14, 21, 13.00000000000000000, #8432 ) ;
#91 = CIRCLE ( 'NONE', #8478, 18.49999999999999300 ) ;
#92 = CIRCLE ( 'NONE', #2829, 4.500000000000032000 ) ;
#93 = PRODUCT_DEFINITION ( 'UNKNOWN', '', #8418, #4844 ) ;
#94 = TOROIDAL_SURFACE ( 'NONE', #2785, 3.404411764705957700, 15.09558823529403400 ) ;
#95 = CIRCLE ( 'NONE', #2823, 14.25000000000000000 ) ;
#96 = CIRCLE ( 'NONE', #2819, 14.25000000000000000 ) ;
#97 = CIRCLE ( 'NONE', #2809, 4.500000000000032000 ) ;
#98 = CIRCLE ( 'NONE', #8335, 14.25000000000000200 ) ;
#99 = CIRCLE ( 'NONE', #2721, 4.500000000000024900 ) ;
#100 = LOCAL_TIME ( 14, 21, 13.00000000000000000, #8455 ) ;
#101 = CONICAL_SURFACE ( 'NONE', #8659, 9.817843488333965100, 0.8559877532163301400 ) ;
#102 = CONICAL_SURFACE ( 'NONE', #8467, 18.49999999999999600, 0.7853981633974378400 ) ;
#103 = CONICAL_SURFACE ( 'NONE', #9401, 4.250000000000003600, 0.7853981633974761500 ) ;
#104 = CONICAL_SURFACE ( 'NONE', #8634, 23.75000000000002500, 1.047197551196593900 ) ;
#105 = CIRCLE ( 'NONE', #2838, 4.250000000000003600 ) ;
#106 = CIRCLE ( 'NONE', #8399, 18.49999999999999600 ) ;
#107 = CC_DESIGN_PERSON_AND_ORGANIZATION_ASSIGNMENT ( #3649, #3651, ( #31 ) ) ;
#108 = CONICAL_SURFACE ( 'NONE', #9762, 17.50000000000001400, 0.7853981633974538300 ) ;
#109 = CIRCLE ( 'NONE', #9543, 9.750000000000016000 ) ;
#110 = CIRCLE ( 'NONE', #2506, 6.749999999999977800 ) ;
#111 = CONICAL_SURFACE ( 'NONE', #9849, 9.750000000000016000, 0.7853981633974761500 ) ;
#112 = CONICAL_SURFACE ( 'NONE', #9845, 9.249999999999998200, 0.7853981633974447300 ) ;
#113 = CIRCLE ( 'NONE', #9598, 2.000000000000001800 ) ;
#114 = CONICAL_SURFACE ( 'NONE', #9613, 9.249999999999994700, 0.7853981633974447300 ) ;
#115 = TOROIDAL_SURFACE ( 'NONE', #9872, 9.725000000000104400, 4.225000000000096500 ) ;
#116 = CIRCLE ( 'NONE', #8450, 2.000000000000001800 ) ;
#117 = CIRCLE ( 'NONE', #9977, 13.00000000000000000 ) ;
#118 = CONICAL_SURFACE ( 'NONE', #9659, 9.250000000000001800, 0.7853981633974482800 ) ;
#119 = CONICAL_SURFACE ( 'NONE', #9524, 4.250000000000003600, 0.7853981633974482800 ) ;
#120 = CONICAL_SURFACE ( 'NONE', #9562, 17.49999999999996100, 0.7853981633974100900 ) ;
#121 = CIRCLE ( 'NONE', #9480, 9.750000000000016000 ) ;
#122 = CIRCLE ( 'NONE', #2602, 8.749999999999971600 ) ;
#123 = CIRCLE ( 'NONE', #2517, 18.99999999999999600 ) ;
#124 = CIRCLE ( 'NONE', #2510, 4.500000000000024900 ) ;
#125 = CIRCLE ( 'NONE', #2596, 23.75000000000002100 ) ;
#126 = CONICAL_SURFACE ( 'NONE', #8816, 4.250000000000003600, 0.7853981633974482800 ) ;
#127 = CIRCLE ( 'NONE', #2512, 19.00000000000001100 ) ;
#128 = CIRCLE ( 'NONE', #2637, 4.225000000000093800 ) ;
#129 = CIRCLE ( 'NONE', #2547, 26.49999999999999600 ) ;
#130 = CIRCLE ( 'NONE', #2588, 4.250000000000003600 ) ;
#131 = CIRCLE ( 'NONE', #2550, 16.87500000000000000 ) ;
#132 = CIRCLE ( 'NONE', #2642, 7.500000000000013300 ) ;
#133 = CIRCLE ( 'NONE', #2522, 8.250000000000026600 ) ;
#134 = CIRCLE ( 'NONE', #2591, 14.50000000000000000 ) ;
#135 = CIRCLE ( 'NONE', #2518, 16.87500000000000000 ) ;
#136 = CC_DESIGN_PERSON_AND_ORGANIZATION_ASSIGNMENT ( #3602, #3604, ( #9049 ) ) ;
#137 = CIRCLE ( 'NONE', #2659, 6.749999999999990200 ) ;
#138 = CIRCLE ( 'NONE', #2814, 4.250000000000003600 ) ;
#139 = CIRCLE ( 'NONE', #2696, 20.50000000000002100 ) ;
#140 = CIRCLE ( 'NONE', #2578, 14.00000000000000000 ) ;
#141 = CIRCLE ( 'NONE', #2699, 8.749999999999971600 ) ;
#142 = CIRCLE ( 'NONE', #2706, 8.749999999999971600 ) ;
#143 = CIRCLE ( 'NONE', #2734, 4.250000000000003600 ) ;
#144 = CIRCLE ( 'NONE', #2749, 4.250000000000003600 ) ;
#145 = CIRCLE ( 'NONE', #2576, 1.999999999999988000 ) ;
#146 = LOCAL_TIME ( 14, 21, 13.00000000000000000, #8559 ) ;
#147 = CIRCLE ( 'NONE', #2717, 2.000000000000000000 ) ;
#148 = CIRCLE ( 'NONE', #2563, 2.000000000000001800 ) ;
#149 = CIRCLE ( 'NONE', #2616, 9.500000000000019500 ) ;
#150 = CIRCLE ( 'NONE', #2607, 14.00000000000000000 ) ;
#151 = CIRCLE ( 'NONE', #2430, 4.250000000000003600 ) ;
#152 = CIRCLE ( 'NONE', #2753, 20.00000000000001400 ) ;
#153 = CIRCLE ( 'NONE', #2737, 8.749999999999971600 ) ;
#154 = CIRCLE ( 'NONE', #2570, 8.750000000000008900 ) ;
#155 = CIRCLE ( 'NONE', #2617, 6.749999999999980500 ) ;
#156 = CIRCLE ( 'NONE', #2544, 6.750000000000002700 ) ;
#157 = CONICAL_SURFACE ( 'NONE', #9783, 17.49999999999996100, 0.7853981633974100900 ) ;
#158 = CIRCLE ( 'NONE', #2552, 1.999999999999996700 ) ;
#159 = CIRCLE ( 'NONE', #2653, 24.00000000000000400 ) ;
#160 = CIRCLE ( 'NONE', #8773, 4.250000000000003600 ) ;
#161 = CIRCLE ( 'NONE', #2744, 20.00000000000002800 ) ;
#162 = CIRCLE ( 'NONE', #2811, 4.250000000000003600 ) ;
#163 = CIRCLE ( 'NONE', #2806, 4.500000000000003600 ) ;
#164 = CIRCLE ( 'NONE', #2864, 4.500000000000003600 ) ;
#165 = CIRCLE ( 'NONE', #2826, 4.250000000000003600 ) ;
#166 = CIRCLE ( 'NONE', #2816, 4.250000000000003600 ) ;
#167 = CIRCLE ( 'NONE', #2572, 2.000000000000001800 ) ;
#168 = CIRCLE ( 'NONE', #2669, 8.250000000000021300 ) ;
#169 = CIRCLE ( 'NONE', #2755, 20.50000000000002800 ) ;
#170 = CIRCLE ( 'NONE', #2543, 4.250000000000003600 ) ;
#171 = CONICAL_SURFACE ( 'NONE', #9309, 17.50000000000001400, 0.7853981633974538300 ) ;
#172 = APPROVAL ( #3640, 'UNSPECIFIED' ) ;
#173 = LOCAL_TIME ( 14, 21, 13.00000000000000000, #9775 ) ;
#174 = APPROVAL ( #3558, 'UNSPECIFIED' ) ;
#175 = LOCAL_TIME ( 14, 21, 13.00000000000000000, #9808 ) ;
#176 = CC_DESIGN_DATE_AND_TIME_ASSIGNMENT ( #3460, #3462, ( #314 ) ) ;
#177 = CIRCLE ( 'NONE', #8370, 10.50000000000000000 ) ;
#178 = LOCAL_TIME ( 14, 21, 13.00000000000000000, #9174 ) ;
#179 = LOCAL_TIME ( 14, 21, 13.00000000000000000, #9218 ) ;
#180 = CIRCLE ( 'NONE', #2768, 9.000000000000001800 ) ;
#181 = CIRCLE ( 'NONE', #9992, 17.50000000000007100 ) ;
#182 = CIRCLE ( 'NONE', #2687, 6.750000000000001800 ) ;
#183 = CIRCLE ( 'NONE', #9816, 9.000000000000001800 ) ;
#184 = CIRCLE ( 'NONE', #8494, 18.49999999999999600 ) ;
#185 = CIRCLE ( 'NONE', #8345, 2.000000000000000000 ) ;
#186 = CIRCLE ( 'NONE', #8361, 9.817843488333981100 ) ;
#187 = CIRCLE ( 'NONE', #9559, 4.500000000000032000 ) ;
#188 = CC_DESIGN_PERSON_AND_ORGANIZATION_ASSIGNMENT ( #3775, #3779, ( #9222 ) ) ;
#189 = CC_DESIGN_DATE_AND_TIME_ASSIGNMENT ( #3488, #3490, ( #8575 ) ) ;
#190 = CC_DESIGN_DATE_AND_TIME_ASSIGNMENT ( #3842, #3852, ( #9093 ) ) ;
#191 = LOCAL_TIME ( 14, 21, 13.00000000000000000, #9650 ) ;
#192 = CIRCLE ( 'NONE', #9477, 9.750000000000012400 ) ;
#193 = CIRCLE ( 'NONE', #9444, 9.750000000000016000 ) ;
#194 = CIRCLE ( 'NONE', #2485, 16.87500000000000000 ) ;
#195 = CIRCLE ( 'NONE', #9618, 19.25000000000001100 ) ;
#196 = CIRCLE ( 'NONE', #2441, 2.000000000000001800 ) ;
#197 = CIRCLE ( 'NONE', #8452, 18.49999999999999600 ) ;
#198 = CIRCLE ( 'NONE', #2455, 2.000000000000000000 ) ;
#199 = CC_DESIGN_PERSON_AND_ORGANIZATION_ASSIGNMENT ( #3440, #3442, ( #1243 ) ) ;
#200 = CIRCLE ( 'NONE', #2690, 9.000000000000001800 ) ;
#201 = CIRCLE ( 'NONE', #8352, 13.25000000000000000 ) ;
#202 = CIRCLE ( 'NONE', #3083, 7.500000000000013300 ) ;
#203 = CIRCLE ( 'NONE', #3094, 6.750000000000001800 ) ;
#204 = CONICAL_SURFACE ( 'NONE', #2683, 9.750000000000016000, 0.7853981633974794800 ) ;
#205 = CIRCLE ( 'NONE', #8364, 4.000000000000001800 ) ;
#206 = CONICAL_SURFACE ( 'NONE', #9418, 14.49999999999999300, 0.5235987755982985900 ) ;
#207 = CONICAL_SURFACE ( 'NONE', #2554, 9.750000000000016000, 0.7853981633974761500 ) ;
#208 = LOCAL_TIME ( 14, 21, 13.00000000000000000, #8589 ) ;
#209 = CIRCLE ( 'NONE', #2887, 2.000000000000000000 ) ;
#210 = CIRCLE ( 'NONE', #2634, 7.500000000000013300 ) ;
#211 = CIRCLE ( 'NONE', #2525, 16.87500000000000000 ) ;
#212 = APPROVAL ( #3840, 'UNKNOWN' ) ;
#213 = CIRCLE ( 'NONE', #8473, 14.25000000000000200 ) ;
#214 = CONICAL_SURFACE ( 'NONE', #9603, 13.25000000000000000, 0.8559877532163185900 ) ;
#215 = CIRCLE ( 'NONE', #2661, 14.00000000000000000 ) ;
#216 = CIRCLE ( 'NONE', #3105, 4.250000000000003600 ) ;
#217 = CIRCLE ( 'NONE', #2524, 19.00000000000001100 ) ;
#218 = CIRCLE ( 'NONE', #2467, 2.000000000000000000 ) ;
#219 = CIRCLE ( 'NONE', #2598, 2.000000000000000000 ) ;
#220 = CIRCLE ( 'NONE', #2883, 6.749999999999980500 ) ;
#221 = CIRCLE ( 'NONE', #2450, 5.500000000000009800 ) ;
#222 = CIRCLE ( 'NONE', #2436, 18.49999999999999600 ) ;
#223 = CIRCLE ( 'NONE', #2438, 20.00000000000001400 ) ;
#224 = CIRCLE ( 'NONE', #2449, 17.50000000000007100 ) ;
#225 = CIRCLE ( 'NONE', #2479, 6.749999999999980500 ) ;
#226 = LOCAL_TIME ( 14, 21, 13.00000000000000000, #9662 ) ;
#227 = LOCAL_TIME ( 14, 21, 13.00000000000000000, #9726 ) ;
#228 = CC_DESIGN_DATE_AND_TIME_ASSIGNMENT ( #3681, #3683, ( #9821 ) ) ;
#229 = CIRCLE ( 'NONE', #8606, 14.49999999999999800 ) ;
#230 = CC_DESIGN_DATE_AND_TIME_ASSIGNMENT ( #3524, #3526, ( #93 ) ) ;
#231 = CC_DESIGN_PERSON_AND_ORGANIZATION_ASSIGNMENT ( #3736, #3738, ( #9683 ) ) ;
#232 = CIRCLE ( 'NONE', #2483, 4.500000000000032000 ) ;
#233 = CIRCLE ( 'NONE', #2457, 2.000000000000001800 ) ;
#234 = LOCAL_TIME ( 14, 21, 13.00000000000000000, #8422 ) ;
#235 = APPROVAL ( #3705, 'UNSPECIFIED' ) ;
#236 = PRODUCT_RELATED_PRODUCT_CATEGORY ( 'detail', '', ( #1247 ) ) ;
#237 = CIRCLE ( 'NONE', #2434, 8.750000000000008900 ) ;
#238 = CC_DESIGN_PERSON_AND_ORGANIZATION_ASSIGNMENT ( #3850, #3854, ( #9093 ) ) ;
#239 = CONICAL_SURFACE ( 'NONE', #9577, 9.817843488333965100, 0.8559877532163301400 ) ;
#240 = CIRCLE ( 'NONE', #2499, 17.49999999999996100 ) ;
#241 = APPROVAL ( #3466, 'UNSPECIFIED' ) ;
#242 = CC_DESIGN_PERSON_AND_ORGANIZATION_ASSIGNMENT ( #3474, #3476, ( #8572 ) ) ;
#243 = CONICAL_SURFACE ( 'NONE', #8488, 6.749999999999990200, 0.5235987755982956000 ) ;
#244 = CONICAL_SURFACE ( 'NONE', #8439, 18.49999999999999600, 0.7853981633974378400 ) ;
#245 = CC_DESIGN_PERSON_AND_ORGANIZATION_ASSIGNMENT ( #3714, #3716, ( #297 ) ) ;
#246 = APPROVAL ( #3594, 'UNSPECIFIED' ) ;
#247 = CC_DESIGN_PERSON_AND_ORGANIZATION_ASSIGNMENT ( #3667, #3669, ( #9656 ) ) ;
#248 = CONICAL_SURFACE ( 'NONE', #8521, 9.250000000000001800, 0.7853981633974482800 ) ;
#249 = TOROIDAL_SURFACE ( 'NONE', #9748, 9.725000000000104400, 4.225000000000096500 ) ;
#250 = LOCAL_TIME ( 14, 21, 13.00000000000000000, #8996 ) ;
#251 = CC_DESIGN_PERSON_AND_ORGANIZATION_ASSIGNMENT ( #3520, #3522, ( #93 ) ) ;
#252 = CC_DESIGN_DATE_AND_TIME_ASSIGNMENT ( #3792, #3802, ( #9169 ) ) ;
#253 = CONICAL_SURFACE ( 'NONE', #2427, 4.250000000000003600, 0.7853981633974482800 ) ;
#254 = CIRCLE ( 'NONE', #2909, 14.50000000000000000 ) ;
#255 = LOCAL_TIME ( 14, 21, 13.00000000000000000, #9832 ) ;
#256 = LOCAL_TIME ( 14, 21, 13.00000000000000000, #8444 ) ;
#257 = CC_DESIGN_DATE_AND_TIME_ASSIGNMENT ( #3746, #3748, ( #8979 ) ) ;
#258 = LOCAL_TIME ( 14, 21, 13.00000000000000000, #8952 ) ;
#259 = CC_DESIGN_PERSON_AND_ORGANIZATION_ASSIGNMENT ( #3697, #3699, ( #1244 ) ) ;
#260 = CC_DESIGN_PERSON_AND_ORGANIZATION_ASSIGNMENT ( #3538, #3540, ( #8418 ) ) ;
#261 = APPROVAL ( #3530, 'UNSPECIFIED' ) ;
#262 = CC_DESIGN_DATE_AND_TIME_ASSIGNMENT ( #3767, #3777, ( #9222 ) ) ;
#263 = LOCAL_TIME ( 14, 21, 13.00000000000000000, #9113 ) ;
#264 = LOCAL_TIME ( 14, 21, 13.00000000000000000, #8915 ) ;
#265 = LOCAL_TIME ( 14, 21, 13.00000000000000000, #9167 ) ;
#266 = CC_DESIGN_PERSON_AND_ORGANIZATION_ASSIGNMENT ( #3504, #3506, ( #1246 ) ) ;
#267 = APPROVAL ( #3790, 'UNKNOWN' ) ;
#268 = CONICAL_SURFACE ( 'NONE', #8524, 23.75000000000002500, 1.047197551196593900 ) ;
#269 = CIRCLE ( 'NONE', #9236, 19.25000000000002500 ) ;
#270 = CC_DESIGN_DATE_AND_TIME_ASSIGNMENT ( #3588, #3590, ( #47 ) ) ;
#271 = CIRCLE ( 'NONE', #2639, 24.00000000000000400 ) ;
#272 = CIRCLE ( 'NONE', #2471, 2.000000000000001800 ) ;
#273 = CIRCLE ( 'NONE', #9978, 20.50000000000002800 ) ;
#274 = CIRCLE ( 'NONE', #8343, 9.000000000000001800 ) ;
#275 = CIRCLE ( 'NONE', #2776, 14.00000000000000000 ) ;
#276 = CIRCLE ( 'NONE', #8389, 9.817843488333965100 ) ;
#277 = CIRCLE ( 'NONE', #8332, 10.50000000000000000 ) ;
#278 = CIRCLE ( 'NONE', #2461, 4.000000000000003600 ) ;
#279 = CIRCLE ( 'NONE', #9991, 26.49999999999999600 ) ;
#280 = TOROIDAL_SURFACE ( 'NONE', #9447, 9.725000000000104400, 4.225000000000096500 ) ;
#281 = APPROVAL ( #3448, 'UNSPECIFIED' ) ;
#282 = CIRCLE ( 'NONE', #8498, 18.49999999999999600 ) ;
#283 = CC_DESIGN_PERSON_AND_ORGANIZATION_ASSIGNMENT ( #3568, #3570, ( #1247 ) ) ;
#284 = CONICAL_SURFACE ( 'NONE', #9019, 4.250000000000003600, 0.7853981633974761500 ) ;
#285 = CC_DESIGN_PERSON_AND_ORGANIZATION_ASSIGNMENT ( #3478, #3480, ( #8572 ) ) ;
#286 = CIRCLE ( 'NONE', #8470, 6.750000000000001800 ) ;
#287 = CIRCLE ( 'NONE', #8373, 18.49999999999999600 ) ;
#288 = CIRCLE ( 'NONE', #3091, 4.225000000000100900 ) ;
#289 = CIRCLE ( 'NONE', #2469, 2.000000000000000000 ) ;
#290 = CIRCLE ( 'NONE', #2451, 14.25000000000000000 ) ;
#291 = CIRCLE ( 'NONE', #2625, 3.999999999999994700 ) ;
#292 = CIRCLE ( 'NONE', #2481, 18.49999999999999600 ) ;
#293 = CIRCLE ( 'NONE', #2583, 1.999999999999988000 ) ;
#294 = CIRCLE ( 'NONE', #2791, 9.249999999999998200 ) ;
#295 = CC_DESIGN_DATE_AND_TIME_ASSIGNMENT ( #3552, #3554, ( #8423 ) ) ;
#296 = CIRCLE ( 'NONE', #8441, 10.50000000000000000 ) ;
#297 = PRODUCT_DEFINITION ( 'UNKNOWN', '', #9683, #4860 ) ;
#298 = CONICAL_SURFACE ( 'NONE', #2533, 19.25000000000002500, 0.7853981633974761500 ) ;
#299 = CIRCLE ( 'NONE', #2620, 23.75000000000003600 ) ;
#300 = CIRCLE ( 'NONE', #3023, 20.50000000000002100 ) ;
#301 = CC_DESIGN_PERSON_AND_ORGANIZATION_ASSIGNMENT ( #3742, #3744, ( #8979 ) ) ;
#302 = CIRCLE ( 'NONE', #3078, 15.09558823529403400 ) ;
#303 = APPROVAL ( #3494, 'UNSPECIFIED' ) ;
#304 = CIRCLE ( 'NONE', #2915, 2.000000000000000000 ) ;
#305 = CIRCLE ( 'NONE', #3058, 4.250000000000003600 ) ;
#306 = CIRCLE ( 'NONE', #2751, 8.249999999999971600 ) ;
#307 = CIRCLE ( 'NONE', #9737, 24.00000000000000400 ) ;
#308 = CC_DESIGN_PERSON_AND_ORGANIZATION_ASSIGNMENT ( #3732, #3734, ( #9683 ) ) ;
#309 = LOCAL_TIME ( 14, 21, 13.00000000000000000, #8552 ) ;
#310 = CC_DESIGN_PERSON_AND_ORGANIZATION_ASSIGNMENT ( #3800, #3804, ( #9169 ) ) ;
#311 = CIRCLE ( 'NONE', #9987, 17.49999999999996100 ) ;
#312 = CIRCLE ( 'NONE', #2912, 8.249999999999971600 ) ;
#313 = LOCAL_TIME ( 14, 21, 13.00000000000000000, #9136 ) ;
#314 = PRODUCT_DEFINITION ( 'UNKNOWN', '', #8572, #4863 ) ;
#315 = CONICAL_SURFACE ( 'NONE', #8852, 4.250000000000003600, 0.7853981633974482800 ) ;
#316 = CC_DESIGN_PERSON_AND_ORGANIZATION_ASSIGNMENT ( #3671, #3673, ( #9656 ) ) ;
#317 = CONICAL_SURFACE ( 'NONE', #2928, 4.250000000000003600, 0.7853981633974761500 ) ;
#318 = LOCAL_TIME ( 14, 21, 13.00000000000000000, #9675 ) ;
#319 = CIRCLE ( 'NONE', #2489, 8.249999999999971600 ) ;
#320 = CIRCLE ( 'NONE', #2855, 4.250000000000003600 ) ;
#321 = CC_DESIGN_DATE_AND_TIME_ASSIGNMENT ( #3616, #3618, ( #9047 ) ) ;
#322 = LOCAL_TIME ( 14, 21, 13.00000000000000000, #9829 ) ;
#323 = CARTESIAN_POINT ( 'NONE',  ( 277.7499999999999400, 0.0000000000000000000, 18.49999999999999600 ) ) ;
#324 = CARTESIAN_POINT ( 'NONE',  ( -12.49999999999999800, 10.74999999999994500, 23.00000000000000000 ) ) ;
#325 = CARTESIAN_POINT ( 'NONE',  ( 17.00000000000000000, 1.405644269701503500, -19.19861099629492100 ) ) ;
#326 = CARTESIAN_POINT ( 'NONE',  ( 194.0755270074218700, 30.52371917271650400, 22.68958281554018100 ) ) ;
#327 = CARTESIAN_POINT ( 'NONE',  ( -295.2500000000000000, 2.265596578422602600E-015, -18.49999999999999300 ) ) ;
#328 = CARTESIAN_POINT ( 'NONE',  ( 156.8112243385262700, 35.57496714377909800, -5.957467969127925800 ) ) ;
#329 = CARTESIAN_POINT ( 'NONE',  ( 270.2500000000000000, 0.0000000000000000000, -10.50000000000000000 ) ) ;
#330 = LINE ( 'NONE', #652, #9984 ) ;
#331 = CARTESIAN_POINT ( 'NONE',  ( -271.2499999999999400, 10.82820391385385300, 14.99999999999999800 ) ) ;
#332 = CARTESIAN_POINT ( 'NONE',  ( 181.5233701033256800, -24.09305741173945800, -30.36582553296162600 ) ) ;
#333 = CARTESIAN_POINT ( 'NONE',  ( -271.2499999999999400, -10.82820391385385300, -14.99999999999999800 ) ) ;
#334 = CARTESIAN_POINT ( 'NONE',  ( 191.1887756614737300, 29.65547828438184300, 27.61362158060127200 ) ) ;
#335 = CARTESIAN_POINT ( 'NONE',  ( 277.7499999999999400, 10.82820391385385300, 14.99999999999999800 ) ) ;
#336 = CARTESIAN_POINT ( 'NONE',  ( -295.2500000000000000, 0.0000000000000000000, 18.49999999999999300 ) ) ;
#337 = CARTESIAN_POINT ( 'NONE',  ( 270.2500000000000000, -9.013878188659898400, 14.99999999999999800 ) ) ;
#338 = CARTESIAN_POINT ( 'NONE',  ( -294.2500000000000000, 0.0000000000000000000, 0.0000000000000000000 ) ) ;
#339 = CARTESIAN_POINT ( 'NONE',  ( -271.2499999999999400, 10.82820391385385300, -14.99999999999999800 ) ) ;
#340 = CARTESIAN_POINT ( 'NONE',  ( -302.7711471785539700, 0.0000000000000000000, 9.817843488333981100 ) ) ;
#341 = CARTESIAN_POINT ( 'NONE',  ( -12.49999999999999800, -1.582067810090848100E-015, 14.25000000000000000 ) ) ;
#342 = CARTESIAN_POINT ( 'NONE',  ( -270.2500000000000000, 9.013878188660115100, 14.99999999999999800 ) ) ;
#343 = CARTESIAN_POINT ( 'NONE',  ( 277.7499999999999400, -10.82820391385385300, 14.99999999999999800 ) ) ;
#344 = DIRECTION ( 'NONE',  ( -0.0000000000000000000, 1.000000000000000000, 0.0000000000000000000 ) ) ;
#345 = CARTESIAN_POINT ( 'NONE',  ( -17.00000000000000000, -11.75000000000000200, 52.75000000000000000 ) ) ;
#346 = CARTESIAN_POINT ( 'NONE',  ( -110.0000000000000000, -30.00000000000000000, 12.25000000000000200 ) ) ;
#347 = CARTESIAN_POINT ( 'NONE',  ( -12.49999999999999800, 1.734723475976807100E-015, -14.25000000000000000 ) ) ;
#348 = CARTESIAN_POINT ( 'NONE',  ( 305.7499999999999400, 2.005359133603790800E-015, -14.25000000000000200 ) ) ;
#349 = CARTESIAN_POINT ( 'NONE',  ( 281.2499999999999400, 0.0000000000000000000, 6.000190847376200500E-015 ) ) ;
#350 = PLANE ( 'NONE',  #8446 ) ;
#351 = CARTESIAN_POINT ( 'NONE',  ( 270.2500000000000000, 1.285879139104720800E-015, 10.50000000000000000 ) ) ;
#352 = DIRECTION ( 'NONE',  ( 1.000000000000000000, -0.0000000000000000000, -0.0000000000000000000 ) ) ;
#353 = CARTESIAN_POINT ( 'NONE',  ( -277.7499999999999400, -10.82820391385385300, 14.99999999999999800 ) ) ;
#354 = DIRECTION ( 'NONE',  ( 0.0000000000000000000, 0.0000000000000000000, 1.000000000000000000 ) ) ;
#355 = CARTESIAN_POINT ( 'NONE',  ( 16.75000000000000000, -21.24999999999997500, -53.00000000000000000 ) ) ;
#356 = CARTESIAN_POINT ( 'NONE',  ( 16.75000000000000000, -21.25066738965852100, -20.60674487961427200 ) ) ;
#357 = CARTESIAN_POINT ( 'NONE',  ( -270.2500000000000000, -9.013878188660115100, -14.99999999999999800 ) ) ;
#358 = DIRECTION ( 'NONE',  ( 0.0000000000000000000, -0.1736481776669302200, 0.9848077530122081300 ) ) ;
#359 = CARTESIAN_POINT ( 'NONE',  ( 12.49999999999999800, -22.24999999999998600, -52.75000000000000000 ) ) ;
#360 = CARTESIAN_POINT ( 'NONE',  ( 111.4999999999999700, -21.50000000000000000, 20.62499999999999300 ) ) ;
#361 = CARTESIAN_POINT ( 'NONE',  ( 305.7499999999999400, 0.0000000000000000000, -13.25000000000000000 ) ) ;
#362 = CARTESIAN_POINT ( 'NONE',  ( -143.0000000000000000, -14.00000000000000000, -9.000000000000000000 ) ) ;
#363 = CARTESIAN_POINT ( 'NONE',  ( -277.7499999999999400, -10.82820391385385300, -14.99999999999999800 ) ) ;
#364 = CARTESIAN_POINT ( 'NONE',  ( -12.75000000000000000, -12.74999999999999300, -32.00000000000000000 ) ) ;
#365 = CARTESIAN_POINT ( 'NONE',  ( 9.904330988104222500E-015, -11.49999999999999100, -44.75000000000000700 ) ) ;
#366 = CARTESIAN_POINT ( 'NONE',  ( 150.9999999999999700, 0.0000000000000000000, 24.00000000000000400 ) ) ;
#367 = CARTESIAN_POINT ( 'NONE',  ( 1.042480587774184700E-014, -11.50000000000000000, 44.75000000000000700 ) ) ;
#368 = CARTESIAN_POINT ( 'NONE',  ( 105.9999999999999700, -28.00000000000000000, 26.49999999999999300 ) ) ;
#369 = CARTESIAN_POINT ( 'NONE',  ( -3.282148686455256000, -11.50000000000000000, 37.79999999999999700 ) ) ;
#370 = CARTESIAN_POINT ( 'NONE',  ( 180.6933215380521500, 1.039242623594244900, -34.68769021307982600 ) ) ;
#371 = CARTESIAN_POINT ( 'NONE',  ( -12.75000000000000000, -12.74999999999999800, 52.75000000000000000 ) ) ;
#372 = CARTESIAN_POINT ( 'NONE',  ( -294.2500000000000000, 0.0000000000000000000, 0.0000000000000000000 ) ) ;
#373 = CARTESIAN_POINT ( 'NONE',  ( -12.75000000000000000, -12.74999999999998900, -52.75000000000000000 ) ) ;
#374 = CARTESIAN_POINT ( 'NONE',  ( 159.6979756844743900, 31.47455510328652700, -20.13488385137466700 ) ) ;
#375 = CARTESIAN_POINT ( 'NONE',  ( -12.75000000000000000, -21.99999999999999600, -14.50000000000000500 ) ) ;
#376 = CARTESIAN_POINT ( 'NONE',  ( 190.1580895994246400, -18.73779136761564200, 61.63682427858505300 ) ) ;
#377 = CARTESIAN_POINT ( 'NONE',  ( -12.75000000000000000, -22.00000000000000000, 52.75000000000000000 ) ) ;
#378 = DIRECTION ( 'NONE',  ( -0.7071067811865617800, 0.7071067811865332500, 2.273299891916617100E-016 ) ) ;
#379 = CARTESIAN_POINT ( 'NONE',  ( 12.75000000000000000, -22.00000000000000000, 14.49999999999999800 ) ) ;
#380 = CARTESIAN_POINT ( 'NONE',  ( 277.7499999999999400, 2.265596578422603000E-015, -18.49999999999999600 ) ) ;
#381 = CARTESIAN_POINT ( 'NONE',  ( -12.75000000000000000, -21.99999999999998600, -52.75000000000000000 ) ) ;
#382 = CARTESIAN_POINT ( 'NONE',  ( -107.5000000000000000, 0.0000000000000000000, 14.24999999999999500 ) ) ;
#383 = CARTESIAN_POINT ( 'NONE',  ( -12.75000000000000000, -12.74999999999999600, -32.00000000000000000 ) ) ;
#384 = DIRECTION ( 'NONE',  ( 0.0000000000000000000, 1.000000000000000000, 1.239088197126291100E-016 ) ) ;
#385 = CARTESIAN_POINT ( 'NONE',  ( 12.75000000000000000, -22.00000000000000000, 52.75000000000000000 ) ) ;
#386 = CARTESIAN_POINT ( 'NONE',  ( -17.00000000000000000, -21.24999999999999300, -52.75000000000000000 ) ) ;
#387 = CARTESIAN_POINT ( 'NONE',  ( 12.75000000000000000, -1.419612478252879500E-015, 14.50000000000000000 ) ) ;
#388 = DIRECTION ( 'NONE',  ( 0.7071067811865279200, -0.7071067811865672200, 0.0000000000000000000 ) ) ;
#389 = CARTESIAN_POINT ( 'NONE',  ( 12.75000000000000000, 1.793197301009733400E-015, -14.50000000000000000 ) ) ;
#390 = CARTESIAN_POINT ( 'NONE',  ( 271.2500000000001100, 10.82820391385385300, 14.99999999999999800 ) ) ;
#391 = CARTESIAN_POINT ( 'NONE',  ( -12.75000000000000000, 1.793197301009733400E-015, -14.50000000000000000 ) ) ;
#392 = CARTESIAN_POINT ( 'NONE',  ( -12.49999999999999800, 21.75000000000000000, 13.49999999999996400 ) ) ;
#393 = CARTESIAN_POINT ( 'NONE',  ( -12.75000000000000000, -1.419612478252879500E-015, 14.50000000000000000 ) ) ;
#394 = CARTESIAN_POINT ( 'NONE',  ( 185.0918327189394300, -33.48286498366946500, 5.610107990002758200 ) ) ;
#395 = CARTESIAN_POINT ( 'NONE',  ( 12.75000000000000000, -21.99999999999999600, -14.50000000000000500 ) ) ;
#396 = DIRECTION ( 'NONE',  ( 0.0000000000000000000, 0.0000000000000000000, 1.000000000000000000 ) ) ;
#397 = CARTESIAN_POINT ( 'NONE',  ( -12.49999999999999800, -22.25000000000000000, 14.49999999999999800 ) ) ;
#398 = CARTESIAN_POINT ( 'NONE',  ( 302.7711471785540300, 1.412498034561015200E-015, 9.817843488333965100 ) ) ;
#399 = CARTESIAN_POINT ( 'NONE',  ( 12.75000000000000000, 10.65698837226970900, 22.75000000000000400 ) ) ;
#400 = CARTESIAN_POINT ( 'NONE',  ( -107.5000000000000000, 0.0000000000000000000, -14.25000000000000000 ) ) ;
#401 = CARTESIAN_POINT ( 'NONE',  ( 12.75000000000000000, 10.65698837226974400, -22.75000000000000400 ) ) ;
#402 = CARTESIAN_POINT ( 'NONE',  ( 153.7057021036851000, -0.5030247201090145600, 2.852794949972542200 ) ) ;
#403 = CARTESIAN_POINT ( 'NONE',  ( -12.49999999999999800, -22.24999999999998600, -52.75000000000000000 ) ) ;
#404 = LINE ( 'NONE', #820, #9968 ) ;
#405 = CARTESIAN_POINT ( 'NONE',  ( -12.75000000000000000, -3.499999999999997800, 22.75000000000000400 ) ) ;
#406 = CARTESIAN_POINT ( 'NONE',  ( -16.74999999999998600, -21.25066738965852100, -20.60674487961427200 ) ) ;
#407 = CARTESIAN_POINT ( 'NONE',  ( -12.75000000000000000, 21.50000000000000000, -13.38558086696025200 ) ) ;
#408 = CARTESIAN_POINT ( 'NONE',  ( 16.75000000000000000, -21.50000000000000000, -20.89547203953948800 ) ) ;
#409 = CARTESIAN_POINT ( 'NONE',  ( -12.75000000000000000, 21.50000000000000000, 13.38558086696021500 ) ) ;
#410 = CARTESIAN_POINT ( 'NONE',  ( -96.50000000000000000, -20.99999999999997200, 16.24999999999999600 ) ) ;
#411 = CARTESIAN_POINT ( 'NONE',  ( -12.75000000000000000, -3.499999999999993800, -22.75000000000000400 ) ) ;
#412 = LINE ( 'NONE', #364, #9967 ) ;
#413 = CARTESIAN_POINT ( 'NONE',  ( -12.75000000000000000, 10.65698837226974800, -22.75000000000000400 ) ) ;
#414 = CARTESIAN_POINT ( 'NONE',  ( 302.7711471785540300, 0.0000000000000000000, -9.817843488333965100 ) ) ;
#415 = CARTESIAN_POINT ( 'NONE',  ( -12.75000000000000000, -12.74999999999999600, 32.00000000000000000 ) ) ;
#416 = CARTESIAN_POINT ( 'NONE',  ( 151.0357753628765900, 29.82725196431707800, -10.79256350793813400 ) ) ;
#417 = CARTESIAN_POINT ( 'NONE',  ( 12.75000000000000000, -12.75000000000000000, 52.75000000000000000 ) ) ;
#418 = DIRECTION ( 'NONE',  ( 0.0000000000000000000, 0.0000000000000000000, -1.000000000000000000 ) ) ;
#419 = CARTESIAN_POINT ( 'NONE',  ( -12.49999999999999800, -12.75000000000000000, 53.00000000000000000 ) ) ;
#420 = CARTESIAN_POINT ( 'NONE',  ( 145.4999999999999700, -28.00000000000000000, 26.49999999999999300 ) ) ;
#421 = CARTESIAN_POINT ( 'NONE',  ( -12.49999999999999800, -22.25000000000000000, 52.75000000000000000 ) ) ;
#422 = CARTESIAN_POINT ( 'NONE',  ( 188.6964418734911500, -16.10184814509412400, 46.68764740315420200 ) ) ;
#423 = CARTESIAN_POINT ( 'NONE',  ( 12.49999999999999800, -22.25000000000000000, 52.75000000000000000 ) ) ;
#424 = CARTESIAN_POINT ( 'NONE',  ( 159.6979756844743900, 35.27108283286196400, -4.234054401356527100 ) ) ;
#425 = CARTESIAN_POINT ( 'NONE',  ( 12.49999999999999800, -22.25000000000000000, 14.49999999999999800 ) ) ;
#426 = DIRECTION ( 'NONE',  ( -0.9953961983671785200, -0.01664344026225316900, 0.09438964017520983000 ) ) ;
#427 = CARTESIAN_POINT ( 'NONE',  ( 12.49999999999999800, -22.00000000000000000, 53.00000000000000000 ) ) ;
#428 = CARTESIAN_POINT ( 'NONE',  ( 150.9999999999999700, -28.00000000000000000, 26.49999999999999300 ) ) ;
#429 = CARTESIAN_POINT ( 'NONE',  ( 12.75000000000000000, -21.99999999999998600, -52.75000000000000000 ) ) ;
#430 = DIRECTION ( 'NONE',  ( -1.000000000000000000, -0.0000000000000000000, -0.0000000000000000000 ) ) ;
#431 = CARTESIAN_POINT ( 'NONE',  ( -12.49999999999999800, -22.00000000000000000, 53.00000000000000000 ) ) ;
#432 = CARTESIAN_POINT ( 'NONE',  ( -110.0000000000000000, -30.00000000000000000, -12.25000000000000200 ) ) ;
#433 = CARTESIAN_POINT ( 'NONE',  ( 12.49999999999999800, -22.00000000000000000, 14.24999999999999800 ) ) ;
#434 = CARTESIAN_POINT ( 'NONE',  ( -271.2499999999999400, -10.82820391385385300, 14.99999999999999800 ) ) ;
#435 = CARTESIAN_POINT ( 'NONE',  ( -12.49999999999999800, -22.00000000000000000, 14.24999999999999800 ) ) ;
#436 = DIRECTION ( 'NONE',  ( 0.09440271605066555300, 0.0000000000000000000, 0.9955340914314573200 ) ) ;
#437 = CARTESIAN_POINT ( 'NONE',  ( 12.75000000000000000, -3.499999999999997800, 22.75000000000000400 ) ) ;
#438 = CARTESIAN_POINT ( 'NONE',  ( 188.3020243155255900, 31.69584437196827100, 16.04213048270781200 ) ) ;
#439 = CARTESIAN_POINT ( 'NONE',  ( 12.75000000000000000, -12.74999999999999500, 32.00000000000000000 ) ) ;
#440 = CARTESIAN_POINT ( 'NONE',  ( 295.2500000000000000, 0.0000000000000000000, 18.49999999999999600 ) ) ;
#441 = CARTESIAN_POINT ( 'NONE',  ( 12.75000000000000000, 21.50000000000000000, -13.38558086696025000 ) ) ;
#442 = CARTESIAN_POINT ( 'NONE',  ( 185.5801926340084500, 22.67842852927175900, 29.75042887089141900 ) ) ;
#443 = CARTESIAN_POINT ( 'NONE',  ( 12.75000000000000000, 21.50000000000000000, 13.38558086696021800 ) ) ;
#444 = DIRECTION ( 'NONE',  ( -0.5773502691896039700, 0.0000000000000000000, 0.8164965809277415800 ) ) ;
#445 = CARTESIAN_POINT ( 'NONE',  ( -12.49999999999999800, -12.49999999999998800, -52.75000000000000000 ) ) ;
#446 = DIRECTION ( 'NONE',  ( -0.0000000000000000000, -0.9848077530122080200, -0.1736481776669304400 ) ) ;
#447 = CARTESIAN_POINT ( 'NONE',  ( 12.49999999999999800, -12.49999999999998800, -52.75000000000000000 ) ) ;
#448 = CARTESIAN_POINT ( 'NONE',  ( 190.7331641145459900, -33.06978844869871600, 65.17421724090672800 ) ) ;
#449 = CARTESIAN_POINT ( 'NONE',  ( 12.49999999999999800, -12.74999999999998800, -53.00000000000000000 ) ) ;
#450 = CARTESIAN_POINT ( 'NONE',  ( -108.0000000000000000, -19.32287565553229300, 14.25000000000000200 ) ) ;
#451 = CARTESIAN_POINT ( 'NONE',  ( -12.49999999999999800, -12.74999999999998800, -53.00000000000000000 ) ) ;
#452 = LINE ( 'NONE', #808, #8514 ) ;
#453 = CARTESIAN_POINT ( 'NONE',  ( -12.49999999999999800, -21.99999999999998600, -53.00000000000000000 ) ) ;
#454 = CARTESIAN_POINT ( 'NONE',  ( -107.5000000000000400, -30.00000000000000000, 16.25000000000000000 ) ) ;
#455 = CARTESIAN_POINT ( 'NONE',  ( 162.4198073659914900, 4.403784678563956900, -24.97510398505079400 ) ) ;
#456 = DIRECTION ( 'NONE',  ( 1.000000000000000000, 0.0000000000000000000, 0.0000000000000000000 ) ) ;
#457 = CARTESIAN_POINT ( 'NONE',  ( 180.3768627966972000, 3.383180011627384200, -19.18696729243642100 ) ) ;
#458 = CARTESIAN_POINT ( 'NONE',  ( -107.5000000000000000, 0.0000000000000000000, 16.24999999999996800 ) ) ;
#459 = CARTESIAN_POINT ( 'NONE',  ( 194.2942978963148700, 0.5030247201090269900, -2.852794949972612800 ) ) ;
#460 = PLANE ( 'NONE',  #9083 ) ;
#461 = CARTESIAN_POINT ( 'NONE',  ( 196.9642246371234600, -2.745038756481351000, 15.56788839377869500 ) ) ;
#462 = CARTESIAN_POINT ( 'NONE',  ( 159.6979756844743900, 31.56137919211997200, -20.62728772788076300 ) ) ;
#463 = CARTESIAN_POINT ( 'NONE',  ( 185.5801926340084500, -4.403784678563964900, 24.97510398505083600 ) ) ;
#464 = CARTESIAN_POINT ( 'NONE',  ( -110.0000000000000000, -19.99999999999999600, 10.99999999999999800 ) ) ;
#465 = CARTESIAN_POINT ( 'NONE',  ( 185.4152729695774700, 35.82359494960609000, 18.54696084998036600 ) ) ;
#466 = CARTESIAN_POINT ( 'NONE',  ( 151.0357753628765900, 2.745038756481354500, -15.56788839377871600 ) ) ;
#467 = CARTESIAN_POINT ( 'NONE',  ( 191.1887756614737800, 35.82359494960609000, 18.54696084998036900 ) ) ;
#468 = CARTESIAN_POINT ( 'NONE',  ( -305.7499999999999400, 0.0000000000000000000, 14.25000000000000000 ) ) ;
#469 = CARTESIAN_POINT ( 'NONE',  ( 194.0755270074218700, 34.95535406127144300, 23.47099961504136800 ) ) ;
#470 = DIRECTION ( 'NONE',  ( -0.0000000000000000000, -0.9848077530122080200, -0.1736481776669303600 ) ) ;
#471 = CARTESIAN_POINT ( 'NONE',  ( 185.4152729695775000, 34.08711317293678200, 28.39503838010245900 ) ) ;
#472 = CARTESIAN_POINT ( 'NONE',  ( 1.042480587055435700E-014, -11.37269971779742200, -36.25000000000000000 ) ) ;
#473 = CARTESIAN_POINT ( 'NONE',  ( 191.1887756614737300, 34.08711317293678200, 28.39503838010245900 ) ) ;
#474 = CARTESIAN_POINT ( 'NONE',  ( -96.50000000000000000, 0.0000000000000000000, 16.24999999999999600 ) ) ;
#475 = CARTESIAN_POINT ( 'NONE',  ( 162.5847270304225000, 41.74308380900333000, -15.02412869974877000 ) ) ;
#476 = CARTESIAN_POINT ( 'NONE',  ( 159.6979756844743900, 33.79387120334364900, -4.494526667856922200 ) ) ;
#477 = CARTESIAN_POINT ( 'NONE',  ( 165.4714783763706100, 40.87484292066868400, -10.10008993468776400 ) ) ;
#478 = CARTESIAN_POINT ( 'NONE',  ( 150.9999999999999700, -28.00000000000000000, -26.49999999999999300 ) ) ;
#479 = CARTESIAN_POINT ( 'NONE',  ( 156.8112243385262700, 40.00660203233403700, -5.176051169626738600 ) ) ;
#480 = CARTESIAN_POINT ( 'NONE',  ( -108.0000000000000000, -30.00000000000000000, -16.25000000000000000 ) ) ;
#481 = CARTESIAN_POINT ( 'NONE',  ( 162.5847270304225000, 40.00660203233403700, -5.176051169626738600 ) ) ;
#482 = CARTESIAN_POINT ( 'NONE',  ( -143.0000000000000000, -14.00000000000000000, 9.000000000000000000 ) ) ;
#483 = CARTESIAN_POINT ( 'NONE',  ( 182.5285216236293300, 34.95535406127144300, 23.47099961504140000 ) ) ;
#484 = CARTESIAN_POINT ( 'NONE',  ( 295.2500000000000000, 2.265596578422603000E-015, -18.49999999999999600 ) ) ;
#485 = CARTESIAN_POINT ( 'NONE',  ( 1.045542204772053100E-014, -22.25000000000000000, 45.00000000000000700 ) ) ;
#486 = CARTESIAN_POINT ( 'NONE',  ( 162.4198073659914900, 31.48599788639967700, -20.19977909921021100 ) ) ;
#487 = CARTESIAN_POINT ( 'NONE',  ( 9.904330988104222500E-015, -22.00000000000000000, 36.25000000000000000 ) ) ;
#488 = CARTESIAN_POINT ( 'NONE',  ( 17.00000000000000000, 28.74999999999998600, -1.666998409216799400E-016 ) ) ;
#489 = CARTESIAN_POINT ( 'NONE',  ( 1.042480587774184700E-014, -22.00000000000000000, 44.75000000000000700 ) ) ;
#490 = CARTESIAN_POINT ( 'NONE',  ( -270.2500000000000000, 1.285879139104720800E-015, 10.50000000000000000 ) ) ;
#491 = CARTESIAN_POINT ( 'NONE',  ( 153.9244729925781300, 40.87484292066868400, -10.10008993468776800 ) ) ;
#492 = DIRECTION ( 'NONE',  ( -0.7071067811865672200, -0.7071067811865279200, 0.0000000000000000000 ) ) ;
#493 = CARTESIAN_POINT ( 'NONE',  ( 156.8112243385262400, 41.74308380900333000, -15.02412869974877000 ) ) ;
#494 = CARTESIAN_POINT ( 'NONE',  ( 277.7499999999999400, 10.82820391385385200, -14.99999999999999800 ) ) ;
#495 = CARTESIAN_POINT ( 'NONE',  ( 9.904330988104222500E-015, -22.24999999999998900, -45.00000000000003600 ) ) ;
#496 = LINE ( 'NONE', #672, #8342 ) ;
#497 = CARTESIAN_POINT ( 'NONE',  ( 1.045542204772053500E-014, -22.24999999999998900, -35.99999999999996400 ) ) ;
#498 = CARTESIAN_POINT ( 'NONE',  ( 151.5307582383964900, 34.76355962499054200, -9.993902984236966000 ) ) ;
#499 = CARTESIAN_POINT ( 'NONE',  ( 9.904330988104222500E-015, -21.99999999999997200, -44.75000000000000700 ) ) ;
#500 = CARTESIAN_POINT ( 'NONE',  ( 17.00000000000000000, -21.24999999999999300, -6.998429360212576400E-015 ) ) ;
#501 = CARTESIAN_POINT ( 'NONE',  ( 1.042480587774184700E-014, -21.99999999999997200, -36.25000000000000000 ) ) ;
#502 = CARTESIAN_POINT ( 'NONE',  ( -107.5000000000000000, 0.0000000000000000000, -16.25000000000000000 ) ) ;
#503 = CARTESIAN_POINT ( 'NONE',  ( 9.904330988104222500E-015, -22.25000000000000000, 36.00000000000000000 ) ) ;
#504 = CARTESIAN_POINT ( 'NONE',  ( 159.6979756844743900, 4.479165984284251500, -25.40261261372134500 ) ) ;
#505 = CARTESIAN_POINT ( 'NONE',  ( 12.49999999999999800, -1.582067810090848100E-015, 14.25000000000000000 ) ) ;
#506 = CARTESIAN_POINT ( 'NONE',  ( 191.1644700008870400, -20.55270309459768200, 71.92970016002922800 ) ) ;
#507 = CARTESIAN_POINT ( 'NONE',  ( 9.904330988104222500E-015, -12.49999999999999600, 36.25000000000000000 ) ) ;
#508 = DIRECTION ( 'NONE',  ( -1.000000000000000000, -0.0000000000000000000, -0.0000000000000000000 ) ) ;
#509 = CARTESIAN_POINT ( 'NONE',  ( 1.042480587774184700E-014, -12.49999999999999600, 44.75000000000000700 ) ) ;
#510 = CARTESIAN_POINT ( 'NONE',  ( -96.50000000000000000, -20.99999999999996800, -16.24999999999999600 ) ) ;
#511 = CARTESIAN_POINT ( 'NONE',  ( 9.904330988104222500E-015, -12.49999999999998900, -44.75000000000000700 ) ) ;
#512 = CARTESIAN_POINT ( 'NONE',  ( -108.0000000000000000, -30.00000000000000000, 16.25000000000000400 ) ) ;
#513 = CARTESIAN_POINT ( 'NONE',  ( 1.042480587774184700E-014, -12.49999999999999300, -36.25000000000000000 ) ) ;
#514 = DIRECTION ( 'NONE',  ( 0.0000000000000000000, 1.000000000000000000, -1.239088197126290800E-016 ) ) ;
#515 = CARTESIAN_POINT ( 'NONE',  ( 12.49999999999999800, -21.99999999999999600, -14.25000000000000500 ) ) ;
#516 = CARTESIAN_POINT ( 'NONE',  ( 182.2747764546358800, 6.065700505291555800, -17.12398554947496300 ) ) ;
#517 = CARTESIAN_POINT ( 'NONE',  ( -12.49999999999999800, -21.99999999999999600, -14.25000000000000500 ) ) ;
#518 = CARTESIAN_POINT ( 'NONE',  ( 193.7993150207950100, 32.49700779739338700, 2.860351188836102000 ) ) ;
#519 = CARTESIAN_POINT ( 'NONE',  ( 12.49999999999999800, 1.734723475976807100E-015, -14.25000000000000000 ) ) ;
#520 = DIRECTION ( 'NONE',  ( 0.0000000000000000000, 0.0000000000000000000, 1.000000000000000000 ) ) ;
#521 = PLANE ( 'NONE',  #9969 ) ;
#522 = DIRECTION ( 'NONE',  ( -0.7071067811865332500, -0.7071067811865617800, 0.0000000000000000000 ) ) ;
#523 = CARTESIAN_POINT ( 'NONE',  ( -12.49999999999999800, -12.49999999999999800, 53.00000000000000000 ) ) ;
#524 = CARTESIAN_POINT ( 'NONE',  ( -145.0000000000000300, -19.99999999999999600, 11.00000000000000200 ) ) ;
#525 = DIRECTION ( 'NONE',  ( -0.7071067811865475700, 0.0000000000000000000, 0.7071067811865475700 ) ) ;
#526 = DIRECTION ( 'NONE',  ( 0.0000000000000000000, 0.0000000000000000000, -1.000000000000000000 ) ) ;
#527 = DIRECTION ( 'NONE',  ( 0.7071067811865474600, 0.0000000000000000000, 0.7071067811865474600 ) ) ;
#528 = CARTESIAN_POINT ( 'NONE',  ( 180.2213295577533900, 30.38287663381367300, -13.94366759458518600 ) ) ;
#529 = LINE ( 'NONE', #531, #9961 ) ;
#530 = DIRECTION ( 'NONE',  ( 1.000000000000000000, 0.0000000000000000000, -3.016910393003144300E-016 ) ) ;
#531 = CARTESIAN_POINT ( 'NONE',  ( -17.00000000000000000, -11.50000000000000000, 37.79999999999999700 ) ) ;
#532 = CARTESIAN_POINT ( 'NONE',  ( 12.49999999999999800, -22.24999999999999600, -14.50000000000000500 ) ) ;
#533 = DIRECTION ( 'NONE',  ( -1.000000000000000000, 0.0000000000000000000, 0.0000000000000000000 ) ) ;
#534 = CARTESIAN_POINT ( 'NONE',  ( 12.49999999999999800, 21.75000000000000000, 13.49999999999996400 ) ) ;
#535 = PLANE ( 'NONE',  #9956 ) ;
#536 = CARTESIAN_POINT ( 'NONE',  ( 188.5719345887001500, -15.13870523587883300, 45.54447039478566900 ) ) ;
#537 = LINE ( 'NONE', #539, #9959 ) ;
#538 = DIRECTION ( 'NONE',  ( -1.000000000000000000, -0.0000000000000000000, -0.0000000000000000000 ) ) ;
#539 = CARTESIAN_POINT ( 'NONE',  ( 17.00000000000000000, -8.439108465539024200E-015, -28.04999999999999000 ) ) ;
#540 = CARTESIAN_POINT ( 'NONE',  ( 196.9642246371234600, 24.33717445135437200, 20.34321327961927800 ) ) ;
#541 = DIRECTION ( 'NONE',  ( 0.0000000000000000000, 1.000000000000000000, 8.566535683836084200E-017 ) ) ;
#542 = CARTESIAN_POINT ( 'NONE',  ( 167.6231372033027800, 23.69903319620833700, 23.96229217827700400 ) ) ;
#543 = LINE ( 'NONE', #545, #9957 ) ;
#544 = CARTESIAN_POINT ( 'NONE',  ( 190.4456268569853100, -20.48734726659003500, 64.36058573691403200 ) ) ;
#545 = CARTESIAN_POINT ( 'NONE',  ( -17.00000000000000000, -1.999999999999994900, -28.05000000000000400 ) ) ;
#546 = CARTESIAN_POINT ( 'NONE',  ( -108.0000000000000000, -30.00000000000000000, 14.25000000000000000 ) ) ;
#547 = DIRECTION ( 'NONE',  ( 0.0000000000000000000, -1.000000000000000000, -8.566535683836084200E-017 ) ) ;
#548 = CARTESIAN_POINT ( 'NONE',  ( -305.7499999999999400, 1.622657008870242900E-015, -13.25000000000000000 ) ) ;
#549 = CARTESIAN_POINT ( 'NONE',  ( -12.49999999999999800, -12.49999999999999500, -23.00000000000000400 ) ) ;
#550 = CARTESIAN_POINT ( 'NONE',  ( 159.6979756844743900, 36.39859386834756800, -19.26664296304001700 ) ) ;
#551 = DIRECTION ( 'NONE',  ( -0.7071067811865504600, 0.7071067811865446900, 2.044391222244491000E-016 ) ) ;
#552 = LINE ( 'NONE', #906, #8785 ) ;
#553 = DIRECTION ( 'NONE',  ( -0.7071067811865445800, -0.7071067811865503500, 0.0000000000000000000 ) ) ;
#554 = DIRECTION ( 'NONE',  ( 0.0000000000000000000, 0.0000000000000000000, 1.000000000000000000 ) ) ;
#555 = PLANE ( 'NONE',  #9958 ) ;
#556 = CARTESIAN_POINT ( 'NONE',  ( 185.7357258729522900, 27.68498387998225900, 30.15069494721544500 ) ) ;
#557 = CARTESIAN_POINT ( 'NONE',  ( 162.4198073659914900, 31.48599788639967700, -20.19977909921020800 ) ) ;
#558 = CARTESIAN_POINT ( 'NONE',  ( 271.2500000000001100, -10.82820391385385300, -14.99999999999999800 ) ) ;
#559 = DIRECTION ( 'NONE',  ( -0.3110664778876672300, -0.1650331712988966600, 0.9359496240212881200 ) ) ;
#560 = CARTESIAN_POINT ( 'NONE',  ( 188.6964418734911500, -29.39675281075889000, 44.34339700465064700 ) ) ;
#561 = DIRECTION ( 'NONE',  ( 0.9489617717545982800, 0.0000000000000000000, 0.3153911155190861100 ) ) ;
#562 = DIRECTION ( 'NONE',  ( 0.0000000000000000000, -1.239088197126291100E-016, 1.000000000000000000 ) ) ;
#563 = PLANE ( 'NONE',  #9954 ) ;
#564 = CARTESIAN_POINT ( 'NONE',  ( -277.7499999999999400, 0.0000000000000000000, 18.49999999999999600 ) ) ;
#565 = CARTESIAN_POINT ( 'NONE',  ( 12.75000000000000000, -22.24999999999999600, -14.50000000000000500 ) ) ;
#566 = DIRECTION ( 'NONE',  ( 0.0000000000000000000, 1.000000000000000000, 0.0000000000000000000 ) ) ;
#567 = DIRECTION ( 'NONE',  ( 0.0000000000000000000, 0.7071067811865475700, -0.7071067811865475700 ) ) ;
#568 = CARTESIAN_POINT ( 'NONE',  ( 111.4999999999999700, -28.00000000000000000, 26.49999999999999300 ) ) ;
#569 = DIRECTION ( 'NONE',  ( 0.0000000000000000000, 0.7071067811865474600, 0.7071067811865474600 ) ) ;
#570 = CARTESIAN_POINT ( 'NONE',  ( 196.4692417616035400, 29.24894432080300900, 21.28103453258741600 ) ) ;
#571 = CARTESIAN_POINT ( 'NONE',  ( 174.0000000000000000, 27.08221320783572100, 4.775324885840583500 ) ) ;
#572 = CARTESIAN_POINT ( 'NONE',  ( 165.4714783763706100, 36.44320803211374500, -10.88150673418895100 ) ) ;
#573 = DIRECTION ( 'NONE',  ( -0.0000000000000000000, -0.9848077530122081300, -0.1736481776669303000 ) ) ;
#574 = CARTESIAN_POINT ( 'NONE',  ( -12.75000000000000000, -22.00000000000000000, 14.49999999999999800 ) ) ;
#575 = DIRECTION ( 'NONE',  ( 0.0000000000000000000, 0.1736481776669303000, -0.9848077530122081300 ) ) ;
#576 = DIRECTION ( 'NONE',  ( 0.0000000000000000000, -1.000000000000000000, -1.239088197126291100E-016 ) ) ;
#577 = PLANE ( 'NONE',  #9948 ) ;
#578 = CARTESIAN_POINT ( 'NONE',  ( 162.2642741270476600, 31.40348130075024700, -19.73180428719956900 ) ) ;
#579 = CARTESIAN_POINT ( 'NONE',  ( 196.9642246371234600, 24.33717445135437200, 20.34321327961927800 ) ) ;
#580 = CARTESIAN_POINT ( 'NONE',  ( -108.0000000000000000, -19.32287565553229300, -14.25000000000000200 ) ) ;
#581 = DIRECTION ( 'NONE',  ( -0.9899657510397494900, -0.02453779122483066400, 0.1391607292669571900 ) ) ;
#582 = CARTESIAN_POINT ( 'NONE',  ( -109.5000000000000100, -19.99999999999999600, -15.95809924354782800 ) ) ;
#583 = DIRECTION ( 'NONE',  ( 0.1392026427551683900, 0.0000000000000000000, 0.9902639164636752900 ) ) ;
#584 = LINE ( 'NONE', #438, #8341 ) ;
#585 = PLANE ( 'NONE',  #9947 ) ;
#586 = CARTESIAN_POINT ( 'NONE',  ( -479.2140598934833000, 0.0000000000000000000, 0.0000000000000000000 ) ) ;
#587 = CARTESIAN_POINT ( 'NONE',  ( -107.5000000000000400, -30.00000000000000000, 12.25000000000000200 ) ) ;
#588 = CARTESIAN_POINT ( 'NONE',  ( 159.6979756844743900, 36.13812160184720300, -17.78943133352173700 ) ) ;
#589 = DIRECTION ( 'NONE',  ( -0.6332377902572626800, 0.7739572992033211300, 0.0000000000000000000 ) ) ;
#590 = CARTESIAN_POINT ( 'NONE',  ( 17.00000000000000000, -21.24999999999998900, 20.85736519211915400 ) ) ;
#591 = DIRECTION ( 'NONE',  ( -0.7739572992033211300, -0.6332377902572626800, 0.0000000000000000000 ) ) ;
#592 = DIRECTION ( 'NONE',  ( -1.000000000000000000, -0.0000000000000000000, -0.0000000000000000000 ) ) ;
#593 = PLANE ( 'NONE',  #9945 ) ;
#594 = CARTESIAN_POINT ( 'NONE',  ( -107.5000000000000000, -17.99999999999998200, 14.25000000000000200 ) ) ;
#595 = CARTESIAN_POINT ( 'NONE',  ( 12.49999999999999800, -21.99999999999999600, -14.25000000000000500 ) ) ;
#596 = CARTESIAN_POINT ( 'NONE',  ( 16.75000000000000000, 1.387389149315768600, -18.94927838595341300 ) ) ;
#597 = DIRECTION ( 'NONE',  ( 0.5773502691896258400, -0.5773502691896258400, 0.5773502691896258400 ) ) ;
#598 = CARTESIAN_POINT ( 'NONE',  ( 150.9999999999999700, 3.245206837629298900E-015, 26.49999999999999600 ) ) ;
#599 = DIRECTION ( 'NONE',  ( 0.7071067811865475700, 0.0000000000000000000, -0.7071067811865475700 ) ) ;
#600 = CARTESIAN_POINT ( 'NONE',  ( 270.2500000000000000, 0.0000000000000000000, 0.0000000000000000000 ) ) ;
#601 = CARTESIAN_POINT ( 'NONE',  ( 159.6979756844743900, 36.44320803211373800, -10.88150673418893400 ) ) ;
#602 = DIRECTION ( 'NONE',  ( 0.0000000000000000000, 0.0000000000000000000, -1.000000000000000000 ) ) ;
#603 = DIRECTION ( 'NONE',  ( -0.0000000000000000000, -0.9848077530122081300, -0.1736481776669304400 ) ) ;
#604 = LINE ( 'NONE', #546, #9986 ) ;
#605 = DIRECTION ( 'NONE',  ( 0.0000000000000000000, 0.1736481776669299700, -0.9848077530122081300 ) ) ;
#606 = CARTESIAN_POINT ( 'NONE',  ( -270.2500000000000000, 0.0000000000000000000, -10.50000000000000000 ) ) ;
#607 = PLANE ( 'NONE',  #9939 ) ;
#608 = CARTESIAN_POINT ( 'NONE',  ( -107.5000000000000400, -30.00000000000000000, -16.25000000000000000 ) ) ;
#609 = CARTESIAN_POINT ( 'NONE',  ( -160.5000000000000300, -20.99999999999998900, 16.25000000000001100 ) ) ;
#610 = CARTESIAN_POINT ( 'NONE',  ( -294.2500000000000000, 2.265596578422603000E-015, -18.49999999999999600 ) ) ;
#611 = DIRECTION ( 'NONE',  ( 0.6332377902572616800, 0.7739572992033217900, 0.0000000000000000000 ) ) ;
#612 = DIRECTION ( 'NONE',  ( 0.0000000000000000000, 0.0000000000000000000, -1.000000000000000000 ) ) ;
#613 = DIRECTION ( 'NONE',  ( -0.7739572992033217900, 0.6332377902572616800, 0.0000000000000000000 ) ) ;
#614 = CARTESIAN_POINT ( 'NONE',  ( 153.9244729925781300, 36.44320803211374500, -10.88150673418895500 ) ) ;
#615 = CARTESIAN_POINT ( 'NONE',  ( 174.0000000000000000, 32.00625197289677700, 5.643565774175237400 ) ) ;
#616 = LINE ( 'NONE', #478, #9970 ) ;
#617 = DIRECTION ( 'NONE',  ( -0.0000000000000000000, -0.9848077530122080200, -0.1736481776669303600 ) ) ;
#618 = CARTESIAN_POINT ( 'NONE',  ( -3.282148686455255600, -11.49999999999999500, -37.79999999999999700 ) ) ;
#619 = DIRECTION ( 'NONE',  ( 0.0000000000000000000, 0.1736481776669302200, -0.9848077530122081300 ) ) ;
#620 = CARTESIAN_POINT ( 'NONE',  ( 188.5719345887001500, -29.91082153106195600, 42.93974772978172200 ) ) ;
#621 = CARTESIAN_POINT ( 'NONE',  ( 188.3020243155255900, 30.52371917271649300, 22.68958281554022000 ) ) ;
#622 = CARTESIAN_POINT ( 'NONE',  ( -277.7499999999999400, 2.265596578422603000E-015, -18.49999999999999600 ) ) ;
#623 = DIRECTION ( 'NONE',  ( -0.0000000000000000000, -0.9848077530122081300, -0.1736481776669304400 ) ) ;
#624 = CARTESIAN_POINT ( 'NONE',  ( 182.2747764546358800, -28.40257085013575300, -23.20167176781753000 ) ) ;
#625 = DIRECTION ( 'NONE',  ( 0.0000000000000000000, 0.1736481776669300300, -0.9848077530122081300 ) ) ;
#626 = PLANE ( 'NONE',  #9981 ) ;
#627 = PLANE ( 'NONE',  #9931 ) ;
#628 = CARTESIAN_POINT ( 'NONE',  ( -109.5000000000000100, -19.99999999999999600, 13.57287565553228100 ) ) ;
#629 = CARTESIAN_POINT ( 'NONE',  ( 180.2213295577533900, 35.30691539887471500, -13.07542670625053600 ) ) ;
#630 = CARTESIAN_POINT ( 'NONE',  ( -17.00000000000000000, 1.405644269701502400, -19.19861099629490700 ) ) ;
#631 = DIRECTION ( 'NONE',  ( -0.3110664778876681700, -0.1650331712988966400, 0.9359496240212877800 ) ) ;
#632 = CARTESIAN_POINT ( 'NONE',  ( 187.7379843482889000, -28.40687126648755600, 34.41042193669167700 ) ) ;
#633 = DIRECTION ( 'NONE',  ( 0.9489617717545980600, 0.0000000000000000000, 0.3153911155190870500 ) ) ;
#634 = CARTESIAN_POINT ( 'NONE',  ( -149.0000000000000300, -66.00694377477768200, 16.24999999999999300 ) ) ;
#635 = PLANE ( 'NONE',  #9930 ) ;
#636 = CARTESIAN_POINT ( 'NONE',  ( -305.7499999999999400, 0.0000000000000000000, 13.25000000000000000 ) ) ;
#637 = CARTESIAN_POINT ( 'NONE',  ( -160.5000000000000300, -20.99999999999998900, -14.24999999999998900 ) ) ;
#638 = CARTESIAN_POINT ( 'NONE',  ( 185.4376862878034200, 6.516740676817189400, 16.31035404548225600 ) ) ;
#639 = DIRECTION ( 'NONE',  ( 0.6332377902572616800, 0.7739572992033217900, 0.0000000000000000000 ) ) ;
#640 = CARTESIAN_POINT ( 'NONE',  ( -12.49999999999999800, 21.75000000000000000, -13.49999999999999100 ) ) ;
#641 = DIRECTION ( 'NONE',  ( -0.7739572992033217900, 0.6332377902572616800, 0.0000000000000000000 ) ) ;
#642 = CARTESIAN_POINT ( 'NONE',  ( 150.9999999999999700, 0.0000000000000000000, -26.49999999999999600 ) ) ;
#643 = PLANE ( 'NONE',  #9928 ) ;
#644 = DIRECTION ( 'NONE',  ( -1.508455196501570400E-015, 0.0000000000000000000, -1.000000000000000000 ) ) ;
#645 = CARTESIAN_POINT ( 'NONE',  ( 167.7786704422465800, 28.70558854691884000, 24.36255825460101600 ) ) ;
#646 = CARTESIAN_POINT ( 'NONE',  ( -107.5000000000000000, -17.99999999999998200, -16.25000000000000000 ) ) ;
#647 = DIRECTION ( 'NONE',  ( 0.3110664778876706100, 0.1650331712988965500, -0.9359496240212870100 ) ) ;
#648 = CARTESIAN_POINT ( 'NONE',  ( -96.50000000000000000, 0.0000000000000000000, 14.24999999999999600 ) ) ;
#649 = DIRECTION ( 'NONE',  ( -0.9489617717545971700, 0.0000000000000000000, -0.3153911155190894900 ) ) ;
#650 = CARTESIAN_POINT ( 'NONE',  ( 277.7499999999999400, -10.82820391385385300, -14.99999999999999800 ) ) ;
#651 = PLANE ( 'NONE',  #9926 ) ;
#652 = CARTESIAN_POINT ( 'NONE',  ( 151.5307582383964900, 34.76355962499054200, -9.993902984236966000 ) ) ;
#653 = CARTESIAN_POINT ( 'NONE',  ( 196.4692417616035400, 29.24894432080300900, 21.28103453258741600 ) ) ;
#654 = DIRECTION ( 'NONE',  ( -1.000000000000000000, 0.0000000000000000000, 0.0000000000000000000 ) ) ;
#655 = DIRECTION ( 'NONE',  ( -0.9899657510397498200, -0.02453779122483041400, 0.1391607292669557200 ) ) ;
#656 = CARTESIAN_POINT ( 'NONE',  ( -109.5000000000000100, -19.99999999999999600, 15.95809924354782800 ) ) ;
#657 = DIRECTION ( 'NONE',  ( 0.1392026427551668900, 0.0000000000000000000, 0.9902639164636755100 ) ) ;
#658 = CARTESIAN_POINT ( 'NONE',  ( 174.0000000000000000, 27.08221320783572100, 4.775324885840583500 ) ) ;
#659 = CARTESIAN_POINT ( 'NONE',  ( 188.3020243155255900, 29.04650754319815700, 22.42911054903981200 ) ) ;
#660 = DIRECTION ( 'NONE',  ( -0.7071067811865254800, -0.7071067811865695600, 0.0000000000000000000 ) ) ;
#661 = DIRECTION ( 'NONE',  ( -0.0000000000000000000, -0.9848077530122080200, -0.1736481776669303600 ) ) ;
#662 = CARTESIAN_POINT ( 'NONE',  ( -16.75000000000000000, -11.50000000000000000, 37.79999999999999700 ) ) ;
#663 = DIRECTION ( 'NONE',  ( 0.0000000000000000000, 0.1736481776669305000, -0.9848077530122081300 ) ) ;
#664 = CARTESIAN_POINT ( 'NONE',  ( 187.7379843482889000, -44.40999725293597300, 31.58863904960408700 ) ) ;
#665 = PLANE ( 'NONE',  #9920 ) ;
#666 = DIRECTION ( 'NONE',  ( 0.0000000000000000000, 0.0000000000000000000, 1.000000000000000000 ) ) ;
#667 = CARTESIAN_POINT ( 'NONE',  ( 174.0000000000000000, 0.0000000000000000000, 0.0000000000000000000 ) ) ;
#668 = DIRECTION ( 'NONE',  ( -0.7071067811865683300, 0.4999999999999843500, -0.4999999999999863400 ) ) ;
#669 = DIRECTION ( 'NONE',  ( 0.0000000000000000000, 0.9848077530122081300, 0.1736481776669303300 ) ) ;
#670 = CARTESIAN_POINT ( 'NONE',  ( -12.49999999999999800, -12.49999999999999800, 52.75000000000000000 ) ) ;
#671 = DIRECTION ( 'NONE',  ( 0.0000000000000000000, -0.1736481776669303000, 0.9848077530122080200 ) ) ;
#672 = CARTESIAN_POINT ( 'NONE',  ( -110.0000000000000000, -19.99999999999999600, -12.25000000000000200 ) ) ;
#673 = PLANE ( 'NONE',  #9919 ) ;
#674 = CARTESIAN_POINT ( 'NONE',  ( 154.2006849792049600, 26.59145738333913700, 7.558539471179652300 ) ) ;
#675 = CARTESIAN_POINT ( 'NONE',  ( -12.75000000000000000, 15.80671337560871800, -18.30251022438907800 ) ) ;
#676 = CARTESIAN_POINT ( 'NONE',  ( -17.00000000000000000, 21.72322330470329600, -21.72322330470339900 ) ) ;
#677 = DIRECTION ( 'NONE',  ( -0.7071067811865458000, 0.4621790426399947600, -0.5351546809515735900 ) ) ;
#678 = CARTESIAN_POINT ( 'NONE',  ( 162.2642741270476600, 36.32752006581129200, -18.86356339886491500 ) ) ;
#679 = DIRECTION ( 'NONE',  ( -0.6034762602532451900, 0.0000000000000000000, 0.7973809649789473900 ) ) ;
#680 = CARTESIAN_POINT ( 'NONE',  ( -107.5000000000000000, -17.99999999999998200, 16.24999999999996800 ) ) ;
#681 = CARTESIAN_POINT ( 'NONE',  ( 174.0000000000000000, 32.00625197289677700, 5.643565774175237400 ) ) ;
#682 = CARTESIAN_POINT ( 'NONE',  ( 190.4456268569853100, -16.32653451011335800, 65.09424928755683500 ) ) ;
#683 = DIRECTION ( 'NONE',  ( -0.0000000000000000000, -0.9848077530122080200, -0.1736481776669303600 ) ) ;
#684 = PLANE ( 'NONE',  #8807 ) ;
#685 = DIRECTION ( 'NONE',  ( 0.0000000000000000000, 0.1736481776669304400, -0.9848077530122080200 ) ) ;
#686 = CARTESIAN_POINT ( 'NONE',  ( 162.5847270304225000, 35.57496714377909800, -5.957467969127925800 ) ) ;
#687 = PLANE ( 'NONE',  #9913 ) ;
#688 = CARTESIAN_POINT ( 'NONE',  ( -302.7711471785539700, 1.412498034561016000E-015, -9.817843488333981100 ) ) ;
#689 = CARTESIAN_POINT ( 'NONE',  ( 153.7057021036851000, 26.57918848772670700, 7.628119835813125200 ) ) ;
#690 = CARTESIAN_POINT ( 'NONE',  ( 145.4999999999999700, 0.0000000000000000000, 0.0000000000000000000 ) ) ;
#691 = DIRECTION ( 'NONE',  ( 0.9899657510397502600, 0.02453779122482972100, -0.1391607292669518000 ) ) ;
#692 = CARTESIAN_POINT ( 'NONE',  ( 17.00000000000000000, -1.999999999999994900, -37.79999999999999700 ) ) ;
#693 = DIRECTION ( 'NONE',  ( -0.1392026427551630000, 0.0000000000000000000, -0.9902639164636760600 ) ) ;
#694 = CARTESIAN_POINT ( 'NONE',  ( 188.3020243155255900, 27.87438234394639700, 29.07656288187222800 ) ) ;
#695 = CARTESIAN_POINT ( 'NONE',  ( 159.6979756844743900, 30.04195763753433800, -12.01021988902397600 ) ) ;
#696 = CARTESIAN_POINT ( 'NONE',  ( 188.3020243155255900, 31.69584437196827100, 16.04213048270781200 ) ) ;
#697 = DIRECTION ( 'NONE',  ( -0.0000000000000000000, -0.9848077530122081300, -0.1736481776669303000 ) ) ;
#698 = DIRECTION ( 'NONE',  ( 0.0000000000000000000, 1.000000000000000000, 0.0000000000000000000 ) ) ;
#699 = DIRECTION ( 'NONE',  ( 0.0000000000000000000, 0.1736481776669302500, -0.9848077530122080200 ) ) ;
#700 = CARTESIAN_POINT ( 'NONE',  ( 185.4376862878034200, -40.26162759126274400, 8.062065606303056200 ) ) ;
#701 = PLANE ( 'NONE',  #9908 ) ;
#702 = CARTESIAN_POINT ( 'NONE',  ( 193.7993150207950100, 27.57296903233234900, 1.992110300501450200 ) ) ;
#703 = CARTESIAN_POINT ( 'NONE',  ( -12.49999999999999800, -22.25000000000000000, 53.00000000000000000 ) ) ;
#704 = CARTESIAN_POINT ( 'NONE',  ( -109.5000000000000000, -18.00000000000000000, 16.24999999999996800 ) ) ;
#705 = DIRECTION ( 'NONE',  ( -0.7071067811865475700, -0.7071067811865475700, 0.0000000000000000000 ) ) ;
#706 = CARTESIAN_POINT ( 'NONE',  ( -170.0000000000000300, 0.0000000000000000000, 0.0000000000000000000 ) ) ;
#707 = DIRECTION ( 'NONE',  ( 0.7071067811865474600, -0.7071067811865474600, 0.0000000000000000000 ) ) ;
#708 = CARTESIAN_POINT ( 'NONE',  ( 167.7786704422465800, 28.70558854691884000, 24.36255825460101600 ) ) ;
#709 = PLANE ( 'NONE',  #9907 ) ;
#710 = CARTESIAN_POINT ( 'NONE',  ( 270.2500000000000000, 9.013878188659898400, -14.99999999999999800 ) ) ;
#711 = CARTESIAN_POINT ( 'NONE',  ( -143.0000000000000000, -14.00000000000000000, 9.000000000000000000 ) ) ;
#712 = CARTESIAN_POINT ( 'NONE',  ( 295.2500000000000000, 0.0000000000000000000, 3.404411764705957700 ) ) ;
#713 = DIRECTION ( 'NONE',  ( 1.794541526872561600E-016, -1.000000000000000000, 0.0000000000000000000 ) ) ;
#714 = CARTESIAN_POINT ( 'NONE',  ( -17.00000000000000000, -21.25000000000000000, 52.75000000000000000 ) ) ;
#715 = DIRECTION ( 'NONE',  ( 1.000000000000000000, 1.794541526872561600E-016, 0.0000000000000000000 ) ) ;
#716 = DIRECTION ( 'NONE',  ( 0.0000000000000000000, 0.9848077530122082400, 0.1736481776669303300 ) ) ;
#717 = CARTESIAN_POINT ( 'NONE',  ( 12.75000000000000000, -3.499999999999992900, -32.00000000000000000 ) ) ;
#718 = CARTESIAN_POINT ( 'NONE',  ( 12.49999999999999800, -3.499999999999996900, 32.00000000000000000 ) ) ;
#719 = DIRECTION ( 'NONE',  ( 1.000000000000000000, 0.0000000000000000000, 0.0000000000000000000 ) ) ;
#720 = CARTESIAN_POINT ( 'NONE',  ( 187.7379843482889000, 2.368371015143963600, 39.83692748878328900 ) ) ;
#721 = DIRECTION ( 'NONE',  ( 0.0000000000000000000, 0.0000000000000000000, -1.000000000000000000 ) ) ;
#722 = CARTESIAN_POINT ( 'NONE',  ( 1.042480587774184700E-014, -21.24999999999997500, 44.75000000000000700 ) ) ;
#723 = PLANE ( 'NONE',  #9901 ) ;
#724 = CARTESIAN_POINT ( 'NONE',  ( 191.1887756614737800, 31.39196006105115400, 17.76554405047918200 ) ) ;
#725 = CARTESIAN_POINT ( 'NONE',  ( 190.1495854225403500, -8.158318347530356000, -37.23404948258016100 ) ) ;
#726 = DIRECTION ( 'NONE',  ( -1.000000000000000000, 0.0000000000000000000, 1.508455196501570400E-015 ) ) ;
#727 = DIRECTION ( 'NONE',  ( 0.09584575252022792300, -0.1728487359030508000, 0.9802738934708751200 ) ) ;
#728 = CARTESIAN_POINT ( 'NONE',  ( 271.2500000000001100, 10.82820391385385300, -14.99999999999999800 ) ) ;
#729 = DIRECTION ( 'NONE',  ( 0.0000000000000000000, -0.9848077530122080200, -0.1736481776669302800 ) ) ;
#730 = CARTESIAN_POINT ( 'NONE',  ( -17.00000000000000000, 28.75000000000000000, 14.69644660940667100 ) ) ;
#731 = CARTESIAN_POINT ( 'NONE',  ( -113.9999999999999900, -17.99999999999999600, 9.000000000000000000 ) ) ;
#732 = CARTESIAN_POINT ( 'NONE',  ( 181.9872391970752100, 3.629823453964063300, -20.58575176288836400 ) ) ;
#733 = DIRECTION ( 'NONE',  ( -0.0000000000000000000, -0.0000000000000000000, -1.000000000000000000 ) ) ;
#734 = CARTESIAN_POINT ( 'NONE',  ( 151.5307582383964900, 29.83952085992949300, -10.86214387257162400 ) ) ;
#735 = DIRECTION ( 'NONE',  ( -1.000000000000000000, 0.0000000000000000000, 0.0000000000000000000 ) ) ;
#736 = CARTESIAN_POINT ( 'NONE',  ( -270.9010560600410700, 10.23203275374301000, 14.99999999999999800 ) ) ;
#737 = PLANE ( 'NONE',  #9896 ) ;
#738 = CARTESIAN_POINT ( 'NONE',  ( 153.7057021036851000, 26.57918848772670700, 7.628119835813125200 ) ) ;
#739 = CARTESIAN_POINT ( 'NONE',  ( -12.49999999999999800, -22.25000000000000000, 52.75000000000000000 ) ) ;
#740 = CARTESIAN_POINT ( 'NONE',  ( -12.49999999999999800, -22.24999999999999600, -14.50000000000000500 ) ) ;
#741 = DIRECTION ( 'NONE',  ( -0.5773502691896258400, -0.5773502691896258400, 0.5773502691896258400 ) ) ;
#742 = CARTESIAN_POINT ( 'NONE',  ( 190.7331641145459900, -19.77488378303395000, 67.51846763941028900 ) ) ;
#743 = DIRECTION ( 'NONE',  ( 0.7071067811865475700, 0.0000000000000000000, 0.7071067811865475700 ) ) ;
#744 = CARTESIAN_POINT ( 'NONE',  ( 181.5233701033256800, 4.466367425614564900, -25.33002838062065000 ) ) ;
#745 = PLANE ( 'NONE',  #9895 ) ;
#746 = DIRECTION ( 'NONE',  ( -1.000000000000000000, -0.0000000000000000000, -0.0000000000000000000 ) ) ;
#747 = CARTESIAN_POINT ( 'NONE',  ( 12.75000000000000000, -22.25000000000000000, 52.75000000000000000 ) ) ;
#748 = CARTESIAN_POINT ( 'NONE',  ( -108.0000000000000000, -30.00000000000000000, -14.25000000000000200 ) ) ;
#749 = DIRECTION ( 'NONE',  ( 0.0000000000000000000, 0.7071067811865475700, -0.7071067811865475700 ) ) ;
#750 = CARTESIAN_POINT ( 'NONE',  ( 190.1580895994246400, -32.03269603328041600, 59.29257388008149800 ) ) ;
#751 = DIRECTION ( 'NONE',  ( 0.0000000000000000000, 0.7071067811865474600, 0.7071067811865474600 ) ) ;
#752 = CARTESIAN_POINT ( 'NONE',  ( 111.4999999999999700, 1.387389149315764000, 18.94927838595340200 ) ) ;
#753 = LINE ( 'NONE', #755, #9892 ) ;
#754 = CARTESIAN_POINT ( 'NONE',  ( 180.3768627966972000, 30.46539321946310600, -14.41164240659583800 ) ) ;
#755 = CARTESIAN_POINT ( 'NONE',  ( 17.00000000000000000, -1.084202172485504400E-014, -52.74999999999998600 ) ) ;
#756 = LINE ( 'NONE', #662, #9975 ) ;
#757 = DIRECTION ( 'NONE',  ( 0.0000000000000000000, 1.000000000000000000, -0.0000000000000000000 ) ) ;
#758 = CARTESIAN_POINT ( 'NONE',  ( 188.3020243155255900, 29.35159397346470900, 29.33703514837262500 ) ) ;
#759 = CARTESIAN_POINT ( 'NONE',  ( -143.0000000000000300, -18.00000000000000000, 9.000000000000000000 ) ) ;
#760 = CARTESIAN_POINT ( 'NONE',  ( 150.9999999999999700, -28.00000000000000000, -26.49999999999999300 ) ) ;
#761 = DIRECTION ( 'NONE',  ( -0.0000000000000000000, -0.0000000000000000000, -1.000000000000000000 ) ) ;
#762 = CARTESIAN_POINT ( 'NONE',  ( -107.5000000000000400, -30.00000000000000000, -14.25000000000000000 ) ) ;
#763 = DIRECTION ( 'NONE',  ( -1.000000000000000000, 0.0000000000000000000, 0.0000000000000000000 ) ) ;
#764 = PLANE ( 'NONE',  #8923 ) ;
#765 = LINE ( 'NONE', #767, #9888 ) ;
#766 = CARTESIAN_POINT ( 'NONE',  ( -107.5000000000000400, -30.00000000000000000, 14.25000000000000000 ) ) ;
#767 = CARTESIAN_POINT ( 'NONE',  ( -17.00000000000000000, 1.405644269701502800, -19.19861099629491000 ) ) ;
#768 = CARTESIAN_POINT ( 'NONE',  ( 12.49999999999999800, -3.499999999999997800, 23.00000000000000400 ) ) ;
#769 = DIRECTION ( 'NONE',  ( 0.0000000000000000000, 0.9973304413659687100, 0.07302048154293495900 ) ) ;
#770 = CARTESIAN_POINT ( 'NONE',  ( 17.00000000000000000, 15.50000000000001800, 28.30000000000000100 ) ) ;
#771 = PLANE ( 'NONE',  #9890 ) ;
#772 = CARTESIAN_POINT ( 'NONE',  ( -270.5663331514288100, 9.628023402755445700, 14.99999999999999800 ) ) ;
#773 = LINE ( 'NONE', #775, #9886 ) ;
#774 = CARTESIAN_POINT ( 'NONE',  ( 154.2006849792049600, 31.51549614840017800, 8.426780359514303600 ) ) ;
#775 = CARTESIAN_POINT ( 'NONE',  ( -17.00000000000000000, 28.75000000000000000, -14.80000000000000800 ) ) ;
#776 = CARTESIAN_POINT ( 'NONE',  ( 12.49999999999999800, 10.74999999999997300, -23.00000000000000000 ) ) ;
#777 = DIRECTION ( 'NONE',  ( 0.0000000000000000000, 0.0000000000000000000, -1.000000000000000000 ) ) ;
#778 = DIRECTION ( 'NONE',  ( -1.000000000000000000, 0.0000000000000000000, -6.009258394948588800E-016 ) ) ;
#779 = CARTESIAN_POINT ( 'NONE',  ( -160.5000000000000300, -66.00694377477768200, -16.24999999999998900 ) ) ;
#780 = CARTESIAN_POINT ( 'NONE',  ( 167.6231372033027800, -3.383180011627384200, 19.18696729243642100 ) ) ;
#781 = DIRECTION ( 'NONE',  ( 3.016910393003140900E-016, -0.0000000000000000000, 1.000000000000000000 ) ) ;
#782 = LINE ( 'NONE', #950, #9965 ) ;
#783 = DIRECTION ( 'NONE',  ( 1.000000000000000000, 0.0000000000000000000, -3.016910393003140900E-016 ) ) ;
#784 = CARTESIAN_POINT ( 'NONE',  ( 194.2942978963148700, 27.58523792794474600, 1.922529935867970400 ) ) ;
#785 = LINE ( 'NONE', #787, #9884 ) ;
#786 = PLANE ( 'NONE',  #8553 ) ;
#787 = CARTESIAN_POINT ( 'NONE',  ( 16.75000000000000000, -11.50000000000000200, 53.00000000000000000 ) ) ;
#788 = CARTESIAN_POINT ( 'NONE',  ( -96.50000000000000000, -20.99999999999997200, -14.24999999999999600 ) ) ;
#789 = DIRECTION ( 'NONE',  ( 0.0000000000000000000, 1.000000000000000000, 0.0000000000000000000 ) ) ;
#790 = DIRECTION ( 'NONE',  ( 0.7071067811865474600, 0.7071067811865474600, 0.0000000000000000000 ) ) ;
#791 = PLANE ( 'NONE',  #9885 ) ;
#792 = CARTESIAN_POINT ( 'NONE',  ( 196.4692417616035400, 24.32490555574196700, 20.41279364425276600 ) ) ;
#793 = LINE ( 'NONE', #795, #9882 ) ;
#794 = CARTESIAN_POINT ( 'NONE',  ( -96.50000000000000000, -20.99999999999997200, 14.24999999999999600 ) ) ;
#795 = CARTESIAN_POINT ( 'NONE',  ( 17.00000000000000000, -11.75000000000002300, -4.292813371838179800E-015 ) ) ;
#796 = CARTESIAN_POINT ( 'NONE',  ( 190.4456268569853100, -31.32023254972433800, 62.45045578257780500 ) ) ;
#797 = DIRECTION ( 'NONE',  ( 0.0000000000000000000, -3.511585983758719900E-016, 1.000000000000000000 ) ) ;
#798 = DIRECTION ( 'NONE',  ( 0.0000000000000000000, 0.0000000000000000000, -1.000000000000000000 ) ) ;
#799 = CARTESIAN_POINT ( 'NONE',  ( 12.75000000000000000, -21.99999999999998600, -53.00000000000000000 ) ) ;
#800 = CARTESIAN_POINT ( 'NONE',  ( -107.5000000000000000, -17.99999999999998200, -14.25000000000000000 ) ) ;
#801 = DIRECTION ( 'NONE',  ( 0.0000000000000000000, 0.7071067811865475700, 0.7071067811865475700 ) ) ;
#802 = CARTESIAN_POINT ( 'NONE',  ( 12.49999999999999600, 10.74999999999994500, 23.00000000000000000 ) ) ;
#803 = DIRECTION ( 'NONE',  ( 0.0000000000000000000, -0.7071067811865474600, 0.7071067811865474600 ) ) ;
#804 = CARTESIAN_POINT ( 'NONE',  ( -12.75000000000000000, 10.65698837226970500, 22.75000000000000400 ) ) ;
#805 = PLANE ( 'NONE',  #9887 ) ;
#806 = CARTESIAN_POINT ( 'NONE',  ( -270.2500000000000000, 9.013878188660115100, 14.99999999999999800 ) ) ;
#807 = CARTESIAN_POINT ( 'NONE',  ( 12.75000000000000000, -1.084202172485504400E-014, 52.75000000000000000 ) ) ;
#808 = CARTESIAN_POINT ( 'NONE',  ( -145.0000000000000300, -66.00694377477768200, 12.25000000000000500 ) ) ;
#809 = DIRECTION ( 'NONE',  ( -0.7071067811865475700, 0.0000000000000000000, -0.7071067811865475700 ) ) ;
#810 = DIRECTION ( 'NONE',  ( 1.000000000000000000, 0.0000000000000000000, 0.0000000000000000000 ) ) ;
#811 = DIRECTION ( 'NONE',  ( -0.7071067811865474600, 0.0000000000000000000, 0.7071067811865474600 ) ) ;
#812 = DIRECTION ( 'NONE',  ( 1.000000000000000000, 0.0000000000000000000, 0.0000000000000000000 ) ) ;
#813 = PLANE ( 'NONE',  #9879 ) ;
#814 = DIRECTION ( 'NONE',  ( -0.0000000000000000000, -0.9848077530122080200, -0.1736481776669303600 ) ) ;
#815 = CARTESIAN_POINT ( 'NONE',  ( 12.49999999999999800, -12.49999999999999800, 52.75000000000000000 ) ) ;
#816 = DIRECTION ( 'NONE',  ( 0.0000000000000000000, -0.7071067811865489100, -0.7071067811865462400 ) ) ;
#817 = DIRECTION ( 'NONE',  ( 0.5773502691896258400, 0.5773502691896258400, 0.5773502691896258400 ) ) ;
#818 = CARTESIAN_POINT ( 'NONE',  ( 159.6979756844743900, 36.39859386834756800, -19.26664296304001700 ) ) ;
#819 = DIRECTION ( 'NONE',  ( 0.7071067811865475700, 0.0000000000000000000, -0.7071067811865475700 ) ) ;
#820 = CARTESIAN_POINT ( 'NONE',  ( -96.50000000000000000, 0.0000000000000000000, -16.24999999999999600 ) ) ;
#821 = LINE ( 'NONE', #823, #9875 ) ;
#822 = CARTESIAN_POINT ( 'NONE',  ( 185.0918327189394300, 0.9854063717578375200, 11.68779420834532200 ) ) ;
#823 = CARTESIAN_POINT ( 'NONE',  ( -17.00000000000000000, -21.48174487961426800, 20.87433261034149400 ) ) ;
#824 = LINE ( 'NONE', #818, #8694 ) ;
#825 = DIRECTION ( 'NONE',  ( 0.0000000000000000000, -0.9973304413659687100, 0.07302048154293465400 ) ) ;
#826 = CARTESIAN_POINT ( 'NONE',  ( -108.0000000000000000, -19.32287565553229300, -16.25000000000000000 ) ) ;
#827 = CARTESIAN_POINT ( 'NONE',  ( -12.49999999999999800, -1.084202172485504400E-014, -1.666998409216799400E-016 ) ) ;
#828 = CARTESIAN_POINT ( 'NONE',  ( -96.50000000000000000, 0.0000000000000000000, -16.24999999999999600 ) ) ;
#829 = DIRECTION ( 'NONE',  ( -1.000000000000000000, 0.0000000000000000000, 0.0000000000000000000 ) ) ;
#830 = CARTESIAN_POINT ( 'NONE',  ( -271.2499999999999400, 10.82820391385385300, 14.99999999999999800 ) ) ;
#831 = DIRECTION ( 'NONE',  ( 0.0000000000000000000, 0.0000000000000000000, 1.000000000000000000 ) ) ;
#832 = CARTESIAN_POINT ( 'NONE',  ( -96.50000000000000000, 0.0000000000000000000, -14.24999999999999600 ) ) ;
#833 = PLANE ( 'NONE',  #9873 ) ;
#834 = CARTESIAN_POINT ( 'NONE',  ( -17.00000000000000000, 1.405644269701498400, 19.19861099629491000 ) ) ;
#835 = CARTESIAN_POINT ( 'NONE',  ( -12.49999999999999800, 21.75000000000000000, 23.00000000000000000 ) ) ;
#836 = CARTESIAN_POINT ( 'NONE',  ( 181.9872391970752100, -24.92960138338996100, -25.62154891522934000 ) ) ;
#837 = DIRECTION ( 'NONE',  ( -0.7071067811865458000, 7.162830559688773500E-017, 0.7071067811865492400 ) ) ;
#838 = CARTESIAN_POINT ( 'NONE',  ( -305.7499999999999400, 2.005359133603790400E-015, -14.25000000000000000 ) ) ;
#839 = DIRECTION ( 'NONE',  ( 0.7071067811865492400, 0.0000000000000000000, 0.7071067811865458000 ) ) ;
#840 = CARTESIAN_POINT ( 'NONE',  ( 16.75000000000000000, -21.49999999999998900, -52.75000000000000000 ) ) ;
#841 = CARTESIAN_POINT ( 'NONE',  ( 190.4456268569853100, -25.90378990815718700, 63.40552075974591200 ) ) ;
#842 = DIRECTION ( 'NONE',  ( 0.0000000000000000000, 1.000000000000000000, 1.239088197126291100E-016 ) ) ;
#843 = DIRECTION ( 'NONE',  ( -0.09584575252022790900, 0.1728487359030508000, -0.9802738934708752300 ) ) ;
#844 = DIRECTION ( 'NONE',  ( 0.0000000000000000000, 0.0000000000000000000, 1.000000000000000000 ) ) ;
#845 = DIRECTION ( 'NONE',  ( 8.939025643521514200E-018, 0.9848077530122080200, 0.1736481776669302800 ) ) ;
#846 = DIRECTION ( 'NONE',  ( 0.0000000000000000000, 0.0000000000000000000, 1.000000000000000000 ) ) ;
#847 = PLANE ( 'NONE',  #9869 ) ;
#848 = CARTESIAN_POINT ( 'NONE',  ( 185.4152729695775000, 29.65547828438184300, 27.61362158060127200 ) ) ;
#849 = CARTESIAN_POINT ( 'NONE',  ( -108.0000000000000000, -30.00000000000000000, 16.25000000000000000 ) ) ;
#850 = CARTESIAN_POINT ( 'NONE',  ( 221.9999999999999700, 2.939152317953648300E-015, -24.00000000000000400 ) ) ;
#851 = DIRECTION ( 'NONE',  ( 3.016910393003143800E-016, -0.0000000000000000000, 1.000000000000000000 ) ) ;
#852 = CARTESIAN_POINT ( 'NONE',  ( 191.1644700008870400, -33.84760776026244900, 69.58544976152568000 ) ) ;
#853 = DIRECTION ( 'NONE',  ( 1.000000000000000000, 0.0000000000000000000, -3.016910393003143800E-016 ) ) ;
#854 = DIRECTION ( 'NONE',  ( 0.0000000000000000000, 0.0000000000000000000, 1.000000000000000000 ) ) ;
#855 = CARTESIAN_POINT ( 'NONE',  ( 221.9999999999999700, 0.0000000000000000000, 0.0000000000000000000 ) ) ;
#856 = CARTESIAN_POINT ( 'NONE',  ( -281.2500000000000000, 0.0000000000000000000, -7.960204194457795500E-016 ) ) ;
#857 = DIRECTION ( 'NONE',  ( -1.000000000000000000, -0.0000000000000000000, -0.0000000000000000000 ) ) ;
#858 = CARTESIAN_POINT ( 'NONE',  ( -114.0000000000000300, -14.00000000000000000, 9.000000000000000000 ) ) ;
#859 = DIRECTION ( 'NONE',  ( 0.0000000000000000000, 0.0000000000000000000, 1.000000000000000000 ) ) ;
#860 = PLANE ( 'NONE',  #9972 ) ;
#861 = PLANE ( 'NONE',  #9862 ) ;
#862 = CARTESIAN_POINT ( 'NONE',  ( 305.7499999999999400, 1.622657008870243100E-015, 13.25000000000000000 ) ) ;
#863 = CARTESIAN_POINT ( 'NONE',  ( 305.7499999999999400, 0.0000000000000000000, -14.25000000000000000 ) ) ;
#864 = CARTESIAN_POINT ( 'NONE',  ( 12.49999999999999600, 21.75000000000000000, -13.49999999999999100 ) ) ;
#865 = DIRECTION ( 'NONE',  ( -1.000000000000000000, 0.0000000000000000000, -0.0000000000000000000 ) ) ;
#866 = CARTESIAN_POINT ( 'NONE',  ( 12.49999999999999800, -12.49999999999999600, 32.00000000000000000 ) ) ;
#867 = DIRECTION ( 'NONE',  ( -0.0000000000000000000, 0.0000000000000000000, 1.000000000000000000 ) ) ;
#868 = LINE ( 'NONE', #610, #9971 ) ;
#869 = LINE ( 'NONE', #871, #9860 ) ;
#870 = DIRECTION ( 'NONE',  ( -1.000000000000000000, -0.0000000000000000000, -0.0000000000000000000 ) ) ;
#871 = CARTESIAN_POINT ( 'NONE',  ( 16.75000000000000000, 1.387389149315764200, 18.94927838595341300 ) ) ;
#872 = CARTESIAN_POINT ( 'NONE',  ( 187.7379843482889000, -13.63475497130443700, 37.01514460169565300 ) ) ;
#873 = DIRECTION ( 'NONE',  ( 0.0000000000000000000, -0.9973304413659687100, 0.07302048154293465400 ) ) ;
#874 = CARTESIAN_POINT ( 'NONE',  ( 305.7499999999999400, 0.0000000000000000000, 14.25000000000000200 ) ) ;
#875 = CARTESIAN_POINT ( 'NONE',  ( -108.0000000000000000, -30.00000000000000000, 12.25000000000000200 ) ) ;
#876 = CARTESIAN_POINT ( 'NONE',  ( 185.4152729695774700, 31.39196006105115400, 17.76554405047917800 ) ) ;
#877 = DIRECTION ( 'NONE',  ( 0.0000000000000000000, 1.000000000000000000, 0.0000000000000000000 ) ) ;
#878 = DIRECTION ( 'NONE',  ( -0.7071067811865599000, 0.05163327766451561400, 0.7052191181736365800 ) ) ;
#879 = DIRECTION ( 'NONE',  ( 0.0000000000000000000, 0.0000000000000000000, 1.000000000000000000 ) ) ;
#880 = CARTESIAN_POINT ( 'NONE',  ( -17.00000000000000000, -2.000000000000000400, 28.04999999999998300 ) ) ;
#881 = CARTESIAN_POINT ( 'NONE',  ( -108.0000000000000000, -30.00000000000000000, -12.25000000000000200 ) ) ;
#882 = CARTESIAN_POINT ( 'NONE',  ( -16.74999999999998600, -21.49999999999998900, -52.75000000000000000 ) ) ;
#883 = DIRECTION ( 'NONE',  ( 0.0000000000000000000, 1.000000000000000000, 0.0000000000000000000 ) ) ;
#884 = CARTESIAN_POINT ( 'NONE',  ( 191.1887756614737800, 31.39196006105115400, 17.76554405047918200 ) ) ;
#885 = DIRECTION ( 'NONE',  ( 0.0000000000000000000, 0.0000000000000000000, 1.000000000000000000 ) ) ;
#886 = CARTESIAN_POINT ( 'NONE',  ( 270.2500000000000000, -9.013878188659898400, -14.99999999999999800 ) ) ;
#887 = PLANE ( 'NONE',  #9853 ) ;
#888 = LINE ( 'NONE', #898, #9963 ) ;
#889 = CARTESIAN_POINT ( 'NONE',  ( -96.50000000000000000, -30.00000000000000000, 14.24999999999999600 ) ) ;
#890 = CARTESIAN_POINT ( 'NONE',  ( -16.74999999999998600, -21.24999999999997500, -53.00000000000000000 ) ) ;
#891 = DIRECTION ( 'NONE',  ( -1.000000000000000000, 0.0000000000000000000, 0.0000000000000000000 ) ) ;
#892 = CARTESIAN_POINT ( 'NONE',  ( -108.0000000000000000, -19.32287565553229300, 16.24999999999996800 ) ) ;
#893 = DIRECTION ( 'NONE',  ( 0.0000000000000000000, 0.0000000000000000000, 1.000000000000000000 ) ) ;
#894 = DIRECTION ( 'NONE',  ( 0.0000000000000000000, 0.0000000000000000000, 1.000000000000000000 ) ) ;
#895 = PLANE ( 'NONE',  #9852 ) ;
#896 = CARTESIAN_POINT ( 'NONE',  ( -277.7499999999999400, 10.82820391385385200, 14.99999999999999800 ) ) ;
#897 = CARTESIAN_POINT ( 'NONE',  ( -108.0000000000000000, -30.00000000000000000, 14.25000000000000000 ) ) ;
#898 = CARTESIAN_POINT ( 'NONE',  ( 105.9999999999999700, -28.00000000000000000, 26.49999999999999300 ) ) ;
#899 = DIRECTION ( 'NONE',  ( 3.016910393003144300E-016, -0.0000000000000000000, 1.000000000000000000 ) ) ;
#900 = CARTESIAN_POINT ( 'NONE',  ( -145.0000000000000300, -66.00694377477768200, -12.25000000000000500 ) ) ;
#901 = DIRECTION ( 'NONE',  ( 1.000000000000000000, 0.0000000000000000000, -3.016910393003144300E-016 ) ) ;
#902 = DIRECTION ( 'NONE',  ( 0.0000000000000000000, -1.000000000000000000, 0.0000000000000000000 ) ) ;
#903 = PLANE ( 'NONE',  #9850 ) ;
#904 = CARTESIAN_POINT ( 'NONE',  ( 111.4999999999999700, -2.602085213965210600E-015, 26.49999999999999600 ) ) ;
#905 = CARTESIAN_POINT ( 'NONE',  ( -96.50000000000000000, -30.00000000000000000, -14.24999999999999600 ) ) ;
#906 = CARTESIAN_POINT ( 'NONE',  ( 111.4999999999999700, -28.00000000000000000, 26.49999999999999300 ) ) ;
#907 = DIRECTION ( 'NONE',  ( 3.016910393003144300E-016, 0.0000000000000000000, -1.000000000000000000 ) ) ;
#908 = DIRECTION ( 'NONE',  ( 0.7071067811865272600, -0.7071067811865678900, 0.0000000000000000000 ) ) ;
#909 = DIRECTION ( 'NONE',  ( -1.000000000000000000, 0.0000000000000000000, -3.016910393003144300E-016 ) ) ;
#910 = CARTESIAN_POINT ( 'NONE',  ( -17.00000000000000000, -11.75000000000000400, -52.75000000000000000 ) ) ;
#911 = PLANE ( 'NONE',  #9847 ) ;
#912 = CARTESIAN_POINT ( 'NONE',  ( 162.5847270304225000, 37.31144892044839200, -15.80554549924995700 ) ) ;
#913 = CARTESIAN_POINT ( 'NONE',  ( -108.0000000000000000, -30.00000000000000000, 12.25000000000000200 ) ) ;
#914 = DIRECTION ( 'NONE',  ( -1.000000000000000000, 0.0000000000000000000, 0.0000000000000000000 ) ) ;
#915 = DIRECTION ( 'NONE',  ( 0.0000000000000000000, 1.000000000000000000, 0.0000000000000000000 ) ) ;
#916 = DIRECTION ( 'NONE',  ( -0.7071067811865678900, -0.7071067811865272600, -9.932265047341416100E-017 ) ) ;
#917 = DIRECTION ( 'NONE',  ( 0.0000000000000000000, -0.0000000000000000000, 1.000000000000000000 ) ) ;
#918 = CARTESIAN_POINT ( 'NONE',  ( -270.2500000000000000, -9.013878188660115100, 14.99999999999999800 ) ) ;
#919 = CARTESIAN_POINT ( 'NONE',  ( 12.75000000000000000, -3.499999999999996900, 32.00000000000000000 ) ) ;
#920 = CARTESIAN_POINT ( 'NONE',  ( 150.9999999999999700, 2.939152317953648300E-015, -24.00000000000000400 ) ) ;
#921 = DIRECTION ( 'NONE',  ( 1.000000000000000000, -0.0000000000000000000, -0.0000000000000000000 ) ) ;
#922 = CARTESIAN_POINT ( 'NONE',  ( -277.7499999999999400, 10.82820391385385300, -14.99999999999999800 ) ) ;
#923 = DIRECTION ( 'NONE',  ( 0.0000000000000000000, 0.0000000000000000000, -1.000000000000000000 ) ) ;
#924 = CARTESIAN_POINT ( 'NONE',  ( -12.49999999999999800, -3.499999999999997800, 23.00000000000000400 ) ) ;
#925 = LINE ( 'NONE', #927, #9841 ) ;
#926 = CARTESIAN_POINT ( 'NONE',  ( 17.00000000000000000, 1.405644269701499200, 19.19861099629492400 ) ) ;
#927 = CARTESIAN_POINT ( 'NONE',  ( -17.00000000000000000, -11.75000000000000000, 37.79999999999999700 ) ) ;
#928 = CARTESIAN_POINT ( 'NONE',  ( 182.5285216236293300, 30.52371917271649300, 22.68958281554021300 ) ) ;
#929 = DIRECTION ( 'NONE',  ( 0.0000000000000000000, 1.404634393503488000E-016, -1.000000000000000000 ) ) ;
#930 = CARTESIAN_POINT ( 'NONE',  ( 159.6979756844743900, 37.61533323136551800, -17.52895906702134000 ) ) ;
#931 = CARTESIAN_POINT ( 'NONE',  ( -109.5000000000000000, -18.00000000000000000, -26.50000000000000000 ) ) ;
#932 = CARTESIAN_POINT ( 'NONE',  ( 17.00000000000000000, -1.999999999999994900, -37.79999999999999700 ) ) ;
#933 = DIRECTION ( 'NONE',  ( -0.0000000000000000000, -0.0000000000000000000, 1.000000000000000000 ) ) ;
#934 = CARTESIAN_POINT ( 'NONE',  ( -109.5000000000000100, -19.99999999999999600, -13.57287565553228100 ) ) ;
#935 = DIRECTION ( 'NONE',  ( 1.000000000000000000, 0.0000000000000000000, 0.0000000000000000000 ) ) ;
#936 = CARTESIAN_POINT ( 'NONE',  ( -12.49999999999999800, -12.49999999999999600, 32.00000000000000000 ) ) ;
#937 = PLANE ( 'NONE',  #9838 ) ;
#938 = CARTESIAN_POINT ( 'NONE',  ( -17.00000000000000000, -11.75000000000000000, 37.79999999999999700 ) ) ;
#939 = CARTESIAN_POINT ( 'NONE',  ( -96.50000000000000000, -30.00000000000000000, -16.24999999999999600 ) ) ;
#940 = CARTESIAN_POINT ( 'NONE',  ( -17.00000000000000000, 15.39644660940672000, 28.05000000000000400 ) ) ;
#941 = DIRECTION ( 'NONE',  ( -1.000000000000000000, 0.0000000000000000000, 0.0000000000000000000 ) ) ;
#942 = CARTESIAN_POINT ( 'NONE',  ( 185.7357258729522900, 22.76094511492121700, 29.28245405888079100 ) ) ;
#943 = DIRECTION ( 'NONE',  ( 0.0000000000000000000, 0.0000000000000000000, 1.000000000000000000 ) ) ;
#944 = CARTESIAN_POINT ( 'NONE',  ( 188.3020243155255900, 30.21863274244996200, 15.78165821620741700 ) ) ;
#945 = LINE ( 'NONE', #947, #9835 ) ;
#946 = DIRECTION ( 'NONE',  ( 1.000000000000000000, -0.0000000000000000000, -0.0000000000000000000 ) ) ;
#947 = CARTESIAN_POINT ( 'NONE',  ( 17.00000000000000000, -21.50000000000000000, 52.74999999999998600 ) ) ;
#948 = CARTESIAN_POINT ( 'NONE',  ( -108.0000000000000000, -30.00000000000000000, 14.25000000000000000 ) ) ;
#949 = DIRECTION ( 'NONE',  ( -1.000000000000000000, 0.0000000000000000000, 0.0000000000000000000 ) ) ;
#950 = CARTESIAN_POINT ( 'NONE',  ( -16.74999999999998600, 1.387389149315764200, 18.94927838595341300 ) ) ;
#951 = PLANE ( 'NONE',  #9834 ) ;
#952 = CARTESIAN_POINT ( 'NONE',  ( 156.8112243385262400, 37.31144892044839200, -15.80554549924995700 ) ) ;
#953 = CARTESIAN_POINT ( 'NONE',  ( -277.7499999999999400, -18.50000000000000000, 18.49999999999999600 ) ) ;
#954 = DIRECTION ( 'NONE',  ( -1.000000000000000000, 0.0000000000000000000, 0.0000000000000000000 ) ) ;
#955 = DIRECTION ( 'NONE',  ( -1.000000000000000000, 0.0000000000000000000, -0.0000000000000000000 ) ) ;
#956 = CARTESIAN_POINT ( 'NONE',  ( -12.49999999999999800, -3.499999999999996900, 32.00000000000000000 ) ) ;
#957 = DIRECTION ( 'NONE',  ( -0.0000000000000000000, 0.0000000000000000000, 1.000000000000000000 ) ) ;
#958 = CARTESIAN_POINT ( 'NONE',  ( -17.00000000000000000, -1.999999999999995800, -28.04999999999998300 ) ) ;
#959 = CARTESIAN_POINT ( 'NONE',  ( -294.2500000000000000, 0.0000000000000000000, 0.0000000000000000000 ) ) ;
#960 = CARTESIAN_POINT ( 'NONE',  ( 17.00000000000000000, -11.75000000000000900, -1.817145253288278000E-015 ) ) ;
#961 = DIRECTION ( 'NONE',  ( 0.0000000000000000000, -1.000000000000000000, 0.0000000000000000000 ) ) ;
#962 = CARTESIAN_POINT ( 'NONE',  ( -270.2500000000000000, 9.013878188660115100, -14.99999999999999800 ) ) ;
#963 = DIRECTION ( 'NONE',  ( 0.0000000000000000000, 0.0000000000000000000, -1.000000000000000000 ) ) ;
#964 = CARTESIAN_POINT ( 'NONE',  ( 167.7786704422465800, 23.78154978185779800, 23.49431736626636500 ) ) ;
#965 = PLANE ( 'NONE',  #9820 ) ;
#966 = DIRECTION ( 'NONE',  ( 3.016910393003144300E-016, 0.0000000000000000000, -1.000000000000000000 ) ) ;
#967 = CARTESIAN_POINT ( 'NONE',  ( -270.2500000000000000, 0.0000000000000000000, 0.0000000000000000000 ) ) ;
#968 = DIRECTION ( 'NONE',  ( 0.0000000000000000000, 0.7071067811865462400, -0.7071067811865489100 ) ) ;
#969 = DIRECTION ( 'NONE',  ( -1.000000000000000000, 0.0000000000000000000, -0.0000000000000000000 ) ) ;
#970 = PLANE ( 'NONE',  #8818 ) ;
#971 = DIRECTION ( 'NONE',  ( -0.0000000000000000000, 0.0000000000000000000, 1.000000000000000000 ) ) ;
#972 = CARTESIAN_POINT ( 'NONE',  ( 180.2213295577533900, 35.30691539887471500, -13.07542670625053600 ) ) ;
#973 = PLANE ( 'NONE',  #9837 ) ;
#974 = CARTESIAN_POINT ( 'NONE',  ( -114.0000000000000300, -14.00000000000000000, -9.000000000000000000 ) ) ;
#975 = CARTESIAN_POINT ( 'NONE',  ( -277.7499999999999400, -18.50000000000000000, -18.49999999999999600 ) ) ;
#976 = LINE ( 'NONE', #884, #9993 ) ;
#977 = DIRECTION ( 'NONE',  ( -1.000000000000000000, 0.0000000000000000000, 0.0000000000000000000 ) ) ;
#978 = CARTESIAN_POINT ( 'NONE',  ( -17.00000000000000000, -21.25000000000000000, -20.85736519211914700 ) ) ;
#979 = DIRECTION ( 'NONE',  ( 0.0000000000000000000, 0.0000000000000000000, 1.000000000000000000 ) ) ;
#980 = CARTESIAN_POINT ( 'NONE',  ( 221.9999999999999700, 0.0000000000000000000, 24.00000000000000400 ) ) ;
#981 = CARTESIAN_POINT ( 'NONE',  ( 179.7348640128498400, -6.587943670991256400, -46.14008683562441600 ) ) ;
#982 = DIRECTION ( 'NONE',  ( 0.0000000000000000000, 0.0000000000000000000, 1.000000000000000000 ) ) ;
#983 = DIRECTION ( 'NONE',  ( -0.09584575252022790900, 0.1728487359030508000, -0.9802738934708752300 ) ) ;
#984 = CARTESIAN_POINT ( 'NONE',  ( 180.6933215380521500, -17.67210468363777300, -37.98700558875150800 ) ) ;
#985 = DIRECTION ( 'NONE',  ( 0.0000000000000000000, 0.9848077530122080200, 0.1736481776669306100 ) ) ;
#986 = CARTESIAN_POINT ( 'NONE',  ( -16.74999999999998600, -21.50000000000000000, -20.89547203953948800 ) ) ;
#987 = CARTESIAN_POINT ( 'NONE',  ( 9.904330988104222500E-015, 29.00000000000000000, -40.50000000000000000 ) ) ;
#988 = CARTESIAN_POINT ( 'NONE',  ( -17.00000000000000000, -21.25000000000000000, 20.85736519211914000 ) ) ;
#989 = DIRECTION ( 'NONE',  ( -0.0000000000000000000, -1.000000000000000000, -0.0000000000000000000 ) ) ;
#990 = CARTESIAN_POINT ( 'NONE',  ( 270.2500000000000000, 9.013878188659898400, 14.99999999999999800 ) ) ;
#991 = DIRECTION ( 'NONE',  ( 0.0000000000000000000, 0.0000000000000000000, -1.000000000000000000 ) ) ;
#992 = CARTESIAN_POINT ( 'NONE',  ( -109.5000000000000000, -18.00000000000000000, -14.25000000000000000 ) ) ;
#993 = PLANE ( 'NONE',  #9799 ) ;
#994 = CARTESIAN_POINT ( 'NONE',  ( 271.2500000000001100, -10.82820391385385300, 14.99999999999999800 ) ) ;
#995 = CARTESIAN_POINT ( 'NONE',  ( 12.75000000000000000, -1.197251567549161600E-014, 14.50000000000000000 ) ) ;
#996 = DIRECTION ( 'NONE',  ( 0.0000000000000000000, 0.0000000000000000000, -1.000000000000000000 ) ) ;
#997 = DIRECTION ( 'NONE',  ( -0.7071067811865475700, -5.512965093693031000E-017, 0.7071067811865475700 ) ) ;
#998 = DIRECTION ( 'NONE',  ( 0.7071067811865474600, 0.0000000000000000000, 0.7071067811865474600 ) ) ;
#999 = PLANE ( 'NONE',  #9795 ) ;
#1000 = CARTESIAN_POINT ( 'NONE',  ( 12.75000000000000000, -1.582067810090848100E-015, 14.25000000000000000 ) ) ;
#1001 = DIRECTION ( 'NONE',  ( 0.0000000000000000000, -7.796510004390144800E-017, 1.000000000000000000 ) ) ;
#1002 = DIRECTION ( 'NONE',  ( 0.0000000000000000000, -1.000000000000000000, -7.796510004390144800E-017 ) ) ;
#1003 = CARTESIAN_POINT ( 'NONE',  ( 270.2500000000000000, 0.0000000000000000000, 0.0000000000000000000 ) ) ;
#1004 = DIRECTION ( 'NONE',  ( 1.000000000000000000, 0.0000000000000000000, 0.0000000000000000000 ) ) ;
#1005 = DIRECTION ( 'NONE',  ( 0.0000000000000000000, 0.0000000000000000000, -1.000000000000000000 ) ) ;
#1006 = PLANE ( 'NONE',  #9769 ) ;
#1007 = CARTESIAN_POINT ( 'NONE',  ( 12.75000000000000000, -12.75000000000000400, -3.852987227372394300E-015 ) ) ;
#1008 = DIRECTION ( 'NONE',  ( -0.7071067811865504600, -0.7071067811865446900, -2.044391222244491000E-016 ) ) ;
#1009 = DIRECTION ( 'NONE',  ( 0.7071067811865445800, -0.7071067811865503500, 0.0000000000000000000 ) ) ;
#1010 = PLANE ( 'NONE',  #9767 ) ;
#1011 = CARTESIAN_POINT ( 'NONE',  ( 12.75000000000000000, -8.537498566988043700E-015, 22.75000000000000400 ) ) ;
#1012 = DIRECTION ( 'NONE',  ( -0.7071067811865458000, -7.162830559688773500E-017, -0.7071067811865492400 ) ) ;
#1013 = DIRECTION ( 'NONE',  ( -0.7071067811865492400, 0.0000000000000000000, 0.7071067811865458000 ) ) ;
#1014 = CARTESIAN_POINT ( 'NONE',  ( 182.2747764546358800, -11.16843517242209800, -20.16282865864624100 ) ) ;
#1015 = DIRECTION ( 'NONE',  ( 0.09584575252022790900, -0.1728487359030508000, 0.9802738934708752300 ) ) ;
#1016 = DIRECTION ( 'NONE',  ( 0.0000000000000000000, -0.9848077530122079100, -0.1736481776669303000 ) ) ;
#1017 = PLANE ( 'NONE',  #9756 ) ;
#1018 = CARTESIAN_POINT ( 'NONE',  ( 270.2500000000000000, -18.50000000000000000, 14.99999999999999800 ) ) ;
#1019 = DIRECTION ( 'NONE',  ( 0.0000000000000000000, 0.0000000000000000000, -1.000000000000000000 ) ) ;
#1020 = DIRECTION ( 'NONE',  ( -1.000000000000000000, 0.0000000000000000000, -0.0000000000000000000 ) ) ;
#1021 = PLANE ( 'NONE',  #9755 ) ;
#1022 = CARTESIAN_POINT ( 'NONE',  ( -107.5000000000000000, -17.99999999999998200, -26.50000000000000000 ) ) ;
#1023 = DIRECTION ( 'NONE',  ( 1.000000000000000000, -0.0000000000000000000, 0.0000000000000000000 ) ) ;
#1024 = DIRECTION ( 'NONE',  ( 0.0000000000000000000, 0.0000000000000000000, -1.000000000000000000 ) ) ;
#1025 = PLANE ( 'NONE',  #9753 ) ;
#1026 = CARTESIAN_POINT ( 'NONE',  ( -12.49999999999999800, -1.582067810090848100E-015, 14.25000000000000000 ) ) ;
#1027 = DIRECTION ( 'NONE',  ( -0.7071067811865475700, 5.512965093693031000E-017, -0.7071067811865475700 ) ) ;
#1028 = DIRECTION ( 'NONE',  ( -0.7071067811865474600, 0.0000000000000000000, 0.7071067811865474600 ) ) ;
#1029 = PLANE ( 'NONE',  #9750 ) ;
#1030 = CARTESIAN_POINT ( 'NONE',  ( 12.75000000000000000, 15.80671337560870300, 18.30251022438905700 ) ) ;
#1031 = DIRECTION ( 'NONE',  ( -0.7071067811865543500, -0.4621790426399892700, -0.5351546809515671500 ) ) ;
#1032 = DIRECTION ( 'NONE',  ( -0.6034762602532360900, 0.0000000000000000000, 0.7973809649789545000 ) ) ;
#1033 = CARTESIAN_POINT ( 'NONE',  ( 190.4456268569853100, -25.90378990815718700, 63.40552075974591200 ) ) ;
#1034 = DIRECTION ( 'NONE',  ( -0.09584575252022790900, 0.1728487359030508000, -0.9802738934708752300 ) ) ;
#1035 = DIRECTION ( 'NONE',  ( 8.939025643521514200E-018, 0.9848077530122080200, 0.1736481776669302800 ) ) ;
#1036 = PLANE ( 'NONE',  #9743 ) ;
#1037 = CARTESIAN_POINT ( 'NONE',  ( -143.0000000000000300, -18.00000000000000000, 9.000000000000000000 ) ) ;
#1038 = DIRECTION ( 'NONE',  ( -0.0000000000000000000, 0.0000000000000000000, -1.000000000000000000 ) ) ;
#1039 = DIRECTION ( 'NONE',  ( -1.000000000000000000, 0.0000000000000000000, 0.0000000000000000000 ) ) ;
#1040 = PLANE ( 'NONE',  #9742 ) ;
#1041 = CARTESIAN_POINT ( 'NONE',  ( -114.0000000000000000, -15.99999999999999600, 9.000000000000000000 ) ) ;
#1042 = DIRECTION ( 'NONE',  ( -1.196361017915039000E-016, 1.000000000000000000, 0.0000000000000000000 ) ) ;
#1043 = DIRECTION ( 'NONE',  ( -1.000000000000000000, -1.196361017915039000E-016, 0.0000000000000000000 ) ) ;
#1044 = LINE ( 'NONE', #1045, #9728 ) ;
#1045 = CARTESIAN_POINT ( 'NONE',  ( 17.00000000000000000, 28.74999999999998600, -1.666998409216799400E-016 ) ) ;
#1046 = DIRECTION ( 'NONE',  ( 0.0000000000000000000, 0.0000000000000000000, 1.000000000000000000 ) ) ;
#1047 = PLANE ( 'NONE',  #9734 ) ;
#1048 = CARTESIAN_POINT ( 'NONE',  ( 12.75000000000000000, 21.50000000000000000, -1.666998409216799400E-016 ) ) ;
#1049 = DIRECTION ( 'NONE',  ( -0.7071067811865475700, -0.7071067811865475700, 0.0000000000000000000 ) ) ;
#1050 = DIRECTION ( 'NONE',  ( 0.7071067811865474600, -0.7071067811865474600, 0.0000000000000000000 ) ) ;
#1051 = PLANE ( 'NONE',  #9731 ) ;
#1052 = CARTESIAN_POINT ( 'NONE',  ( 12.75000000000000000, 21.75000000000000000, 23.00000000000000000 ) ) ;
#1053 = DIRECTION ( 'NONE',  ( 0.0000000000000000000, -1.012977212249230700E-016, -1.000000000000000000 ) ) ;
#1054 = DIRECTION ( 'NONE',  ( 0.0000000000000000000, 1.000000000000000000, -1.012977212249230700E-016 ) ) ;
#1055 = PLANE ( 'NONE',  #9720 ) ;
#1056 = CARTESIAN_POINT ( 'NONE',  ( 12.75000000000000000, 21.75000000000000000, 23.00000000000000000 ) ) ;
#1057 = DIRECTION ( 'NONE',  ( 0.0000000000000000000, -1.000000000000000000, 0.0000000000000000000 ) ) ;
#1058 = DIRECTION ( 'NONE',  ( 0.0000000000000000000, -0.0000000000000000000, -1.000000000000000000 ) ) ;
#1059 = CARTESIAN_POINT ( 'NONE',  ( -149.0000000000000300, -66.00694377477768200, 12.25000000000000500 ) ) ;
#1060 = DIRECTION ( 'NONE',  ( 0.0000000000000000000, 1.000000000000000000, 0.0000000000000000000 ) ) ;
#1061 = DIRECTION ( 'NONE',  ( 0.0000000000000000000, 0.0000000000000000000, 1.000000000000000000 ) ) ;
#1062 = PLANE ( 'NONE',  #9711 ) ;
#1063 = CARTESIAN_POINT ( 'NONE',  ( -149.0000000000000300, -66.00694377477768200, 14.24999999999999300 ) ) ;
#1064 = DIRECTION ( 'NONE',  ( -1.508455196501570200E-015, 0.0000000000000000000, -1.000000000000000000 ) ) ;
#1065 = DIRECTION ( 'NONE',  ( -1.000000000000000000, 0.0000000000000000000, 1.508455196501570200E-015 ) ) ;
#1066 = PLANE ( 'NONE',  #9709 ) ;
#1067 = CARTESIAN_POINT ( 'NONE',  ( 12.75000000000000000, -7.450539872945330300E-015, -14.50000000000000000 ) ) ;
#1068 = DIRECTION ( 'NONE',  ( -0.7071067811865475700, 1.653889528107909600E-016, -0.7071067811865475700 ) ) ;
#1069 = DIRECTION ( 'NONE',  ( -0.7071067811865474600, 0.0000000000000000000, 0.7071067811865474600 ) ) ;
#1070 = PLANE ( 'NONE',  #9705 ) ;
#1071 = CARTESIAN_POINT ( 'NONE',  ( -12.49999999999999800, -22.24999999999999600, -14.50000000000000500 ) ) ;
#1072 = DIRECTION ( 'NONE',  ( -0.5773502691896258400, -0.5773502691896258400, 0.5773502691896258400 ) ) ;
#1073 = DIRECTION ( 'NONE',  ( 0.7071067811865475700, 0.0000000000000000000, 0.7071067811865475700 ) ) ;
#1074 = PLANE ( 'NONE',  #9703 ) ;
#1075 = CARTESIAN_POINT ( 'NONE',  ( -12.49999999999999800, -12.75000000000000000, 53.00000000000000000 ) ) ;
#1076 = DIRECTION ( 'NONE',  ( -0.5773502691896230700, 0.5773502691896271700, 0.5773502691896271700 ) ) ;
#1077 = DIRECTION ( 'NONE',  ( 0.0000000000000000000, -0.7071067811865475700, 0.7071067811865475700 ) ) ;
#1078 = PLANE ( 'NONE',  #9701 ) ;
#1079 = CARTESIAN_POINT ( 'NONE',  ( 12.49999999999999800, -22.24999999999998600, -52.75000000000000000 ) ) ;
#1080 = DIRECTION ( 'NONE',  ( 0.5773502691896258400, -0.5773502691896258400, -0.5773502691896258400 ) ) ;
#1081 = DIRECTION ( 'NONE',  ( -0.7071067811865475700, 0.0000000000000000000, -0.7071067811865475700 ) ) ;
#1082 = PLANE ( 'NONE',  #9698 ) ;
#1083 = CARTESIAN_POINT ( 'NONE',  ( 12.75000000000000000, -1.084202172485504400E-014, -52.75000000000000000 ) ) ;
#1084 = DIRECTION ( 'NONE',  ( -0.7071067811865475700, 0.0000000000000000000, 0.7071067811865475700 ) ) ;
#1085 = DIRECTION ( 'NONE',  ( 0.7071067811865474600, 0.0000000000000000000, 0.7071067811865474600 ) ) ;
#1086 = CARTESIAN_POINT ( 'NONE',  ( 159.6979756844743900, 34.96599640259539400, -11.14197900068933000 ) ) ;
#1087 = DIRECTION ( 'NONE',  ( -0.0000000000000000000, -0.9848077530122080200, -0.1736481776669303600 ) ) ;
#1088 = DIRECTION ( 'NONE',  ( 0.0000000000000000000, 0.1736481776669307200, -0.9848077530122078000 ) ) ;
#1089 = LINE ( 'NONE', #1090, #9681 ) ;
#1090 = CARTESIAN_POINT ( 'NONE',  ( -17.00000000000000000, -11.75000000000000400, -53.00000000000000000 ) ) ;
#1091 = DIRECTION ( 'NONE',  ( 0.0000000000000000000, 3.511585983758719900E-016, -1.000000000000000000 ) ) ;
#1092 = PLANE ( 'NONE',  #9691 ) ;
#1093 = CARTESIAN_POINT ( 'NONE',  ( 12.75000000000000000, 10.74999999999994700, 23.00000000000000000 ) ) ;
#1094 = DIRECTION ( 'NONE',  ( 0.0000000000000000000, -0.6536198703460920400, -0.7568230077691598900 ) ) ;
#1095 = DIRECTION ( 'NONE',  ( 0.0000000000000000000, 0.7568230077691598900, -0.6536198703460920400 ) ) ;
#1096 = PLANE ( 'NONE',  #9684 ) ;
#1097 = CARTESIAN_POINT ( 'NONE',  ( -112.0000000000000000, -18.00000000000001800, 9.000000000000000000 ) ) ;
#1098 = DIRECTION ( 'NONE',  ( 1.000000000000000000, 0.0000000000000000000, -0.0000000000000000000 ) ) ;
#1099 = DIRECTION ( 'NONE',  ( -0.0000000000000000000, 0.0000000000000000000, -1.000000000000000000 ) ) ;
#1100 = PLANE ( 'NONE',  #9677 ) ;
#1101 = CARTESIAN_POINT ( 'NONE',  ( -12.75000000000000000, -1.084202172485504400E-014, -1.666998409216799400E-016 ) ) ;
#1102 = DIRECTION ( 'NONE',  ( -1.000000000000000000, -0.0000000000000000000, 0.0000000000000000000 ) ) ;
#1103 = DIRECTION ( 'NONE',  ( 0.0000000000000000000, 0.0000000000000000000, 1.000000000000000000 ) ) ;
#1104 = PLANE ( 'NONE',  #9663 ) ;
#1105 = CARTESIAN_POINT ( 'NONE',  ( -305.7499999999999400, 0.0000000000000000000, -14.25000000000000000 ) ) ;
#1106 = DIRECTION ( 'NONE',  ( 1.000000000000000000, 0.0000000000000000000, 0.0000000000000000000 ) ) ;
#1107 = DIRECTION ( 'NONE',  ( 0.0000000000000000000, 0.0000000000000000000, -1.000000000000000000 ) ) ;
#1108 = PLANE ( 'NONE',  #9676 ) ;
#1109 = CARTESIAN_POINT ( 'NONE',  ( 156.8112243385262400, 41.74308380900333000, -15.02412869974877000 ) ) ;
#1110 = DIRECTION ( 'NONE',  ( 0.8660254037844394800, -0.08682408883346498500, 0.4924038765061026800 ) ) ;
#1111 = DIRECTION ( 'NONE',  ( 0.4942704104080676800, 0.0000000000000000000, -0.8693082085170024100 ) ) ;
#1112 = CARTESIAN_POINT ( 'NONE',  ( -12.75000000000000000, -3.499999999999992900, -32.00000000000000000 ) ) ;
#1113 = DIRECTION ( 'NONE',  ( -1.000000000000000000, -0.0000000000000000000, -0.0000000000000000000 ) ) ;
#1114 = DIRECTION ( 'NONE',  ( 0.0000000000000000000, 0.0000000000000000000, 1.000000000000000000 ) ) ;
#1115 = PLANE ( 'NONE',  #9648 ) ;
#1116 = CARTESIAN_POINT ( 'NONE',  ( -108.0000000000000000, 0.0000000000000000000, 12.25000000000000200 ) ) ;
#1117 = DIRECTION ( 'NONE',  ( 0.0000000000000000000, 1.000000000000000000, 0.0000000000000000000 ) ) ;
#1118 = DIRECTION ( 'NONE',  ( 0.0000000000000000000, -0.0000000000000000000, 1.000000000000000000 ) ) ;
#1119 = PLANE ( 'NONE',  #9646 ) ;
#1120 = CARTESIAN_POINT ( 'NONE',  ( -96.50000000000000000, -30.00000000000000000, -16.24999999999999600 ) ) ;
#1121 = DIRECTION ( 'NONE',  ( 3.016910393003143800E-016, 0.0000000000000000000, -1.000000000000000000 ) ) ;
#1122 = DIRECTION ( 'NONE',  ( -1.000000000000000000, 0.0000000000000000000, -3.016910393003143800E-016 ) ) ;
#1123 = PLANE ( 'NONE',  #9643 ) ;
#1124 = CARTESIAN_POINT ( 'NONE',  ( -147.5000000000000300, -19.99999999999999600, -26.50000000000000000 ) ) ;
#1125 = DIRECTION ( 'NONE',  ( 0.0000000000000000000, -1.000000000000000000, 0.0000000000000000000 ) ) ;
#1126 = DIRECTION ( 'NONE',  ( 0.0000000000000000000, -0.0000000000000000000, -1.000000000000000000 ) ) ;
#1127 = CARTESIAN_POINT ( 'NONE',  ( -108.0000000000000000, -30.00000000000000000, -12.25000000000000200 ) ) ;
#1128 = DIRECTION ( 'NONE',  ( 0.0000000000000000000, 1.000000000000000000, 0.0000000000000000000 ) ) ;
#1129 = DIRECTION ( 'NONE',  ( 0.0000000000000000000, 0.0000000000000000000, 1.000000000000000000 ) ) ;
#1130 = PLANE ( 'NONE',  #9632 ) ;
#1131 = CARTESIAN_POINT ( 'NONE',  ( -12.49999999999999800, -21.99999999999998600, -53.00000000000000000 ) ) ;
#1132 = DIRECTION ( 'NONE',  ( -0.5773502691896258400, -0.5773502691896258400, -0.5773502691896258400 ) ) ;
#1133 = DIRECTION ( 'NONE',  ( -0.7071067811865475700, 0.0000000000000000000, 0.7071067811865475700 ) ) ;
#1134 = PLANE ( 'NONE',  #9630 ) ;
#1135 = CARTESIAN_POINT ( 'NONE',  ( -270.2500000000000000, -18.50000000000000000, 14.99999999999999800 ) ) ;
#1136 = DIRECTION ( 'NONE',  ( -0.0000000000000000000, 0.0000000000000000000, -1.000000000000000000 ) ) ;
#1137 = DIRECTION ( 'NONE',  ( -1.000000000000000000, 0.0000000000000000000, 0.0000000000000000000 ) ) ;
#1138 = PLANE ( 'NONE',  #9627 ) ;
#1139 = CARTESIAN_POINT ( 'NONE',  ( 12.75000000000000000, 21.75000000000000000, -13.49999999999999100 ) ) ;
#1140 = DIRECTION ( 'NONE',  ( 0.0000000000000000000, -0.6536198703460919200, 0.7568230077691600100 ) ) ;
#1141 = DIRECTION ( 'NONE',  ( 0.0000000000000000000, -0.7568230077691600100, -0.6536198703460919200 ) ) ;
#1142 = LINE ( 'NONE', #1143, #9615 ) ;
#1143 = CARTESIAN_POINT ( 'NONE',  ( 17.00000000000000000, -21.24999999999998900, -1.666998409216799400E-016 ) ) ;
#1144 = DIRECTION ( 'NONE',  ( 0.0000000000000000000, 0.0000000000000000000, -1.000000000000000000 ) ) ;
#1145 = CARTESIAN_POINT ( 'NONE',  ( -17.00000000000000000, -1.084202172485504400E-014, -1.666998409216799400E-016 ) ) ;
#1146 = LINE ( 'NONE', #1147, #9610 ) ;
#1147 = CARTESIAN_POINT ( 'NONE',  ( -17.00000000000000000, -11.50000000000000200, 52.75000000000000000 ) ) ;
#1148 = DIRECTION ( 'NONE',  ( 0.0000000000000000000, 1.000000000000000000, 0.0000000000000000000 ) ) ;
#1149 = DIRECTION ( 'NONE',  ( 1.000000000000000000, 0.0000000000000000000, -0.0000000000000000000 ) ) ;
#1150 = DIRECTION ( 'NONE',  ( 0.0000000000000000000, 0.0000000000000000000, 1.000000000000000000 ) ) ;
#1151 = CARTESIAN_POINT ( 'NONE',  ( -12.75000000000000000, -3.499999999999996900, 32.00000000000000000 ) ) ;
#1152 = DIRECTION ( 'NONE',  ( -1.000000000000000000, -0.0000000000000000000, -0.0000000000000000000 ) ) ;
#1153 = DIRECTION ( 'NONE',  ( 0.0000000000000000000, 0.0000000000000000000, 1.000000000000000000 ) ) ;
#1154 = CARTESIAN_POINT ( 'NONE',  ( -305.7499999999999400, 0.0000000000000000000, 0.0000000000000000000 ) ) ;
#1155 = DIRECTION ( 'NONE',  ( -1.000000000000000000, -0.0000000000000000000, -0.0000000000000000000 ) ) ;
#1156 = DIRECTION ( 'NONE',  ( 0.0000000000000000000, 0.0000000000000000000, 1.000000000000000000 ) ) ;
#1157 = LINE ( 'NONE', #1158, #9592 ) ;
#1158 = CARTESIAN_POINT ( 'NONE',  ( 17.00000000000000000, -1.084202172485504400E-014, 52.74999999999998600 ) ) ;
#1159 = DIRECTION ( 'NONE',  ( 0.0000000000000000000, -1.000000000000000000, 0.0000000000000000000 ) ) ;
#1160 = PLANE ( 'NONE',  #9629 ) ;
#1161 = CARTESIAN_POINT ( 'NONE',  ( -107.5000000000000400, -30.00000000000000000, 12.25000000000000200 ) ) ;
#1162 = DIRECTION ( 'NONE',  ( -0.6332377902572626800, 0.7739572992033211300, 0.0000000000000000000 ) ) ;
#1163 = DIRECTION ( 'NONE',  ( -0.7739572992033211300, -0.6332377902572626800, 0.0000000000000000000 ) ) ;
#1164 = PLANE ( 'NONE',  #9596 ) ;
#1165 = CARTESIAN_POINT ( 'NONE',  ( 150.9999999999999700, 0.0000000000000000000, 0.0000000000000000000 ) ) ;
#1166 = DIRECTION ( 'NONE',  ( 1.000000000000000000, 0.0000000000000000000, 0.0000000000000000000 ) ) ;
#1167 = DIRECTION ( 'NONE',  ( 0.0000000000000000000, 0.0000000000000000000, -1.000000000000000000 ) ) ;
#1168 = CARTESIAN_POINT ( 'NONE',  ( 179.7348640128498400, -6.587943670991256400, -46.14008683562441600 ) ) ;
#1169 = DIRECTION ( 'NONE',  ( -0.09584575252022790900, 0.1728487359030508000, -0.9802738934708752300 ) ) ;
#1170 = DIRECTION ( 'NONE',  ( 0.0000000000000000000, 0.9848077530122080200, 0.1736481776669303300 ) ) ;
#1171 = PLANE ( 'NONE',  #9575 ) ;
#1172 = CARTESIAN_POINT ( 'NONE',  ( -147.5000000000000300, -19.99999999999999600, -26.50000000000000000 ) ) ;
#1173 = DIRECTION ( 'NONE',  ( 0.0000000000000000000, -1.000000000000000000, 0.0000000000000000000 ) ) ;
#1174 = DIRECTION ( 'NONE',  ( 0.0000000000000000000, -0.0000000000000000000, -1.000000000000000000 ) ) ;
#1175 = PLANE ( 'NONE',  #9564 ) ;
#1176 = CARTESIAN_POINT ( 'NONE',  ( 188.3020243155255900, 30.52371917271649300, 22.68958281554022000 ) ) ;
#1177 = DIRECTION ( 'NONE',  ( 0.0000000000000000000, 0.9848077530122081300, 0.1736481776669304400 ) ) ;
#1178 = DIRECTION ( 'NONE',  ( 0.0000000000000000000, -0.1736481776669304100, 0.9848077530122080200 ) ) ;
#1179 = CARTESIAN_POINT ( 'NONE',  ( 302.7711471785540300, 0.0000000000000000000, 0.0000000000000000000 ) ) ;
#1180 = DIRECTION ( 'NONE',  ( 1.000000000000000000, 0.0000000000000000000, 0.0000000000000000000 ) ) ;
#1181 = DIRECTION ( 'NONE',  ( 0.0000000000000000000, 0.0000000000000000000, -1.000000000000000000 ) ) ;
#1182 = CARTESIAN_POINT ( 'NONE',  ( 9.904330988104222500E-015, -21.50000000000000000, 40.50000000000000000 ) ) ;
#1183 = DIRECTION ( 'NONE',  ( -0.0000000000000000000, 1.000000000000000000, 0.0000000000000000000 ) ) ;
#1184 = DIRECTION ( 'NONE',  ( 0.0000000000000000000, 0.0000000000000000000, 1.000000000000000000 ) ) ;
#1185 = PLANE ( 'NONE',  #9556 ) ;
#1186 = LINE ( 'NONE', #1187, #9550 ) ;
#1187 = CARTESIAN_POINT ( 'NONE',  ( -16.74999999999998600, -21.50000000000000000, 20.62499999999999600 ) ) ;
#1188 = DIRECTION ( 'NONE',  ( 0.0000000000000000000, 0.0000000000000000000, -1.000000000000000000 ) ) ;
#1189 = CARTESIAN_POINT ( 'NONE',  ( 277.7499999999999400, -18.50000000000000000, -18.49999999999999600 ) ) ;
#1190 = DIRECTION ( 'NONE',  ( 1.000000000000000000, 0.0000000000000000000, -0.0000000000000000000 ) ) ;
#1191 = DIRECTION ( 'NONE',  ( -0.0000000000000000000, 0.0000000000000000000, -1.000000000000000000 ) ) ;
#1192 = LINE ( 'NONE', #1193, #9540 ) ;
#1193 = CARTESIAN_POINT ( 'NONE',  ( 17.00000000000000000, -11.75000000000000900, -1.817145253288278000E-015 ) ) ;
#1194 = DIRECTION ( 'NONE',  ( 0.0000000000000000000, -1.404634393503488000E-016, 1.000000000000000000 ) ) ;
#1195 = CARTESIAN_POINT ( 'NONE',  ( 270.2500000000000000, 0.0000000000000000000, 0.0000000000000000000 ) ) ;
#1196 = DIRECTION ( 'NONE',  ( 1.000000000000000000, 0.0000000000000000000, 0.0000000000000000000 ) ) ;
#1197 = DIRECTION ( 'NONE',  ( 0.0000000000000000000, 0.0000000000000000000, -1.000000000000000000 ) ) ;
#1198 = CARTESIAN_POINT ( 'NONE',  ( -17.00000000000000000, -1.999999999999999600, 37.79999999999999700 ) ) ;
#1199 = DIRECTION ( 'NONE',  ( 1.000000000000000000, 0.0000000000000000000, -0.0000000000000000000 ) ) ;
#1200 = DIRECTION ( 'NONE',  ( 0.0000000000000000000, 0.0000000000000000000, 1.000000000000000000 ) ) ;
#1201 = PLANE ( 'NONE',  #9537 ) ;
#1202 = LINE ( 'NONE', #1203, #9534 ) ;
#1203 = CARTESIAN_POINT ( 'NONE',  ( 16.75000000000000000, -21.50000000000000000, 53.00000000000000000 ) ) ;
#1204 = DIRECTION ( 'NONE',  ( 0.0000000000000000000, 0.0000000000000000000, 1.000000000000000000 ) ) ;
#1205 = CARTESIAN_POINT ( 'NONE',  ( 12.75000000000000000, 15.80671337560871800, -18.30251022438907800 ) ) ;
#1206 = DIRECTION ( 'NONE',  ( -0.7071067811865458000, -0.4621790426399947600, 0.5351546809515735900 ) ) ;
#1207 = DIRECTION ( 'NONE',  ( 0.6034762602532451900, 0.0000000000000000000, 0.7973809649789473900 ) ) ;
#1208 = PLANE ( 'NONE',  #9552 ) ;
#1209 = CARTESIAN_POINT ( 'NONE',  ( -12.49999999999999800, 21.75000000000000000, 23.00000000000000000 ) ) ;
#1210 = DIRECTION ( 'NONE',  ( -0.7071067811865475700, 0.7071067811865475700, 0.0000000000000000000 ) ) ;
#1211 = DIRECTION ( 'NONE',  ( -0.7071067811865474600, -0.7071067811865474600, 0.0000000000000000000 ) ) ;
#1212 = PLANE ( 'NONE',  #9528 ) ;
#1213 = CARTESIAN_POINT ( 'NONE',  ( 165.4714783763706100, 40.87484292066868400, -10.10008993468776400 ) ) ;
#1214 = DIRECTION ( 'NONE',  ( -0.8660254037844396000, -0.08682408883346493000, 0.4924038765061023400 ) ) ;
#1215 = DIRECTION ( 'NONE',  ( 0.4942704104080674100, 0.0000000000000000000, 0.8693082085170026300 ) ) ;
#1216 = LINE ( 'NONE', #1217, #9522 ) ;
#1217 = CARTESIAN_POINT ( 'NONE',  ( 17.00000000000000000, -21.24999999999999300, -6.998429360212576400E-015 ) ) ;
#1218 = DIRECTION ( 'NONE',  ( 0.0000000000000000000, 3.214931538489836000E-016, -1.000000000000000000 ) ) ;
#1219 = PLANE ( 'NONE',  #9526 ) ;
#1220 = CARTESIAN_POINT ( 'NONE',  ( -12.49999999999999800, 21.75000000000000000, -23.00000000000000000 ) ) ;
#1221 = DIRECTION ( 'NONE',  ( -0.7071067811865458000, 7.162830559688773500E-017, -0.7071067811865492400 ) ) ;
#1222 = DIRECTION ( 'NONE',  ( -0.7071067811865492400, 0.0000000000000000000, 0.7071067811865458000 ) ) ;
#1223 = LINE ( 'NONE', #1224, #9517 ) ;
#1224 = CARTESIAN_POINT ( 'NONE',  ( 17.00000000000000000, 1.405644269701483500, 19.19861099629492800 ) ) ;
#1225 = DIRECTION ( 'NONE',  ( 0.0000000000000000000, 0.9973304413659687100, -0.07302048154293465400 ) ) ;
#1226 = CARTESIAN_POINT ( 'NONE',  ( 9.904330988104222500E-015, -21.24999999999997500, 40.50000000000000000 ) ) ;
#1227 = DIRECTION ( 'NONE',  ( 0.0000000000000000000, -1.000000000000000000, 0.0000000000000000000 ) ) ;
#1228 = DIRECTION ( 'NONE',  ( 0.0000000000000000000, 0.0000000000000000000, -1.000000000000000000 ) ) ;
#1229 = CARTESIAN_POINT ( 'NONE',  ( 9.904330988104222500E-015, 21.75000000000000000, 40.50000000000000000 ) ) ;
#1230 = DIRECTION ( 'NONE',  ( -0.0000000000000000000, -1.000000000000000000, -0.0000000000000000000 ) ) ;
#1231 = DIRECTION ( 'NONE',  ( 0.0000000000000000000, 0.0000000000000000000, -1.000000000000000000 ) ) ;
#1232 = CARTESIAN_POINT ( 'NONE',  ( 17.00000000000000000, -1.084202172485504400E-014, -1.666998409216799400E-016 ) ) ;
#1233 = DIRECTION ( 'NONE',  ( -1.000000000000000000, -0.0000000000000000000, -0.0000000000000000000 ) ) ;
#1234 = DIRECTION ( 'NONE',  ( 0.0000000000000000000, 0.0000000000000000000, 1.000000000000000000 ) ) ;
#1235 = PLANE ( 'NONE',  #9505 ) ;
#1236 = CARTESIAN_POINT ( 'NONE',  ( 153.9244729925781300, 40.87484292066868400, -10.10008993468776800 ) ) ;
#1237 = DIRECTION ( 'NONE',  ( 0.8660254037844386000, 0.08682408883346526300, -0.4924038765061042300 ) ) ;
#1238 = DIRECTION ( 'NONE',  ( -0.4942704104080692900, 0.0000000000000000000, -0.8693082085170016300 ) ) ;
#1239 = LINE ( 'NONE', #1240, #9498 ) ;
#1240 = CARTESIAN_POINT ( 'NONE',  ( 17.00000000000000000, -8.439108465539024200E-015, 28.04999999999999000 ) ) ;
#1241 = DIRECTION ( 'NONE',  ( 0.0000000000000000000, -1.000000000000000000, 8.566535683836084200E-017 ) ) ;
#1242 = CARTESIAN_POINT ( 'NONE',  ( 179.7348640128498400, -6.587943670991256400, -46.14008683562441600 ) ) ;
#1243 = PRODUCT ( 'Ford escort mk 1 & 2 steering rack', 'Ford escort mk 1 & 2 steering rack', '', ( #3438 ) ) ;
#1244 = PRODUCT ( 'X7-8061-1001', 'X7-8061-1001', '', ( #3695 ) ) ;
#1245 = PRODUCT ( 'X7-8061-1002', 'X7-8061-1002', '', ( #3630 ) ) ;
#1246 = PRODUCT ( 'X7-8063-1002', 'X7-8063-1002', '', ( #3502 ) ) ;
#1247 = PRODUCT ( 'X7-8063-1001', 'X7-8063-1001', '', ( #3566 ) ) ;
#1248 = ADVANCED_FACE ( 'NONE', ( #3199 ), #1785, .F. ) ;
#1249 = ADVANCED_FACE ( 'NONE', ( #3186 ), #4343, .T. ) ;
#1250 = ADVANCED_FACE ( 'NONE', ( #3180 ), #1804, .F. ) ;
#1251 = ADVANCED_FACE ( 'NONE', ( #3185, #3182 ), #1815, .T. ) ;
#1252 = ADVANCED_FACE ( 'NONE', ( #3181 ), #1832, .T. ) ;
#1253 = ADVANCED_FACE ( 'NONE', ( #3189 ), #1844, .T. ) ;
#1254 = ADVANCED_FACE ( 'NONE', ( #3179 ), #1855, .T. ) ;
#1255 = ADVANCED_FACE ( 'NONE', ( #3172 ), #1866, .T. ) ;
#1256 = ADVANCED_FACE ( 'NONE', ( #3123 ), #1882, .T. ) ;
#1257 = ADVANCED_FACE ( 'NONE', ( #3192 ), #1895, .T. ) ;
#1258 = ADVANCED_FACE ( 'NONE', ( #3194 ), #3197, .T. ) ;
#1259 = ADVANCED_FACE ( 'NONE', ( #3196 ), #3176, .T. ) ;
#1260 = ADVANCED_FACE ( 'NONE', ( #3173 ), #1928, .T. ) ;
#1261 = DIRECTION ( 'NONE',  ( 1.000000000000000000, 0.0000000000000000000, 0.0000000000000000000 ) ) ;
#1262 = VERTEX_POINT ( 'NONE', #1941 ) ;
#1263 = LINE ( 'NONE', #1317, #3163 ) ;
#1264 = LINE ( 'NONE', #2150, #2893 ) ;
#1265 = DIRECTION ( 'NONE',  ( -0.0000000000000000000, 1.000000000000000000, -0.0000000000000000000 ) ) ;
#1266 = ORIENTED_EDGE ( 'NONE', *, *, #4556, .F. ) ;
#1267 = VERTEX_POINT ( 'NONE', #1945 ) ;
#1268 = VERTEX_POINT ( 'NONE', #1948 ) ;
#1269 = DIRECTION ( 'NONE',  ( -0.7739572992033211300, -0.6332377902572626800, 2.334959819707143500E-016 ) ) ;
#1270 = CARTESIAN_POINT ( 'NONE',  ( -110.0000000000000000, -17.99999999999999600, 9.000000000000000000 ) ) ;
#1271 = ORIENTED_EDGE ( 'NONE', *, *, #4248, .T. ) ;
#1272 = DIRECTION ( 'NONE',  ( 1.000000000000000000, 0.0000000000000000000, 0.0000000000000000000 ) ) ;
#1273 = ORIENTED_EDGE ( 'NONE', *, *, #4242, .T. ) ;
#1274 = CARTESIAN_POINT ( 'NONE',  ( 2.365553256760827900, -11.46433676974884200, -36.95539360137075800 ) ) ;
#1275 = VERTEX_POINT ( 'NONE', #1952 ) ;
#1276 = DIRECTION ( 'NONE',  ( 0.0000000000000000000, 0.9848077530122082400, 0.1736481776669304400 ) ) ;
#1277 = LINE ( 'NONE', #1270, #2959 ) ;
#1278 = VERTEX_POINT ( 'NONE', #1955 ) ;
#1279 = VERTEX_POINT ( 'NONE', #1960 ) ;
#1280 = VERTEX_POINT ( 'NONE', #1964 ) ;
#1281 = ORIENTED_EDGE ( 'NONE', *, *, #4264, .T. ) ;
#1282 = CARTESIAN_POINT ( 'NONE',  ( 17.00000000000000000, -21.50000000000000000, 52.74999999999998600 ) ) ;
#1283 = ORIENTED_EDGE ( 'NONE', *, *, #7164, .F. ) ;
#1284 = DIRECTION ( 'NONE',  ( -0.7071067811865672200, 0.0000000000000000000, -0.7071067811865279200 ) ) ;
#1285 = DIRECTION ( 'NONE',  ( 0.0000000000000000000, 0.7071067811865672200, -0.7071067811865279200 ) ) ;
#1286 = ORIENTED_EDGE ( 'NONE', *, *, #4335, .T. ) ;
#1287 = ORIENTED_EDGE ( 'NONE', *, *, #4285, .T. ) ;
#1288 = DIRECTION ( 'NONE',  ( 0.0000000000000000000, 0.9848077530122082400, 0.1736481776669303900 ) ) ;
#1289 = PLANE ( 'NONE',  #3154 ) ;
#1290 = DIRECTION ( 'NONE',  ( 0.0000000000000000000, 0.0000000000000000000, 1.000000000000000000 ) ) ;
#1291 = LINE ( 'NONE', #1669, #2898 ) ;
#1292 = ORIENTED_EDGE ( 'NONE', *, *, #4282, .F. ) ;
#1293 = CARTESIAN_POINT ( 'NONE',  ( -16.87499999999999300, -11.62500000000000200, 52.75000000000000000 ) ) ;
#1294 = DIRECTION ( 'NONE',  ( -0.7071067811865665600, -0.7071067811865285900, 1.346073880468420400E-015 ) ) ;
#1295 = ORIENTED_EDGE ( 'NONE', *, *, #4263, .T. ) ;
#1296 = LINE ( 'NONE', #2219, #2957 ) ;
#1297 = LINE ( 'NONE', #1293, #2960 ) ;
#1298 = ORIENTED_EDGE ( 'NONE', *, *, #4245, .T. ) ;
#1299 = LINE ( 'NONE', #2195, #2924 ) ;
#1300 = ORIENTED_EDGE ( 'NONE', *, *, #4260, .T. ) ;
#1301 = CARTESIAN_POINT ( 'NONE',  ( 16.75000000000000000, -21.50000000000000000, 20.87499999999999600 ) ) ;
#1302 = DIRECTION ( 'NONE',  ( 0.0000000000000000000, 0.0000000000000000000, -1.000000000000000000 ) ) ;
#1303 = CARTESIAN_POINT ( 'NONE',  ( -148.0501579570640700, -19.94364794577242600, -16.14449980852423700 ) ) ;
#1304 = PLANE ( 'NONE',  #2901 ) ;
#1305 = ORIENTED_EDGE ( 'NONE', *, *, #4259, .T. ) ;
#1306 = VERTEX_POINT ( 'NONE', #1969 ) ;
#1307 = DIRECTION ( 'NONE',  ( 1.000000000000000000, 0.0000000000000000000, 0.0000000000000000000 ) ) ;
#1308 = CARTESIAN_POINT ( 'NONE',  ( 159.6979756844743900, 36.44320803211373800, -10.88150673418893400 ) ) ;
#1309 = LINE ( 'NONE', #1996, #3085 ) ;
#1310 = ORIENTED_EDGE ( 'NONE', *, *, #4257, .T. ) ;
#1311 = CARTESIAN_POINT ( 'NONE',  ( 2.858386017306031600, -11.49077617345786000, -37.33935036616767200 ) ) ;
#1312 = DIRECTION ( 'NONE',  ( 1.000000000000000000, 0.0000000000000000000, 0.0000000000000000000 ) ) ;
#1313 = ORIENTED_EDGE ( 'NONE', *, *, #4196, .T. ) ;
#1314 = DIRECTION ( 'NONE',  ( -0.0000000000000000000, 1.000000000000000000, -0.0000000000000000000 ) ) ;
#1315 = DIRECTION ( 'NONE',  ( -0.0000000000000000000, -0.0000000000000000000, 1.000000000000000000 ) ) ;
#1316 = ORIENTED_EDGE ( 'NONE', *, *, #4187, .F. ) ;
#1317 = CARTESIAN_POINT ( 'NONE',  ( -107.5000000000000000, -17.99999999999998200, -26.50000000000000000 ) ) ;
#1318 = ORIENTED_EDGE ( 'NONE', *, *, #4183, .T. ) ;
#1319 = DIRECTION ( 'NONE',  ( 0.0000000000000000000, 0.0000000000000000000, 1.000000000000000000 ) ) ;
#1320 = ORIENTED_EDGE ( 'NONE', *, *, #4457, .T. ) ;
#1321 = CARTESIAN_POINT ( 'NONE',  ( -148.8951846472107800, -19.44172509427311400, -14.25000000000000200 ) ) ;
#1322 = CARTESIAN_POINT ( 'NONE',  ( -149.0000000000000300, -19.32287565553229300, -14.25000000000000200 ) ) ;
#1323 = LINE ( 'NONE', #2277, #2980 ) ;
#1324 = ORIENTED_EDGE ( 'NONE', *, *, #4689, .F. ) ;
#1325 = DIRECTION ( 'NONE',  ( -1.000000000000000000, -1.794541526872561800E-016, -0.0000000000000000000 ) ) ;
#1326 = ORIENTED_EDGE ( 'NONE', *, *, #4629, .F. ) ;
#1327 = DIRECTION ( 'NONE',  ( -0.0000000000000000000, 1.000000000000000000, 0.0000000000000000000 ) ) ;
#1328 = DIRECTION ( 'NONE',  ( -1.000000000000000000, -0.0000000000000000000, -0.0000000000000000000 ) ) ;
#1329 = CARTESIAN_POINT ( 'NONE',  ( -305.7499999999999400, 0.0000000000000000000, 0.0000000000000000000 ) ) ;
#1330 = CARTESIAN_POINT ( 'NONE',  ( 17.00000000000000000, -21.50000000000000000, 53.00000000000000000 ) ) ;
#1331 = LINE ( 'NONE', #1704, #3142 ) ;
#1332 = ORIENTED_EDGE ( 'NONE', *, *, #4808, .F. ) ;
#1333 = LINE ( 'NONE', #1338, #2956 ) ;
#1334 = PLANE ( 'NONE',  #3166 ) ;
#1335 = ORIENTED_EDGE ( 'NONE', *, *, #4359, .T. ) ;
#1336 = LINE ( 'NONE', #2288, #2962 ) ;
#1337 = DIRECTION ( 'NONE',  ( -0.7071067811865474600, 0.0000000000000000000, -0.7071067811865474600 ) ) ;
#1338 = CARTESIAN_POINT ( 'NONE',  ( 12.62499999999999800, -21.99999999999998600, -52.87500000000000000 ) ) ;
#1339 = ORIENTED_EDGE ( 'NONE', *, *, #4238, .T. ) ;
#1340 = VERTEX_POINT ( 'NONE', #1972 ) ;
#1341 = CARTESIAN_POINT ( 'NONE',  ( -147.5000000000000300, -18.00000000000000000, -16.24999999999999300 ) ) ;
#1342 = VERTEX_POINT ( 'NONE', #1976 ) ;
#1343 = DIRECTION ( 'NONE',  ( 1.000000000000000000, 0.0000000000000000000, 0.0000000000000000000 ) ) ;
#1344 = ORIENTED_EDGE ( 'NONE', *, *, #4389, .T. ) ;
#1345 = DIRECTION ( 'NONE',  ( 3.016910393003140900E-016, -0.0000000000000000000, 1.000000000000000000 ) ) ;
#1346 = DIRECTION ( 'NONE',  ( 1.000000000000000000, 0.0000000000000000000, 0.0000000000000000000 ) ) ;
#1347 = VERTEX_POINT ( 'NONE', #1979 ) ;
#1348 = VERTEX_POINT ( 'NONE', #1985 ) ;
#1349 = LINE ( 'NONE', #1354, #3147 ) ;
#1350 = VERTEX_POINT ( 'NONE', #1990 ) ;
#1351 = ORIENTED_EDGE ( 'NONE', *, *, #4101, .T. ) ;
#1352 = DIRECTION ( 'NONE',  ( 0.6785983445458275700, -0.6785983445458653200, -0.2810846377148235000 ) ) ;
#1353 = ORIENTED_EDGE ( 'NONE', *, *, #4768, .F. ) ;
#1354 = CARTESIAN_POINT ( 'NONE',  ( 19.80325269010221200, 25.94674730989762100, 13.53530132640744000 ) ) ;
#1355 = VERTEX_POINT ( 'NONE', #1995 ) ;
#1356 = DIRECTION ( 'NONE',  ( -1.000000000000000000, -0.0000000000000000000, -0.0000000000000000000 ) ) ;
#1357 = VERTEX_POINT ( 'NONE', #1999 ) ;
#1358 = CARTESIAN_POINT ( 'NONE',  ( 185.0918327189394600, -16.24872930595581600, 8.648951099174038100 ) ) ;
#1359 = ORIENTED_EDGE ( 'NONE', *, *, #3986, .F. ) ;
#1360 = DIRECTION ( 'NONE',  ( 0.0000000000000000000, 0.0000000000000000000, 1.000000000000000000 ) ) ;
#1361 = VERTEX_POINT ( 'NONE', #2002 ) ;
#1362 = VERTEX_POINT ( 'NONE', #2005 ) ;
#1363 = DIRECTION ( 'NONE',  ( -0.09584575252022790900, 0.1728487359030508000, -0.9802738934708752300 ) ) ;
#1364 = ORIENTED_EDGE ( 'NONE', *, *, #4247, .T. ) ;
#1365 = VERTEX_POINT ( 'NONE', #2010 ) ;
#1366 = VERTEX_POINT ( 'NONE', #2014 ) ;
#1367 = CARTESIAN_POINT ( 'NONE',  ( -108.0000000000000000, -19.99999999999999600, -12.25000000000000200 ) ) ;
#1368 = DIRECTION ( 'NONE',  ( 0.0000000000000000000, 0.9848077530122081300, 0.1736481776669303000 ) ) ;
#1369 = VERTEX_POINT ( 'NONE', #2017 ) ;
#1370 = VERTEX_POINT ( 'NONE', #2020 ) ;
#1371 = CARTESIAN_POINT ( 'NONE',  ( -270.9010560600410700, -10.23203275374300800, 14.99999999999999800 ) ) ;
#1372 = VERTEX_POINT ( 'NONE', #2025 ) ;
#1373 = VERTEX_POINT ( 'NONE', #2029 ) ;
#1374 = DIRECTION ( 'NONE',  ( -1.000000000000000000, -0.0000000000000000000, -0.0000000000000000000 ) ) ;
#1375 = DIRECTION ( 'NONE',  ( -1.000000000000000000, -0.0000000000000000000, -0.0000000000000000000 ) ) ;
#1376 = CARTESIAN_POINT ( 'NONE',  ( 162.5847270304225000, 37.31144892044839200, -15.80554549924995700 ) ) ;
#1377 = VERTEX_POINT ( 'NONE', #2035 ) ;
#1378 = VERTEX_POINT ( 'NONE', #2040 ) ;
#1379 = DIRECTION ( 'NONE',  ( 0.7071067811865474600, -0.0000000000000000000, -0.7071067811865474600 ) ) ;
#1380 = VERTEX_POINT ( 'NONE', #2043 ) ;
#1381 = DIRECTION ( 'NONE',  ( -0.0000000000000000000, -0.0000000000000000000, -1.000000000000000000 ) ) ;
#1382 = DIRECTION ( 'NONE',  ( 0.6785983445458462200, 0.6785983445458084700, -0.2810846377149151000 ) ) ;
#1383 = VERTEX_POINT ( 'NONE', #2045 ) ;
#1384 = CARTESIAN_POINT ( 'NONE',  ( -16.74999999999998600, -11.49999999999998900, -53.00000000000000000 ) ) ;
#1385 = VERTEX_POINT ( 'NONE', #2048 ) ;
#1386 = CARTESIAN_POINT ( 'NONE',  ( -96.50000000000000000, -20.99999999999997200, 14.24999999999999600 ) ) ;
#1387 = CARTESIAN_POINT ( 'NONE',  ( -176.0000000000000600, 2.066591473561158800E-015, -16.87500000000000000 ) ) ;
#1388 = ORIENTED_EDGE ( 'NONE', *, *, #4276, .F. ) ;
#1389 = CARTESIAN_POINT ( 'NONE',  ( 12.75000000000000000, -3.499999999999993800, -22.75000000000000400 ) ) ;
#1390 = VERTEX_POINT ( 'NONE', #2050 ) ;
#1391 = ORIENTED_EDGE ( 'NONE', *, *, #4228, .T. ) ;
#1392 = PLANE ( 'NONE',  #3117 ) ;
#1393 = DIRECTION ( 'NONE',  ( 0.0000000000000000000, 0.0000000000000000000, 1.000000000000000000 ) ) ;
#1394 = ORIENTED_EDGE ( 'NONE', *, *, #4254, .T. ) ;
#1395 = VERTEX_POINT ( 'NONE', #2053 ) ;
#1396 = VERTEX_POINT ( 'NONE', #2055 ) ;
#1397 = CARTESIAN_POINT ( 'NONE',  ( -170.0000000000000300, 1.890548496183726600E-015, -14.00000000000000000 ) ) ;
#1398 = PLANE ( 'NONE',  #2926 ) ;
#1399 = CARTESIAN_POINT ( 'NONE',  ( -147.0000000000000300, -19.99999999999999600, 12.25000000000000500 ) ) ;
#1400 = VERTEX_POINT ( 'NONE', #2066 ) ;
#1401 = ORIENTED_EDGE ( 'NONE', *, *, #7066, .F. ) ;
#1402 = CARTESIAN_POINT ( 'NONE',  ( 12.62499999999999800, -22.00000000000000000, 14.37499999999999800 ) ) ;
#1403 = ORIENTED_EDGE ( 'NONE', *, *, #4268, .T. ) ;
#1404 = DIRECTION ( 'NONE',  ( 0.0000000000000000000, 0.0000000000000000000, -1.000000000000000000 ) ) ;
#1405 = VERTEX_POINT ( 'NONE', #2078 ) ;
#1406 = ORIENTED_EDGE ( 'NONE', *, *, #4614, .T. ) ;
#1407 = LINE ( 'NONE', #1554, #3124 ) ;
#1408 = DIRECTION ( 'NONE',  ( -1.000000000000000000, -0.0000000000000000000, 0.0000000000000000000 ) ) ;
#1409 = CARTESIAN_POINT ( 'NONE',  ( -149.0000000000000300, -19.99999999999999600, -12.25000000000000500 ) ) ;
#1410 = ORIENTED_EDGE ( 'NONE', *, *, #4232, .T. ) ;
#1411 = ORIENTED_EDGE ( 'NONE', *, *, #3983, .F. ) ;
#1412 = ORIENTED_EDGE ( 'NONE', *, *, #4277, .F. ) ;
#1413 = CARTESIAN_POINT ( 'NONE',  ( -109.0233504082171300, -19.94668789817651700, 13.97542471387321200 ) ) ;
#1414 = DIRECTION ( 'NONE',  ( 0.0000000000000000000, 0.9848077530122081300, 0.1736481776669303000 ) ) ;
#1415 = ORIENTED_EDGE ( 'NONE', *, *, #4673, .F. ) ;
#1416 = DIRECTION ( 'NONE',  ( 0.0000000000000000000, -1.000000000000000000, 0.0000000000000000000 ) ) ;
#1417 = CARTESIAN_POINT ( 'NONE',  ( -108.0000000000000000, -30.00000000000000000, 16.25000000000000400 ) ) ;
#1418 = LINE ( 'NONE', #1684, #2897 ) ;
#1419 = CARTESIAN_POINT ( 'NONE',  ( 9.904330988104222500E-015, -21.24999999999998200, -40.50000000000000000 ) ) ;
#1420 = PLANE ( 'NONE',  #2979 ) ;
#1421 = ORIENTED_EDGE ( 'NONE', *, *, #4373, .F. ) ;
#1422 = DIRECTION ( 'NONE',  ( 0.0000000000000000000, 0.0000000000000000000, 1.000000000000000000 ) ) ;
#1423 = DIRECTION ( 'NONE',  ( 0.7071067811865685600, 0.0000000000000000000, 0.7071067811865265900 ) ) ;
#1424 = ORIENTED_EDGE ( 'NONE', *, *, #4193, .T. ) ;
#1425 = VERTEX_POINT ( 'NONE', #2085 ) ;
#1426 = DIRECTION ( 'NONE',  ( -0.09584575252022790900, 0.1728487359030508000, -0.9802738934708752300 ) ) ;
#1427 = DIRECTION ( 'NONE',  ( 0.0000000000000000000, -0.0000000000000000000, -1.000000000000000000 ) ) ;
#1428 = VERTEX_POINT ( 'NONE', #2089 ) ;
#1429 = CARTESIAN_POINT ( 'NONE',  ( 185.0918327189394600, -16.24872930595581600, 8.648951099174038100 ) ) ;
#1430 = VERTEX_POINT ( 'NONE', #2096 ) ;
#1431 = ORIENTED_EDGE ( 'NONE', *, *, #4194, .T. ) ;
#1432 = VERTEX_POINT ( 'NONE', #2104 ) ;
#1433 = CARTESIAN_POINT ( 'NONE',  ( -17.00000000000000000, 28.75000000000000000, -14.69644660940672200 ) ) ;
#1434 = ORIENTED_EDGE ( 'NONE', *, *, #4533, .F. ) ;
#1435 = ORIENTED_EDGE ( 'NONE', *, *, #4288, .F. ) ;
#1436 = CARTESIAN_POINT ( 'NONE',  ( 145.4999999999999700, 3.245206837629298900E-015, 26.49999999999999600 ) ) ;
#1437 = CARTESIAN_POINT ( 'NONE',  ( 105.9999999999999700, 0.0000000000000000000, 0.0000000000000000000 ) ) ;
#1438 = CARTESIAN_POINT ( 'NONE',  ( -295.2500000000000000, 0.0000000000000000000, 0.0000000000000000000 ) ) ;
#1439 = CARTESIAN_POINT ( 'NONE',  ( -149.5000000000000000, -30.00000000000000000, -14.24999999999999300 ) ) ;
#1440 = PLANE ( 'NONE',  #3115 ) ;
#1441 = ORIENTED_EDGE ( 'NONE', *, *, #4442, .F. ) ;
#1442 = ORIENTED_EDGE ( 'NONE', *, *, #4625, .F. ) ;
#1443 = VERTEX_POINT ( 'NONE', #2111 ) ;
#1444 = CARTESIAN_POINT ( 'NONE',  ( -145.0000000000000300, -18.00000000000001400, -9.000000000000000000 ) ) ;
#1445 = DIRECTION ( 'NONE',  ( 0.0000000000000000000, 0.0000000000000000000, -1.000000000000000000 ) ) ;
#1446 = ORIENTED_EDGE ( 'NONE', *, *, #4623, .F. ) ;
#1447 = CARTESIAN_POINT ( 'NONE',  ( 9.904330988104222500E-015, -21.24999999999998200, -40.50000000000000000 ) ) ;
#1448 = CARTESIAN_POINT ( 'NONE',  ( 12.62499999999999800, -12.75000000000000000, 52.87500000000000000 ) ) ;
#1449 = CARTESIAN_POINT ( 'NONE',  ( -143.0000000000000300, -16.00000000000000000, -9.000000000000000000 ) ) ;
#1450 = DIRECTION ( 'NONE',  ( 1.000000000000000000, 0.0000000000000000000, 0.0000000000000000000 ) ) ;
#1451 = CARTESIAN_POINT ( 'NONE',  ( 17.00000000000000000, -21.24999999999997900, -52.74999999999998600 ) ) ;
#1452 = DIRECTION ( 'NONE',  ( 0.0000000000000000000, 0.7071067811865657800, -0.7071067811865292500 ) ) ;
#1453 = CARTESIAN_POINT ( 'NONE',  ( 12.49999999999999800, -21.99999999999998600, -53.00000000000000000 ) ) ;
#1454 = ORIENTED_EDGE ( 'NONE', *, *, #4189, .F. ) ;
#1455 = CARTESIAN_POINT ( 'NONE',  ( -149.5000000000000300, -17.99999999999998200, -26.50000000000000000 ) ) ;
#1456 = CARTESIAN_POINT ( 'NONE',  ( 17.00000000000000000, -11.75000000000001600, 52.74999999999998600 ) ) ;
#1457 = ORIENTED_EDGE ( 'NONE', *, *, #4292, .T. ) ;
#1458 = ORIENTED_EDGE ( 'NONE', *, *, #7056, .F. ) ;
#1459 = CARTESIAN_POINT ( 'NONE',  ( -12.49999999999999800, 10.74999999999997300, -23.00000000000000000 ) ) ;
#1460 = CARTESIAN_POINT ( 'NONE',  ( -149.0000000000000300, -19.32287565553229300, -14.25000000000000200 ) ) ;
#1461 = ORIENTED_EDGE ( 'NONE', *, *, #4698, .T. ) ;
#1462 = CARTESIAN_POINT ( 'NONE',  ( -109.5000000000000100, -19.99999999999999600, 15.95809924354782800 ) ) ;
#1463 = CARTESIAN_POINT ( 'NONE',  ( -16.74999999999998600, 15.50000000000001800, 28.30000000000000100 ) ) ;
#1464 = ORIENTED_EDGE ( 'NONE', *, *, #4678, .F. ) ;
#1465 = ORIENTED_EDGE ( 'NONE', *, *, #4188, .T. ) ;
#1466 = ORIENTED_EDGE ( 'NONE', *, *, #4770, .T. ) ;
#1467 = DIRECTION ( 'NONE',  ( 0.6785983445458483300, 0.2810846377149118200, 0.6785983445458079200 ) ) ;
#1468 = ORIENTED_EDGE ( 'NONE', *, *, #4814, .T. ) ;
#1469 = CARTESIAN_POINT ( 'NONE',  ( 16.75000000000000000, 15.50000000000001800, 28.30000000000000100 ) ) ;
#1470 = ORIENTED_EDGE ( 'NONE', *, *, #4495, .F. ) ;
#1471 = CARTESIAN_POINT ( 'NONE',  ( 12.49999999999999800, -12.75000000000000000, 53.00000000000000000 ) ) ;
#1472 = CARTESIAN_POINT ( 'NONE',  ( -149.5000000000000300, 0.0000000000000000000, 16.24999999999996800 ) ) ;
#1473 = ORIENTED_EDGE ( 'NONE', *, *, #4768, .T. ) ;
#1474 = CARTESIAN_POINT ( 'NONE',  ( -160.5000000000000300, -30.00000000000000000, -14.24999999999998900 ) ) ;
#1475 = ORIENTED_EDGE ( 'NONE', *, *, #4161, .T. ) ;
#1476 = ORIENTED_EDGE ( 'NONE', *, *, #7134, .F. ) ;
#1477 = VERTEX_POINT ( 'NONE', #2115 ) ;
#1478 = VERTEX_POINT ( 'NONE', #2132 ) ;
#1479 = CARTESIAN_POINT ( 'NONE',  ( -277.7499999999999400, 0.0000000000000000000, 0.0000000000000000000 ) ) ;
#1480 = LINE ( 'NONE', #1483, #2975 ) ;
#1481 = DIRECTION ( 'NONE',  ( -1.000000000000000000, 0.0000000000000000000, 3.016910393003140900E-016 ) ) ;
#1482 = LINE ( 'NONE', #2214, #2971 ) ;
#1483 = CARTESIAN_POINT ( 'NONE',  ( -110.0000000000000000, -18.00000000000003200, 9.000000000000000000 ) ) ;
#1484 = ORIENTED_EDGE ( 'NONE', *, *, #4188, .F. ) ;
#1485 = ORIENTED_EDGE ( 'NONE', *, *, #4261, .T. ) ;
#1486 = CARTESIAN_POINT ( 'NONE',  ( -16.74999999999998600, -21.50000000000000000, 52.74999999999998600 ) ) ;
#1487 = VERTEX_POINT ( 'NONE', #2138 ) ;
#1488 = ORIENTED_EDGE ( 'NONE', *, *, #6980, .F. ) ;
#1489 = CARTESIAN_POINT ( 'NONE',  ( -112.0000000000000000, -19.99999999999999600, 10.99999999999999800 ) ) ;
#1490 = CARTESIAN_POINT ( 'NONE',  ( -149.5000000000000300, -17.99999999999998200, -16.24999999999999300 ) ) ;
#1491 = ORIENTED_EDGE ( 'NONE', *, *, #4078, .F. ) ;
#1492 = DIRECTION ( 'NONE',  ( 1.000000000000000000, -0.0000000000000000000, 0.0000000000000000000 ) ) ;
#1493 = DIRECTION ( 'NONE',  ( -1.000000000000000000, -0.0000000000000000000, -0.0000000000000000000 ) ) ;
#1494 = CARTESIAN_POINT ( 'NONE',  ( -16.75000000000000000, -11.49999999999999800, -28.30000000000000400 ) ) ;
#1495 = ORIENTED_EDGE ( 'NONE', *, *, #4283, .F. ) ;
#1496 = ORIENTED_EDGE ( 'NONE', *, *, #4733, .F. ) ;
#1497 = LINE ( 'NONE', #2300, #2889 ) ;
#1498 = DIRECTION ( 'NONE',  ( 0.0000000000000000000, 0.9848077530122079100, 0.1736481776669306100 ) ) ;
#1499 = DIRECTION ( 'NONE',  ( -0.7071067811865678900, 0.7071067811865272600, 2.483066261835353200E-016 ) ) ;
#1500 = ORIENTED_EDGE ( 'NONE', *, *, #4224, .T. ) ;
#1501 = ORIENTED_EDGE ( 'NONE', *, *, #4766, .T. ) ;
#1502 = VERTEX_POINT ( 'NONE', #2160 ) ;
#1503 = LINE ( 'NONE', #2224, #3144 ) ;
#1504 = ORIENTED_EDGE ( 'NONE', *, *, #4727, .F. ) ;
#1505 = VERTEX_POINT ( 'NONE', #2162 ) ;
#1506 = CARTESIAN_POINT ( 'NONE',  ( -16.74999999999998600, 29.00000000000000000, 28.30000000000000100 ) ) ;
#1507 = LINE ( 'NONE', #1448, #2953 ) ;
#1508 = VERTEX_POINT ( 'NONE', #2167 ) ;
#1509 = DIRECTION ( 'NONE',  ( 0.0000000000000000000, -1.000000000000000000, -1.224646799147353200E-016 ) ) ;
#1510 = ORIENTED_EDGE ( 'NONE', *, *, #4800, .T. ) ;
#1511 = ORIENTED_EDGE ( 'NONE', *, *, #4758, .F. ) ;
#1512 = CARTESIAN_POINT ( 'NONE',  ( -305.7499999999999400, 0.0000000000000000000, 0.0000000000000000000 ) ) ;
#1513 = ORIENTED_EDGE ( 'NONE', *, *, #4056, .F. ) ;
#1514 = DIRECTION ( 'NONE',  ( -0.7071067811865279200, 0.7071067811865672200, 0.0000000000000000000 ) ) ;
#1515 = ORIENTED_EDGE ( 'NONE', *, *, #4056, .T. ) ;
#1516 = DIRECTION ( 'NONE',  ( 1.000000000000000000, 0.0000000000000000000, 0.0000000000000000000 ) ) ;
#1517 = ORIENTED_EDGE ( 'NONE', *, *, #4760, .T. ) ;
#1518 = CARTESIAN_POINT ( 'NONE',  ( 17.00000000000000000, -1.999999999999999600, 37.79999999999999700 ) ) ;
#1519 = DIRECTION ( 'NONE',  ( 0.0000000000000000000, 0.0000000000000000000, -1.000000000000000000 ) ) ;
#1520 = ORIENTED_EDGE ( 'NONE', *, *, #4003, .T. ) ;
#1521 = CARTESIAN_POINT ( 'NONE',  ( 16.75000000000000000, 29.00000000000000000, 14.79999999999996300 ) ) ;
#1522 = ORIENTED_EDGE ( 'NONE', *, *, #4708, .T. ) ;
#1523 = CARTESIAN_POINT ( 'NONE',  ( -112.0000000000000000, -19.99999999999999600, -12.25000000000000200 ) ) ;
#1524 = CARTESIAN_POINT ( 'NONE',  ( -114.0000000000000000, -15.99999999999999600, -9.000000000000000000 ) ) ;
#1525 = ORIENTED_EDGE ( 'NONE', *, *, #4615, .T. ) ;
#1526 = DIRECTION ( 'NONE',  ( -0.7071067811865672200, -0.7071067811865279200, 0.0000000000000000000 ) ) ;
#1527 = ORIENTED_EDGE ( 'NONE', *, *, #7078, .F. ) ;
#1528 = CARTESIAN_POINT ( 'NONE',  ( -294.2500000000000000, 10.82820391385385300, 14.99999999999999800 ) ) ;
#1529 = LINE ( 'NONE', #1528, #3118 ) ;
#1530 = ORIENTED_EDGE ( 'NONE', *, *, #4186, .F. ) ;
#1531 = CARTESIAN_POINT ( 'NONE',  ( 182.2747764546358800, -11.16843517242209800, -20.16282865864624100 ) ) ;
#1532 = ORIENTED_EDGE ( 'NONE', *, *, #6997, .F. ) ;
#1533 = ORIENTED_EDGE ( 'NONE', *, *, #4306, .T. ) ;
#1534 = LINE ( 'NONE', #1541, #3134 ) ;
#1535 = ORIENTED_EDGE ( 'NONE', *, *, #4294, .T. ) ;
#1536 = DIRECTION ( 'NONE',  ( -0.7071067811865474600, -0.7071067811865474600, 0.0000000000000000000 ) ) ;
#1537 = ORIENTED_EDGE ( 'NONE', *, *, #4292, .F. ) ;
#1538 = DIRECTION ( 'NONE',  ( 0.0000000000000000000, 0.9848077530122081300, 0.1736481776669304400 ) ) ;
#1539 = DIRECTION ( 'NONE',  ( -0.09584575252022790900, 0.1728487359030508000, -0.9802738934708752300 ) ) ;
#1540 = ORIENTED_EDGE ( 'NONE', *, *, #4465, .T. ) ;
#1541 = CARTESIAN_POINT ( 'NONE',  ( 12.62499999999999800, -22.12500000000000000, 52.75000000000000000 ) ) ;
#1542 = DIRECTION ( 'NONE',  ( 0.0000000000000000000, 0.0000000000000000000, -1.000000000000000000 ) ) ;
#1543 = ORIENTED_EDGE ( 'NONE', *, *, #4792, .T. ) ;
#1544 = CARTESIAN_POINT ( 'NONE',  ( 105.9999999999999900, 1.714505518806294600E-015, -14.00000000000000000 ) ) ;
#1545 = CARTESIAN_POINT ( 'NONE',  ( 12.75000000000000000, -12.74999999999999600, -32.00000000000000000 ) ) ;
#1546 = ORIENTED_EDGE ( 'NONE', *, *, #4242, .F. ) ;
#1547 = DIRECTION ( 'NONE',  ( 0.0000000000000000000, 0.0000000000000000000, 1.000000000000000000 ) ) ;
#1548 = CARTESIAN_POINT ( 'NONE',  ( 0.3121619994705662200, -11.37269971779742400, -36.25000000000000000 ) ) ;
#1549 = ORIENTED_EDGE ( 'NONE', *, *, #4278, .F. ) ;
#1550 = DIRECTION ( 'NONE',  ( -1.000000000000000000, -0.0000000000000000000, -0.0000000000000000000 ) ) ;
#1551 = DIRECTION ( 'NONE',  ( 0.0000000000000000000, -8.410780489584522900E-017, 1.000000000000000000 ) ) ;
#1552 = CARTESIAN_POINT ( 'NONE',  ( -302.7711471785539700, 0.0000000000000000000, 0.0000000000000000000 ) ) ;
#1553 = ORIENTED_EDGE ( 'NONE', *, *, #4791, .T. ) ;
#1554 = CARTESIAN_POINT ( 'NONE',  ( -16.74999999999998600, -21.50000000000000000, -20.62500000000000400 ) ) ;
#1555 = ORIENTED_EDGE ( 'NONE', *, *, #4244, .F. ) ;
#1556 = DIRECTION ( 'NONE',  ( 0.0000000000000000000, -1.000000000000000000, 0.0000000000000000000 ) ) ;
#1557 = DIRECTION ( 'NONE',  ( 0.0000000000000000000, -0.9973304413659687100, -0.07302048154293495900 ) ) ;
#1558 = ORIENTED_EDGE ( 'NONE', *, *, #4240, .F. ) ;
#1559 = DIRECTION ( 'NONE',  ( 0.0000000000000000000, 0.0000000000000000000, -1.000000000000000000 ) ) ;
#1560 = ORIENTED_EDGE ( 'NONE', *, *, #4205, .T. ) ;
#1561 = LINE ( 'NONE', #1569, #3107 ) ;
#1562 = PLANE ( 'NONE',  #3113 ) ;
#1563 = ORIENTED_EDGE ( 'NONE', *, *, #4199, .T. ) ;
#1564 = CARTESIAN_POINT ( 'NONE',  ( -107.5000000000000400, -30.00000000000000000, 12.25000000000000200 ) ) ;
#1565 = ORIENTED_EDGE ( 'NONE', *, *, #4256, .F. ) ;
#1566 = CARTESIAN_POINT ( 'NONE',  ( 17.00000000000000000, 29.00000000000000000, 28.30000000000000100 ) ) ;
#1567 = DIRECTION ( 'NONE',  ( 0.0000000000000000000, 0.0000000000000000000, 1.000000000000000000 ) ) ;
#1568 = ORIENTED_EDGE ( 'NONE', *, *, #4323, .T. ) ;
#1569 = CARTESIAN_POINT ( 'NONE',  ( 16.75000000000000000, -11.49999999999998900, -53.00000000000000000 ) ) ;
#1570 = ORIENTED_EDGE ( 'NONE', *, *, #4252, .F. ) ;
#1571 = DIRECTION ( 'NONE',  ( 0.0000000000000000000, -1.000000000000000000, 0.0000000000000000000 ) ) ;
#1572 = ORIENTED_EDGE ( 'NONE', *, *, #4770, .F. ) ;
#1573 = LINE ( 'NONE', #1564, #3112 ) ;
#1574 = ORIENTED_EDGE ( 'NONE', *, *, #4253, .F. ) ;
#1575 = CARTESIAN_POINT ( 'NONE',  ( -110.0000000000000000, -19.99999999999999600, -12.25000000000000200 ) ) ;
#1576 = ORIENTED_EDGE ( 'NONE', *, *, #4202, .T. ) ;
#1577 = CARTESIAN_POINT ( 'NONE',  ( -112.0000000000000000, -30.00000000000000000, 12.25000000000000200 ) ) ;
#1578 = CARTESIAN_POINT ( 'NONE',  ( -147.5000000000000300, -19.99999999999999600, 15.95809924354783500 ) ) ;
#1579 = ORIENTED_EDGE ( 'NONE', *, *, #4788, .F. ) ;
#1580 = DIRECTION ( 'NONE',  ( 0.0000000000000000000, 0.0000000000000000000, 1.000000000000000000 ) ) ;
#1581 = ORIENTED_EDGE ( 'NONE', *, *, #4139, .T. ) ;
#1582 = CARTESIAN_POINT ( 'NONE',  ( 3.282148686455275600, -11.49999999999999500, -37.79999999999999700 ) ) ;
#1583 = DIRECTION ( 'NONE',  ( -1.000000000000000000, 0.0000000000000000000, 0.0000000000000000000 ) ) ;
#1584 = ORIENTED_EDGE ( 'NONE', *, *, #4700, .T. ) ;
#1585 = CARTESIAN_POINT ( 'NONE',  ( -143.0000000000000000, -14.00000000000000000, 9.000000000000000000 ) ) ;
#1586 = ORIENTED_EDGE ( 'NONE', *, *, #4756, .T. ) ;
#1587 = CARTESIAN_POINT ( 'NONE',  ( 3.081947516351176500, -11.49999999999999600, -37.55663333056149600 ) ) ;
#1588 = DIRECTION ( 'NONE',  ( -0.0000000000000000000, -0.0000000000000000000, -1.000000000000000000 ) ) ;
#1589 = ORIENTED_EDGE ( 'NONE', *, *, #4756, .F. ) ;
#1590 = CARTESIAN_POINT ( 'NONE',  ( -107.5000000000000000, -30.00000000000000000, -14.25000000000000000 ) ) ;
#1591 = ORIENTED_EDGE ( 'NONE', *, *, #4772, .T. ) ;
#1592 = LINE ( 'NONE', #1585, #3164 ) ;
#1593 = DIRECTION ( 'NONE',  ( 0.0000000000000000000, -1.000000000000000000, 0.0000000000000000000 ) ) ;
#1594 = ORIENTED_EDGE ( 'NONE', *, *, #4694, .T. ) ;
#1595 = DIRECTION ( 'NONE',  ( -0.0000000000000000000, 1.000000000000000000, 1.224646799147353200E-016 ) ) ;
#1596 = ORIENTED_EDGE ( 'NONE', *, *, #4291, .F. ) ;
#1597 = CARTESIAN_POINT ( 'NONE',  ( 185.4376862878034200, -16.87244345722277900, 12.18620982589265500 ) ) ;
#1598 = DIRECTION ( 'NONE',  ( 0.0000000000000000000, -1.224646799147353200E-016, 1.000000000000000000 ) ) ;
#1599 = ORIENTED_EDGE ( 'NONE', *, *, #4172, .T. ) ;
#1600 = DIRECTION ( 'NONE',  ( -0.7071067811865474600, 0.0000000000000000000, -0.7071067811865474600 ) ) ;
#1601 = ORIENTED_EDGE ( 'NONE', *, *, #4488, .T. ) ;
#1602 = CARTESIAN_POINT ( 'NONE',  ( -143.0000000000000000, -14.00000000000000000, -9.000000000000000000 ) ) ;
#1603 = LINE ( 'NONE', #1602, #2948 ) ;
#1604 = ORIENTED_EDGE ( 'NONE', *, *, #4088, .T. ) ;
#1605 = DIRECTION ( 'NONE',  ( 0.0000000000000000000, 0.0000000000000000000, 1.000000000000000000 ) ) ;
#1606 = ORIENTED_EDGE ( 'NONE', *, *, #4481, .T. ) ;
#1607 = DIRECTION ( 'NONE',  ( -0.09584575252022790900, 0.1728487359030508000, -0.9802738934708752300 ) ) ;
#1608 = ORIENTED_EDGE ( 'NONE', *, *, #4327, .T. ) ;
#1609 = CARTESIAN_POINT ( 'NONE',  ( 188.6964418734911500, -22.74930047792650400, 45.51552220390241400 ) ) ;
#1610 = ORIENTED_EDGE ( 'NONE', *, *, #4117, .T. ) ;
#1611 = CARTESIAN_POINT ( 'NONE',  ( -148.7785146003822100, -19.54587739418502700, -14.24191687176193000 ) ) ;
#1612 = ORIENTED_EDGE ( 'NONE', *, *, #4198, .T. ) ;
#1613 = CARTESIAN_POINT ( 'NONE',  ( -148.3875257640905000, -19.79828488527180100, -14.15954884091136600 ) ) ;
#1614 = CARTESIAN_POINT ( 'NONE',  ( -148.5233504082171100, -19.72542471387321000, -14.19668789817651700 ) ) ;
#1615 = ORIENTED_EDGE ( 'NONE', *, *, #4030, .T. ) ;
#1616 = DIRECTION ( 'NONE',  ( 0.0000000000000000000, 0.9848077530122081300, 0.1736481776669303000 ) ) ;
#1617 = ORIENTED_EDGE ( 'NONE', *, *, #4712, .T. ) ;
#1618 = DIRECTION ( 'NONE',  ( -1.000000000000000000, -0.0000000000000000000, 0.0000000000000000000 ) ) ;
#1619 = CARTESIAN_POINT ( 'NONE',  ( 12.75000000000000000, -3.499999999999996900, 32.00000000000000000 ) ) ;
#1620 = ORIENTED_EDGE ( 'NONE', *, *, #4002, .T. ) ;
#1621 = LINE ( 'NONE', #1624, #2955 ) ;
#1622 = ORIENTED_EDGE ( 'NONE', *, *, #3984, .F. ) ;
#1623 = DIRECTION ( 'NONE',  ( -1.000000000000000000, 0.0000000000000000000, -3.016910393003144300E-016 ) ) ;
#1624 = CARTESIAN_POINT ( 'NONE',  ( -96.50000000000000000, 0.0000000000000000000, -14.24999999999999600 ) ) ;
#1625 = VERTEX_POINT ( 'NONE', #2169 ) ;
#1626 = CARTESIAN_POINT ( 'NONE',  ( -294.2500000000000000, -10.82820391385385300, 14.99999999999999800 ) ) ;
#1627 = CARTESIAN_POINT ( 'NONE',  ( 17.00000000000000000, 29.00000000000000000, 28.30000000000000100 ) ) ;
#1628 = VERTEX_POINT ( 'NONE', #2174 ) ;
#1629 = ORIENTED_EDGE ( 'NONE', *, *, #4191, .T. ) ;
#1630 = DIRECTION ( 'NONE',  ( 0.0000000000000000000, 1.000000000000000000, -8.566535683836084200E-017 ) ) ;
#1631 = DIRECTION ( 'NONE',  ( 0.0000000000000000000, -0.1736481776669299700, 0.9848077530122081300 ) ) ;
#1632 = DIRECTION ( 'NONE',  ( 0.0000000000000000000, -8.566535683836084200E-017, -1.000000000000000000 ) ) ;
#1633 = LINE ( 'NONE', #1626, #2906 ) ;
#1634 = DIRECTION ( 'NONE',  ( 0.0000000000000000000, -0.7071067811865279200, -0.7071067811865671100 ) ) ;
#1635 = VERTEX_POINT ( 'NONE', #2179 ) ;
#1636 = ORIENTED_EDGE ( 'NONE', *, *, #4288, .T. ) ;
#1637 = PLANE ( 'NONE',  #3155 ) ;
#1638 = DIRECTION ( 'NONE',  ( -0.7071067811865474600, 1.653889528107911800E-016, -0.7071067811865474600 ) ) ;
#1639 = VERTEX_POINT ( 'NONE', #2199 ) ;
#1640 = VERTEX_POINT ( 'NONE', #2206 ) ;
#1641 = DIRECTION ( 'NONE',  ( -0.09584575252022790900, 0.1728487359030508000, -0.9802738934708752300 ) ) ;
#1642 = CARTESIAN_POINT ( 'NONE',  ( 185.4376862878034200, -40.26162759126274400, 8.062065606303056200 ) ) ;
#1643 = LINE ( 'NONE', #1642, #3139 ) ;
#1644 = ORIENTED_EDGE ( 'NONE', *, *, #4185, .F. ) ;
#1645 = VERTEX_POINT ( 'NONE', #2228 ) ;
#1646 = VERTEX_POINT ( 'NONE', #2241 ) ;
#1647 = CARTESIAN_POINT ( 'NONE',  ( -16.75000000000000000, -11.49999999999998900, -52.75000000000000000 ) ) ;
#1648 = VERTEX_POINT ( 'NONE', #2254 ) ;
#1649 = DIRECTION ( 'NONE',  ( 0.0000000000000000000, 0.0000000000000000000, -1.000000000000000000 ) ) ;
#1650 = DIRECTION ( 'NONE',  ( -0.7071067811865671100, 0.0000000000000000000, 0.7071067811865279200 ) ) ;
#1651 = ORIENTED_EDGE ( 'NONE', *, *, #4243, .T. ) ;
#1652 = DIRECTION ( 'NONE',  ( -0.5773502691896257300, 0.5773502691895937600, -0.5773502691896578200 ) ) ;
#1653 = ORIENTED_EDGE ( 'NONE', *, *, #4601, .T. ) ;
#1654 = CARTESIAN_POINT ( 'NONE',  ( -108.0000000000000000, -19.32287565553229300, 14.25000000000000200 ) ) ;
#1655 = DIRECTION ( 'NONE',  ( -0.0000000000000000000, 1.000000000000000000, -0.0000000000000000000 ) ) ;
#1656 = CARTESIAN_POINT ( 'NONE',  ( -108.2242390481953300, -19.54806063455893600, 14.24156974716844300 ) ) ;
#1657 = ORIENTED_EDGE ( 'NONE', *, *, #4491, .T. ) ;
#1658 = DIRECTION ( 'NONE',  ( 0.0000000000000000000, 0.0000000000000000000, -1.000000000000000000 ) ) ;
#1659 = CARTESIAN_POINT ( 'NONE',  ( -107.5000000000000400, -30.00000000000000000, 14.25000000000000000 ) ) ;
#1660 = PLANE ( 'NONE',  #3141 ) ;
#1661 = ORIENTED_EDGE ( 'NONE', *, *, #4274, .T. ) ;
#1662 = ORIENTED_EDGE ( 'NONE', *, *, #4296, .T. ) ;
#1663 = CARTESIAN_POINT ( 'NONE',  ( 181.5233701033256800, -9.813344993062447200, -27.84792695679114200 ) ) ;
#1664 = ORIENTED_EDGE ( 'NONE', *, *, #4495, .T. ) ;
#1665 = ORIENTED_EDGE ( 'NONE', *, *, #4294, .F. ) ;
#1666 = PLANE ( 'NONE',  #2930 ) ;
#1667 = DIRECTION ( 'NONE',  ( 0.7071067811865292500, 0.0000000000000000000, 0.7071067811865657800 ) ) ;
#1668 = DIRECTION ( 'NONE',  ( 0.0000000000000000000, 0.9848077530122080200, 0.1736481776669303900 ) ) ;
#1669 = CARTESIAN_POINT ( 'NONE',  ( -107.5000000000000400, -30.00000000000000000, 12.25000000000000200 ) ) ;
#1670 = DIRECTION ( 'NONE',  ( -0.09584575252022790900, 0.1728487359030508000, -0.9802738934708752300 ) ) ;
#1671 = CARTESIAN_POINT ( 'NONE',  ( -149.0000000000000300, -19.32287565553229300, -16.24999999999999300 ) ) ;
#1672 = ORIENTED_EDGE ( 'NONE', *, *, #6990, .F. ) ;
#1673 = DIRECTION ( 'NONE',  ( 0.0000000000000000000, 0.0000000000000000000, 1.000000000000000000 ) ) ;
#1674 = DIRECTION ( 'NONE',  ( 0.5492275853485665300, -0.5909099167775691000, -0.5909099167775996300 ) ) ;
#1675 = ORIENTED_EDGE ( 'NONE', *, *, #4058, .T. ) ;
#1676 = CARTESIAN_POINT ( 'NONE',  ( -16.74999999999998600, -11.50000000000000200, 52.75000000000000000 ) ) ;
#1677 = CARTESIAN_POINT ( 'NONE',  ( -108.0000000000000000, -19.32287565553229300, 16.24999999999996800 ) ) ;
#1678 = CARTESIAN_POINT ( 'NONE',  ( -149.0000000000000300, 0.0000000000000000000, 12.25000000000000500 ) ) ;
#1679 = DIRECTION ( 'NONE',  ( 0.0000000000000000000, 0.0000000000000000000, 1.000000000000000000 ) ) ;
#1680 = CARTESIAN_POINT ( 'NONE',  ( 17.00000000000000000, -2.000000000000000400, 28.04999999999999000 ) ) ;
#1681 = LINE ( 'NONE', #1474, #3150 ) ;
#1682 = ORIENTED_EDGE ( 'NONE', *, *, #4293, .F. ) ;
#1683 = DIRECTION ( 'NONE',  ( 0.0000000000000000000, 0.0000000000000000000, -1.000000000000000000 ) ) ;
#1684 = CARTESIAN_POINT ( 'NONE',  ( 9.904330988104222500E-015, 29.00000000000000000, 36.25000000000000000 ) ) ;
#1685 = DIRECTION ( 'NONE',  ( 0.0000000000000000000, -1.000000000000000000, 0.0000000000000000000 ) ) ;
#1686 = DIRECTION ( 'NONE',  ( 0.0000000000000000000, 0.0000000000000000000, 1.000000000000000000 ) ) ;
#1687 = CARTESIAN_POINT ( 'NONE',  ( -16.74999999999998600, 1.387389149315764200, 18.94927838595341300 ) ) ;
#1688 = ORIENTED_EDGE ( 'NONE', *, *, #4189, .T. ) ;
#1689 = VERTEX_POINT ( 'NONE', #2273 ) ;
#1690 = DIRECTION ( 'NONE',  ( 0.0000000000000000000, 0.0000000000000000000, -1.000000000000000000 ) ) ;
#1691 = DIRECTION ( 'NONE',  ( 0.7071067811865474600, 0.0000000000000000000, 0.7071067811865474600 ) ) ;
#1692 = ORIENTED_EDGE ( 'NONE', *, *, #4773, .T. ) ;
#1693 = VERTEX_POINT ( 'NONE', #2294 ) ;
#1694 = DIRECTION ( 'NONE',  ( 0.0000000000000000000, 0.0000000000000000000, 1.000000000000000000 ) ) ;
#1695 = DIRECTION ( 'NONE',  ( 0.04792287626011426700, -0.9392928999039672500, 0.3397532135550059300 ) ) ;
#1696 = ORIENTED_EDGE ( 'NONE', *, *, #4225, .T. ) ;
#1697 = VERTEX_POINT ( 'NONE', #2304 ) ;
#1698 = ORIENTED_EDGE ( 'NONE', *, *, #6982, .F. ) ;
#1699 = CARTESIAN_POINT ( 'NONE',  ( -147.5000000000000300, -19.99999999999999600, -11.00000000000000000 ) ) ;
#1700 = ORIENTED_EDGE ( 'NONE', *, *, #4181, .T. ) ;
#1701 = ORIENTED_EDGE ( 'NONE', *, *, #4246, .T. ) ;
#1702 = VERTEX_POINT ( 'NONE', #2313 ) ;
#1703 = CARTESIAN_POINT ( 'NONE',  ( -143.0000000000000300, -17.99999999999999600, -9.000000000000000000 ) ) ;
#1704 = CARTESIAN_POINT ( 'NONE',  ( -12.49999999999999800, 1.734723475976807100E-015, -14.25000000000000000 ) ) ;
#1705 = LINE ( 'NONE', #1703, #3137 ) ;
#1706 = CARTESIAN_POINT ( 'NONE',  ( 16.87500000000000000, -11.75000000000001600, 52.87499999999999300 ) ) ;
#1707 = ORIENTED_EDGE ( 'NONE', *, *, #4171, .F. ) ;
#1708 = ORIENTED_EDGE ( 'NONE', *, *, #4678, .T. ) ;
#1709 = CARTESIAN_POINT ( 'NONE',  ( 17.00000000000000000, -1.084202172485504400E-014, 52.74999999999998600 ) ) ;
#1710 = DIRECTION ( 'NONE',  ( 0.0000000000000000000, -0.9973304413659687100, -0.07302048154293511200 ) ) ;
#1711 = ORIENTED_EDGE ( 'NONE', *, *, #4293, .T. ) ;
#1712 = ORIENTED_EDGE ( 'NONE', *, *, #4252, .T. ) ;
#1713 = DIRECTION ( 'NONE',  ( 0.0000000000000000000, -1.000000000000000000, 0.0000000000000000000 ) ) ;
#1714 = DIRECTION ( 'NONE',  ( 0.0000000000000000000, -0.0000000000000000000, -1.000000000000000000 ) ) ;
#1715 = DIRECTION ( 'NONE',  ( 0.0000000000000000000, 1.000000000000000000, 0.0000000000000000000 ) ) ;
#1716 = VERTEX_POINT ( 'NONE', #2315 ) ;
#1717 = ORIENTED_EDGE ( 'NONE', *, *, #4227, .T. ) ;
#1718 = ORIENTED_EDGE ( 'NONE', *, *, #4072, .T. ) ;
#1719 = VERTEX_POINT ( 'NONE', #2330 ) ;
#1720 = LINE ( 'NONE', #1706, #2902 ) ;
#1721 = CARTESIAN_POINT ( 'NONE',  ( -12.75000000000000000, -3.499999999999996900, 32.00000000000000000 ) ) ;
#1722 = LINE ( 'NONE', #2236, #3108 ) ;
#1723 = ORIENTED_EDGE ( 'NONE', *, *, #4388, .T. ) ;
#1724 = CARTESIAN_POINT ( 'NONE',  ( -108.8875257640904700, -19.90954884091135900, 14.04828488527180500 ) ) ;
#1725 = ORIENTED_EDGE ( 'NONE', *, *, #4275, .T. ) ;
#1726 = CARTESIAN_POINT ( 'NONE',  ( -305.7499999999999400, 0.0000000000000000000, 0.0000000000000000000 ) ) ;
#1727 = CARTESIAN_POINT ( 'NONE',  ( -270.2500000000000000, -9.013878188660115100, 14.99999999999999800 ) ) ;
#1728 = CARTESIAN_POINT ( 'NONE',  ( -160.5000000000000300, -66.00694377477768200, -14.24999999999998900 ) ) ;
#1729 = ORIENTED_EDGE ( 'NONE', *, *, #4230, .T. ) ;
#1730 = LINE ( 'NONE', #2361, #2918 ) ;
#1731 = ORIENTED_EDGE ( 'NONE', *, *, #4290, .F. ) ;
#1732 = ORIENTED_EDGE ( 'NONE', *, *, #4235, .T. ) ;
#1733 = DIRECTION ( 'NONE',  ( 0.0000000000000000000, 1.156482317317871700E-016, -1.000000000000000000 ) ) ;
#1734 = ORIENTED_EDGE ( 'NONE', *, *, #4442, .T. ) ;
#1735 = VERTEX_POINT ( 'NONE', #2352 ) ;
#1736 = DIRECTION ( 'NONE',  ( 1.837086636568429500E-016, 0.7071067811865670000, -0.7071067811865279200 ) ) ;
#1737 = CARTESIAN_POINT ( 'NONE',  ( 221.9999999999999700, 0.0000000000000000000, 0.0000000000000000000 ) ) ;
#1738 = DIRECTION ( 'NONE',  ( 0.0000000000000000000, 0.9848077530122081300, 0.1736481776669304400 ) ) ;
#1739 = VERTEX_POINT ( 'NONE', #2365 ) ;
#1740 = CARTESIAN_POINT ( 'NONE',  ( -108.4321696445408300, -19.71469540176541800, 16.23529829150803400 ) ) ;
#1741 = CARTESIAN_POINT ( 'NONE',  ( -108.1925812258409300, -19.54124224014160300, 16.25000000000000000 ) ) ;
#1742 = CARTESIAN_POINT ( 'NONE',  ( -18.89548807467727800, 26.85451192532282900, -13.91130974155866300 ) ) ;
#1743 = LINE ( 'NONE', #1742, #3161 ) ;
#1744 = DIRECTION ( 'NONE',  ( -0.7071067811865657800, -6.057455473316878200E-017, 0.7071067811865292500 ) ) ;
#1745 = ORIENTED_EDGE ( 'NONE', *, *, #4557, .F. ) ;
#1746 = CARTESIAN_POINT ( 'NONE',  ( -160.5000000000000300, 0.0000000000000000000, 16.25000000000001100 ) ) ;
#1747 = DIRECTION ( 'NONE',  ( 0.0000000000000000000, 0.0000000000000000000, 1.000000000000000000 ) ) ;
#1748 = ORIENTED_EDGE ( 'NONE', *, *, #4193, .F. ) ;
#1749 = DIRECTION ( 'NONE',  ( 0.0000000000000000000, -0.7071067811865672200, 0.7071067811865279200 ) ) ;
#1750 = DIRECTION ( 'NONE',  ( 0.0000000000000000000, 0.0000000000000000000, 1.000000000000000000 ) ) ;
#1751 = LINE ( 'NONE', #1869, #2963 ) ;
#1752 = DIRECTION ( 'NONE',  ( -0.0000000000000000000, 1.000000000000000000, -0.0000000000000000000 ) ) ;
#1753 = CARTESIAN_POINT ( 'NONE',  ( -108.0000000000000000, -19.99999999999999600, 12.25000000000000200 ) ) ;
#1754 = ORIENTED_EDGE ( 'NONE', *, *, #4669, .F. ) ;
#1755 = PLANE ( 'NONE',  #3157 ) ;
#1756 = ORIENTED_EDGE ( 'NONE', *, *, #4171, .T. ) ;
#1757 = DIRECTION ( 'NONE',  ( 0.0000000000000000000, -0.07302048154293511200, 0.9973304413659687100 ) ) ;
#1758 = CARTESIAN_POINT ( 'NONE',  ( -147.5000000000000300, -19.99999999999999600, -15.95809924354783100 ) ) ;
#1759 = ORIENTED_EDGE ( 'NONE', *, *, #4535, .F. ) ;
#1760 = ORIENTED_EDGE ( 'NONE', *, *, #4318, .F. ) ;
#1761 = DIRECTION ( 'NONE',  ( -1.000000000000000000, -0.0000000000000000000, -0.0000000000000000000 ) ) ;
#1762 = VERTEX_POINT ( 'NONE', #2378 ) ;
#1763 = ORIENTED_EDGE ( 'NONE', *, *, #4693, .F. ) ;
#1764 = ORIENTED_EDGE ( 'NONE', *, *, #7089, .F. ) ;
#1765 = ORIENTED_EDGE ( 'NONE', *, *, #4187, .T. ) ;
#1766 = ORIENTED_EDGE ( 'NONE', *, *, #4317, .F. ) ;
#1767 = CARTESIAN_POINT ( 'NONE',  ( -149.0000000000000300, -19.32287565553229300, 14.24999999999999600 ) ) ;
#1768 = ORIENTED_EDGE ( 'NONE', *, *, #4297, .F. ) ;
#1769 = CARTESIAN_POINT ( 'NONE',  ( 150.9999999999999700, 1.387389149315769300, -18.94927838595340600 ) ) ;
#1770 = ORIENTED_EDGE ( 'NONE', *, *, #4429, .T. ) ;
#1771 = CARTESIAN_POINT ( 'NONE',  ( -294.2500000000000000, -10.82820391385385300, -14.99999999999999800 ) ) ;
#1772 = ORIENTED_EDGE ( 'NONE', *, *, #6986, .F. ) ;
#1773 = CARTESIAN_POINT ( 'NONE',  ( 105.9999999999999900, 0.0000000000000000000, 14.00000000000000000 ) ) ;
#1774 = ORIENTED_EDGE ( 'NONE', *, *, #4301, .T. ) ;
#1775 = CARTESIAN_POINT ( 'NONE',  ( 17.00000000000000000, -21.24999999999998900, -20.85736519211916100 ) ) ;
#1776 = ORIENTED_EDGE ( 'NONE', *, *, #4281, .T. ) ;
#1777 = CARTESIAN_POINT ( 'NONE',  ( 16.75000000000000000, -21.50000000000000000, 52.74999999999998600 ) ) ;
#1778 = ORIENTED_EDGE ( 'NONE', *, *, #7054, .F. ) ;
#1779 = CARTESIAN_POINT ( 'NONE',  ( -147.9781705630688900, -19.94627493463450200, -13.97624515531297200 ) ) ;
#1780 = VERTEX_POINT ( 'NONE', #2384 ) ;
#1781 = ORIENTED_EDGE ( 'NONE', *, *, #4316, .T. ) ;
#1782 = VERTEX_POINT ( 'NONE', #2393 ) ;
#1783 = ORIENTED_EDGE ( 'NONE', *, *, #4393, .T. ) ;
#1784 = VERTEX_POINT ( 'NONE', #2406 ) ;
#1785 = PLANE ( 'NONE',  #3188 ) ;
#1786 = CARTESIAN_POINT ( 'NONE',  ( -147.5000000000000300, -19.99999999999999600, -13.57287565553229300 ) ) ;
#1787 = VERTEX_POINT ( 'NONE', #1773 ) ;
#1788 = CARTESIAN_POINT ( 'NONE',  ( 17.00000000000000000, 21.72322330470329600, -21.72322330470339900 ) ) ;
#1789 = CARTESIAN_POINT ( 'NONE',  ( -110.0000000000000000, -19.99999999999999600, 12.25000000000000200 ) ) ;
#1790 = VERTEX_POINT ( 'NONE', #2410 ) ;
#1791 = DIRECTION ( 'NONE',  ( -0.7071067811865683300, -0.4999999999999843500, 0.4999999999999863400 ) ) ;
#1792 = CARTESIAN_POINT ( 'NONE',  ( -147.0000000000000300, -19.99999999999999600, -12.25000000000000500 ) ) ;
#1793 = DIRECTION ( 'NONE',  ( 0.5773502691896039700, 0.0000000000000000000, 0.8164965809277415800 ) ) ;
#1794 = VERTEX_POINT ( 'NONE', #1544 ) ;
#1795 = VERTEX_POINT ( 'NONE', #1545 ) ;
#1796 = CARTESIAN_POINT ( 'NONE',  ( 295.2500000000000000, 0.0000000000000000000, 0.0000000000000000000 ) ) ;
#1797 = CARTESIAN_POINT ( 'NONE',  ( 145.4999999999999700, 1.387389149315765100, 18.94927838595340200 ) ) ;
#1798 = DIRECTION ( 'NONE',  ( -1.000000000000000000, -0.0000000000000000000, -0.0000000000000000000 ) ) ;
#1799 = VERTEX_POINT ( 'NONE', #1397 ) ;
#1800 = VERTEX_POINT ( 'NONE', #1399 ) ;
#1801 = CARTESIAN_POINT ( 'NONE',  ( 105.9999999999999700, -2.602085213965210600E-015, -26.49999999999999600 ) ) ;
#1802 = DIRECTION ( 'NONE',  ( 0.0000000000000000000, 0.0000000000000000000, 1.000000000000000000 ) ) ;
#1803 = VERTEX_POINT ( 'NONE', #1387 ) ;
#1804 = PLANE ( 'NONE',  #3183 ) ;
#1805 = CARTESIAN_POINT ( 'NONE',  ( -16.75000000000000000, -2.000000000000000400, 28.30000000000000400 ) ) ;
#1806 = VERTEX_POINT ( 'NONE', #1389 ) ;
#1807 = VERTEX_POINT ( 'NONE', #1846 ) ;
#1808 = CARTESIAN_POINT ( 'NONE',  ( -149.0000000000000300, 0.0000000000000000000, 12.25000000000000500 ) ) ;
#1809 = VERTEX_POINT ( 'NONE', #1851 ) ;
#1810 = DIRECTION ( 'NONE',  ( 0.0000000000000000000, -1.000000000000000000, 0.0000000000000000000 ) ) ;
#1811 = CARTESIAN_POINT ( 'NONE',  ( -16.74999999999998600, -21.50000000000000000, 20.87499999999999600 ) ) ;
#1812 = VERTEX_POINT ( 'NONE', #2360 ) ;
#1813 = DIRECTION ( 'NONE',  ( 0.0000000000000000000, 0.0000000000000000000, -1.000000000000000000 ) ) ;
#1814 = CARTESIAN_POINT ( 'NONE',  ( 145.4999999999999700, -28.00000000000000000, -26.49999999999999300 ) ) ;
#1815 = PLANE ( 'NONE',  #3190 ) ;
#1816 = CARTESIAN_POINT ( 'NONE',  ( -109.3951846472107700, -19.99999999999999600, 13.69172509427309800 ) ) ;
#1817 = VERTEX_POINT ( 'NONE', #2396 ) ;
#1818 = DIRECTION ( 'NONE',  ( 0.0000000000000000000, 1.000000000000000000, 0.0000000000000000000 ) ) ;
#1819 = CARTESIAN_POINT ( 'NONE',  ( -109.3651022963727000, -19.99999999999999600, 16.01266805148711800 ) ) ;
#1820 = ORIENTED_EDGE ( 'NONE', *, *, #7072, .F. ) ;
#1821 = CARTESIAN_POINT ( 'NONE',  ( 111.4999999999999700, 0.0000000000000000000, 0.0000000000000000000 ) ) ;
#1822 = VERTEX_POINT ( 'NONE', #2380 ) ;
#1823 = DIRECTION ( 'NONE',  ( -1.000000000000000000, 0.0000000000000000000, 0.0000000000000000000 ) ) ;
#1824 = DIRECTION ( 'NONE',  ( 1.000000000000000000, 0.0000000000000000000, -0.0000000000000000000 ) ) ;
#1825 = VERTEX_POINT ( 'NONE', #2094 ) ;
#1826 = CARTESIAN_POINT ( 'NONE',  ( -147.7242390481953600, -19.99156974716844100, -13.79806063455894000 ) ) ;
#1827 = ORIENTED_EDGE ( 'NONE', *, *, #4298, .F. ) ;
#1828 = CARTESIAN_POINT ( 'NONE',  ( -147.0000000000000300, -30.00000000000000000, 12.25000000000000200 ) ) ;
#1829 = PLANE ( 'NONE',  #2946 ) ;
#1830 = DIRECTION ( 'NONE',  ( -0.0000000000000000000, 0.0000000000000000000, -1.000000000000000000 ) ) ;
#1831 = CARTESIAN_POINT ( 'NONE',  ( 16.75000000000000000, 15.49999999999996100, -28.30000000000000100 ) ) ;
#1832 = PLANE ( 'NONE',  #3184 ) ;
#1833 = ORIENTED_EDGE ( 'NONE', *, *, #4303, .T. ) ;
#1834 = VERTEX_POINT ( 'NONE', #2172 ) ;
#1835 = CARTESIAN_POINT ( 'NONE',  ( -16.74999999999998600, -21.50000000000000000, -20.89547203953948800 ) ) ;
#1836 = ORIENTED_EDGE ( 'NONE', *, *, #4312, .T. ) ;
#1837 = DIRECTION ( 'NONE',  ( -0.5492275853485210100, -0.6324809747789415000, 0.5461839214357313600 ) ) ;
#1838 = VERTEX_POINT ( 'NONE', #2175 ) ;
#1839 = DIRECTION ( 'NONE',  ( -0.09584575252022790900, 0.1728487359030508000, -0.9802738934708752300 ) ) ;
#1840 = CARTESIAN_POINT ( 'NONE',  ( -16.74999999999998600, -21.23025000142891000, 20.60525000142892100 ) ) ;
#1841 = DIRECTION ( 'NONE',  ( 0.7550521535113582400, -0.6556647355759346300, 0.0000000000000000000 ) ) ;
#1842 = DIRECTION ( 'NONE',  ( -1.000000000000000000, -0.0000000000000000000, -0.0000000000000000000 ) ) ;
#1843 = ORIENTED_EDGE ( 'NONE', *, *, #4299, .F. ) ;
#1844 = PLANE ( 'NONE',  #3178 ) ;
#1845 = CARTESIAN_POINT ( 'NONE',  ( -148.1155678195896700, -19.90856143993507000, -14.04980031773902600 ) ) ;
#1846 = CARTESIAN_POINT ( 'NONE',  ( -149.0000000000000300, -30.00000000000000000, 16.24999999999999300 ) ) ;
#1847 = ORIENTED_EDGE ( 'NONE', *, *, #4302, .T. ) ;
#1848 = CARTESIAN_POINT ( 'NONE',  ( -147.0000000000000300, -66.00694377477768200, -12.25000000000000500 ) ) ;
#1849 = VERTEX_POINT ( 'NONE', #2411 ) ;
#1850 = DIRECTION ( 'NONE',  ( -1.000000000000000000, 0.0000000000000000000, -0.0000000000000000000 ) ) ;
#1851 = CARTESIAN_POINT ( 'NONE',  ( -203.0000000000000000, 0.0000000000000000000, 16.87500000000000000 ) ) ;
#1852 = ORIENTED_EDGE ( 'NONE', *, *, #4510, .F. ) ;
#1853 = DIRECTION ( 'NONE',  ( -0.0000000000000000000, 0.0000000000000000000, 1.000000000000000000 ) ) ;
#1854 = CARTESIAN_POINT ( 'NONE',  ( 16.75000000000000000, -2.000000000000000400, 28.30000000000000400 ) ) ;
#1855 = PLANE ( 'NONE',  #3177 ) ;
#1856 = ORIENTED_EDGE ( 'NONE', *, *, #4300, .T. ) ;
#1857 = CARTESIAN_POINT ( 'NONE',  ( 1.045542204772053400E-014, -21.50000000000000000, 45.00000000000003600 ) ) ;
#1858 = CARTESIAN_POINT ( 'NONE',  ( 16.75000000000000000, -11.50000000000000200, 52.75000000000000000 ) ) ;
#1859 = VERTEX_POINT ( 'NONE', #2056 ) ;
#1860 = DIRECTION ( 'NONE',  ( 0.5773502691896578200, 0.5773502691895937600, 0.5773502691896257300 ) ) ;
#1861 = ORIENTED_EDGE ( 'NONE', *, *, #4360, .F. ) ;
#1862 = CARTESIAN_POINT ( 'NONE',  ( -160.5000000000000300, -21.00000000000000000, 16.25000000000001100 ) ) ;
#1863 = CARTESIAN_POINT ( 'NONE',  ( -16.74999999999998600, 29.00000000000000000, 28.30000000000000100 ) ) ;
#1864 = DIRECTION ( 'NONE',  ( 0.7071067811865279200, 0.0000000000000000000, -0.7071067811865671100 ) ) ;
#1865 = ORIENTED_EDGE ( 'NONE', *, *, #4150, .F. ) ;
#1866 = PLANE ( 'NONE',  #3171 ) ;
#1867 = ORIENTED_EDGE ( 'NONE', *, *, #4303, .F. ) ;
#1868 = ORIENTED_EDGE ( 'NONE', *, *, #4096, .T. ) ;
#1869 = CARTESIAN_POINT ( 'NONE',  ( 17.00000000000000000, 15.50000000000001800, 28.30000000000000100 ) ) ;
#1870 = CARTESIAN_POINT ( 'NONE',  ( -16.74999999999998600, 29.00000000000000000, -28.30000000000000100 ) ) ;
#1871 = ORIENTED_EDGE ( 'NONE', *, *, #4212, .T. ) ;
#1872 = DIRECTION ( 'NONE',  ( 0.0000000000000000000, 0.0000000000000000000, 1.000000000000000000 ) ) ;
#1873 = VERTEX_POINT ( 'NONE', #2051 ) ;
#1874 = CARTESIAN_POINT ( 'NONE',  ( -203.0000000000000000, -3.714255247439558000E-014, 0.0000000000000000000 ) ) ;
#1875 = DIRECTION ( 'NONE',  ( -0.7071067811865265900, 6.057455473317212200E-017, -0.7071067811865685600 ) ) ;
#1876 = PLANE ( 'NONE',  #2927 ) ;
#1877 = VERTEX_POINT ( 'NONE', #2149 ) ;
#1878 = ORIENTED_EDGE ( 'NONE', *, *, #4314, .F. ) ;
#1879 = DIRECTION ( 'NONE',  ( -0.7071067811865685600, 0.0000000000000000000, 0.7071067811865265900 ) ) ;
#1880 = VERTEX_POINT ( 'NONE', #2243 ) ;
#1881 = VERTEX_POINT ( 'NONE', #2220 ) ;
#1882 = PLANE ( 'NONE',  #3193 ) ;
#1883 = CARTESIAN_POINT ( 'NONE',  ( -110.0000000000000000, -18.00000000000003200, -9.000000000000000000 ) ) ;
#1884 = CARTESIAN_POINT ( 'NONE',  ( 17.00000000000000000, -8.439108465539024200E-015, -28.04999999999999000 ) ) ;
#1885 = ORIENTED_EDGE ( 'NONE', *, *, #4071, .T. ) ;
#1886 = CARTESIAN_POINT ( 'NONE',  ( -16.74999999999998600, -21.49999999999998900, -53.00000000000000000 ) ) ;
#1887 = DIRECTION ( 'NONE',  ( -0.7071067811865334700, -0.05163327766451725200, -0.7052191181736629000 ) ) ;
#1888 = VERTEX_POINT ( 'NONE', #2086 ) ;
#1889 = DIRECTION ( 'NONE',  ( -0.7071067811865225900, -0.7071067811865725500, -2.273299891916742900E-016 ) ) ;
#1890 = ORIENTED_EDGE ( 'NONE', *, *, #7162, .F. ) ;
#1891 = ORIENTED_EDGE ( 'NONE', *, *, #4690, .F. ) ;
#1892 = DIRECTION ( 'NONE',  ( 0.7071067811865725500, -0.7071067811865225900, 0.0000000000000000000 ) ) ;
#1893 = VERTEX_POINT ( 'NONE', #2072 ) ;
#1894 = CARTESIAN_POINT ( 'NONE',  ( 16.75000000000000000, -21.50000000000000000, 20.87499999999999600 ) ) ;
#1895 = PLANE ( 'NONE',  #3195 ) ;
#1896 = CARTESIAN_POINT ( 'NONE',  ( -108.1048839968606900, -19.44180292933394200, 14.25000000000000500 ) ) ;
#1897 = ORIENTED_EDGE ( 'NONE', *, *, #4728, .F. ) ;
#1898 = DIRECTION ( 'NONE',  ( 0.0000000000000000000, 1.224646799147353200E-016, -1.000000000000000000 ) ) ;
#1899 = CARTESIAN_POINT ( 'NONE',  ( -147.0000000000000300, -18.00000000000002500, -9.000000000000000000 ) ) ;
#1900 = CARTESIAN_POINT ( 'NONE',  ( -16.74999999999998600, -11.50000000000000200, 53.00000000000000000 ) ) ;
#1901 = ORIENTED_EDGE ( 'NONE', *, *, #4304, .F. ) ;
#1902 = DIRECTION ( 'NONE',  ( -0.7071067811865279200, 0.0000000000000000000, 0.7071067811865672200 ) ) ;
#1903 = PLANE ( 'NONE',  #3175 ) ;
#1904 = ORIENTED_EDGE ( 'NONE', *, *, #4738, .T. ) ;
#1905 = DIRECTION ( 'NONE',  ( 0.7071067811865672200, 0.0000000000000000000, 0.7071067811865279200 ) ) ;
#1906 = ORIENTED_EDGE ( 'NONE', *, *, #7055, .F. ) ;
#1907 = CARTESIAN_POINT ( 'NONE',  ( -294.2500000000000000, 0.0000000000000000000, 0.0000000000000000000 ) ) ;
#1908 = CARTESIAN_POINT ( 'NONE',  ( -149.5000000000000300, 0.0000000000000000000, 14.24999999999999500 ) ) ;
#1909 = DIRECTION ( 'NONE',  ( -0.0000000000000000000, -0.0000000000000000000, 1.000000000000000000 ) ) ;
#1910 = ORIENTED_EDGE ( 'NONE', *, *, #7059, .F. ) ;
#1911 = ORIENTED_EDGE ( 'NONE', *, *, #4256, .T. ) ;
#1912 = DIRECTION ( 'NONE',  ( -1.000000000000000000, -0.0000000000000000000, -0.0000000000000000000 ) ) ;
#1913 = LINE ( 'NONE', #2355, #2919 ) ;
#1914 = VERTEX_POINT ( 'NONE', #1894 ) ;
#1915 = LINE ( 'NONE', #1924, #3126 ) ;
#1916 = ORIENTED_EDGE ( 'NONE', *, *, #4305, .T. ) ;
#1917 = DIRECTION ( 'NONE',  ( 0.0000000000000000000, 0.0000000000000000000, 1.000000000000000000 ) ) ;
#1918 = ORIENTED_EDGE ( 'NONE', *, *, #4754, .T. ) ;
#1919 = ORIENTED_EDGE ( 'NONE', *, *, #4311, .T. ) ;
#1920 = CARTESIAN_POINT ( 'NONE',  ( -299.9484848098349500, 0.0000000000000000000, 0.0000000000000000000 ) ) ;
#1921 = ORIENTED_EDGE ( 'NONE', *, *, #3959, .T. ) ;
#1922 = DIRECTION ( 'NONE',  ( 1.000000000000000000, -0.0000000000000000000, -0.0000000000000000000 ) ) ;
#1923 = ORIENTED_EDGE ( 'NONE', *, *, #4310, .F. ) ;
#1924 = CARTESIAN_POINT ( 'NONE',  ( 111.4999999999999700, -2.602085213965210600E-015, -26.49999999999999600 ) ) ;
#1925 = DIRECTION ( 'NONE',  ( 0.0000000000000000000, 0.0000000000000000000, -1.000000000000000000 ) ) ;
#1926 = DIRECTION ( 'NONE',  ( -0.7071067811865474600, -1.653889528107911800E-016, 0.7071067811865474600 ) ) ;
#1927 = DIRECTION ( 'NONE',  ( 0.0000000000000000000, -1.000000000000000000, 1.239088197126291100E-016 ) ) ;
#1928 = PLANE ( 'NONE',  #3121 ) ;
#1929 = VERTEX_POINT ( 'NONE', #1463 ) ;
#1930 = ORIENTED_EDGE ( 'NONE', *, *, #4314, .T. ) ;
#1931 = ORIENTED_EDGE ( 'NONE', *, *, #4809, .T. ) ;
#1932 = CARTESIAN_POINT ( 'NONE',  ( -16.74999999999998600, -21.50000000000000000, 53.00000000000000000 ) ) ;
#1933 = DIRECTION ( 'NONE',  ( -0.7071067811865279200, 0.0000000000000000000, 0.7071067811865672200 ) ) ;
#1934 = ORIENTED_EDGE ( 'NONE', *, *, #4016, .T. ) ;
#1935 = DIRECTION ( 'NONE',  ( -0.7071067811865279200, -0.7071067811865672200, 0.0000000000000000000 ) ) ;
#1936 = ORIENTED_EDGE ( 'NONE', *, *, #4265, .T. ) ;
#1937 = CARTESIAN_POINT ( 'NONE',  ( -16.74999999999998600, 1.387389149315768600, -18.94927838595341300 ) ) ;
#1938 = CARTESIAN_POINT ( 'NONE',  ( 9.904330988104222500E-015, -21.24999999999998200, -44.75000000000000700 ) ) ;
#1939 = DIRECTION ( 'NONE',  ( 0.7071067811865672200, -0.7071067811865279200, 0.0000000000000000000 ) ) ;
#1940 = ORIENTED_EDGE ( 'NONE', *, *, #6985, .F. ) ;
#1941 = CARTESIAN_POINT ( 'NONE',  ( -160.5000000000000300, -20.99999999999998900, 14.25000000000001100 ) ) ;
#1942 = ORIENTED_EDGE ( 'NONE', *, *, #4755, .F. ) ;
#1943 = ORIENTED_EDGE ( 'NONE', *, *, #4223, .T. ) ;
#1944 = ORIENTED_EDGE ( 'NONE', *, *, #7125, .F. ) ;
#1945 = CARTESIAN_POINT ( 'NONE',  ( -149.5000000000000300, -17.99999999999998200, 16.24999999999996800 ) ) ;
#1946 = DIRECTION ( 'NONE',  ( -0.0000000000000000000, -0.9848077530122080200, -0.1736481776669302800 ) ) ;
#1947 = ORIENTED_EDGE ( 'NONE', *, *, #3946, .T. ) ;
#1948 = CARTESIAN_POINT ( 'NONE',  ( 9.904330988104222500E-015, -11.37269971779742900, 36.25000000000000000 ) ) ;
#1949 = CARTESIAN_POINT ( 'NONE',  ( -294.2500000000000000, 0.0000000000000000000, 0.0000000000000000000 ) ) ;
#1950 = CARTESIAN_POINT ( 'NONE',  ( -145.0000000000000300, -19.99999999999999600, -12.25000000000000500 ) ) ;
#1951 = ORIENTED_EDGE ( 'NONE', *, *, #6950, .F. ) ;
#1952 = CARTESIAN_POINT ( 'NONE',  ( -149.5000000000000300, 0.0000000000000000000, -16.24999999999999300 ) ) ;
#1953 = VERTEX_POINT ( 'NONE', #1486 ) ;
#1954 = CARTESIAN_POINT ( 'NONE',  ( -149.5000000000000300, -17.99999999999998200, -14.24999999999999300 ) ) ;
#1955 = CARTESIAN_POINT ( 'NONE',  ( -110.0000000000000000, -18.00000000000003200, 9.000000000000000000 ) ) ;
#1956 = VERTEX_POINT ( 'NONE', #1490 ) ;
#1957 = ORIENTED_EDGE ( 'NONE', *, *, #7111, .F. ) ;
#1958 = DIRECTION ( 'NONE',  ( 1.000000000000000000, 0.0000000000000000000, -3.016910393003144300E-016 ) ) ;
#1959 = CARTESIAN_POINT ( 'NONE',  ( 111.4999999999999700, -2.602085213965210600E-015, -26.49999999999999600 ) ) ;
#1960 = CARTESIAN_POINT ( 'NONE',  ( 9.904330988104222500E-015, -21.24999999999997500, 36.25000000000000000 ) ) ;
#1961 = CARTESIAN_POINT ( 'NONE',  ( 111.4999999999999700, -28.00000000000000000, -26.49999999999999300 ) ) ;
#1962 = VERTEX_POINT ( 'NONE', #1489 ) ;
#1963 = ORIENTED_EDGE ( 'NONE', *, *, #4703, .F. ) ;
#1964 = CARTESIAN_POINT ( 'NONE',  ( -160.5000000000000300, 0.0000000000000000000, -16.24999999999998900 ) ) ;
#1965 = ORIENTED_EDGE ( 'NONE', *, *, #4315, .F. ) ;
#1966 = VERTEX_POINT ( 'NONE', #1854 ) ;
#1967 = CARTESIAN_POINT ( 'NONE',  ( -149.0000000000000300, -19.32287565553229300, 16.24999999999996800 ) ) ;
#1968 = DIRECTION ( 'NONE',  ( -1.000000000000000000, -0.0000000000000000000, -0.0000000000000000000 ) ) ;
#1969 = CARTESIAN_POINT ( 'NONE',  ( 9.904330988104222500E-015, -21.49999999999999300, -45.00000000000002800 ) ) ;
#1970 = ORIENTED_EDGE ( 'NONE', *, *, #4675, .F. ) ;
#1971 = DIRECTION ( 'NONE',  ( 0.6727538020706836900, 0.6727538020706836900, 0.3079036271284873400 ) ) ;
#1972 = CARTESIAN_POINT ( 'NONE',  ( 16.75000000000000000, -11.49999999999999500, -37.79999999999999700 ) ) ;
#1973 = CARTESIAN_POINT ( 'NONE',  ( -160.5000000000000300, -20.99999999999997900, -14.24999999999998900 ) ) ;
#1974 = ORIENTED_EDGE ( 'NONE', *, *, #7115, .F. ) ;
#1975 = ORIENTED_EDGE ( 'NONE', *, *, #4765, .T. ) ;
#1976 = CARTESIAN_POINT ( 'NONE',  ( -16.75000000000000000, -11.49999999999999500, -37.79999999999999700 ) ) ;
#1977 = ORIENTED_EDGE ( 'NONE', *, *, #4212, .F. ) ;
#1978 = DIRECTION ( 'NONE',  ( -0.0000000000000000000, -1.000000000000000000, -0.0000000000000000000 ) ) ;
#1979 = CARTESIAN_POINT ( 'NONE',  ( 17.00000000000000000, -11.75000000000001600, 37.79999999999999700 ) ) ;
#1980 = ORIENTED_EDGE ( 'NONE', *, *, #4091, .F. ) ;
#1981 = DIRECTION ( 'NONE',  ( -0.7071067811865279200, -1.922962686383670300E-016, 0.7071067811865670000 ) ) ;
#1982 = ORIENTED_EDGE ( 'NONE', *, *, #4313, .F. ) ;
#1983 = DIRECTION ( 'NONE',  ( -0.7071067811865336900, -0.05163327766451746000, 0.7052191181736627800 ) ) ;
#1984 = CARTESIAN_POINT ( 'NONE',  ( -16.74999999999998600, -21.25000000000000000, 53.00000000000000000 ) ) ;
#1985 = CARTESIAN_POINT ( 'NONE',  ( 111.4999999999999700, -28.00000000000000000, 26.49999999999999300 ) ) ;
#1986 = LINE ( 'NONE', #2320, #2922 ) ;
#1987 = CARTESIAN_POINT ( 'NONE',  ( -145.0000000000000300, -19.99999999999999600, -11.00000000000000000 ) ) ;
#1988 = CARTESIAN_POINT ( 'NONE',  ( 1.234891358795814400, -11.39967240592995200, -36.42123931694428800 ) ) ;
#1989 = CARTESIAN_POINT ( 'NONE',  ( 145.4999999999999700, 0.0000000000000000000, 0.0000000000000000000 ) ) ;
#1990 = CARTESIAN_POINT ( 'NONE',  ( 3.282148686455275600, -11.49999999999999500, -37.79999999999999700 ) ) ;
#1991 = LINE ( 'NONE', #2097, #2896 ) ;
#1992 = ORIENTED_EDGE ( 'NONE', *, *, #4046, .T. ) ;
#1993 = ORIENTED_EDGE ( 'NONE', *, *, #4722, .F. ) ;
#1994 = ORIENTED_EDGE ( 'NONE', *, *, #4236, .T. ) ;
#1995 = CARTESIAN_POINT ( 'NONE',  ( -16.74999999999998600, 15.49999999999996100, -28.30000000000000100 ) ) ;
#1996 = CARTESIAN_POINT ( 'NONE',  ( -108.0000000000000000, 0.0000000000000000000, 14.25000000000000000 ) ) ;
#1997 = CARTESIAN_POINT ( 'NONE',  ( -147.5000000000000300, -19.99999999999999600, -13.57287565553229300 ) ) ;
#1998 = VERTEX_POINT ( 'NONE', #1862 ) ;
#1999 = CARTESIAN_POINT ( 'NONE',  ( 16.75000000000000000, -1.999999999999995800, -28.30000000000000400 ) ) ;
#2000 = ORIENTED_EDGE ( 'NONE', *, *, #3974, .T. ) ;
#2001 = ORIENTED_EDGE ( 'NONE', *, *, #4064, .F. ) ;
#2002 = CARTESIAN_POINT ( 'NONE',  ( -160.5000000000000300, 0.0000000000000000000, -14.24999999999998900 ) ) ;
#2003 = DIRECTION ( 'NONE',  ( 0.0000000000000000000, 0.7071067811865279200, 0.7071067811865672200 ) ) ;
#2004 = CARTESIAN_POINT ( 'NONE',  ( 111.4999999999999700, -28.00000000000000000, -26.49999999999999300 ) ) ;
#2005 = CARTESIAN_POINT ( 'NONE',  ( 17.00000000000000000, -2.000000000000000400, 28.04999999999999000 ) ) ;
#2006 = PLANE ( 'NONE',  #2879 ) ;
#2007 = ORIENTED_EDGE ( 'NONE', *, *, #4316, .F. ) ;
#2008 = VERTEX_POINT ( 'NONE', #1857 ) ;
#2009 = CARTESIAN_POINT ( 'NONE',  ( -16.74999999999998600, 29.00000000000000000, 14.79999999999996300 ) ) ;
#2010 = CARTESIAN_POINT ( 'NONE',  ( 16.75000000000000000, -11.75000000000001600, 53.00000000000000000 ) ) ;
#2011 = CARTESIAN_POINT ( 'NONE',  ( 17.00000000000000000, -21.50000000000000000, -20.89547203953948800 ) ) ;
#2012 = ORIENTED_EDGE ( 'NONE', *, *, #7040, .F. ) ;
#2013 = LINE ( 'NONE', #2262, #2916 ) ;
#2014 = CARTESIAN_POINT ( 'NONE',  ( -110.0000000000000000, -19.99999999999999600, -11.00000000000000000 ) ) ;
#2015 = ORIENTED_EDGE ( 'NONE', *, *, #4755, .T. ) ;
#2016 = CARTESIAN_POINT ( 'NONE',  ( -147.5000000000000300, -19.99999999999999600, -15.95809924354783100 ) ) ;
#2017 = CARTESIAN_POINT ( 'NONE',  ( 17.00000000000000000, -11.75000000000000400, -52.74999999999998600 ) ) ;
#2018 = ORIENTED_EDGE ( 'NONE', *, *, #4241, .T. ) ;
#2019 = ORIENTED_EDGE ( 'NONE', *, *, #6951, .F. ) ;
#2020 = CARTESIAN_POINT ( 'NONE',  ( 9.904330988104222500E-015, -21.50000000000000000, 35.99999999999997200 ) ) ;
#2021 = DIRECTION ( 'NONE',  ( -0.0000000000000000000, 1.000000000000000000, 8.410780489584522900E-017 ) ) ;
#2022 = LINE ( 'NONE', #2037, #3159 ) ;
#2023 = VERTEX_POINT ( 'NONE', #1676 ) ;
#2024 = ORIENTED_EDGE ( 'NONE', *, *, #4042, .T. ) ;
#2025 = CARTESIAN_POINT ( 'NONE',  ( -16.75000000000000000, -1.999999999999995800, -28.30000000000000400 ) ) ;
#2026 = ORIENTED_EDGE ( 'NONE', *, *, #4061, .T. ) ;
#2027 = DIRECTION ( 'NONE',  ( 0.0000000000000000000, 1.000000000000000000, 0.0000000000000000000 ) ) ;
#2028 = VERTEX_POINT ( 'NONE', #2059 ) ;
#2029 = CARTESIAN_POINT ( 'NONE',  ( 16.75000000000000000, -11.49999999999998900, -52.75000000000000000 ) ) ;
#2030 = ORIENTED_EDGE ( 'NONE', *, *, #4147, .F. ) ;
#2031 = CARTESIAN_POINT ( 'NONE',  ( -113.9999999999999900, -17.99999999999999600, 9.000000000000000000 ) ) ;
#2032 = ORIENTED_EDGE ( 'NONE', *, *, #4299, .T. ) ;
#2033 = DIRECTION ( 'NONE',  ( -0.4999999999999998900, -0.1503837331804354600, 0.8528685319524432800 ) ) ;
#2034 = DIRECTION ( 'NONE',  ( -1.000000000000000000, -0.0000000000000000000, -0.0000000000000000000 ) ) ;
#2035 = CARTESIAN_POINT ( 'NONE',  ( -16.74999999999998600, -11.75000000000000400, -53.00000000000000000 ) ) ;
#2036 = ORIENTED_EDGE ( 'NONE', *, *, #4279, .F. ) ;
#2037 = CARTESIAN_POINT ( 'NONE',  ( -110.0000000000000000, -30.00000000000000000, -12.25000000000000200 ) ) ;
#2038 = VERTEX_POINT ( 'NONE', #1671 ) ;
#2039 = VERTEX_POINT ( 'NONE', #1746 ) ;
#2040 = CARTESIAN_POINT ( 'NONE',  ( 3.282148686455276000, -11.50000000000000000, 37.79999999999999700 ) ) ;
#2041 = ORIENTED_EDGE ( 'NONE', *, *, #7131, .F. ) ;
#2042 = CARTESIAN_POINT ( 'NONE',  ( -149.0000000000000300, -30.00000000000000000, -14.24999999999999300 ) ) ;
#2043 = CARTESIAN_POINT ( 'NONE',  ( 17.00000000000000000, -21.24999999999998900, 52.74999999999998600 ) ) ;
#2044 = ORIENTED_EDGE ( 'NONE', *, *, #4203, .T. ) ;
#2045 = CARTESIAN_POINT ( 'NONE',  ( -145.0000000000000300, -30.00000000000000000, 12.25000000000000500 ) ) ;
#2046 = ORIENTED_EDGE ( 'NONE', *, *, #4309, .F. ) ;
#2047 = ORIENTED_EDGE ( 'NONE', *, *, #4245, .F. ) ;
#2048 = CARTESIAN_POINT ( 'NONE',  ( 16.75000000000000000, -21.25000000000000000, 53.00000000000000000 ) ) ;
#2049 = ORIENTED_EDGE ( 'NONE', *, *, #4307, .F. ) ;
#2050 = CARTESIAN_POINT ( 'NONE',  ( 16.75000000000000000, -11.50000000000000000, 37.79999999999999700 ) ) ;
#2051 = CARTESIAN_POINT ( 'NONE',  ( -112.0000000000000000, -19.99999999999999600, 12.24999999999999800 ) ) ;
#2052 = VERTEX_POINT ( 'NONE', #2110 ) ;
#2053 = CARTESIAN_POINT ( 'NONE',  ( -17.00000000000000000, -11.75000000000000900, -37.79999999999999700 ) ) ;
#2054 = ORIENTED_EDGE ( 'NONE', *, *, #7067, .F. ) ;
#2055 = CARTESIAN_POINT ( 'NONE',  ( 1.045542204772053400E-014, -21.49999999999999300, -35.99999999999997200 ) ) ;
#2056 = CARTESIAN_POINT ( 'NONE',  ( -147.0000000000000300, -18.00000000000002500, 9.000000000000000000 ) ) ;
#2057 = ORIENTED_EDGE ( 'NONE', *, *, #4308, .F. ) ;
#2058 = ORIENTED_EDGE ( 'NONE', *, *, #4654, .F. ) ;
#2059 = CARTESIAN_POINT ( 'NONE',  ( -16.75000000000000000, 29.00000000000000000, -14.80000000000001800 ) ) ;
#2060 = ORIENTED_EDGE ( 'NONE', *, *, #4251, .T. ) ;
#2061 = CARTESIAN_POINT ( 'NONE',  ( 182.2747764546358800, -11.16843517242209800, -20.16282865864624100 ) ) ;
#2062 = VERTEX_POINT ( 'NONE', #2212 ) ;
#2063 = LINE ( 'NONE', #1590, #3119 ) ;
#2064 = DIRECTION ( 'NONE',  ( -0.09584575252022790900, 0.1728487359030508000, -0.9802738934708752300 ) ) ;
#2065 = VERTEX_POINT ( 'NONE', #1444 ) ;
#2066 = CARTESIAN_POINT ( 'NONE',  ( -16.75000000000000000, -11.49999999999998900, -52.75000000000000000 ) ) ;
#2067 = DIRECTION ( 'NONE',  ( -0.0000000000000000000, -0.0000000000000000000, 1.000000000000000000 ) ) ;
#2068 = DIRECTION ( 'NONE',  ( 1.000000000000000000, 0.0000000000000000000, 0.0000000000000000000 ) ) ;
#2069 = CARTESIAN_POINT ( 'NONE',  ( -160.5000000000000300, -21.00000000000000000, -16.24999999999998900 ) ) ;
#2070 = DIRECTION ( 'NONE',  ( -0.7071067811865672200, 0.0000000000000000000, 0.7071067811865279200 ) ) ;
#2071 = LINE ( 'NONE', #1376, #2940 ) ;
#2072 = CARTESIAN_POINT ( 'NONE',  ( -149.0000000000000300, -30.00000000000000000, 14.25000000000000200 ) ) ;
#2073 = VERTEX_POINT ( 'NONE', #1451 ) ;
#2074 = CARTESIAN_POINT ( 'NONE',  ( 16.75000000000000000, -11.75000000000000400, -53.00000000000000000 ) ) ;
#2075 = VERTEX_POINT ( 'NONE', #1449 ) ;
#2076 = VERTEX_POINT ( 'NONE', #1456 ) ;
#2077 = CARTESIAN_POINT ( 'NONE',  ( -305.7499999999999400, 0.0000000000000000000, 0.0000000000000000000 ) ) ;
#2078 = CARTESIAN_POINT ( 'NONE',  ( 17.00000000000000000, 15.39644660940673400, 28.04999999999999000 ) ) ;
#2079 = DIRECTION ( 'NONE',  ( 1.000000000000000000, -0.0000000000000000000, -0.0000000000000000000 ) ) ;
#2080 = CARTESIAN_POINT ( 'NONE',  ( 191.1644700008870400, -27.20015542743006900, 70.75757496077746100 ) ) ;
#2081 = DIRECTION ( 'NONE',  ( 0.0000000000000000000, -1.000000000000000000, 0.0000000000000000000 ) ) ;
#2082 = CARTESIAN_POINT ( 'NONE',  ( 145.4999999999999700, 0.0000000000000000000, -26.49999999999999600 ) ) ;
#2083 = ORIENTED_EDGE ( 'NONE', *, *, #4311, .F. ) ;
#2084 = CARTESIAN_POINT ( 'NONE',  ( -149.0000000000000300, -19.32287565553229300, -16.24999999999999300 ) ) ;
#2085 = CARTESIAN_POINT ( 'NONE',  ( 16.75000000000000000, -11.50000000000000200, 52.75000000000000000 ) ) ;
#2086 = CARTESIAN_POINT ( 'NONE',  ( -112.0000000000000000, -18.00000000000001800, -9.000000000000000000 ) ) ;
#2087 = LINE ( 'NONE', #2202, #3135 ) ;
#2088 = ORIENTED_EDGE ( 'NONE', *, *, #4249, .F. ) ;
#2089 = CARTESIAN_POINT ( 'NONE',  ( -147.0000000000000300, -30.00000000000000000, -12.25000000000000500 ) ) ;
#2090 = CARTESIAN_POINT ( 'NONE',  ( -114.0000000000000300, -14.00000000000000000, 9.000000000000000000 ) ) ;
#2091 = PLANE ( 'NONE',  #3099 ) ;
#2092 = ORIENTED_EDGE ( 'NONE', *, *, #4312, .F. ) ;
#2093 = CARTESIAN_POINT ( 'NONE',  ( -10.53213830969057500, 23.71786169030942300, 14.40064411418931600 ) ) ;
#2094 = CARTESIAN_POINT ( 'NONE',  ( -16.74999999999998600, -11.50000000000000000, 37.79999999999999700 ) ) ;
#2095 = CARTESIAN_POINT ( 'NONE',  ( 294.2499999999999400, 0.0000000000000000000, 5.204170427930421300E-015 ) ) ;
#2096 = CARTESIAN_POINT ( 'NONE',  ( -145.0000000000000300, -30.00000000000000000, -12.25000000000000500 ) ) ;
#2097 = CARTESIAN_POINT ( 'NONE',  ( 159.6979756844743900, 31.56137919211997200, -20.62728772788076300 ) ) ;
#2098 = VERTEX_POINT ( 'NONE', #1460 ) ;
#2099 = VERTEX_POINT ( 'NONE', #1459 ) ;
#2100 = ORIENTED_EDGE ( 'NONE', *, *, #4270, .T. ) ;
#2101 = LINE ( 'NONE', #7731, #2914 ) ;
#2102 = VERTEX_POINT ( 'NONE', #1469 ) ;
#2103 = VERTEX_POINT ( 'NONE', #1472 ) ;
#2104 = CARTESIAN_POINT ( 'NONE',  ( -145.0000000000000300, -19.99999999999999600, 12.25000000000000200 ) ) ;
#2105 = CARTESIAN_POINT ( 'NONE',  ( 1.042480587055435700E-014, -11.37269971779742200, -36.25000000000000000 ) ) ;
#2106 = ORIENTED_EDGE ( 'NONE', *, *, #4229, .T. ) ;
#2107 = CARTESIAN_POINT ( 'NONE',  ( -149.0000000000000300, -30.00000000000000000, -12.25000000000000500 ) ) ;
#2108 = ORIENTED_EDGE ( 'NONE', *, *, #7117, .F. ) ;
#2109 = VERTEX_POINT ( 'NONE', #1471 ) ;
#2110 = CARTESIAN_POINT ( 'NONE',  ( -12.49999999999999800, -3.499999999999993800, -23.00000000000000400 ) ) ;
#2111 = CARTESIAN_POINT ( 'NONE',  ( 105.9999999999999700, -2.602085213965210600E-015, 26.49999999999999600 ) ) ;
#2112 = ORIENTED_EDGE ( 'NONE', *, *, #7114, .F. ) ;
#2113 = VERTEX_POINT ( 'NONE', #1840 ) ;
#2114 = DIRECTION ( 'NONE',  ( -0.7071067811865279200, 0.0000000000000000000, -0.7071067811865671100 ) ) ;
#2115 = CARTESIAN_POINT ( 'NONE',  ( 145.4999999999999700, -21.50000000000000000, 20.62499999999999600 ) ) ;
#2116 = DIRECTION ( 'NONE',  ( 0.0000000000000000000, -1.000000000000000000, 8.566535683836084200E-017 ) ) ;
#2117 = VERTEX_POINT ( 'NONE', #1814 ) ;
#2118 = CARTESIAN_POINT ( 'NONE',  ( -16.74999999999998600, -2.000000000000001800, 28.30000000000000400 ) ) ;
#2119 = DIRECTION ( 'NONE',  ( 0.0000000000000000000, 0.9848077530122080200, 0.1736481776669302800 ) ) ;
#2120 = CARTESIAN_POINT ( 'NONE',  ( 159.6979756844743900, 34.96599640259539400, -11.14197900068933000 ) ) ;
#2121 = DIRECTION ( 'NONE',  ( 0.0000000000000000000, -1.000000000000000000, 0.0000000000000000000 ) ) ;
#2122 = ORIENTED_EDGE ( 'NONE', *, *, #4485, .T. ) ;
#2123 = VERTEX_POINT ( 'NONE', #1828 ) ;
#2124 = ORIENTED_EDGE ( 'NONE', *, *, #7076, .F. ) ;
#2125 = CARTESIAN_POINT ( 'NONE',  ( -108.9582961038196300, -19.93022132994004600, 16.13607293716089700 ) ) ;
#2126 = VERTEX_POINT ( 'NONE', #1831 ) ;
#2127 = ORIENTED_EDGE ( 'NONE', *, *, #4194, .F. ) ;
#2128 = ORIENTED_EDGE ( 'NONE', *, *, #4248, .F. ) ;
#2129 = DIRECTION ( 'NONE',  ( 0.06777318155498048000, 0.5741417270434535600, 0.8159461214623646700 ) ) ;
#2130 = CARTESIAN_POINT ( 'NONE',  ( -112.0000000000000000, -18.00000000000001800, 9.000000000000000000 ) ) ;
#2131 = CARTESIAN_POINT ( 'NONE',  ( 271.2500000000001100, 0.0000000000000000000, 0.0000000000000000000 ) ) ;
#2132 = CARTESIAN_POINT ( 'NONE',  ( -149.5000000000000300, -17.99999999999998200, 14.24999999999999300 ) ) ;
#2133 = VERTEX_POINT ( 'NONE', #1801 ) ;
#2134 = VERTEX_POINT ( 'NONE', #1811 ) ;
#2135 = ORIENTED_EDGE ( 'NONE', *, *, #4327, .F. ) ;
#2136 = ORIENTED_EDGE ( 'NONE', *, *, #4598, .T. ) ;
#2137 = DIRECTION ( 'NONE',  ( 1.000000000000000000, 0.0000000000000000000, -0.0000000000000000000 ) ) ;
#2138 = CARTESIAN_POINT ( 'NONE',  ( -145.0000000000000300, -18.00000000000001400, 9.000000000000000000 ) ) ;
#2139 = ORIENTED_EDGE ( 'NONE', *, *, #4234, .T. ) ;
#2140 = VERTEX_POINT ( 'NONE', #1805 ) ;
#2141 = LINE ( 'NONE', #2093, #2973 ) ;
#2142 = DIRECTION ( 'NONE',  ( 0.0000000000000000000, 0.9848077530122082400, 0.1736481776669304400 ) ) ;
#2143 = CARTESIAN_POINT ( 'NONE',  ( 0.6215889610562634900, -11.37851206189430900, -36.28397431920029700 ) ) ;
#2144 = ORIENTED_EDGE ( 'NONE', *, *, #4284, .T. ) ;
#2145 = DIRECTION ( 'NONE',  ( 1.000000000000000000, 0.0000000000000000000, 0.0000000000000000000 ) ) ;
#2146 = ORIENTED_EDGE ( 'NONE', *, *, #4226, .T. ) ;
#2147 = DIRECTION ( 'NONE',  ( -0.09584575252022790900, 0.1728487359030508000, -0.9802738934708752300 ) ) ;
#2148 = LINE ( 'NONE', #2180, #2964 ) ;
#2149 = CARTESIAN_POINT ( 'NONE',  ( -147.0000000000000300, -19.99999999999999600, -11.00000000000000000 ) ) ;
#2150 = CARTESIAN_POINT ( 'NONE',  ( 17.00000000000000000, -11.49999999999999500, -37.79999999999999700 ) ) ;
#2151 = ORIENTED_EDGE ( 'NONE', *, *, #4222, .T. ) ;
#2152 = ORIENTED_EDGE ( 'NONE', *, *, #4278, .T. ) ;
#2153 = ORIENTED_EDGE ( 'NONE', *, *, #4307, .T. ) ;
#2154 = CARTESIAN_POINT ( 'NONE',  ( 185.4152729695774700, 31.39196006105115400, 17.76554405047917800 ) ) ;
#2155 = DIRECTION ( 'NONE',  ( -0.9018160287246322900, 5.291945958112530300E-017, -0.4321201804305526700 ) ) ;
#2156 = ORIENTED_EDGE ( 'NONE', *, *, #4233, .T. ) ;
#2157 = CARTESIAN_POINT ( 'NONE',  ( 1.532193763198586000, -11.41481350878350500, -36.52361015721976400 ) ) ;
#2158 = DIRECTION ( 'NONE',  ( 0.0000000000000000000, -0.1736481776669307200, 0.9848077530122080200 ) ) ;
#2159 = DIRECTION ( 'NONE',  ( 1.000000000000000000, 0.0000000000000000000, 0.0000000000000000000 ) ) ;
#2160 = CARTESIAN_POINT ( 'NONE',  ( 16.75000000000000000, 1.387389149315764200, 18.94927838595341300 ) ) ;
#2161 = ORIENTED_EDGE ( 'NONE', *, *, #4719, .T. ) ;
#2162 = CARTESIAN_POINT ( 'NONE',  ( -149.0000000000000300, -30.00000000000000000, -16.25000000000000000 ) ) ;
#2163 = CARTESIAN_POINT ( 'NONE',  ( 1.042480587774184700E-014, -21.24999999999998200, -36.25000000000000000 ) ) ;
#2164 = VERTEX_POINT ( 'NONE', #2042 ) ;
#2165 = VERTEX_POINT ( 'NONE', #2069 ) ;
#2166 = ORIENTED_EDGE ( 'NONE', *, *, #4309, .T. ) ;
#2167 = CARTESIAN_POINT ( 'NONE',  ( -112.0000000000000000, -30.00000000000000000, -12.25000000000000200 ) ) ;
#2168 = CARTESIAN_POINT ( 'NONE',  ( 16.75000000000000000, 29.00000000000000000, -14.80000000000001800 ) ) ;
#2169 = CARTESIAN_POINT ( 'NONE',  ( 17.00000000000000000, 28.74999999999998600, 14.69644660940668500 ) ) ;
#2170 = DIRECTION ( 'NONE',  ( -0.5773502691895937600, -0.5773502691896578200, 0.5773502691896257300 ) ) ;
#2171 = ORIENTED_EDGE ( 'NONE', *, *, #7109, .F. ) ;
#2172 = CARTESIAN_POINT ( 'NONE',  ( 12.49999999999999800, -3.499999999999993800, -23.00000000000000400 ) ) ;
#2173 = ORIENTED_EDGE ( 'NONE', *, *, #7099, .F. ) ;
#2174 = CARTESIAN_POINT ( 'NONE',  ( 17.00000000000000000, 28.74999999999998600, -14.69644660940673700 ) ) ;
#2175 = CARTESIAN_POINT ( 'NONE',  ( -12.49999999999999800, -12.49999999999999300, -32.00000000000000000 ) ) ;
#2176 = CARTESIAN_POINT ( 'NONE',  ( -294.2500000000000000, 2.265596578422603000E-015, -18.49999999999999600 ) ) ;
#2177 = DIRECTION ( 'NONE',  ( 0.0000000000000000000, 1.000000000000000000, 0.0000000000000000000 ) ) ;
#2178 = DIRECTION ( 'NONE',  ( -0.7071067811865272600, -0.7071067811865678900, 0.0000000000000000000 ) ) ;
#2179 = CARTESIAN_POINT ( 'NONE',  ( 17.00000000000000000, -11.75000000000000900, -37.79999999999999700 ) ) ;
#2180 = CARTESIAN_POINT ( 'NONE',  ( -14.17496180728677900, 16.56661574305090000, 30.87503819271305600 ) ) ;
#2181 = ORIENTED_EDGE ( 'NONE', *, *, #7008, .F. ) ;
#2182 = VERTEX_POINT ( 'NONE', #2082 ) ;
#2183 = DIRECTION ( 'NONE',  ( 0.6554728598887624700, 0.0000000000000000000, -0.7552187298718476800 ) ) ;
#2184 = ORIENTED_EDGE ( 'NONE', *, *, #4284, .F. ) ;
#2185 = ORIENTED_EDGE ( 'NONE', *, *, #4287, .T. ) ;
#2186 = VERTEX_POINT ( 'NONE', #1777 ) ;
#2187 = CARTESIAN_POINT ( 'NONE',  ( -148.7974435899135700, -19.52880372776026600, -16.24655676711479300 ) ) ;
#2188 = ORIENTED_EDGE ( 'NONE', *, *, #4267, .T. ) ;
#2189 = DIRECTION ( 'NONE',  ( 0.0000000000000000000, 0.0000000000000000000, -1.000000000000000000 ) ) ;
#2190 = DIRECTION ( 'NONE',  ( 1.000000000000000000, -0.0000000000000000000, -0.0000000000000000000 ) ) ;
#2191 = ORIENTED_EDGE ( 'NONE', *, *, #4239, .T. ) ;
#2192 = ORIENTED_EDGE ( 'NONE', *, *, #4253, .T. ) ;
#2193 = ORIENTED_EDGE ( 'NONE', *, *, #4277, .T. ) ;
#2194 = ORIENTED_EDGE ( 'NONE', *, *, #4774, .T. ) ;
#2195 = CARTESIAN_POINT ( 'NONE',  ( -16.74999999999998600, -11.75000000000001600, 53.00000000000000000 ) ) ;
#2196 = ORIENTED_EDGE ( 'NONE', *, *, #4186, .T. ) ;
#2197 = VERTEX_POINT ( 'NONE', #1767 ) ;
#2198 = VERTEX_POINT ( 'NONE', #1775 ) ;
#2199 = CARTESIAN_POINT ( 'NONE',  ( 111.4999999999999900, 1.387389149315769300, -18.94927838595340600 ) ) ;
#2200 = ORIENTED_EDGE ( 'NONE', *, *, #4315, .T. ) ;
#2201 = DIRECTION ( 'NONE',  ( 1.000000000000000000, 0.0000000000000000000, 0.0000000000000000000 ) ) ;
#2202 = CARTESIAN_POINT ( 'NONE',  ( 12.75000000000000000, 1.793197301009733400E-015, -14.50000000000000000 ) ) ;
#2203 = DIRECTION ( 'NONE',  ( 0.0000000000000000000, 0.0000000000000000000, -1.000000000000000000 ) ) ;
#2204 = CARTESIAN_POINT ( 'NONE',  ( -16.75000000000000000, -1.999999999999999600, 37.79999999999999700 ) ) ;
#2205 = CARTESIAN_POINT ( 'NONE',  ( -295.2500000000000000, 4.169201970626743400E-016, -3.404411764705957700 ) ) ;
#2206 = CARTESIAN_POINT ( 'NONE',  ( 17.00000000000000000, 15.39644660940667900, -28.04999999999999000 ) ) ;
#2207 = DIRECTION ( 'NONE',  ( -0.7061610574462063900, 0.0000000000000000000, 0.7080512417519337900 ) ) ;
#2208 = LINE ( 'NONE', #2154, #2984 ) ;
#2209 = CARTESIAN_POINT ( 'NONE',  ( -108.6155678195896400, -19.79980031773902000, 14.15856143993507400 ) ) ;
#2210 = CARTESIAN_POINT ( 'NONE',  ( -147.7698833063316200, -19.99999999999999600, -16.06727241635376300 ) ) ;
#2211 = LINE ( 'NONE', #2218, #2880 ) ;
#2212 = CARTESIAN_POINT ( 'NONE',  ( -160.5000000000000300, 0.0000000000000000000, 14.25000000000001100 ) ) ;
#2213 = PLANE ( 'NONE',  #2970 ) ;
#2214 = CARTESIAN_POINT ( 'NONE',  ( 16.75000000000000000, -11.50000000000000200, 52.75000000000000000 ) ) ;
#2215 = VERTEX_POINT ( 'NONE', #2163 ) ;
#2216 = ORIENTED_EDGE ( 'NONE', *, *, #4280, .T. ) ;
#2217 = VERTEX_POINT ( 'NONE', #2168 ) ;
#2218 = CARTESIAN_POINT ( 'NONE',  ( -299.9484848098349500, 1.285879139104720800E-015, 10.50000000000000000 ) ) ;
#2219 = CARTESIAN_POINT ( 'NONE',  ( 105.9999999999999700, -28.00000000000000000, -26.49999999999999300 ) ) ;
#2220 = CARTESIAN_POINT ( 'NONE',  ( 16.75000000000000000, -21.23025000142891000, 20.60525000142892100 ) ) ;
#2221 = ORIENTED_EDGE ( 'NONE', *, *, #4684, .F. ) ;
#2222 = ORIENTED_EDGE ( 'NONE', *, *, #4007, .T. ) ;
#2223 = VERTEX_POINT ( 'NONE', #2130 ) ;
#2224 = CARTESIAN_POINT ( 'NONE',  ( -12.62499999999999800, -22.00000000000000000, 14.37499999999999800 ) ) ;
#2225 = ORIENTED_EDGE ( 'NONE', *, *, #4184, .T. ) ;
#2226 = DIRECTION ( 'NONE',  ( -0.7071067811865279200, 0.0000000000000000000, 0.7071067811865672200 ) ) ;
#2227 = ORIENTED_EDGE ( 'NONE', *, *, #4262, .T. ) ;
#2228 = CARTESIAN_POINT ( 'NONE',  ( -16.74999999999998600, -21.25000000000000000, 53.00000000000000000 ) ) ;
#2229 = DIRECTION ( 'NONE',  ( 0.0000000000000000000, 0.0000000000000000000, 1.000000000000000000 ) ) ;
#2230 = VERTEX_POINT ( 'NONE', #2271 ) ;
#2231 = DIRECTION ( 'NONE',  ( 0.5773502691896578200, 0.5773502691895937600, -0.5773502691896257300 ) ) ;
#2232 = VERTEX_POINT ( 'NONE', #2314 ) ;
#2233 = DIRECTION ( 'NONE',  ( 0.0000000000000000000, 0.7071067811865279200, 0.7071067811865672200 ) ) ;
#2234 = ORIENTED_EDGE ( 'NONE', *, *, #4272, .T. ) ;
#2235 = LINE ( 'NONE', #1417, #2933 ) ;
#2236 = CARTESIAN_POINT ( 'NONE',  ( -147.5000000000000300, -19.99999999999999600, -11.00000000000000000 ) ) ;
#2237 = CARTESIAN_POINT ( 'NONE',  ( -271.2499999999999400, -10.82820391385385300, 14.99999999999999800 ) ) ;
#2238 = ORIENTED_EDGE ( 'NONE', *, *, #4291, .T. ) ;
#2239 = ORIENTED_EDGE ( 'NONE', *, *, #4304, .T. ) ;
#2240 = VERTEX_POINT ( 'NONE', #1987 ) ;
#2241 = CARTESIAN_POINT ( 'NONE',  ( -114.0000000000000000, -15.99999999999999600, 9.000000000000000000 ) ) ;
#2242 = CARTESIAN_POINT ( 'NONE',  ( -270.5663331514288100, -9.628023402755436800, 14.99999999999999800 ) ) ;
#2243 = CARTESIAN_POINT ( 'NONE',  ( -143.0000000000000300, -16.00000000000000000, 9.000000000000000000 ) ) ;
#2244 = CARTESIAN_POINT ( 'NONE',  ( -109.2785146003821800, -19.99191687176193400, 13.79587739418502000 ) ) ;
#2245 = ORIENTED_EDGE ( 'NONE', *, *, #4273, .T. ) ;
#2246 = DIRECTION ( 'NONE',  ( -1.000000000000000000, -0.0000000000000000000, -0.0000000000000000000 ) ) ;
#2247 = VERTEX_POINT ( 'NONE', #1973 ) ;
#2248 = ORIENTED_EDGE ( 'NONE', *, *, #4302, .F. ) ;
#2249 = ORIENTED_EDGE ( 'NONE', *, *, #4698, .F. ) ;
#2250 = PLANE ( 'NONE',  #3098 ) ;
#2251 = CARTESIAN_POINT ( 'NONE',  ( -149.5000000000000000, -29.99999999999999600, 14.24999999999999500 ) ) ;
#2252 = ORIENTED_EDGE ( 'NONE', *, *, #4691, .F. ) ;
#2253 = LINE ( 'NONE', #1771, #3153 ) ;
#2254 = CARTESIAN_POINT ( 'NONE',  ( -16.74999999999998600, -11.75000000000001600, 53.00000000000000000 ) ) ;
#2255 = CARTESIAN_POINT ( 'NONE',  ( -108.8213011665750300, -19.88665799516671800, 16.16698961733017000 ) ) ;
#2256 = PLANE ( 'NONE',  #2934 ) ;
#2257 = CARTESIAN_POINT ( 'NONE',  ( 17.00000000000000000, -21.24999999999997500, -53.00000000000000000 ) ) ;
#2258 = VERTEX_POINT ( 'NONE', #1997 ) ;
#2259 = DIRECTION ( 'NONE',  ( 0.0000000000000000000, 0.9848077530122080200, 0.1736481776669303900 ) ) ;
#2260 = ORIENTED_EDGE ( 'NONE', *, *, #4036, .T. ) ;
#2261 = CARTESIAN_POINT ( 'NONE',  ( 2.094932254050205800, -11.44701154885388800, -36.78913045760289400 ) ) ;
#2262 = CARTESIAN_POINT ( 'NONE',  ( 302.7711471785540300, 0.0000000000000000000, -9.817843488333965100 ) ) ;
#2263 = ORIENTED_EDGE ( 'NONE', *, *, #7142, .F. ) ;
#2264 = VERTEX_POINT ( 'NONE', #1883 ) ;
#2265 = DIRECTION ( 'NONE',  ( 0.0000000000000000000, 0.0000000000000000000, 1.000000000000000000 ) ) ;
#2266 = ORIENTED_EDGE ( 'NONE', *, *, #4524, .T. ) ;
#2267 = VERTEX_POINT ( 'NONE', #1937 ) ;
#2268 = VERTEX_POINT ( 'NONE', #1950 ) ;
#2269 = LINE ( 'NONE', #1659, #2966 ) ;
#2270 = LINE ( 'NONE', #1402, #2950 ) ;
#2271 = CARTESIAN_POINT ( 'NONE',  ( -147.5000000000000300, -19.99999999999999600, 13.57287565553229500 ) ) ;
#2272 = DIRECTION ( 'NONE',  ( 0.6785983445458477800, 0.6785983445458102500, 0.2810846377149073800 ) ) ;
#2273 = CARTESIAN_POINT ( 'NONE',  ( -149.5000000000000000, -30.00000000000000000, -16.24999999999999300 ) ) ;
#2274 = PLANE ( 'NONE',  #2907 ) ;
#2275 = DIRECTION ( 'NONE',  ( 0.0000000000000000000, 0.0000000000000000000, 1.000000000000000000 ) ) ;
#2276 = DIRECTION ( 'NONE',  ( -0.7071067811865272600, 0.7071067811865678900, 3.778621678743703200E-014 ) ) ;
#2277 = CARTESIAN_POINT ( 'NONE',  ( 277.7499999999999400, -18.50000000000000000, -14.99999999999999800 ) ) ;
#2278 = ORIENTED_EDGE ( 'NONE', *, *, #4197, .T. ) ;
#2279 = VERTEX_POINT ( 'NONE', #1938 ) ;
#2280 = VERTEX_POINT ( 'NONE', #2004 ) ;
#2281 = ORIENTED_EDGE ( 'NONE', *, *, #4286, .F. ) ;
#2282 = PLANE ( 'NONE',  #3152 ) ;
#2283 = DIRECTION ( 'NONE',  ( -0.7071067811865279200, 0.0000000000000000000, -0.7071067811865672200 ) ) ;
#2284 = ORIENTED_EDGE ( 'NONE', *, *, #4250, .T. ) ;
#2285 = ORIENTED_EDGE ( 'NONE', *, *, #4313, .T. ) ;
#2286 = ORIENTED_EDGE ( 'NONE', *, *, #4287, .F. ) ;
#2287 = LINE ( 'NONE', #1455, #2888 ) ;
#2288 = CARTESIAN_POINT ( 'NONE',  ( -14.17496180728681000, 31.57503819271304100, 15.86661574305081500 ) ) ;
#2289 = CARTESIAN_POINT ( 'NONE',  ( -148.9037284140400700, -19.43203737329164600, -16.25000000000000000 ) ) ;
#2290 = ORIENTED_EDGE ( 'NONE', *, *, #4618, .T. ) ;
#2291 = ORIENTED_EDGE ( 'NONE', *, *, #4266, .T. ) ;
#2292 = DIRECTION ( 'NONE',  ( -1.000000000000000000, -0.0000000000000000000, -0.0000000000000000000 ) ) ;
#2293 = CARTESIAN_POINT ( 'NONE',  ( -147.6048839968607400, -20.00000000000000400, -13.69180292933394400 ) ) ;
#2294 = CARTESIAN_POINT ( 'NONE',  ( 111.4999999999999700, -21.50000000000000000, -20.62500000000000000 ) ) ;
#2295 = ORIENTED_EDGE ( 'NONE', *, *, #4255, .T. ) ;
#2296 = PLANE ( 'NONE',  #3104 ) ;
#2297 = DIRECTION ( 'NONE',  ( 0.0000000000000000000, 0.0000000000000000000, 1.000000000000000000 ) ) ;
#2298 = LINE ( 'NONE', #2394, #2920 ) ;
#2299 = VERTEX_POINT ( 'NONE', #2016 ) ;
#2300 = CARTESIAN_POINT ( 'NONE',  ( 182.2747764546358800, 6.065700505291555800, -17.12398554947495900 ) ) ;
#2301 = CARTESIAN_POINT ( 'NONE',  ( -12.75000000000000000, -3.499999999999997800, 22.75000000000000400 ) ) ;
#2302 = ORIENTED_EDGE ( 'NONE', *, *, #4123, .T. ) ;
#2303 = ORIENTED_EDGE ( 'NONE', *, *, #4289, .T. ) ;
#2304 = CARTESIAN_POINT ( 'NONE',  ( 17.00000000000000000, -1.999999999999995800, -28.04999999999998600 ) ) ;
#2305 = VERTEX_POINT ( 'NONE', #2009 ) ;
#2306 = CARTESIAN_POINT ( 'NONE',  ( -108.0000000000000000, -19.99999999999999600, 12.25000000000000200 ) ) ;
#2307 = VERTEX_POINT ( 'NONE', #1954 ) ;
#2308 = LINE ( 'NONE', #2090, #2903 ) ;
#2309 = ORIENTED_EDGE ( 'NONE', *, *, #7091, .F. ) ;
#2310 = CARTESIAN_POINT ( 'NONE',  ( 16.75000000000000000, -11.75000000000000400, -53.00000000000000000 ) ) ;
#2311 = ORIENTED_EDGE ( 'NONE', *, *, #4201, .T. ) ;
#2312 = VERTEX_POINT ( 'NONE', #1959 ) ;
#2313 = CARTESIAN_POINT ( 'NONE',  ( -112.0000000000000000, -19.99999999999999600, -11.00000000000000000 ) ) ;
#2314 = CARTESIAN_POINT ( 'NONE',  ( -17.00000000000000000, 15.39644660940666500, -28.05000000000000400 ) ) ;
#2315 = CARTESIAN_POINT ( 'NONE',  ( -149.5000000000000300, 0.0000000000000000000, -14.24999999999999300 ) ) ;
#2316 = CARTESIAN_POINT ( 'NONE',  ( -109.5000000000000100, -19.99999999999999600, 13.57287565553228100 ) ) ;
#2317 = DIRECTION ( 'NONE',  ( 1.000000000000000000, -0.0000000000000000000, -0.0000000000000000000 ) ) ;
#2318 = ORIENTED_EDGE ( 'NONE', *, *, #4301, .F. ) ;
#2319 = CARTESIAN_POINT ( 'NONE',  ( -108.4781705630688000, -19.72624515531296300, 14.19627493463450900 ) ) ;
#2320 = CARTESIAN_POINT ( 'NONE',  ( -147.0000000000000300, -19.99999999999999600, -12.25000000000000500 ) ) ;
#2321 = CARTESIAN_POINT ( 'NONE',  ( 150.9999999999999700, -21.50000000000000000, -20.62500000000000000 ) ) ;
#2322 = ORIENTED_EDGE ( 'NONE', *, *, #4429, .F. ) ;
#2323 = ORIENTED_EDGE ( 'NONE', *, *, #4269, .T. ) ;
#2324 = ORIENTED_EDGE ( 'NONE', *, *, #4295, .T. ) ;
#2325 = VERTEX_POINT ( 'NONE', #1967 ) ;
#2326 = ORIENTED_EDGE ( 'NONE', *, *, #4076, .T. ) ;
#2327 = DIRECTION ( 'NONE',  ( 0.0000000000000000000, -0.0000000000000000000, 1.000000000000000000 ) ) ;
#2328 = VERTEX_POINT ( 'NONE', #1575 ) ;
#2329 = CARTESIAN_POINT ( 'NONE',  ( 187.7379843482889000, -21.02081311889600100, 35.71278326919367900 ) ) ;
#2330 = CARTESIAN_POINT ( 'NONE',  ( -149.5000000000000000, -30.00000000000000000, 16.24999999999999300 ) ) ;
#2331 = DIRECTION ( 'NONE',  ( 0.0000000000000000000, 0.7568523958381751000, -0.6535858405091211600 ) ) ;
#2332 = ORIENTED_EDGE ( 'NONE', *, *, #4237, .T. ) ;
#2333 = ORIENTED_EDGE ( 'NONE', *, *, #4244, .T. ) ;
#2334 = ORIENTED_EDGE ( 'NONE', *, *, #4280, .F. ) ;
#2335 = CARTESIAN_POINT ( 'NONE',  ( -113.9999999999999900, -17.99999999999999600, -9.000000000000000000 ) ) ;
#2336 = PLANE ( 'NONE',  #2932 ) ;
#2337 = VERTEX_POINT ( 'NONE', #1578 ) ;
#2338 = ORIENTED_EDGE ( 'NONE', *, *, #4211, .F. ) ;
#2339 = PLANE ( 'NONE',  #2981 ) ;
#2340 = DIRECTION ( 'NONE',  ( 0.7061610574462062800, 0.0000000000000000000, 0.7080512417519340100 ) ) ;
#2341 = ORIENTED_EDGE ( 'NONE', *, *, #4394, .T. ) ;
#2342 = LINE ( 'NONE', #2176, #2923 ) ;
#2343 = CARTESIAN_POINT ( 'NONE',  ( -143.0000000000000300, -18.00000000000000000, -9.000000000000000000 ) ) ;
#2344 = VERTEX_POINT ( 'NONE', #1577 ) ;
#2345 = DIRECTION ( 'NONE',  ( -0.7071067811865474600, -0.0000000000000000000, 0.7071067811865474600 ) ) ;
#2346 = LINE ( 'NONE', #1680, #2982 ) ;
#2347 = ORIENTED_EDGE ( 'NONE', *, *, #4283, .T. ) ;
#2348 = CARTESIAN_POINT ( 'NONE',  ( 159.6979756844743900, 36.44320803211373800, -10.88150673418893400 ) ) ;
#2349 = ORIENTED_EDGE ( 'NONE', *, *, #4191, .F. ) ;
#2350 = LINE ( 'NONE', #1386, #2925 ) ;
#2351 = ORIENTED_EDGE ( 'NONE', *, *, #4273, .F. ) ;
#2352 = CARTESIAN_POINT ( 'NONE',  ( 105.9999999999999700, -28.00000000000000000, -26.49999999999999300 ) ) ;
#2353 = ORIENTED_EDGE ( 'NONE', *, *, #4200, .T. ) ;
#2354 = DIRECTION ( 'NONE',  ( 0.0000000000000000000, -0.1736481776669299700, 0.9848077530122081300 ) ) ;
#2355 = CARTESIAN_POINT ( 'NONE',  ( -12.75000000000000000, -12.74999999999999600, 32.00000000000000000 ) ) ;
#2356 = ORIENTED_EDGE ( 'NONE', *, *, #4626, .F. ) ;
#2357 = VERTEX_POINT ( 'NONE', #1789 ) ;
#2358 = VERTEX_POINT ( 'NONE', #1797 ) ;
#2359 = ORIENTED_EDGE ( 'NONE', *, *, #4249, .T. ) ;
#2360 = CARTESIAN_POINT ( 'NONE',  ( 145.4999999999999700, 1.387389149315769300, -18.94927838595340600 ) ) ;
#2361 = CARTESIAN_POINT ( 'NONE',  ( -109.5000000000000100, -19.99999999999999600, -26.50000000000000000 ) ) ;
#2362 = VERTEX_POINT ( 'NONE', #1792 ) ;
#2363 = ORIENTED_EDGE ( 'NONE', *, *, #4143, .T. ) ;
#2364 = ORIENTED_EDGE ( 'NONE', *, *, #4240, .T. ) ;
#2365 = CARTESIAN_POINT ( 'NONE',  ( -16.74999999999998600, 1.387389149315764200, 18.94927838595341300 ) ) ;
#2366 = VERTEX_POINT ( 'NONE', #2251 ) ;
#2367 = LINE ( 'NONE', #2118, #2942 ) ;
#2368 = ORIENTED_EDGE ( 'NONE', *, *, #3988, .F. ) ;
#2369 = LINE ( 'NONE', #2301, #2886 ) ;
#2370 = DIRECTION ( 'NONE',  ( 0.0000000000000000000, 0.0000000000000000000, 1.000000000000000000 ) ) ;
#2371 = ORIENTED_EDGE ( 'NONE', *, *, #4310, .T. ) ;
#2372 = VERTEX_POINT ( 'NONE', #2310 ) ;
#2373 = CARTESIAN_POINT ( 'NONE',  ( -148.4391839466887600, -19.77145245292915700, -16.21267807431153700 ) ) ;
#2374 = PLANE ( 'NONE',  #2968 ) ;
#2375 = ORIENTED_EDGE ( 'NONE', *, *, #4231, .T. ) ;
#2376 = ORIENTED_EDGE ( 'NONE', *, *, #4814, .F. ) ;
#2377 = DIRECTION ( 'NONE',  ( 0.0000000000000000000, 0.0000000000000000000, 1.000000000000000000 ) ) ;
#2378 = CARTESIAN_POINT ( 'NONE',  ( 145.4999999999999700, -21.50000000000000000, -20.62500000000000000 ) ) ;
#2379 = DIRECTION ( 'NONE',  ( -1.000000000000000000, 0.0000000000000000000, 0.0000000000000000000 ) ) ;
#2380 = CARTESIAN_POINT ( 'NONE',  ( 12.49999999999999800, -12.49999999999999800, 52.75000000000000000 ) ) ;
#2381 = ORIENTED_EDGE ( 'NONE', *, *, #4167, .T. ) ;
#2382 = ORIENTED_EDGE ( 'NONE', *, *, #4162, .T. ) ;
#2383 = ORIENTED_EDGE ( 'NONE', *, *, #4747, .F. ) ;
#2384 = CARTESIAN_POINT ( 'NONE',  ( -170.0000000000000300, 0.0000000000000000000, 14.00000000000000000 ) ) ;
#2385 = ORIENTED_EDGE ( 'NONE', *, *, #4290, .T. ) ;
#2386 = VERTEX_POINT ( 'NONE', #1453 ) ;
#2387 = ORIENTED_EDGE ( 'NONE', *, *, #4725, .T. ) ;
#2388 = VERTEX_POINT ( 'NONE', #1433 ) ;
#2389 = DIRECTION ( 'NONE',  ( -0.7071067811865265900, 6.057455473317212200E-017, 0.7071067811865685600 ) ) ;
#2390 = PLANE ( 'NONE',  #3103 ) ;
#2391 = VERTEX_POINT ( 'NONE', #1439 ) ;
#2392 = CARTESIAN_POINT ( 'NONE',  ( -148.5658438622829200, -19.69840441834540500, -16.22806530113831900 ) ) ;
#2393 = CARTESIAN_POINT ( 'NONE',  ( -147.0000000000000300, -19.99999999999999600, 11.00000000000000200 ) ) ;
#2394 = CARTESIAN_POINT ( 'NONE',  ( -170.0000000000000300, 1.714505518806294600E-015, -14.00000000000000000 ) ) ;
#2395 = VERTEX_POINT ( 'NONE', #1436 ) ;
#2396 = CARTESIAN_POINT ( 'NONE',  ( 12.75000000000000000, -12.74999999999999100, -52.75000000000000000 ) ) ;
#2397 = DIRECTION ( 'NONE',  ( 0.0000000000000000000, 0.6535858405091211600, 0.7568523958381751000 ) ) ;
#2398 = LINE ( 'NONE', #1699, #2969 ) ;
#2399 = DIRECTION ( 'NONE',  ( 0.0000000000000000000, 0.0000000000000000000, -1.000000000000000000 ) ) ;
#2400 = ORIENTED_EDGE ( 'NONE', *, *, #4392, .F. ) ;
#2401 = VERTEX_POINT ( 'NONE', #1521 ) ;
#2402 = CARTESIAN_POINT ( 'NONE',  ( -109.2296353797227100, -19.98647941489331000, 16.05892256792709800 ) ) ;
#2403 = VERTEX_POINT ( 'NONE', #1524 ) ;
#2404 = ORIENTED_EDGE ( 'NONE', *, *, #4258, .T. ) ;
#2405 = ORIENTED_EDGE ( 'NONE', *, *, #4300, .F. ) ;
#2406 = CARTESIAN_POINT ( 'NONE',  ( -203.0000000000000000, 2.066591473561158800E-015, -16.87500000000000000 ) ) ;
#2407 = ORIENTED_EDGE ( 'NONE', *, *, #4274, .F. ) ;
#2408 = VERTEX_POINT ( 'NONE', #1523 ) ;
#2409 = ORIENTED_EDGE ( 'NONE', *, *, #4391, .T. ) ;
#2410 = CARTESIAN_POINT ( 'NONE',  ( -176.0000000000000600, 0.0000000000000000000, 16.87500000000000000 ) ) ;
#2411 = CARTESIAN_POINT ( 'NONE',  ( 12.49999999999999800, -12.49999999999999300, -32.00000000000000000 ) ) ;
#2412 = VERTEX_POINT ( 'NONE', #1899 ) ;
#2413 = DIRECTION ( 'NONE',  ( -0.0000000000000000000, -0.0000000000000000000, -1.000000000000000000 ) ) ;
#2414 = CARTESIAN_POINT ( 'NONE',  ( 302.7711471785540300, 0.0000000000000000000, 0.0000000000000000000 ) ) ;
#2415 = ORIENTED_EDGE ( 'NONE', *, *, #4271, .T. ) ;
#2416 = VERTEX_POINT ( 'NONE', #1908 ) ;
#2417 = ORIENTED_EDGE ( 'NONE', *, *, #4405, .F. ) ;
#2418 = CARTESIAN_POINT ( 'NONE',  ( -16.74999999999998600, -21.50000000000000000, -20.62500000000000400 ) ) ;
#2419 = VECTOR ( 'NONE', #6538, 1000.000000000000000 ) ;
#2420 = AXIS2_PLACEMENT_3D ( 'NONE', #6250, #6233, #6232 ) ;
#2421 = VECTOR ( 'NONE', #6240, 1000.000000000000000 ) ;
#2422 = VECTOR ( 'NONE', #6237, 1000.000000000000000 ) ;
#2423 = VECTOR ( 'NONE', #6584, 1000.000000000000100 ) ;
#2424 = VECTOR ( 'NONE', #6528, 1000.000000000000100 ) ;
#2425 = VECTOR ( 'NONE', #6418, 1000.000000000000100 ) ;
#2426 = VECTOR ( 'NONE', #6525, 1000.000000000000000 ) ;
#2427 = AXIS2_PLACEMENT_3D ( 'NONE', #6271, #6270, #6269 ) ;
#2428 = VECTOR ( 'NONE', #6410, 1000.000000000000000 ) ;
#2429 = VECTOR ( 'NONE', #6381, 1000.000000000000000 ) ;
#2430 = AXIS2_PLACEMENT_3D ( 'NONE', #6355, #6354, #6353 ) ;
#2431 = VECTOR ( 'NONE', #6407, 1000.000000000000100 ) ;
#2432 = VECTOR ( 'NONE', #6247, 1000.000000000000000 ) ;
#2433 = VECTOR ( 'NONE', #6244, 1000.000000000000000 ) ;
#2434 = AXIS2_PLACEMENT_3D ( 'NONE', #6367, #6357, #6356 ) ;
#2435 = VECTOR ( 'NONE', #6402, 1000.000000000000000 ) ;
#2436 = AXIS2_PLACEMENT_3D ( 'NONE', #6389, #6388, #6387 ) ;
#2437 = VECTOR ( 'NONE', #6415, 1000.000000000000200 ) ;
#2438 = AXIS2_PLACEMENT_3D ( 'NONE', #6385, #6369, #6368 ) ;
#2439 = VECTOR ( 'NONE', #7717, 1000.000000000000000 ) ;
#2440 = AXIS2_PLACEMENT_3D ( 'NONE', #6253, #6252, #6251 ) ;
#2441 = AXIS2_PLACEMENT_3D ( 'NONE', #6265, #6264, #6263 ) ;
#2442 = VECTOR ( 'NONE', #6315, 1000.000000000000000 ) ;
#2443 = VECTOR ( 'NONE', #6318, 1000.000000000000000 ) ;
#2444 = VECTOR ( 'NONE', #6322, 1000.000000000000000 ) ;
#2445 = VECTOR ( 'NONE', #6336, 1000.000000000000100 ) ;
#2446 = VECTOR ( 'NONE', #6339, 1000.000000000000000 ) ;
#2447 = VECTOR ( 'NONE', #6359, 1000.000000000000000 ) ;
#2448 = VECTOR ( 'NONE', #6348, 1000.000000000000100 ) ;
#2449 = AXIS2_PLACEMENT_3D ( 'NONE', #6352, #6347, #6346 ) ;
#2450 = AXIS2_PLACEMENT_3D ( 'NONE', #6345, #6344, #6343 ) ;
#2451 = AXIS2_PLACEMENT_3D ( 'NONE', #6289, #6285, #6284 ) ;
#2452 = VECTOR ( 'NONE', #6362, 1000.000000000000000 ) ;
#2453 = VECTOR ( 'NONE', #6370, 1000.000000000000100 ) ;
#2454 = VECTOR ( 'NONE', #6373, 1000.000000000000000 ) ;
#2455 = AXIS2_PLACEMENT_3D ( 'NONE', #6281, #6280, #6279 ) ;
#2456 = VECTOR ( 'NONE', #6292, 1000.000000000000100 ) ;
#2457 = AXIS2_PLACEMENT_3D ( 'NONE', #6278, #6274, #6272 ) ;
#2458 = VECTOR ( 'NONE', #6304, 1000.000000000000000 ) ;
#2459 = AXIS2_PLACEMENT_3D ( 'NONE', #6296, #6291, #6290 ) ;
#2460 = VECTOR ( 'NONE', #6308, 1000.000000000000100 ) ;
#2461 = AXIS2_PLACEMENT_3D ( 'NONE', #6268, #6267, #6266 ) ;
#2462 = FACE_OUTER_BOUND ( 'NONE', #5539, .T. ) ;
#2463 = VECTOR ( 'NONE', #6286, 1000.000000000000000 ) ;
#2464 = VECTOR ( 'NONE', #6376, 1000.000000000000000 ) ;
#2465 = VECTOR ( 'NONE', #6275, 1000.000000000000000 ) ;
#2466 = AXIS2_PLACEMENT_3D ( 'NONE', #6210, #6206, #6205 ) ;
#2467 = AXIS2_PLACEMENT_3D ( 'NONE', #6262, #6255, #6254 ) ;
#2468 = VECTOR ( 'NONE', #6259, 1000.000000000000000 ) ;
#2469 = AXIS2_PLACEMENT_3D ( 'NONE', #6231, #6226, #6225 ) ;
#2470 = VECTOR ( 'NONE', #6256, 1000.000000000000000 ) ;
#2471 = AXIS2_PLACEMENT_3D ( 'NONE', #6224, #6223, #6222 ) ;
#2472 = VECTOR ( 'NONE', #6458, 1000.000000000000000 ) ;
#2473 = VECTOR ( 'NONE', #6717, 1000.000000000000100 ) ;
#2474 = VECTOR ( 'NONE', #6521, 1000.000000000000000 ) ;
#2475 = VECTOR ( 'NONE', #6517, 1000.000000000000000 ) ;
#2476 = VECTOR ( 'NONE', #6509, 1000.000000000000100 ) ;
#2477 = AXIS2_PLACEMENT_3D ( 'NONE', #6534, #6504, #6503 ) ;
#2478 = VECTOR ( 'NONE', #6505, 1000.000000000000000 ) ;
#2479 = AXIS2_PLACEMENT_3D ( 'NONE', #6437, #6430, #6429 ) ;
#2480 = VECTOR ( 'NONE', #6431, 1000.000000000000000 ) ;
#2481 = AXIS2_PLACEMENT_3D ( 'NONE', #6487, #6480, #6479 ) ;
#2482 = AXIS2_PLACEMENT_3D ( 'NONE', #6464, #6462, #6461 ) ;
#2483 = AXIS2_PLACEMENT_3D ( 'NONE', #6428, #6426, #6425 ) ;
#2484 = VECTOR ( 'NONE', #6514, 1000.000000000000000 ) ;
#2485 = AXIS2_PLACEMENT_3D ( 'NONE', #6495, #6489, #6488 ) ;
#2486 = FACE_OUTER_BOUND ( 'NONE', #5316, .T. ) ;
#2487 = VECTOR ( 'NONE', #6491, 1000.000000000000000 ) ;
#2488 = VECTOR ( 'NONE', #6434, 1000.000000000000100 ) ;
#2489 = AXIS2_PLACEMENT_3D ( 'NONE', #6454, #6453, #6452 ) ;
#2490 = VECTOR ( 'NONE', #6484, 1000.000000000000000 ) ;
#2491 = AXIS2_PLACEMENT_3D ( 'NONE', #6457, #6456, #6455 ) ;
#2492 = VECTOR ( 'NONE', #6469, 1000.000000000000000 ) ;
#2493 = CYLINDRICAL_SURFACE ( 'NONE', #2491, 3.999999999999994700 ) ;
#2494 = FACE_OUTER_BOUND ( 'NONE', #5212, .T. ) ;
#2495 = VECTOR ( 'NONE', #6481, 1000.000000000000000 ) ;
#2496 = AXIS2_PLACEMENT_3D ( 'NONE', #6476, #6475, #6474 ) ;
#2497 = VECTOR ( 'NONE', #6465, 1000.000000000000000 ) ;
#2498 = FACE_OUTER_BOUND ( 'NONE', #5475, .T. ) ;
#2499 = AXIS2_PLACEMENT_3D ( 'NONE', #6392, #6391, #6390 ) ;
#2500 = VECTOR ( 'NONE', #6447, 1000.000000000000000 ) ;
#2501 = VECTOR ( 'NONE', #6592, 1000.000000000000000 ) ;
#2502 = CLOSED_SHELL ( 'NONE', ( #6995, #7209, #7147, #7061 ) ) ;
#2503 = VECTOR ( 'NONE', #6701, 1000.000000000000000 ) ;
#2504 = VECTOR ( 'NONE', #6531, 1000.000000000000000 ) ;
#2505 = VECTOR ( 'NONE', #6692, 1000.000000000000100 ) ;
#2506 = AXIS2_PLACEMENT_3D ( 'NONE', #6700, #6699, #6698 ) ;
#2507 = VECTOR ( 'NONE', #6688, 1000.000000000000100 ) ;
#2508 = VECTOR ( 'NONE', #6751, 1000.000000000000000 ) ;
#2509 = VECTOR ( 'NONE', #6557, 1000.000000000000000 ) ;
#2510 = AXIS2_PLACEMENT_3D ( 'NONE', #6547, #6546, #6545 ) ;
#2511 = VECTOR ( 'NONE', #6550, 1000.000000000000000 ) ;
#2512 = AXIS2_PLACEMENT_3D ( 'NONE', #6544, #6536, #6535 ) ;
#2513 = VECTOR ( 'NONE', #6685, 1000.000000000000000 ) ;
#2514 = VECTOR ( 'NONE', #6617, 1000.000000000000100 ) ;
#2515 = VECTOR ( 'NONE', #6682, 1000.000000000000100 ) ;
#2516 = VECTOR ( 'NONE', #6541, 1000.000000000000000 ) ;
#2517 = AXIS2_PLACEMENT_3D ( 'NONE', #6502, #6501, #6500 ) ;
#2518 = AXIS2_PLACEMENT_3D ( 'NONE', #6567, #6563, #6561 ) ;
#2519 = VECTOR ( 'NONE', #6640, 1000.000000000000100 ) ;
#2520 = VECTOR ( 'NONE', #6644, 1000.000000000000000 ) ;
#2521 = VECTOR ( 'NONE', #8064, 1000.000000000000100 ) ;
#2522 = AXIS2_PLACEMENT_3D ( 'NONE', #6574, #6570, #6568 ) ;
#2523 = VECTOR ( 'NONE', #6637, 1000.000000000000000 ) ;
#2524 = AXIS2_PLACEMENT_3D ( 'NONE', #6650, #6613, #6612 ) ;
#2525 = AXIS2_PLACEMENT_3D ( 'NONE', #6589, #6580, #6579 ) ;
#2526 = VECTOR ( 'NONE', #6633, 1000.000000000000100 ) ;
#2527 = VECTOR ( 'NONE', #6630, 1000.000000000000000 ) ;
#2528 = VECTOR ( 'NONE', #6669, 1000.000000000000000 ) ;
#2529 = VECTOR ( 'NONE', #6679, 1000.000000000000000 ) ;
#2530 = AXIS2_PLACEMENT_3D ( 'NONE', #6697, #6675, #6674 ) ;
#2531 = VECTOR ( 'NONE', #6676, 1000.000000000000000 ) ;
#2532 = VECTOR ( 'NONE', #6665, 1000.000000000000000 ) ;
#2533 = AXIS2_PLACEMENT_3D ( 'NONE', #6673, #6664, #6663 ) ;
#2534 = AXIS2_PLACEMENT_3D ( 'NONE', #6659, #6652, #6651 ) ;
#2535 = VECTOR ( 'NONE', #6660, 1000.000000000000000 ) ;
#2536 = VECTOR ( 'NONE', #6656, 1000.000000000000000 ) ;
#2537 = VECTOR ( 'NONE', #6653, 1000.000000000000000 ) ;
#2538 = VECTOR ( 'NONE', #6647, 1000.000000000000000 ) ;
#2539 = VECTOR ( 'NONE', #6620, 1000.000000000000000 ) ;
#2540 = VECTOR ( 'NONE', #6623, 1000.000000000000000 ) ;
#2541 = VECTOR ( 'NONE', #6599, 1000.000000000000000 ) ;
#2542 = VECTOR ( 'NONE', #6627, 1000.000000000000000 ) ;
#2543 = AXIS2_PLACEMENT_3D ( 'NONE', #6606, #6591, #6590 ) ;
#2544 = AXIS2_PLACEMENT_3D ( 'NONE', #6611, #6609, #6608 ) ;
#2545 = VECTOR ( 'NONE', #6614, 1000.000000000000000 ) ;
#2546 = VECTOR ( 'NONE', #6603, 1000.000000000000000 ) ;
#2547 = AXIS2_PLACEMENT_3D ( 'NONE', #6560, #6555, #6554 ) ;
#2548 = VECTOR ( 'NONE', #6596, 1000.000000000000000 ) ;
#2549 = VECTOR ( 'NONE', #6581, 1000.000000000000100 ) ;
#2550 = AXIS2_PLACEMENT_3D ( 'NONE', #6553, #6549, #6548 ) ;
#2551 = VECTOR ( 'NONE', #6571, 1000.000000000000100 ) ;
#2552 = AXIS2_PLACEMENT_3D ( 'NONE', #6499, #6498, #6497 ) ;
#2553 = VECTOR ( 'NONE', #6564, 1000.000000000000000 ) ;
#2554 = AXIS2_PLACEMENT_3D ( 'NONE', #6720, #6709, #6708 ) ;
#2555 = VECTOR ( 'NONE', #6754, 1000.000000000000100 ) ;
#2556 = VECTOR ( 'NONE', #7755, 1000.000000000000000 ) ;
#2557 = VECTOR ( 'NONE', #8076, 1000.000000000000000 ) ;
#2558 = VECTOR ( 'NONE', #8112, 1000.000000000000000 ) ;
#2559 = VECTOR ( 'NONE', #6713, 1000.000000000000000 ) ;
#2560 = CLOSED_SHELL ( 'NONE', ( #4798, #4126, #4745, #3973, #4068, #4734, #4127, #4035, #4742, #4785, #4125, #4019, #1251, #4695, #4811, #3994, #4135, #3948, #4219, #4207, #4687, #4133, #4677 ) ) ;
#2561 = FACE_OUTER_BOUND ( 'NONE', #5418, .T. ) ;
#2562 = VECTOR ( 'NONE', #6710, 1000.000000000000000 ) ;
#2563 = AXIS2_PLACEMENT_3D ( 'NONE', #7956, #8078, #8080 ) ;
#2564 = FACE_OUTER_BOUND ( 'NONE', #5338, .T. ) ;
#2565 = VECTOR ( 'NONE', #8094, 1000.000000000000000 ) ;
#2566 = VECTOR ( 'NONE', #6727, 1000.000000000000000 ) ;
#2567 = VECTOR ( 'NONE', #8100, 1000.000000000000000 ) ;
#2568 = VECTOR ( 'NONE', #8070, 1000.000000000000200 ) ;
#2569 = VECTOR ( 'NONE', #8118, 1000.000000000000100 ) ;
#2570 = AXIS2_PLACEMENT_3D ( 'NONE', #7770, #7796, #7798 ) ;
#2571 = VECTOR ( 'NONE', #8204, 1000.000000000000000 ) ;
#2572 = AXIS2_PLACEMENT_3D ( 'NONE', #8088, #8138, #8140 ) ;
#2573 = VECTOR ( 'NONE', #8130, 1000.000000000000000 ) ;
#2574 = VECTOR ( 'NONE', #8166, 1000.000000000000000 ) ;
#2575 = VECTOR ( 'NONE', #8136, 1000.000000000000000 ) ;
#2576 = AXIS2_PLACEMENT_3D ( 'NONE', #8160, #8168, #8170 ) ;
#2577 = VECTOR ( 'NONE', #8154, 1000.000000000000000 ) ;
#2578 = AXIS2_PLACEMENT_3D ( 'NONE', #8142, #8156, #8158 ) ;
#2579 = VECTOR ( 'NONE', #8148, 1000.000000000000100 ) ;
#2580 = VECTOR ( 'NONE', #8210, 1000.000000000000000 ) ;
#2581 = VECTOR ( 'NONE', #8198, 1000.000000000000000 ) ;
#2582 = VECTOR ( 'NONE', #8228, 1000.000000000000000 ) ;
#2583 = AXIS2_PLACEMENT_3D ( 'NONE', #8192, #8230, #8232 ) ;
#2584 = VECTOR ( 'NONE', #8222, 1000.000000000000000 ) ;
#2585 = VECTOR ( 'NONE', #8216, 1000.000000000000000 ) ;
#2586 = VECTOR ( 'NONE', #6821, 1000.000000000000100 ) ;
#2587 = VECTOR ( 'NONE', #6827, 1000.000000000000000 ) ;
#2588 = AXIS2_PLACEMENT_3D ( 'NONE', #6834, #6826, #6825 ) ;
#2589 = VECTOR ( 'NONE', #6831, 1000.000000000000100 ) ;
#2590 = VECTOR ( 'NONE', #6837, 1000.000000000000100 ) ;
#2591 = AXIS2_PLACEMENT_3D ( 'NONE', #6776, #6775, #6774 ) ;
#2592 = VECTOR ( 'NONE', #6840, 1000.000000000000000 ) ;
#2593 = VECTOR ( 'NONE', #6844, 1000.000000000000100 ) ;
#2594 = VECTOR ( 'NONE', #6850, 1000.000000000000000 ) ;
#2595 = VECTOR ( 'NONE', #6854, 1000.000000000000000 ) ;
#2596 = AXIS2_PLACEMENT_3D ( 'NONE', #6858, #6849, #6848 ) ;
#2597 = VECTOR ( 'NONE', #6861, 1000.000000000000000 ) ;
#2598 = AXIS2_PLACEMENT_3D ( 'NONE', #6875, #6860, #6859 ) ;
#2599 = VECTOR ( 'NONE', #6865, 1000.000000000000100 ) ;
#2600 = VECTOR ( 'NONE', #6868, 1000.000000000000100 ) ;
#2601 = VECTOR ( 'NONE', #6871, 1000.000000000000000 ) ;
#2602 = AXIS2_PLACEMENT_3D ( 'NONE', #6847, #6836, #6835 ) ;
#2603 = VECTOR ( 'NONE', #6880, 1000.000000000000200 ) ;
#2604 = VECTOR ( 'NONE', #6884, 1000.000000000000100 ) ;
#2605 = VECTOR ( 'NONE', #6887, 1000.000000000000000 ) ;
#2606 = VECTOR ( 'NONE', #8331, 1000.000000000000000 ) ;
#2607 = AXIS2_PLACEMENT_3D ( 'NONE', #8307, #6877, #6876 ) ;
#2608 = VECTOR ( 'NONE', #8328, 1000.000000000000000 ) ;
#2609 = VECTOR ( 'NONE', #8325, 1000.000000000000000 ) ;
#2610 = VECTOR ( 'NONE', #8322, 1000.000000000000000 ) ;
#2611 = VECTOR ( 'NONE', #8319, 1000.000000000000000 ) ;
#2612 = VECTOR ( 'NONE', #8316, 1000.000000000000000 ) ;
#2613 = VECTOR ( 'NONE', #8313, 1000.000000000000000 ) ;
#2614 = VECTOR ( 'NONE', #8310, 1000.000000000000100 ) ;
#2615 = VECTOR ( 'NONE', #8304, 1000.000000000000000 ) ;
#2616 = AXIS2_PLACEMENT_3D ( 'NONE', #8301, #8305, #8306 ) ;
#2617 = AXIS2_PLACEMENT_3D ( 'NONE', #8298, #8299, #8300 ) ;
#2618 = VECTOR ( 'NONE', #8295, 1000.000000000000000 ) ;
#2619 = VECTOR ( 'NONE', #8292, 1000.000000000000000 ) ;
#2620 = AXIS2_PLACEMENT_3D ( 'NONE', #8288, #8296, #8297 ) ;
#2621 = VECTOR ( 'NONE', #8282, 1000.000000000000000 ) ;
#2622 = VECTOR ( 'NONE', #8276, 1000.000000000000000 ) ;
#2623 = VECTOR ( 'NONE', #8270, 1000.000000000000000 ) ;
#2624 = VECTOR ( 'NONE', #8264, 1000.000000000000100 ) ;
#2625 = AXIS2_PLACEMENT_3D ( 'NONE', #8234, #8284, #8286 ) ;
#2626 = VECTOR ( 'NONE', #8258, 1000.000000000000000 ) ;
#2627 = VECTOR ( 'NONE', #8252, 1000.000000000000000 ) ;
#2628 = VECTOR ( 'NONE', #8246, 1000.000000000000000 ) ;
#2629 = VECTOR ( 'NONE', #8240, 1000.000000000000000 ) ;
#2630 = VECTOR ( 'NONE', #6817, 1000.000000000000100 ) ;
#2631 = VECTOR ( 'NONE', #6814, 1000.000000000000000 ) ;
#2632 = VECTOR ( 'NONE', #6808, 1000.000000000000000 ) ;
#2633 = VECTOR ( 'NONE', #6811, 1000.000000000000100 ) ;
#2634 = AXIS2_PLACEMENT_3D ( 'NONE', #6824, #6790, #6789 ) ;
#2635 = CYLINDRICAL_SURFACE ( 'NONE', #2656, 4.250000000000003600 ) ;
#2636 = VECTOR ( 'NONE', #6779, 1000.000000000000000 ) ;
#2637 = AXIS2_PLACEMENT_3D ( 'NONE', #6788, #6778, #6777 ) ;
#2638 = VECTOR ( 'NONE', #6782, 1000.000000000000100 ) ;
#2639 = AXIS2_PLACEMENT_3D ( 'NONE', #6767, #6766, #6764 ) ;
#2640 = VECTOR ( 'NONE', #6785, 1000.000000000000200 ) ;
#2641 = VECTOR ( 'NONE', #6791, 1000.000000000000000 ) ;
#2642 = AXIS2_PLACEMENT_3D ( 'NONE', #6773, #6769, #6768 ) ;
#2643 = VECTOR ( 'NONE', #6795, 1000.000000000000000 ) ;
#2644 = VECTOR ( 'NONE', #6799, 1000.000000000000100 ) ;
#2645 = VECTOR ( 'NONE', #6802, 1000.000000000000100 ) ;
#2646 = VECTOR ( 'NONE', #6805, 1000.000000000000100 ) ;
#2647 = FACE_OUTER_BOUND ( 'NONE', #5409, .T. ) ;
#2648 = VECTOR ( 'NONE', #6770, 1000.000000000000000 ) ;
#2649 = VECTOR ( 'NONE', #6760, 999.9999999999998900 ) ;
#2650 = VECTOR ( 'NONE', #8124, 1000.000000000000000 ) ;
#2651 = VECTOR ( 'NONE', #6757, 1000.000000000000100 ) ;
#2652 = VECTOR ( 'NONE', #6748, 1000.000000000000100 ) ;
#2653 = AXIS2_PLACEMENT_3D ( 'NONE', #6739, #6738, #6737 ) ;
#2654 = VECTOR ( 'NONE', #8106, 1000.000000000000000 ) ;
#2655 = VECTOR ( 'NONE', #6745, 999.9999999999998900 ) ;
#2656 = AXIS2_PLACEMENT_3D ( 'NONE', #6763, #6741, #6740 ) ;
#2657 = VECTOR ( 'NONE', #6742, 1000.000000000000000 ) ;
#2658 = FACE_OUTER_BOUND ( 'NONE', #5457, .T. ) ;
#2659 = AXIS2_PLACEMENT_3D ( 'NONE', #6724, #6722, #6721 ) ;
#2660 = VECTOR ( 'NONE', #6733, 1000.000000000000000 ) ;
#2661 = AXIS2_PLACEMENT_3D ( 'NONE', #6736, #6726, #6725 ) ;
#2662 = VECTOR ( 'NONE', #6730, 1000.000000000000000 ) ;
#2663 = FACE_OUTER_BOUND ( 'NONE', #5531, .T. ) ;
#2664 = VECTOR ( 'NONE', #8022, 1000.000000000000000 ) ;
#2665 = AXIS2_PLACEMENT_3D ( 'NONE', #6706, #6705, #6704 ) ;
#2666 = VECTOR ( 'NONE', #7782, 1000.000000000000100 ) ;
#2667 = VECTOR ( 'NONE', #7725, 1000.000000000000000 ) ;
#2668 = FACE_OUTER_BOUND ( 'NONE', #5390, .T. ) ;
#2669 = AXIS2_PLACEMENT_3D ( 'NONE', #7722, #7742, #7744 ) ;
#2670 = VECTOR ( 'NONE', #7537, 1000.000000000000100 ) ;
#2671 = VECTOR ( 'NONE', #8046, 1000.000000000000100 ) ;
#2672 = VECTOR ( 'NONE', #8058, 1000.000000000000100 ) ;
#2673 = VECTOR ( 'NONE', #7974, 1000.000000000000100 ) ;
#2674 = VECTOR ( 'NONE', #8052, 1000.000000000000000 ) ;
#2675 = VECTOR ( 'NONE', #7481, 1000.000000000000100 ) ;
#2676 = VECTOR ( 'NONE', #7617, 1000.000000000000000 ) ;
#2677 = AXIS2_PLACEMENT_3D ( 'NONE', #7687, #7353, #7663 ) ;
#2678 = VECTOR ( 'NONE', #7709, 1000.000000000000100 ) ;
#2679 = VECTOR ( 'NONE', #7239, 1000.000000000000100 ) ;
#2680 = VECTOR ( 'NONE', #8028, 1000.000000000000000 ) ;
#2681 = VECTOR ( 'NONE', #8034, 1000.000000000000000 ) ;
#2682 = VECTOR ( 'NONE', #8040, 1000.000000000000000 ) ;
#2683 = AXIS2_PLACEMENT_3D ( 'NONE', #7739, #7639, #7317 ) ;
#2684 = VECTOR ( 'NONE', #7741, 1000.000000000000100 ) ;
#2685 = VECTOR ( 'NONE', #7319, 1000.000000000000000 ) ;
#2686 = CLOSED_SHELL ( 'NONE', ( #7205, #7219, #7039, #7166, #7139, #7064, #7210, #7211, #7151, #7182, #7180, #6956, #6955, #6953, #6972, #6971, #6968, #6970, #6965, #6967, #6966, #6961, #6963, #7124, #7123, #6959, #6962, #7087, #7100, #7107, #7106, #7090, #7088, #7217, #7137, #7133, #7075, #7136, #7045, #7082, #7206 ) ) ;
#2687 = AXIS2_PLACEMENT_3D ( 'NONE', #7527, #7329, #7255 ) ;
#2688 = VECTOR ( 'NONE', #7707, 1000.000000000000100 ) ;
#2689 = VECTOR ( 'NONE', #7968, 1000.000000000000100 ) ;
#2690 = AXIS2_PLACEMENT_3D ( 'NONE', #7819, #8029, #8027 ) ;
#2691 = VECTOR ( 'NONE', #7806, 1000.000000000000100 ) ;
#2692 = VECTOR ( 'NONE', #7788, 999.9999999999998900 ) ;
#2693 = VECTOR ( 'NONE', #7812, 1000.000000000000000 ) ;
#2694 = VECTOR ( 'NONE', #8016, 1000.000000000000100 ) ;
#2695 = VECTOR ( 'NONE', #8010, 1000.000000000000100 ) ;
#2696 = AXIS2_PLACEMENT_3D ( 'NONE', #7800, #7820, #7822 ) ;
#2697 = VECTOR ( 'NONE', #7818, 1000.000000000000100 ) ;
#2698 = VECTOR ( 'NONE', #7794, 1000.000000000000100 ) ;
#2699 = AXIS2_PLACEMENT_3D ( 'NONE', #7824, #7838, #7840 ) ;
#2700 = VECTOR ( 'NONE', #7830, 1000.000000000000100 ) ;
#2701 = VECTOR ( 'NONE', #7836, 999.9999999999998900 ) ;
#2702 = VECTOR ( 'NONE', #7602, 1000.000000000000000 ) ;
#2703 = VECTOR ( 'NONE', #7950, 1000.000000000000100 ) ;
#2704 = VECTOR ( 'NONE', #7848, 1000.000000000000000 ) ;
#2705 = VECTOR ( 'NONE', #7890, 1000.000000000000000 ) ;
#2706 = AXIS2_PLACEMENT_3D ( 'NONE', #7842, #7892, #7894 ) ;
#2707 = VECTOR ( 'NONE', #7884, 1000.000000000000000 ) ;
#2708 = VECTOR ( 'NONE', #7878, 1000.000000000000000 ) ;
#2709 = VECTOR ( 'NONE', #7872, 1000.000000000000100 ) ;
#2710 = VECTOR ( 'NONE', #7866, 1000.000000000000200 ) ;
#2711 = VECTOR ( 'NONE', #7860, 1000.000000000000200 ) ;
#2712 = VECTOR ( 'NONE', #7854, 1000.000000000000200 ) ;
#2713 = VECTOR ( 'NONE', #7944, 1000.000000000000200 ) ;
#2714 = VECTOR ( 'NONE', #7938, 1000.000000000000200 ) ;
#2715 = VECTOR ( 'NONE', #7932, 1000.000000000000200 ) ;
#2716 = VECTOR ( 'NONE', #7926, 1000.000000000000200 ) ;
#2717 = AXIS2_PLACEMENT_3D ( 'NONE', #8082, #8084, #8086 ) ;
#2718 = VECTOR ( 'NONE', #7920, 1000.000000000000000 ) ;
#2719 = VECTOR ( 'NONE', #7914, 1000.000000000000100 ) ;
#2720 = VECTOR ( 'NONE', #7902, 1000.000000000000200 ) ;
#2721 = AXIS2_PLACEMENT_3D ( 'NONE', #7908, #7952, #7954 ) ;
#2722 = VECTOR ( 'NONE', #7962, 1000.000000000000000 ) ;
#2723 = VECTOR ( 'NONE', #8004, 1000.000000000000000 ) ;
#2724 = VECTOR ( 'NONE', #7980, 1000.000000000000100 ) ;
#2725 = VECTOR ( 'NONE', #7986, 1000.000000000000100 ) ;
#2726 = VECTOR ( 'NONE', #7992, 1000.000000000000100 ) ;
#2727 = VECTOR ( 'NONE', #7998, 1000.000000000000100 ) ;
#2728 = VECTOR ( 'NONE', #7620, 1000.000000000000000 ) ;
#2729 = VECTOR ( 'NONE', #7608, 1000.000000000000000 ) ;
#2730 = VECTOR ( 'NONE', #7734, 1000.000000000000200 ) ;
#2731 = VECTOR ( 'NONE', #7626, 1000.000000000000000 ) ;
#2732 = VECTOR ( 'NONE', #7542, 1000.000000000000000 ) ;
#2733 = VECTOR ( 'NONE', #7764, 1000.000000000000100 ) ;
#2734 = AXIS2_PLACEMENT_3D ( 'NONE', #7896, #7904, #7906 ) ;
#2735 = VECTOR ( 'NONE', #7776, 1000.000000000000100 ) ;
#2736 = VECTOR ( 'NONE', #7632, 1000.000000000000000 ) ;
#2737 = AXIS2_PLACEMENT_3D ( 'NONE', #7470, #7658, #7660 ) ;
#2738 = VECTOR ( 'NONE', #7728, 1000.000000000000100 ) ;
#2739 = VECTOR ( 'NONE', #7638, 1000.000000000000000 ) ;
#2740 = VECTOR ( 'NONE', #7614, 1000.000000000000000 ) ;
#2741 = VECTOR ( 'NONE', #7644, 1000.000000000000000 ) ;
#2742 = AXIS2_PLACEMENT_3D ( 'NONE', #7377, #8049, #8051 ) ;
#2743 = VECTOR ( 'NONE', #7716, 1000.000000000000000 ) ;
#2744 = AXIS2_PLACEMENT_3D ( 'NONE', #7662, #7682, #7684 ) ;
#2745 = VECTOR ( 'NONE', #7668, 1000.000000000000000 ) ;
#2746 = VECTOR ( 'NONE', #7656, 999.9999999999998900 ) ;
#2747 = VECTOR ( 'NONE', #7674, 1000.000000000000100 ) ;
#2748 = VECTOR ( 'NONE', #7704, 1000.000000000000100 ) ;
#2749 = AXIS2_PLACEMENT_3D ( 'NONE', #7698, #7706, #7708 ) ;
#2750 = VECTOR ( 'NONE', #7692, 1000.000000000000000 ) ;
#2751 = AXIS2_PLACEMENT_3D ( 'NONE', #7686, #7694, #7696 ) ;
#2752 = VECTOR ( 'NONE', #7680, 1000.000000000000000 ) ;
#2753 = AXIS2_PLACEMENT_3D ( 'NONE', #7710, #7718, #7720 ) ;
#2754 = VECTOR ( 'NONE', #7650, 1000.000000000000000 ) ;
#2755 = AXIS2_PLACEMENT_3D ( 'NONE', #7746, #7766, #7768 ) ;
#2756 = VECTOR ( 'NONE', #7740, 1000.000000000000000 ) ;
#2757 = VECTOR ( 'NONE', #7752, 999.9999999999998900 ) ;
#2758 = VECTOR ( 'NONE', #7758, 1000.000000000000100 ) ;
#2759 = FACE_OUTER_BOUND ( 'NONE', #5463, .T. ) ;
#2760 = VECTOR ( 'NONE', #8035, 1000.000000000000000 ) ;
#2761 = VECTOR ( 'NONE', #8039, 1000.000000000000000 ) ;
#2762 = VECTOR ( 'NONE', #7735, 1000.000000000000000 ) ;
#2763 = VECTOR ( 'NONE', #7530, 1000.000000000000100 ) ;
#2764 = FACE_OUTER_BOUND ( 'NONE', #5345, .T. ) ;
#2765 = VECTOR ( 'NONE', #7596, 1000.000000000000200 ) ;
#2766 = VECTOR ( 'NONE', #7590, 1000.000000000000000 ) ;
#2767 = VECTOR ( 'NONE', #7287, 1000.000000000000000 ) ;
#2768 = AXIS2_PLACEMENT_3D ( 'NONE', #8025, #7393, #7679 ) ;
#2769 = VECTOR ( 'NONE', #7795, 1000.000000000000000 ) ;
#2770 = VECTOR ( 'NONE', #8021, 1000.000000000000100 ) ;
#2771 = VECTOR ( 'NONE', #7395, 1000.000000000000000 ) ;
#2772 = FACE_OUTER_BOUND ( 'NONE', #5363, .T. ) ;
#2773 = FACE_BOUND ( 'NONE', #5477, .T. ) ;
#2774 = VECTOR ( 'NONE', #7536, 1000.000000000000000 ) ;
#2775 = VECTOR ( 'NONE', #7584, 1000.000000000000100 ) ;
#2776 = AXIS2_PLACEMENT_3D ( 'NONE', #8053, #7433, #7343 ) ;
#2777 = CYLINDRICAL_SURFACE ( 'NONE', #2793, 26.49999999999999600 ) ;
#2778 = AXIS2_PLACEMENT_3D ( 'NONE', #7227, #8155, #8153 ) ;
#2779 = AXIS2_PLACEMENT_3D ( 'NONE', #7865, #7863, #7859 ) ;
#2780 = VECTOR ( 'NONE', #7533, 1000.000000000000100 ) ;
#2781 = AXIS2_PLACEMENT_3D ( 'NONE', #7817, #7491, #7693 ) ;
#2782 = VECTOR ( 'NONE', #7513, 1000.000000000000000 ) ;
#2783 = FACE_OUTER_BOUND ( 'NONE', #5473, .T. ) ;
#2784 = VECTOR ( 'NONE', #7505, 1000.000000000000100 ) ;
#2785 = AXIS2_PLACEMENT_3D ( 'NONE', #7225, #7273, #7419 ) ;
#2786 = FACE_OUTER_BOUND ( 'NONE', #5553, .T. ) ;
#2787 = AXIS2_PLACEMENT_3D ( 'NONE', #7555, #7587, #7249 ) ;
#2788 = AXIS2_PLACEMENT_3D ( 'NONE', #7733, #7285, #7379 ) ;
#2789 = FACE_OUTER_BOUND ( 'NONE', #5406, .T. ) ;
#2790 = VECTOR ( 'NONE', #8011, 1000.000000000000000 ) ;
#2791 = AXIS2_PLACEMENT_3D ( 'NONE', #7851, #8259, #8263 ) ;
#2792 = VECTOR ( 'NONE', #7855, 1000.000000000000000 ) ;
#2793 = AXIS2_PLACEMENT_3D ( 'NONE', #8289, #7849, #7861 ) ;
#2794 = FACE_OUTER_BOUND ( 'NONE', #5481, .T. ) ;
#2795 = VECTOR ( 'NONE', #8279, 1000.000000000000000 ) ;
#2796 = VECTOR ( 'NONE', #8265, 1000.000000000000000 ) ;
#2797 = VECTOR ( 'NONE', #8271, 1000.000000000000000 ) ;
#2798 = VECTOR ( 'NONE', #7512, 1000.000000000000200 ) ;
#2799 = VECTOR ( 'NONE', #7506, 1000.000000000000100 ) ;
#2800 = VECTOR ( 'NONE', #7500, 1000.000000000000000 ) ;
#2801 = VECTOR ( 'NONE', #7494, 1000.000000000000100 ) ;
#2802 = VECTOR ( 'NONE', #7488, 1000.000000000000200 ) ;
#2803 = VECTOR ( 'NONE', #7482, 1000.000000000000000 ) ;
#2804 = VECTOR ( 'NONE', #7476, 1000.000000000000100 ) ;
#2805 = VECTOR ( 'NONE', #7458, 1000.000000000000100 ) ;
#2806 = AXIS2_PLACEMENT_3D ( 'NONE', #7446, #7460, #7462 ) ;
#2807 = VECTOR ( 'NONE', #7452, 1000.000000000000000 ) ;
#2808 = VECTOR ( 'NONE', #7434, 1000.000000000000000 ) ;
#2809 = AXIS2_PLACEMENT_3D ( 'NONE', #7422, #7436, #7438 ) ;
#2810 = VECTOR ( 'NONE', #7428, 1000.000000000000000 ) ;
#2811 = AXIS2_PLACEMENT_3D ( 'NONE', #7464, #7466, #7468 ) ;
#2812 = VECTOR ( 'NONE', #7416, 1000.000000000000000 ) ;
#2813 = VECTOR ( 'NONE', #7410, 1000.000000000000000 ) ;
#2814 = AXIS2_PLACEMENT_3D ( 'NONE', #7404, #7418, #7420 ) ;
#2815 = VECTOR ( 'NONE', #7398, 1000.000000000000000 ) ;
#2816 = AXIS2_PLACEMENT_3D ( 'NONE', #7392, #7400, #7402 ) ;
#2817 = VECTOR ( 'NONE', #7386, 1000.000000000000000 ) ;
#2818 = VECTOR ( 'NONE', #7380, 1000.000000000000000 ) ;
#2819 = AXIS2_PLACEMENT_3D ( 'NONE', #7374, #7388, #7390 ) ;
#2820 = VECTOR ( 'NONE', #7368, 1000.000000000000000 ) ;
#2821 = VECTOR ( 'NONE', #7362, 1000.000000000000000 ) ;
#2822 = VECTOR ( 'NONE', #7356, 1000.000000000000000 ) ;
#2823 = AXIS2_PLACEMENT_3D ( 'NONE', #7344, #7370, #7372 ) ;
#2824 = VECTOR ( 'NONE', #7350, 1000.000000000000000 ) ;
#2825 = VECTOR ( 'NONE', #7338, 1000.000000000000000 ) ;
#2826 = AXIS2_PLACEMENT_3D ( 'NONE', #7440, #7442, #7444 ) ;
#2827 = VECTOR ( 'NONE', #7332, 1000.000000000000000 ) ;
#2828 = VECTOR ( 'NONE', #7326, 1000.000000000000000 ) ;
#2829 = AXIS2_PLACEMENT_3D ( 'NONE', #7296, #7340, #7342 ) ;
#2830 = VECTOR ( 'NONE', #7320, 1000.000000000000000 ) ;
#2831 = VECTOR ( 'NONE', #7314, 1000.000000000000000 ) ;
#2832 = VECTOR ( 'NONE', #7308, 1000.000000000000000 ) ;
#2833 = VECTOR ( 'NONE', #7302, 1000.000000000000000 ) ;
#2834 = VECTOR ( 'NONE', #7290, 1000.000000000000000 ) ;
#2835 = VECTOR ( 'NONE', #7284, 1000.000000000000000 ) ;
#2836 = VECTOR ( 'NONE', #7278, 1000.000000000000000 ) ;
#2837 = VECTOR ( 'NONE', #7272, 1000.000000000000000 ) ;
#2838 = AXIS2_PLACEMENT_3D ( 'NONE', #8129, #7292, #7294 ) ;
#2839 = VECTOR ( 'NONE', #7266, 1000.000000000000000 ) ;
#2840 = VECTOR ( 'NONE', #7260, 1000.000000000000000 ) ;
#2841 = VECTOR ( 'NONE', #7254, 1000.000000000000000 ) ;
#2842 = VECTOR ( 'NONE', #7248, 1000.000000000000000 ) ;
#2843 = VECTOR ( 'NONE', #7242, 1000.000000000000000 ) ;
#2844 = VECTOR ( 'NONE', #7236, 1000.000000000000000 ) ;
#2845 = VECTOR ( 'NONE', #7230, 1000.000000000000000 ) ;
#2846 = VECTOR ( 'NONE', #7993, 1000.000000000000000 ) ;
#2847 = VECTOR ( 'NONE', #8245, 1000.000000000000000 ) ;
#2848 = VECTOR ( 'NONE', #8235, 1000.000000000000000 ) ;
#2849 = VECTOR ( 'NONE', #7845, 1000.000000000000000 ) ;
#2850 = VECTOR ( 'NONE', #8131, 1000.000000000000000 ) ;
#2851 = VECTOR ( 'NONE', #8137, 1000.000000000000000 ) ;
#2852 = VECTOR ( 'NONE', #8133, 1000.000000000000000 ) ;
#2853 = VECTOR ( 'NONE', #7857, 1000.000000000000000 ) ;
#2854 = VECTOR ( 'NONE', #8171, 1000.000000000000000 ) ;
#2855 = AXIS2_PLACEMENT_3D ( 'NONE', #8247, #8159, #8147 ) ;
#2856 = VECTOR ( 'NONE', #8143, 1000.000000000000000 ) ;
#2857 = VECTOR ( 'NONE', #8181, 1000.000000000000000 ) ;
#2858 = VECTOR ( 'NONE', #8255, 1000.000000000000000 ) ;
#2859 = VECTOR ( 'NONE', #8151, 1000.000000000000000 ) ;
#2860 = VECTOR ( 'NONE', #8167, 1000.000000000000000 ) ;
#2861 = VECTOR ( 'NONE', #8185, 1000.000000000000000 ) ;
#2862 = VECTOR ( 'NONE', #8191, 1000.000000000000000 ) ;
#2863 = VECTOR ( 'NONE', #8195, 1000.000000000000000 ) ;
#2864 = AXIS2_PLACEMENT_3D ( 'NONE', #8213, #8179, #8169 ) ;
#2865 = VECTOR ( 'NONE', #8199, 1000.000000000000000 ) ;
#2866 = VECTOR ( 'NONE', #8209, 1000.000000000000000 ) ;
#2867 = VECTOR ( 'NONE', #8261, 1000.000000000000000 ) ;
#2868 = VECTOR ( 'NONE', #8269, 1000.000000000000000 ) ;
#2869 = VECTOR ( 'NONE', #7518, 1000.000000000000100 ) ;
#2870 = VECTOR ( 'NONE', #7524, 1000.000000000000000 ) ;
#2871 = VECTOR ( 'NONE', #7548, 1000.000000000000100 ) ;
#2872 = AXIS2_PLACEMENT_3D ( 'NONE', #7363, #8037, #7509 ) ;
#2873 = VECTOR ( 'NONE', #7554, 1000.000000000000100 ) ;
#2874 = VECTOR ( 'NONE', #7560, 1000.000000000000100 ) ;
#2875 = VECTOR ( 'NONE', #7566, 1000.000000000000000 ) ;
#2876 = VECTOR ( 'NONE', #7572, 1000.000000000000100 ) ;
#2877 = VECTOR ( 'NONE', #7578, 1000.000000000000000 ) ;
#2878 = AXIS2_PLACEMENT_3D ( 'NONE', #2120, #1288, #2158 ) ;
#2879 = AXIS2_PLACEMENT_3D ( 'NONE', #2418, #1983, #2340 ) ;
#2880 = VECTOR ( 'NONE', #2317, 1000.000000000000000 ) ;
#2881 = VECTOR ( 'NONE', #7769, 1000.000000000000000 ) ;
#2882 = VECTOR ( 'NONE', #7779, 1000.000000000000100 ) ;
#2883 = AXIS2_PLACEMENT_3D ( 'NONE', #7673, #7785, #7261 ) ;
#2884 = AXIS2_PLACEMENT_3D ( 'NONE', #7575, #7723, #7535 ) ;
#2885 = FACE_OUTER_BOUND ( 'NONE', #5435, .T. ) ;
#2886 = VECTOR ( 'NONE', #1691, 1000.000000000000100 ) ;
#2887 = AXIS2_PLACEMENT_3D ( 'NONE', #7309, #7763, #7357 ) ;
#2888 = VECTOR ( 'NONE', #2067, 1000.000000000000000 ) ;
#2889 = VECTOR ( 'NONE', #2129, 1000.000000000000100 ) ;
#2890 = AXIS2_PLACEMENT_3D ( 'NONE', #1329, #1968, #1694 ) ;
#2891 = VECTOR ( 'NONE', #7429, 1000.000000000000000 ) ;
#2892 = AXIS2_PLACEMENT_3D ( 'NONE', #1721, #2137, #2275 ) ;
#2893 = VECTOR ( 'NONE', #2079, 1000.000000000000000 ) ;
#2894 = AXIS2_PLACEMENT_3D ( 'NONE', #1737, #1307, #1302 ) ;
#2895 = VECTOR ( 'NONE', #7773, 1000.000000000000100 ) ;
#2896 = VECTOR ( 'NONE', #1946, 1000.000000000000100 ) ;
#2897 = VECTOR ( 'NONE', #1978, 1000.000000000000000 ) ;
#2898 = VECTOR ( 'NONE', #1393, 1000.000000000000000 ) ;
#2899 = FACE_OUTER_BOUND ( 'NONE', #5275, .T. ) ;
#2900 = FACE_OUTER_BOUND ( 'NONE', #5208, .T. ) ;
#2901 = AXIS2_PLACEMENT_3D ( 'NONE', #1709, #1284, #2226 ) ;
#2902 = VECTOR ( 'NONE', #1981, 1000.000000000000100 ) ;
#2903 = VECTOR ( 'NONE', #2413, 1000.000000000000000 ) ;
#2904 = FACE_BOUND ( 'NONE', #5555, .T. ) ;
#2905 = FACE_OUTER_BOUND ( 'NONE', #5491, .T. ) ;
#2906 = VECTOR ( 'NONE', #1374, 1000.000000000000000 ) ;
#2907 = AXIS2_PLACEMENT_3D ( 'NONE', #1437, #1408, #2377 ) ;
#2908 = VECTOR ( 'NONE', #7403, 1000.000000000000000 ) ;
#2909 = AXIS2_PLACEMENT_3D ( 'NONE', #7247, #7385, #7775 ) ;
#2910 = AXIS2_PLACEMENT_3D ( 'NONE', #7715, #7797, #7283 ) ;
#2911 = VECTOR ( 'NONE', #7457, 1000.000000000000100 ) ;
#2912 = AXIS2_PLACEMENT_3D ( 'NONE', #7721, #7291, #7683 ) ;
#2913 = VECTOR ( 'NONE', #7547, 1000.000000000000100 ) ;
#2914 = VECTOR ( 'NONE', #7493, 1000.000000000000000 ) ;
#2915 = AXIS2_PLACEMENT_3D ( 'NONE', #7489, #7389, #7629 ) ;
#2916 = VECTOR ( 'NONE', #2183, 1000.000000000000200 ) ;
#2917 = FACE_OUTER_BOUND ( 'NONE', #5259, .T. ) ;
#2918 = VECTOR ( 'NONE', #1909, 1000.000000000000000 ) ;
#2919 = VECTOR ( 'NONE', #1733, 1000.000000000000000 ) ;
#2920 = VECTOR ( 'NONE', #2155, 999.9999999999998900 ) ;
#2921 = FACE_OUTER_BOUND ( 'NONE', #5277, .T. ) ;
#2922 = VECTOR ( 'NONE', #1290, 1000.000000000000000 ) ;
#2923 = VECTOR ( 'NONE', #2292, 1000.000000000000000 ) ;
#2924 = VECTOR ( 'NONE', #1736, 1000.000000000000100 ) ;
#2925 = VECTOR ( 'NONE', #1542, 1000.000000000000000 ) ;
#2926 = AXIS2_PLACEMENT_3D ( 'NONE', #7645, #7269, #7591 ) ;
#2927 = AXIS2_PLACEMENT_3D ( 'NONE', #1282, #1285, #2233 ) ;
#2928 = AXIS2_PLACEMENT_3D ( 'NONE', #1447, #2081, #1649 ) ;
#2929 = FACE_OUTER_BOUND ( 'NONE', #5421, .T. ) ;
#2930 = AXIS2_PLACEMENT_3D ( 'NONE', #2321, #2021, #1551 ) ;
#2931 = FACE_OUTER_BOUND ( 'NONE', #5541, .T. ) ;
#2932 = AXIS2_PLACEMENT_3D ( 'NONE', #1884, #1744, #1667 ) ;
#2933 = VECTOR ( 'NONE', #2177, 1000.000000000000000 ) ;
#2934 = AXIS2_PLACEMENT_3D ( 'NONE', #1984, #2170, #1634 ) ;
#2935 = FACE_OUTER_BOUND ( 'NONE', #5535, .T. ) ;
#2936 = FACE_OUTER_BOUND ( 'NONE', #5443, .T. ) ;
#2937 = AXIS2_PLACEMENT_3D ( 'NONE', #2077, #1761, #1750 ) ;
#2938 = AXIS2_PLACEMENT_3D ( 'NONE', #1619, #1618, #1319 ) ;
#2939 = AXIS2_PLACEMENT_3D ( 'NONE', #1609, #1607, #1616 ) ;
#2940 = VECTOR ( 'NONE', #1823, 1000.000000000000000 ) ;
#2941 = AXIS2_PLACEMENT_3D ( 'NONE', #1726, #1328, #1605 ) ;
#2942 = VECTOR ( 'NONE', #2116, 1000.000000000000000 ) ;
#2943 = FACE_OUTER_BOUND ( 'NONE', #5489, .T. ) ;
#2944 = AXIS2_PLACEMENT_3D ( 'NONE', #2031, #1422, #2068 ) ;
#2945 = AXIS2_PLACEMENT_3D ( 'NONE', #2414, #1842, #1679 ) ;
#2946 = AXIS2_PLACEMENT_3D ( 'NONE', #1330, #1327, #2327 ) ;
#2947 = FACE_OUTER_BOUND ( 'NONE', #5546, .T. ) ;
#2948 = VECTOR ( 'NONE', #1325, 1000.000000000000000 ) ;
#2949 = FACE_OUTER_BOUND ( 'NONE', #5512, .T. ) ;
#2950 = VECTOR ( 'NONE', #1600, 1000.000000000000100 ) ;
#2951 = AXIS2_PLACEMENT_3D ( 'NONE', #1438, #2246, #1673 ) ;
#2952 = AXIS2_PLACEMENT_3D ( 'NONE', #2306, #1265, #1690 ) ;
#2953 = VECTOR ( 'NONE', #1379, 1000.000000000000100 ) ;
#2954 = AXIS2_PLACEMENT_3D ( 'NONE', #1597, #1839, #2259 ) ;
#2955 = VECTOR ( 'NONE', #1623, 1000.000000000000000 ) ;
#2956 = VECTOR ( 'NONE', #1337, 1000.000000000000100 ) ;
#2957 = VECTOR ( 'NONE', #2265, 1000.000000000000000 ) ;
#2958 = AXIS2_PLACEMENT_3D ( 'NONE', #2205, #1595, #1598 ) ;
#2959 = VECTOR ( 'NONE', #1272, 1000.000000000000000 ) ;
#2960 = VECTOR ( 'NONE', #1294, 1000.000000000000000 ) ;
#2961 = AXIS2_PLACEMENT_3D ( 'NONE', #2080, #1641, #1498 ) ;
#2962 = VECTOR ( 'NONE', #2272, 1000.000000000000100 ) ;
#2963 = VECTOR ( 'NONE', #2379, 1000.000000000000000 ) ;
#2964 = VECTOR ( 'NONE', #1467, 999.9999999999998900 ) ;
#2965 = AXIS2_PLACEMENT_3D ( 'NONE', #2107, #1818, #2229 ) ;
#2966 = VECTOR ( 'NONE', #1269, 1000.000000000000000 ) ;
#2967 = FACE_BOUND ( 'NONE', #5420, .T. ) ;
#2968 = AXIS2_PLACEMENT_3D ( 'NONE', #2074, #2231, #2114 ) ;
#2969 = VECTOR ( 'NONE', #2201, 1000.000000000000000 ) ;
#2970 = AXIS2_PLACEMENT_3D ( 'NONE', #1874, #1261, #2203 ) ;
#2971 = VECTOR ( 'NONE', #2276, 1000.000000000000000 ) ;
#2972 = FACE_OUTER_BOUND ( 'NONE', #5567, .T. ) ;
#2973 = VECTOR ( 'NONE', #1971, 1000.000000000000200 ) ;
#2974 = AXIS2_PLACEMENT_3D ( 'NONE', #1949, #1509, #1898 ) ;
#2975 = VECTOR ( 'NONE', #1381, 1000.000000000000000 ) ;
#2976 = FACE_OUTER_BOUND ( 'NONE', #5547, .T. ) ;
#2977 = AXIS2_PLACEMENT_3D ( 'NONE', #2131, #2159, #2189 ) ;
#2978 = AXIS2_PLACEMENT_3D ( 'NONE', #2335, #2297, #1312 ) ;
#2979 = AXIS2_PLACEMENT_3D ( 'NONE', #2257, #2003, #1749 ) ;
#2980 = VECTOR ( 'NONE', #1314, 1000.000000000000000 ) ;
#2981 = AXIS2_PLACEMENT_3D ( 'NONE', #1728, #1492, #2399 ) ;
#2982 = VECTOR ( 'NONE', #1933, 1000.000000000000000 ) ;
#2983 = FACE_OUTER_BOUND ( 'NONE', #5470, .T. ) ;
#2984 = VECTOR ( 'NONE', #2033, 1000.000000000000100 ) ;
#2985 = VECTOR ( 'NONE', #7313, 1000.000000000000000 ) ;
#2986 = AXIS2_PLACEMENT_3D ( 'NONE', #7609, #7577, #7599 ) ;
#2987 = VECTOR ( 'NONE', #7619, 1000.000000000000000 ) ;
#2988 = VECTOR ( 'NONE', #7411, 1000.000000000000000 ) ;
#2989 = VECTOR ( 'NONE', #7381, 1000.000000000000100 ) ;
#2990 = VECTOR ( 'NONE', #7613, 1000.000000000000000 ) ;
#2991 = AXIS2_PLACEMENT_3D ( 'NONE', #8061, #7325, #7391 ) ;
#2992 = VECTOR ( 'NONE', #7469, 1000.000000000000000 ) ;
#2993 = VECTOR ( 'NONE', #7529, 1000.000000000000000 ) ;
#2994 = VECTOR ( 'NONE', #7813, 1000.000000000000000 ) ;
#2995 = AXIS2_PLACEMENT_3D ( 'NONE', #8085, #8087, #8063 ) ;
#2996 = FACE_BOUND ( 'NONE', #5404, .T. ) ;
#2997 = VECTOR ( 'NONE', #8079, 1000.000000000000000 ) ;
#2998 = AXIS2_PLACEMENT_3D ( 'NONE', #7507, #7607, #7401 ) ;
#2999 = VECTOR ( 'NONE', #8081, 1000.000000000000100 ) ;
#3000 = AXIS2_PLACEMENT_3D ( 'NONE', #8111, #8089, #8069 ) ;
#3001 = VECTOR ( 'NONE', #8083, 1000.000000000000000 ) ;
#3002 = VECTOR ( 'NONE', #8119, 1000.000000000000000 ) ;
#3003 = AXIS2_PLACEMENT_3D ( 'NONE', #8071, #8109, #8117 ) ;
#3004 = VECTOR ( 'NONE', #8095, 1000.000000000000000 ) ;
#3005 = FACE_OUTER_BOUND ( 'NONE', #5235, .T. ) ;
#3006 = VECTOR ( 'NONE', #8097, 1000.000000000000000 ) ;
#3007 = VECTOR ( 'NONE', #8125, 1000.000000000000000 ) ;
#3008 = AXIS2_PLACEMENT_3D ( 'NONE', #7811, #7837, #8103 ) ;
#3009 = VECTOR ( 'NONE', #7833, 1000.000000000000000 ) ;
#3010 = VECTOR ( 'NONE', #8001, 1000.000000000000100 ) ;
#3011 = AXIS2_PLACEMENT_3D ( 'NONE', #7339, #8057, #8127 ) ;
#3012 = AXIS2_PLACEMENT_3D ( 'NONE', #7539, #7459, #7667 ) ;
#3013 = VECTOR ( 'NONE', #7593, 1000.000000000000000 ) ;
#3014 = AXIS2_PLACEMENT_3D ( 'NONE', #7305, #7301, #7361 ) ;
#3015 = VECTOR ( 'NONE', #7553, 1000.000000000000100 ) ;
#3016 = AXIS2_PLACEMENT_3D ( 'NONE', #7473, #7387, #7781 ) ;
#3017 = AXIS2_PLACEMENT_3D ( 'NONE', #7605, #7747, #7685 ) ;
#3018 = AXIS2_PLACEMENT_3D ( 'NONE', #7989, #7919, #7757 ) ;
#3019 = FACE_OUTER_BOUND ( 'NONE', #5354, .T. ) ;
#3020 = FACE_OUTER_BOUND ( 'NONE', #5365, .T. ) ;
#3021 = CYLINDRICAL_SURFACE ( 'NONE', #3026, 1.999999999999996700 ) ;
#3022 = VECTOR ( 'NONE', #7973, 1000.000000000000000 ) ;
#3023 = AXIS2_PLACEMENT_3D ( 'NONE', #8055, #7259, #7563 ) ;
#3024 = VECTOR ( 'NONE', #7949, 1000.000000000000000 ) ;
#3025 = FACE_OUTER_BOUND ( 'NONE', #5487, .T. ) ;
#3026 = AXIS2_PLACEMENT_3D ( 'NONE', #7963, #7969, #7951 ) ;
#3027 = CYLINDRICAL_SURFACE ( 'NONE', #3031, 18.99999999999999600 ) ;
#3028 = FACE_OUTER_BOUND ( 'NONE', #5532, .T. ) ;
#3029 = AXIS2_PLACEMENT_3D ( 'NONE', #7935, #7967, #7939 ) ;
#3030 = FACE_OUTER_BOUND ( 'NONE', #5490, .T. ) ;
#3031 = AXIS2_PLACEMENT_3D ( 'NONE', #7957, #7937, #7977 ) ;
#3032 = AXIS2_PLACEMENT_3D ( 'NONE', #7929, #7925, #7959 ) ;
#3033 = FACE_OUTER_BOUND ( 'NONE', #5558, .T. ) ;
#3034 = FACE_OUTER_BOUND ( 'NONE', #5455, .T. ) ;
#3035 = VECTOR ( 'NONE', #7889, 1000.000000000000000 ) ;
#3036 = AXIS2_PLACEMENT_3D ( 'NONE', #7907, #7899, #7923 ) ;
#3037 = FACE_OUTER_BOUND ( 'NONE', #5479, .T. ) ;
#3038 = AXIS2_PLACEMENT_3D ( 'NONE', #7927, #7931, #7917 ) ;
#3039 = FACE_OUTER_BOUND ( 'NONE', #5445, .T. ) ;
#3040 = CYLINDRICAL_SURFACE ( 'NONE', #3032, 14.00000000000000000 ) ;
#3041 = VECTOR ( 'NONE', #7877, 1000.000000000000000 ) ;
#3042 = AXIS2_PLACEMENT_3D ( 'NONE', #7869, #7975, #7965 ) ;
#3043 = VECTOR ( 'NONE', #7879, 1000.000000000000000 ) ;
#3044 = AXIS2_PLACEMENT_3D ( 'NONE', #7875, #7873, #7867 ) ;
#3045 = FACE_OUTER_BOUND ( 'NONE', #5440, .T. ) ;
#3046 = CYLINDRICAL_SURFACE ( 'NONE', #3048, 4.250000000000003600 ) ;
#3047 = VECTOR ( 'NONE', #7275, 1000.000000000000200 ) ;
#3048 = AXIS2_PLACEMENT_3D ( 'NONE', #7945, #7885, #7981 ) ;
#3049 = FACE_OUTER_BOUND ( 'NONE', #5407, .T. ) ;
#3050 = AXIS2_PLACEMENT_3D ( 'NONE', #8041, #7825, #7893 ) ;
#3051 = AXIS2_PLACEMENT_3D ( 'NONE', #7437, #7511, #7943 ) ;
#3052 = AXIS2_PLACEMENT_3D ( 'NONE', #7895, #7887, #7891 ) ;
#3053 = AXIS2_PLACEMENT_3D ( 'NONE', #7521, #7701, #7461 ) ;
#3054 = VECTOR ( 'NONE', #7495, 1000.000000000000000 ) ;
#3055 = AXIS2_PLACEMENT_3D ( 'NONE', #7365, #7233, #7753 ) ;
#3056 = FACE_OUTER_BOUND ( 'NONE', #5274, .T. ) ;
#3057 = VECTOR ( 'NONE', #7447, 1000.000000000000000 ) ;
#3058 = AXIS2_PLACEMENT_3D ( 'NONE', #7229, #7351, #7531 ) ;
#3059 = VECTOR ( 'NONE', #7743, 1000.000000000000100 ) ;
#3060 = FACE_OUTER_BOUND ( 'NONE', #5450, .T. ) ;
#3061 = AXIS2_PLACEMENT_3D ( 'NONE', #7517, #8251, #7347 ) ;
#3062 = VECTOR ( 'NONE', #7649, 1000.000000000000000 ) ;
#3063 = FACE_OUTER_BOUND ( 'NONE', #5295, .T. ) ;
#3064 = VECTOR ( 'NONE', #7623, 1000.000000000000100 ) ;
#3065 = VECTOR ( 'NONE', #7727, 1000.000000000000100 ) ;
#3066 = VECTOR ( 'NONE', #7627, 1000.000000000000000 ) ;
#3067 = VECTOR ( 'NONE', #7237, 1000.000000000000100 ) ;
#3068 = VECTOR ( 'NONE', #7569, 1000.000000000000000 ) ;
#3069 = FACE_OUTER_BOUND ( 'NONE', #5448, .T. ) ;
#3070 = VECTOR ( 'NONE', #7791, 1000.000000000000100 ) ;
#3071 = AXIS2_PLACEMENT_3D ( 'NONE', #7441, #7407, #7729 ) ;
#3072 = VECTOR ( 'NONE', #7641, 999.9999999999998900 ) ;
#3073 = AXIS2_PLACEMENT_3D ( 'NONE', #7675, #7765, #7653 ) ;
#3074 = VECTOR ( 'NONE', #7571, 1000.000000000000000 ) ;
#3075 = AXIS2_PLACEMENT_3D ( 'NONE', #7369, #7435, #7271 ) ;
#3076 = FACE_OUTER_BOUND ( 'NONE', #5298, .T. ) ;
#3077 = AXIS2_PLACEMENT_3D ( 'NONE', #7697, #7413, #8193 ) ;
#3078 = AXIS2_PLACEMENT_3D ( 'NONE', #7281, #7719, #7519 ) ;
#3079 = VECTOR ( 'NONE', #7425, 1000.000000000000000 ) ;
#3080 = AXIS2_PLACEMENT_3D ( 'NONE', #7651, #7421, #7611 ) ;
#3081 = VECTOR ( 'NONE', #7289, 1000.000000000000100 ) ;
#3082 = AXIS2_PLACEMENT_3D ( 'NONE', #1308, #2142, #1631 ) ;
#3083 = AXIS2_PLACEMENT_3D ( 'NONE', #7399, #7497, #7451 ) ;
#3084 = VECTOR ( 'NONE', #7307, 1000.000000000000100 ) ;
#3085 = VECTOR ( 'NONE', #1958, 1000.000000000000000 ) ;
#3086 = VECTOR ( 'NONE', #7711, 1000.000000000000100 ) ;
#3087 = VECTOR ( 'NONE', #7543, 1000.000000000000100 ) ;
#3088 = VECTOR ( 'NONE', #7751, 1000.000000000000000 ) ;
#3089 = CYLINDRICAL_SURFACE ( 'NONE', #2884, 18.49999999999999600 ) ;
#3090 = VECTOR ( 'NONE', #7689, 1000.000000000000100 ) ;
#3091 = AXIS2_PLACEMENT_3D ( 'NONE', #7253, #7695, #8203 ) ;
#3092 = VECTOR ( 'NONE', #7333, 1000.000000000000100 ) ;
#3093 = FACE_OUTER_BOUND ( 'NONE', #5217, .T. ) ;
#3094 = AXIS2_PLACEMENT_3D ( 'NONE', #7501, #7759, #7671 ) ;
#3095 = VECTOR ( 'NONE', #7295, 999.9999999999998900 ) ;
#3096 = AXIS2_PLACEMENT_3D ( 'NONE', #2095, #1715, #1686 ) ;
#3097 = CLOSED_SHELL ( 'NONE', ( #4767, #3992, #4055, #4805, #1259, #3999, #4679, #1249, #4182, #4153, #1258, #4209, #6996, #7065, #7154, #7140, #7011, #7122, #7184, #7044, #7058, #7010, #7156, #7012, #7009, #7052, #7068, #7116, #7021, #7130, #7202, #7207, #7017, #7070 ) ) ;
#3098 = AXIS2_PLACEMENT_3D ( 'NONE', #1961, #2121, #1714 ) ;
#3099 = AXIS2_PLACEMENT_3D ( 'NONE', #1989, #1516, #1519 ) ;
#3100 = SPHERICAL_SURFACE ( 'NONE', #3096, 12.99999999999999300 ) ;
#3101 = FACE_OUTER_BOUND ( 'NONE', #5288, .T. ) ;
#3102 = FACE_OUTER_BOUND ( 'NONE', #5460, .T. ) ;
#3103 = AXIS2_PLACEMENT_3D ( 'NONE', #1384, #2283, #2070 ) ;
#3104 = AXIS2_PLACEMENT_3D ( 'NONE', #1687, #1887, #2207 ) ;
#3105 = AXIS2_PLACEMENT_3D ( 'NONE', #6578, #6577, #6576 ) ;
#3106 = FACE_OUTER_BOUND ( 'NONE', #5427, .T. ) ;
#3107 = VECTOR ( 'NONE', #1571, 1000.000000000000000 ) ;
#3108 = VECTOR ( 'NONE', #1346, 1000.000000000000000 ) ;
#3109 = FACE_OUTER_BOUND ( 'NONE', #5415, .T. ) ;
#3110 = FACE_OUTER_BOUND ( 'NONE', #5556, .T. ) ;
#3111 = AXIS2_PLACEMENT_3D ( 'NONE', #1512, #1493, #1872 ) ;
#3112 = VECTOR ( 'NONE', #1567, 1000.000000000000000 ) ;
#3113 = AXIS2_PLACEMENT_3D ( 'NONE', #1566, #1713, #1427 ) ;
#3114 = FACE_OUTER_BOUND ( 'NONE', #5523, .T. ) ;
#3115 = AXIS2_PLACEMENT_3D ( 'NONE', #1301, #1674, #1452 ) ;
#3116 = AXIS2_PLACEMENT_3D ( 'NONE', #2329, #2147, #2119 ) ;
#3117 = AXIS2_PLACEMENT_3D ( 'NONE', #1647, #1652, #1650 ) ;
#3118 = VECTOR ( 'NONE', #1450, 1000.000000000000000 ) ;
#3119 = VECTOR ( 'NONE', #1593, 1000.000000000000000 ) ;
#3120 = FACE_OUTER_BOUND ( 'NONE', #5493, .T. ) ;
#3121 = AXIS2_PLACEMENT_3D ( 'NONE', #1932, #1935, #1939 ) ;
#3122 = AXIS2_PLACEMENT_3D ( 'NONE', #1518, #2190, #1445 ) ;
#3123 = FACE_OUTER_BOUND ( 'NONE', #5319, .T. ) ;
#3124 = VECTOR ( 'NONE', #1557, 1000.000000000000100 ) ;
#3125 = FACE_OUTER_BOUND ( 'NONE', #5352, .T. ) ;
#3126 = VECTOR ( 'NONE', #1927, 1000.000000000000000 ) ;
#3127 = AXIS2_PLACEMENT_3D ( 'NONE', #2343, #1580, #1583 ) ;
#3128 = FACE_OUTER_BOUND ( 'NONE', #5343, .T. ) ;
#3129 = FACE_OUTER_BOUND ( 'NONE', #5437, .T. ) ;
#3130 = FACE_OUTER_BOUND ( 'NONE', #5559, .T. ) ;
#3131 = AXIS2_PLACEMENT_3D ( 'NONE', #2348, #1276, #2354 ) ;
#3132 = VECTOR ( 'NONE', #6234, 1000.000000000000000 ) ;
#3133 = AXIS2_PLACEMENT_3D ( 'NONE', #1531, #1539, #1538 ) ;
#3134 = VECTOR ( 'NONE', #1536, 1000.000000000000100 ) ;
#3135 = VECTOR ( 'NONE', #1926, 1000.000000000000100 ) ;
#3136 = AXIS2_PLACEMENT_3D ( 'NONE', #1479, #2034, #2370 ) ;
#3137 = VECTOR ( 'NONE', #1375, 1000.000000000000000 ) ;
#3138 = FACE_OUTER_BOUND ( 'NONE', #5502, .T. ) ;
#3139 = VECTOR ( 'NONE', #1695, 1000.000000000000100 ) ;
#3140 = AXIS2_PLACEMENT_3D ( 'NONE', #1663, #1670, #1668 ) ;
#3141 = AXIS2_PLACEMENT_3D ( 'NONE', #1627, #1632, #1630 ) ;
#3142 = VECTOR ( 'NONE', #1638, 1000.000000000000100 ) ;
#3143 = FACE_OUTER_BOUND ( 'NONE', #5364, .T. ) ;
#3144 = VECTOR ( 'NONE', #2345, 1000.000000000000100 ) ;
#3145 = AXIS2_PLACEMENT_3D ( 'NONE', #1367, #1655, #1658 ) ;
#3146 = AXIS2_PLACEMENT_3D ( 'NONE', #1358, #1363, #1368 ) ;
#3147 = VECTOR ( 'NONE', #1352, 999.9999999999998900 ) ;
#3148 = AXIS2_PLACEMENT_3D ( 'NONE', #2204, #1356, #1360 ) ;
#3149 = FACE_OUTER_BOUND ( 'NONE', #5442, .T. ) ;
#3150 = VECTOR ( 'NONE', #1481, 1000.000000000000000 ) ;
#3151 = AXIS2_PLACEMENT_3D ( 'NONE', #1341, #1345, #1343 ) ;
#3152 = AXIS2_PLACEMENT_3D ( 'NONE', #2011, #2331, #2397 ) ;
#3153 = VECTOR ( 'NONE', #2145, 1000.000000000000000 ) ;
#3154 = AXIS2_PLACEMENT_3D ( 'NONE', #1494, #1499, #2178 ) ;
#3155 = AXIS2_PLACEMENT_3D ( 'NONE', #1678, #1685, #1683 ) ;
#3156 = FACE_OUTER_BOUND ( 'NONE', #5367, .T. ) ;
#3157 = AXIS2_PLACEMENT_3D ( 'NONE', #1769, #1757, #1710 ) ;
#3158 = FACE_OUTER_BOUND ( 'NONE', #5313, .T. ) ;
#3159 = VECTOR ( 'NONE', #2027, 1000.000000000000000 ) ;
#3160 = FACE_OUTER_BOUND ( 'NONE', #5529, .T. ) ;
#3161 = VECTOR ( 'NONE', #1382, 1000.000000000000100 ) ;
#3162 = AXIS2_PLACEMENT_3D ( 'NONE', #1429, #1426, #1414 ) ;
#3163 = VECTOR ( 'NONE', #1315, 1000.000000000000000 ) ;
#3164 = VECTOR ( 'NONE', #1588, 1000.000000000000000 ) ;
#3165 = AXIS2_PLACEMENT_3D ( 'NONE', #1409, #1556, #1559 ) ;
#3166 = AXIS2_PLACEMENT_3D ( 'NONE', #1863, #2389, #1423 ) ;
#3167 = AXIS2_PLACEMENT_3D ( 'NONE', #1419, #1416, #1547 ) ;
#3168 = AXIS2_PLACEMENT_3D ( 'NONE', #1552, #1550, #1747 ) ;
#3169 = AXIS2_PLACEMENT_3D ( 'NONE', #1753, #1752, #1404 ) ;
#3170 = AXIS2_PLACEMENT_3D ( 'NONE', #2061, #2064, #1738 ) ;
#3171 = AXIS2_PLACEMENT_3D ( 'NONE', #1870, #1875, #1879 ) ;
#3172 = FACE_OUTER_BOUND ( 'NONE', #5410, .T. ) ;
#3173 = FACE_OUTER_BOUND ( 'NONE', #5537, .T. ) ;
#3174 = AXIS2_PLACEMENT_3D ( 'NONE', #1920, #1922, #1925 ) ;
#3175 = AXIS2_PLACEMENT_3D ( 'NONE', #1506, #1514, #1526 ) ;
#3176 = CYLINDRICAL_SURFACE ( 'NONE', #3174, 10.50000000000000000 ) ;
#3177 = AXIS2_PLACEMENT_3D ( 'NONE', #1858, #1860, #1864 ) ;
#3178 = AXIS2_PLACEMENT_3D ( 'NONE', #1848, #1850, #1853 ) ;
#3179 = FACE_OUTER_BOUND ( 'NONE', #5340, .T. ) ;
#3180 = FACE_OUTER_BOUND ( 'NONE', #5366, .T. ) ;
#3181 = FACE_OUTER_BOUND ( 'NONE', #5356, .T. ) ;
#3182 = FACE_BOUND ( 'NONE', #5486, .T. ) ;
#3183 = AXIS2_PLACEMENT_3D ( 'NONE', #1808, #1810, #1813 ) ;
#3184 = AXIS2_PLACEMENT_3D ( 'NONE', #1835, #1837, #1841 ) ;
#3185 = FACE_OUTER_BOUND ( 'NONE', #5561, .T. ) ;
#3186 = FACE_OUTER_BOUND ( 'NONE', #5230, .T. ) ;
#3187 = AXIS2_PLACEMENT_3D ( 'NONE', #1796, #1798, #1802 ) ;
#3188 = AXIS2_PLACEMENT_3D ( 'NONE', #1788, #1791, #1793 ) ;
#3189 = FACE_OUTER_BOUND ( 'NONE', #5538, .T. ) ;
#3190 = AXIS2_PLACEMENT_3D ( 'NONE', #1821, #1824, #1830 ) ;
#3191 = AXIS2_PLACEMENT_3D ( 'NONE', #1907, #1912, #1917 ) ;
#3192 = FACE_OUTER_BOUND ( 'NONE', #5411, .T. ) ;
#3193 = AXIS2_PLACEMENT_3D ( 'NONE', #1886, #1889, #1892 ) ;
#3194 = FACE_OUTER_BOUND ( 'NONE', #5401, .T. ) ;
#3195 = AXIS2_PLACEMENT_3D ( 'NONE', #1900, #1902, #1905 ) ;
#3196 = FACE_OUTER_BOUND ( 'NONE', #5254, .T. ) ;
#3197 = CYLINDRICAL_SURFACE ( 'NONE', #3191, 18.49999999999999600 ) ;
#3198 = VECTOR ( 'NONE', #6228, 1000.000000000000000 ) ;
#3199 = FACE_OUTER_BOUND ( 'NONE', #5337, .T. ) ;
#3200 = CLOSED_SHELL ( 'NONE', ( #7079, #7104, #7014, #7129, #7081, #7145, #7085, #7191, #7173, #7169, #3990, #3966, #4121, #4080, #4054, #4704, #4730, #4503, #4752, #4786, #4790, #4751, #4116, #4492, #4105, #3981, #3949, #4112, #4092, #4192, #4797, #4802, #3945, #4113, #4210, #1254, #1248, #4783, #4111, #4017, #4066, #1255, #1257, #4074, #4744, #4795, #4502, #4067, #4764, #4089, #4120, #3955, #1260, #4666, #3995, #4033, #3977, #4759, #4688, #4602, #4024, #3998, #3997, #4516, #4206, #4732, #4132, #4599, #4803, #1256, #4000, #4720, #1252, #3957, #4069, #4650 ) ) ;
#3201 = CLOSED_SHELL ( 'NONE', ( #4216, #3970, #1250, #4124, #4804, #4604, #4777, #4697, #6984, #4025, #4218, #4130, #1253, #7032, #7033, #7096, #7063, #7138, #7148, #7093, #7101, #7208, #7027, #7086, #7042, #7103, #6977, #6974, #6981, #7026, #7160, #7049, #7047, #6994, #7143, #7050, #7048, #7007, #7002, #6999, #6998, #7001, #7000, #7003, #7158, #7095, #7092, #7006, #7022, #7195, #7192, #7214, #7196, #7155, #7060, #6957, #6964, #6960 ) ) ;
#3202 = CLOSED_SHELL ( 'NONE', ( #7165, #7149, #7135, #7080, #7157, #7176, #7152, #7150, #7203, #7201, #7031, #7030, #7218, #7177, #7204, #7016, #7179, #7043, #7041, #7053, #6975, #7132, #7200, #7213, #7161, #7159, #6988, #7175, #6948, #6979, #7146, #6989, #7036, #6978, #7167, #7178, #7215, #6973, #7121, #7188, #7004, #7057, #7181, #7015, #7019, #6992, #7023, #7144, #7024, #7127, #6991, #7034, #7029, #7074, #7119, #6954, #6958, #7073, #6969, #7035, #7108, #7141, #7077, #7212, #6987, #7037, #7190, #7046, #7051, #7038, #7018, #6952, #7186, #7170, #7193, #7172 ) ) ;
#3203 = CLOSED_SHELL ( 'NONE', ( #6993, #7194, #7168, #7112, #7197, #7199, #7025, #7013, #7198, #7128, #7020, #7171, #7174, #7189, #7153, #7120, #7105, #7102, #6976, #7187, #7094, #7097, #7183, #7216, #7084, #7185, #7062 ) ) ;
#3204 = SHAPE_REPRESENTATION ( 'X7-8063-1002', ( #8368 ), #7221 ) ;
#3205 = SHAPE_REPRESENTATION ( 'X7-8063-1001', ( #8368 ), #7222 ) ;
#3206 = SHAPE_REPRESENTATION ( 'Ford escort mk 1 & 2 steering rack', ( #8350, #8359, #8358, #8357, #8354 ), #7220 ) ;
#3207 = SHAPE_REPRESENTATION ( 'X7-8061-1002', ( #8368 ), #7223 ) ;
#3208 = SHAPE_REPRESENTATION ( 'X7-8061-1001', ( #8368 ), #7224 ) ;
#3209 =( REPRESENTATION_RELATIONSHIP ('NONE','NONE', #3206, #3204 ) REPRESENTATION_RELATIONSHIP_WITH_TRANSFORMATION ( #3833 )SHAPE_REPRESENTATION_RELATIONSHIP( ) );
#3210 =( REPRESENTATION_RELATIONSHIP ('NONE','NONE', #3206, #3205 ) REPRESENTATION_RELATIONSHIP_WITH_TRANSFORMATION ( #3808 )SHAPE_REPRESENTATION_RELATIONSHIP( ) );
#3211 =( REPRESENTATION_RELATIONSHIP ('NONE','NONE', #3206, #3207 ) REPRESENTATION_RELATIONSHIP_WITH_TRANSFORMATION ( #3783 )SHAPE_REPRESENTATION_RELATIONSHIP( ) );
#3212 = APPLICATION_CONTEXT ( 'configuration controlled 3d designs of mechanical parts and assemblies' ) ;
#3213 = APPLICATION_CONTEXT ( 'configuration controlled 3d designs of mechanical parts and assemblies' ) ;
#3214 =( REPRESENTATION_RELATIONSHIP ('NONE','NONE', #3206, #3208 ) REPRESENTATION_RELATIONSHIP_WITH_TRANSFORMATION ( #3433 )SHAPE_REPRESENTATION_RELATIONSHIP( ) );
#3215 = APPLICATION_CONTEXT ( 'configuration controlled 3d designs of mechanical parts and assemblies' ) ;
#3216 = APPLICATION_CONTEXT ( 'configuration controlled 3d designs of mechanical parts and assemblies' ) ;
#3217 = APPLICATION_CONTEXT ( 'configuration controlled 3d designs of mechanical parts and assemblies' ) ;
#3218 = APPLICATION_CONTEXT ( 'configuration controlled 3d designs of mechanical parts and assemblies' ) ;
#3219 = APPLICATION_CONTEXT ( 'configuration controlled 3d designs of mechanical parts and assemblies' ) ;
#3220 = APPLICATION_CONTEXT ( 'configuration controlled 3d designs of mechanical parts and assemblies' ) ;
#3221 = APPLICATION_CONTEXT ( 'configuration controlled 3d designs of mechanical parts and assemblies' ) ;
#3222 = APPLICATION_CONTEXT ( 'configuration controlled 3d designs of mechanical parts and assemblies' ) ;
#3223 = DIRECTION ( 'NONE',  ( 0.0000000000000000000, 0.0000000000000000000, -1.000000000000000000 ) ) ;
#3224 = DIRECTION ( 'NONE',  ( 0.0000000000000000000, 0.1736481776669302500, -0.9848077530122081300 ) ) ;
#3225 = CARTESIAN_POINT ( 'NONE',  ( -143.0000000000000300, -17.99999999999999600, 11.00000000000000000 ) ) ;
#3226 = DIRECTION ( 'NONE',  ( -0.0000000000000000000, 0.0000000000000000000, 1.000000000000000000 ) ) ;
#3227 = DIRECTION ( 'NONE',  ( -1.000000000000000000, 0.0000000000000000000, 0.0000000000000000000 ) ) ;
#3228 = CARTESIAN_POINT ( 'NONE',  ( 12.75000000000000000, -22.00000000000000000, -1.666998409216799400E-016 ) ) ;
#3229 = DIRECTION ( 'NONE',  ( 0.0000000000000000000, 0.0000000000000000000, 1.000000000000000000 ) ) ;
#3230 = DIRECTION ( 'NONE',  ( 0.0000000000000000000, -1.000000000000000000, 0.0000000000000000000 ) ) ;
#3231 = PLANE ( 'NONE',  #8383 ) ;
#3232 = DIRECTION ( 'NONE',  ( -0.7071067811865481300, 0.7071067811865470200, 1.899305393569081800E-016 ) ) ;
#3233 = CARTESIAN_POINT ( 'NONE',  ( -12.49999999999999800, -12.49999999999999500, 23.00000000000000400 ) ) ;
#3234 = DIRECTION ( 'NONE',  ( -0.7071067811865475700, 0.7071067811865475700, 0.0000000000000000000 ) ) ;
#3235 = DIRECTION ( 'NONE',  ( -0.7071067811865463500, 0.7071067811865486800, 8.177564888978012700E-017 ) ) ;
#3236 = CARTESIAN_POINT ( 'NONE',  ( 12.75000000000000000, -3.499999999999992900, -32.00000000000000000 ) ) ;
#3237 = DIRECTION ( 'NONE',  ( -0.7071067811865486800, -0.7071067811865463500, 0.0000000000000000000 ) ) ;
#3238 = DIRECTION ( 'NONE',  ( 0.0000000000000000000, -0.9848077530122080200, -0.1736481776669303600 ) ) ;
#3239 = CARTESIAN_POINT ( 'NONE',  ( 188.6964418734911500, -22.74930047792650400, 45.51552220390241400 ) ) ;
#3240 = DIRECTION ( 'NONE',  ( -1.000000000000000000, 0.0000000000000000000, 0.0000000000000000000 ) ) ;
#3241 = DIRECTION ( 'NONE',  ( -0.09584575252022790900, 0.1728487359030508000, -0.9802738934708752300 ) ) ;
#3242 = CARTESIAN_POINT ( 'NONE',  ( 179.7348640128498400, -6.587943670991256400, -46.14008683562441600 ) ) ;
#3243 = DIRECTION ( 'NONE',  ( 0.0000000000000000000, 0.9848077530122081300, 0.1736481776669303000 ) ) ;
#3244 = DIRECTION ( 'NONE',  ( 0.09584575252022790900, -0.1728487359030508000, 0.9802738934708752300 ) ) ;
#3245 = PLANE ( 'NONE',  #8378 ) ;
#3246 = PLANE ( 'NONE',  #8604 ) ;
#3247 = CARTESIAN_POINT ( 'NONE',  ( 191.1887756614737300, 34.08711317293678200, 28.39503838010245900 ) ) ;
#3248 = DIRECTION ( 'NONE',  ( 0.5773502691896311700, 0.5773502691896230700, -0.5773502691896229600 ) ) ;
#3249 = DIRECTION ( 'NONE',  ( -0.0000000000000000000, 0.9848077530122080200, 0.1736481776669305500 ) ) ;
#3250 = DIRECTION ( 'NONE',  ( 0.0000000000000000000, 2.891205793294679300E-016, -1.000000000000000000 ) ) ;
#3251 = DIRECTION ( 'NONE',  ( 0.0000000000000000000, -0.1736481776669305500, 0.9848077530122080200 ) ) ;
#3252 = DIRECTION ( 'NONE',  ( 0.0000000000000000000, -0.9848077530122079100, -0.1736481776669303000 ) ) ;
#3253 = PLANE ( 'NONE',  #8372 ) ;
#3254 = DIRECTION ( 'NONE',  ( 0.0000000000000000000, -1.000000000000000000, -2.891205793294679300E-016 ) ) ;
#3255 = CARTESIAN_POINT ( 'NONE',  ( 12.75000000000000000, -12.49999999999999500, 23.00000000000000400 ) ) ;
#3256 = DIRECTION ( 'NONE',  ( -0.7071067811865424700, 0.0000000000000000000, -0.7071067811865525700 ) ) ;
#3257 = DIRECTION ( 'NONE',  ( 0.0000000000000000000, -1.000000000000000000, -1.156482317317871700E-016 ) ) ;
#3258 = DIRECTION ( 'NONE',  ( -0.7071067811865474600, -0.7071067811865474600, 0.0000000000000000000 ) ) ;
#3259 = DIRECTION ( 'NONE',  ( 0.0000000000000000000, 1.156482317317871700E-016, -1.000000000000000000 ) ) ;
#3260 = DIRECTION ( 'NONE',  ( 0.0000000000000000000, 0.0000000000000000000, 1.000000000000000000 ) ) ;
#3261 = CARTESIAN_POINT ( 'NONE',  ( 159.6979756844743900, 36.44320803211373800, -10.88150673418893400 ) ) ;
#3262 = DIRECTION ( 'NONE',  ( 0.7071067811865486800, -0.7071067811865463500, 0.0000000000000000000 ) ) ;
#3263 = DIRECTION ( 'NONE',  ( -0.0000000000000000000, -0.9848077530122081300, -0.1736481776669304400 ) ) ;
#3264 = DIRECTION ( 'NONE',  ( 0.0000000000000000000, 0.9848077530122080200, 0.1736481776669304400 ) ) ;
#3265 = DIRECTION ( 'NONE',  ( 0.0000000000000000000, 0.1736481776669299700, -0.9848077530122081300 ) ) ;
#3266 = CARTESIAN_POINT ( 'NONE',  ( 9.904330988104222500E-015, -22.00000000000000000, 40.50000000000000000 ) ) ;
#3267 = PLANE ( 'NONE',  #8509 ) ;
#3268 = CARTESIAN_POINT ( 'NONE',  ( 17.00000000000000000, -21.25000000000000000, 53.00000000000000000 ) ) ;
#3269 =( LENGTH_UNIT ( ) NAMED_UNIT ( * ) SI_UNIT ( .MILLI., .METRE. ) );
#3270 = DIRECTION ( 'NONE',  ( -0.09584575252022790900, 0.1728487359030508000, -0.9802738934708752300 ) ) ;
#3271 = DIRECTION ( 'NONE',  ( 0.3110664778876672300, 0.1650331712988966600, -0.9359496240212881200 ) ) ;
#3272 = DIRECTION ( 'NONE',  ( 0.0000000000000000000, 0.0000000000000000000, -1.000000000000000000 ) ) ;
#3273 =( NAMED_UNIT ( * ) PLANE_ANGLE_UNIT ( ) SI_UNIT ( $, .RADIAN. ) );
#3274 = CARTESIAN_POINT ( 'NONE',  ( -17.00000000000000000, 21.72322330470338900, 21.72322330470331400 ) ) ;
#3275 = DIRECTION ( 'NONE',  ( -0.0000000000000000000, 1.000000000000000000, 0.0000000000000000000 ) ) ;
#3276 = LINE ( 'NONE', #3611, #8768 ) ;
#3277 =( NAMED_UNIT ( * ) SI_UNIT ( $, .STERADIAN. ) SOLID_ANGLE_UNIT ( ) );
#3278 = DIRECTION ( 'NONE',  ( -0.7071067811865475700, 0.0000000000000000000, 0.7071067811865475700 ) ) ;
#3279 = CARTESIAN_POINT ( 'NONE',  ( 188.3020243155255900, 30.52371917271649300, 22.68958281554022000 ) ) ;
#3280 = DIRECTION ( 'NONE',  ( 0.0000000000000000000, 0.0000000000000000000, -1.000000000000000000 ) ) ;
#3281 = PLANE ( 'NONE',  #9382 ) ;
#3282 = CARTESIAN_POINT ( 'NONE',  ( 0.0000000000000000000, 0.0000000000000000000, 0.0000000000000000000 ) ) ;
#3283 = CARTESIAN_POINT ( 'NONE',  ( 194.0755270074218700, 34.95535406127144300, 23.47099961504136800 ) ) ;
#3284 = DIRECTION ( 'NONE',  ( 0.0000000000000000000, 0.0000000000000000000, 1.000000000000000000 ) ) ;
#3285 = CARTESIAN_POINT ( 'NONE',  ( 174.0000000000000000, 27.08221320783572100, 4.775324885840583500 ) ) ;
#3286 = DIRECTION ( 'NONE',  ( 1.000000000000000000, 0.0000000000000000000, 0.0000000000000000000 ) ) ;
#3287 = DIRECTION ( 'NONE',  ( 0.0000000000000000000, -0.9848077530122080200, -0.1736481776669303600 ) ) ;
#3288 = SHAPE_REPRESENTATION_RELATIONSHIP ( 'NONE' , 'NONE' ,  #3208, #4824 ) ;
#3289 = CARTESIAN_POINT ( 'NONE',  ( 270.2500000000000000, -18.50000000000000000, -14.99999999999999800 ) ) ;
#3290 = DIRECTION ( 'NONE',  ( -0.0000000000000000000, -0.9848077530122081300, -0.1736481776669303000 ) ) ;
#3291 = DIRECTION ( 'NONE',  ( -0.0000000000000000000, 0.0000000000000000000, 1.000000000000000000 ) ) ;
#3292 =( LENGTH_UNIT ( ) NAMED_UNIT ( * ) SI_UNIT ( .MILLI., .METRE. ) );
#3293 = LINE ( 'NONE', #3944, #9299 ) ;
#3294 = PLANE ( 'NONE',  #9371 ) ;
#3295 = DIRECTION ( 'NONE',  ( 1.000000000000000000, 0.0000000000000000000, 0.0000000000000000000 ) ) ;
#3296 =( NAMED_UNIT ( * ) PLANE_ANGLE_UNIT ( ) SI_UNIT ( $, .RADIAN. ) );
#3297 = CARTESIAN_POINT ( 'NONE',  ( 17.00000000000000000, 29.00000000000000000, -28.30000000000000100 ) ) ;
#3298 = CARTESIAN_POINT ( 'NONE',  ( 179.7348640128498400, -6.587943670991256400, -46.14008683562441600 ) ) ;
#3299 = DIRECTION ( 'NONE',  ( 0.0000000000000000000, -0.9973304413659687100, -0.07302048154293495900 ) ) ;
#3300 =( NAMED_UNIT ( * ) SI_UNIT ( $, .STERADIAN. ) SOLID_ANGLE_UNIT ( ) );
#3301 = DIRECTION ( 'NONE',  ( 0.0000000000000000000, 0.1736481776669302500, -0.9848077530122080200 ) ) ;
#3302 = PLANE ( 'NONE',  #8721 ) ;
#3303 = CARTESIAN_POINT ( 'NONE',  ( 9.904330988104222500E-015, -21.24999999999998200, -40.50000000000000000 ) ) ;
#3304 = DIRECTION ( 'NONE',  ( 0.0000000000000000000, -1.000000000000000000, -1.404634393503488000E-016 ) ) ;
#3305 = SHAPE_REPRESENTATION_RELATIONSHIP ( 'NONE' , 'NONE' ,  #3207, #4818 ) ;
#3306 = DIRECTION ( 'NONE',  ( 0.0000000000000000000, -1.000000000000000000, 0.0000000000000000000 ) ) ;
#3307 = DIRECTION ( 'NONE',  ( -0.0000000000000000000, -0.9848077530122081300, -0.1736481776669303000 ) ) ;
#3308 = DIRECTION ( 'NONE',  ( 1.000000000000000000, -0.0000000000000000000, 0.0000000000000000000 ) ) ;
#3309 =( LENGTH_UNIT ( ) NAMED_UNIT ( * ) SI_UNIT ( .MILLI., .METRE. ) );
#3310 = DIRECTION ( 'NONE',  ( -0.4942704104080681300, 0.0000000000000000000, 0.8693082085170023000 ) ) ;
#3311 = CARTESIAN_POINT ( 'NONE',  ( 12.75000000000000000, 21.75000000000000000, -23.00000000000000000 ) ) ;
#3312 = CARTESIAN_POINT ( 'NONE',  ( 17.00000000000000000, -21.23025000142891000, 20.60525000142892100 ) ) ;
#3313 =( NAMED_UNIT ( * ) PLANE_ANGLE_UNIT ( ) SI_UNIT ( $, .RADIAN. ) );
#3314 = CARTESIAN_POINT ( 'NONE',  ( -17.00000000000000000, -21.25000000000000000, -20.62500000000000400 ) ) ;
#3315 = PLANE ( 'NONE',  #8499 ) ;
#3316 = CARTESIAN_POINT ( 'NONE',  ( -271.2499999999999400, 0.0000000000000000000, 0.0000000000000000000 ) ) ;
#3317 =( NAMED_UNIT ( * ) SI_UNIT ( $, .STERADIAN. ) SOLID_ANGLE_UNIT ( ) );
#3318 = DIRECTION ( 'NONE',  ( -0.8660254037844392600, 0.08682408883346508200, -0.4924038765061030700 ) ) ;
#3319 = DIRECTION ( 'NONE',  ( -0.7071067811865474600, 0.0000000000000000000, 0.7071067811865474600 ) ) ;
#3320 = DIRECTION ( 'NONE',  ( 0.0000000000000000000, 0.0000000000000000000, -1.000000000000000000 ) ) ;
#3321 = DIRECTION ( 'NONE',  ( 0.0000000000000000000, -1.000000000000000000, 0.0000000000000000000 ) ) ;
#3322 = SHAPE_REPRESENTATION_RELATIONSHIP ( 'NONE' , 'NONE' ,  #3205, #4821 ) ;
#3323 = DIRECTION ( 'NONE',  ( -0.0000000000000000000, -0.9848077530122080200, -0.1736481776669303600 ) ) ;
#3324 = DIRECTION ( 'NONE',  ( 0.0000000000000000000, -0.9848077530122080200, -0.1736481776669302500 ) ) ;
#3325 = DIRECTION ( 'NONE',  ( 0.0000000000000000000, 0.9848077530122080200, 0.1736481776669305000 ) ) ;
#3326 =( LENGTH_UNIT ( ) NAMED_UNIT ( * ) SI_UNIT ( .MILLI., .METRE. ) );
#3327 = DIRECTION ( 'NONE',  ( 0.0000000000000000000, 0.0000000000000000000, -1.000000000000000000 ) ) ;
#3328 = LINE ( 'NONE', #3333, #9261 ) ;
#3329 = CARTESIAN_POINT ( 'NONE',  ( 12.75000000000000000, -1.084202172485504400E-014, -1.666998409216799400E-016 ) ) ;
#3330 =( NAMED_UNIT ( * ) PLANE_ANGLE_UNIT ( ) SI_UNIT ( $, .RADIAN. ) );
#3331 = DIRECTION ( 'NONE',  ( 0.0000000000000000000, -0.1736481776669303000, 0.9848077530122080200 ) ) ;
#3332 = DIRECTION ( 'NONE',  ( 0.0000000000000000000, -0.9848077530122080200, -0.1736481776669302500 ) ) ;
#3333 = CARTESIAN_POINT ( 'NONE',  ( -17.00000000000000000, 21.72322330470330000, -21.72322330470339900 ) ) ;
#3334 =( NAMED_UNIT ( * ) SI_UNIT ( $, .STERADIAN. ) SOLID_ANGLE_UNIT ( ) );
#3335 = DIRECTION ( 'NONE',  ( 0.0000000000000000000, 0.1736481776669305000, -0.9848077530122080200 ) ) ;
#3336 = CARTESIAN_POINT ( 'NONE',  ( 179.7348640128498400, -6.587943670991256400, -46.14008683562441600 ) ) ;
#3337 = DIRECTION ( 'NONE',  ( -1.000000000000000000, 0.0000000000000000000, 0.0000000000000000000 ) ) ;
#3338 = DIRECTION ( 'NONE',  ( 0.0000000000000000000, -0.7071067811865489100, -0.7071067811865461300 ) ) ;
#3339 = SHAPE_REPRESENTATION_RELATIONSHIP ( 'NONE' , 'NONE' ,  #3204, #4832 ) ;
#3340 = PLANE ( 'NONE',  #8855 ) ;
#3341 = CARTESIAN_POINT ( 'NONE',  ( 0.0000000000000000000, 0.0000000000000000000, 0.0000000000000000000 ) ) ;
#3342 = LINE ( 'NONE', #3312, #9323 ) ;
#3343 = DIRECTION ( 'NONE',  ( 0.0000000000000000000, 0.0000000000000000000, 1.000000000000000000 ) ) ;
#3344 = CARTESIAN_POINT ( 'NONE',  ( -143.0000000000000300, -18.00000000000000000, 9.000000000000000000 ) ) ;
#3345 = DIRECTION ( 'NONE',  ( 1.000000000000000000, 0.0000000000000000000, 0.0000000000000000000 ) ) ;
#3346 = DIRECTION ( 'NONE',  ( 0.0000000000000000000, 0.1736481776669307200, -0.9848077530122078000 ) ) ;
#3347 = CARTESIAN_POINT ( 'NONE',  ( 0.0000000000000000000, 0.0000000000000000000, 0.0000000000000000000 ) ) ;
#3348 = DIRECTION ( 'NONE',  ( -0.0000000000000000000, -0.9848077530122081300, -0.1736481776669304400 ) ) ;
#3349 = DIRECTION ( 'NONE',  ( 0.0000000000000000000, 0.0000000000000000000, 1.000000000000000000 ) ) ;
#3350 = CARTESIAN_POINT ( 'NONE',  ( 12.75000000000000000, -12.74999999999999300, -1.641214795501964100E-015 ) ) ;
#3351 = DIRECTION ( 'NONE',  ( 1.000000000000000000, 0.0000000000000000000, 0.0000000000000000000 ) ) ;
#3352 = PLANE ( 'NONE',  #9268 ) ;
#3353 = CARTESIAN_POINT ( 'NONE',  ( 0.0000000000000000000, 0.0000000000000000000, 0.0000000000000000000 ) ) ;
#3354 = PLANE ( 'NONE',  #8830 ) ;
#3355 = DIRECTION ( 'NONE',  ( 0.0000000000000000000, 0.0000000000000000000, 1.000000000000000000 ) ) ;
#3356 = DIRECTION ( 'NONE',  ( -0.0000000000000000000, -0.0000000000000000000, 1.000000000000000000 ) ) ;
#3357 = DIRECTION ( 'NONE',  ( 1.000000000000000000, 0.0000000000000000000, 0.0000000000000000000 ) ) ;
#3358 = LINE ( 'NONE', #3411, #9430 ) ;
#3359 = CARTESIAN_POINT ( 'NONE',  ( 128.4999999999999400, 1.084202172485504600E-014, 1.666998409216791300E-016 ) ) ;
#3360 = DIRECTION ( 'NONE',  ( -0.09584575252022790900, 0.1728487359030508000, -0.9802738934708752300 ) ) ;
#3361 = DIRECTION ( 'NONE',  ( 0.0000000000000000000, 0.0000000000000000000, 1.000000000000000000 ) ) ;
#3362 = LINE ( 'NONE', #3370, #9257 ) ;
#3363 = DIRECTION ( 'NONE',  ( 1.000000000000000000, 0.0000000000000000000, 0.0000000000000000000 ) ) ;
#3364 = DIRECTION ( 'NONE',  ( 0.0000000000000000000, 0.0000000000000000000, 1.000000000000000000 ) ) ;
#3365 = CARTESIAN_POINT ( 'NONE',  ( -128.5000000000000000, 1.084202172485504300E-014, 1.666998409216797900E-016 ) ) ;
#3366 = DIRECTION ( 'NONE',  ( 0.0000000000000000000, -0.7071067811865462400, 0.7071067811865489100 ) ) ;
#3367 = DIRECTION ( 'NONE',  ( 0.0000000000000000000, 0.0000000000000000000, 1.000000000000000000 ) ) ;
#3368 = DIRECTION ( 'NONE',  ( 0.0000000000000000000, 0.0000000000000000000, 1.000000000000000000 ) ) ;
#3369 = DIRECTION ( 'NONE',  ( 1.000000000000000000, 0.0000000000000000000, 0.0000000000000000000 ) ) ;
#3370 = CARTESIAN_POINT ( 'NONE',  ( 17.00000000000000000, -11.75000000000001600, 53.00000000000000000 ) ) ;
#3371 = PLANE ( 'NONE',  #8652 ) ;
#3372 = DIRECTION ( 'NONE',  ( 1.000000000000000000, 0.0000000000000000000, 0.0000000000000000000 ) ) ;
#3373 =( LENGTH_UNIT ( ) NAMED_UNIT ( * ) SI_UNIT ( .MILLI., .METRE. ) );
#3374 = DIRECTION ( 'NONE',  ( 0.09584575252022790900, -0.1728487359030508000, 0.9802738934708752300 ) ) ;
#3375 = DIRECTION ( 'NONE',  ( 0.0000000000000000000, 0.0000000000000000000, 1.000000000000000000 ) ) ;
#3376 = CARTESIAN_POINT ( 'NONE',  ( -12.49999999999999800, -22.24999999999998600, -53.00000000000000000 ) ) ;
#3377 =( NAMED_UNIT ( * ) PLANE_ANGLE_UNIT ( ) SI_UNIT ( $, .RADIAN. ) );
#3378 = DIRECTION ( 'NONE',  ( 0.0000000000000000000, 0.0000000000000000000, 1.000000000000000000 ) ) ;
#3379 = DIRECTION ( 'NONE',  ( -1.000000000000000000, -0.0000000000000000000, 0.0000000000000000000 ) ) ;
#3380 = CARTESIAN_POINT ( 'NONE',  ( 17.00000000000000000, -21.49999999999998900, -53.00000000000000000 ) ) ;
#3381 =( NAMED_UNIT ( * ) SI_UNIT ( $, .STERADIAN. ) SOLID_ANGLE_UNIT ( ) );
#3382 = CARTESIAN_POINT ( 'NONE',  ( 277.7499999999999400, -18.50000000000000000, 18.49999999999999600 ) ) ;
#3383 = PLANE ( 'NONE',  #8649 ) ;
#3384 = DIRECTION ( 'NONE',  ( 0.0000000000000000000, -0.0000000000000000000, 1.000000000000000000 ) ) ;
#3385 = DIRECTION ( 'NONE',  ( 0.0000000000000000000, 0.0000000000000000000, 1.000000000000000000 ) ) ;
#3386 = CARTESIAN_POINT ( 'NONE',  ( 0.0000000000000000000, 0.0000000000000000000, 0.0000000000000000000 ) ) ;
#3387 = CARTESIAN_POINT ( 'NONE',  ( 12.49999999999999800, -12.74999999999998800, -53.00000000000000000 ) ) ;
#3388 = DIRECTION ( 'NONE',  ( 0.0000000000000000000, 0.0000000000000000000, 1.000000000000000000 ) ) ;
#3389 = CARTESIAN_POINT ( 'NONE',  ( 179.7348640128498400, -6.587943670991256400, -46.14008683562441600 ) ) ;
#3390 = DIRECTION ( 'NONE',  ( 1.000000000000000000, 0.0000000000000000000, 0.0000000000000000000 ) ) ;
#3391 = CARTESIAN_POINT ( 'NONE',  ( 174.0000000000000000, 27.08221320783572100, 4.775324885840583500 ) ) ;
#3392 = APPLICATION_PROTOCOL_DEFINITION ( 'international standard', 'config_control_design', 1994, #3213 ) ;
#3393 = CARTESIAN_POINT ( 'NONE',  ( -149.5000000000000300, -17.99999999999998200, -26.50000000000000000 ) ) ;
#3394 = DIRECTION ( 'NONE',  ( -1.000000000000000000, -0.0000000000000000000, 0.0000000000000000000 ) ) ;
#3395 = CARTESIAN_POINT ( 'NONE',  ( 190.4456268569853100, -25.90378990815718700, 63.40552075974591200 ) ) ;
#3396 = SHAPE_DEFINITION_REPRESENTATION ( #4858, #3206 ) ;
#3397 = DIRECTION ( 'NONE',  ( -0.9489617717545982800, 0.0000000000000000000, -0.3153911155190861100 ) ) ;
#3398 = LINE ( 'NONE', #3797, #9344 ) ;
#3399 = PLANE ( 'NONE',  #9405 ) ;
#3400 = APPLICATION_PROTOCOL_DEFINITION ( 'international standard', 'config_control_design', 1994, #3222 ) ;
#3401 = CARTESIAN_POINT ( 'NONE',  ( 179.7348640128498400, -6.587943670991256400, -46.14008683562441600 ) ) ;
#3402 = DIRECTION ( 'NONE',  ( -1.000000000000000000, 0.0000000000000000000, 0.0000000000000000000 ) ) ;
#3403 = SHAPE_DEFINITION_REPRESENTATION ( #4867, #3204 ) ;
#3404 = DIRECTION ( 'NONE',  ( 0.0000000000000000000, 0.0000000000000000000, -1.000000000000000000 ) ) ;
#3405 = PLANE ( 'NONE',  #9471 ) ;
#3406 = APPLICATION_PROTOCOL_DEFINITION ( 'international standard', 'config_control_design', 1994, #3220 ) ;
#3407 = DIRECTION ( 'NONE',  ( -0.5773502691896284000, 0.5773502691896245100, -0.5773502691896245100 ) ) ;
#3408 = CARTESIAN_POINT ( 'NONE',  ( -17.00000000000000000, -21.25000000000000000, 53.00000000000000000 ) ) ;
#3409 = DIRECTION ( 'NONE',  ( 0.0000000000000000000, 0.9848077530122079100, 0.1736481776669303000 ) ) ;
#3410 = DIRECTION ( 'NONE',  ( 0.0000000000000000000, -2.686023446673766400E-016, 1.000000000000000000 ) ) ;
#3411 = CARTESIAN_POINT ( 'NONE',  ( 17.00000000000000000, 1.405644269701489500, -19.19861099629492800 ) ) ;
#3412 = SHAPE_DEFINITION_REPRESENTATION ( #4868, #3205 ) ;
#3413 = DIRECTION ( 'NONE',  ( 0.0000000000000000000, 0.9848077530122080200, 0.1736481776669306100 ) ) ;
#3414 = PLANE ( 'NONE',  #9377 ) ;
#3415 = APPLICATION_PROTOCOL_DEFINITION ( 'international standard', 'config_control_design', 1994, #3218 ) ;
#3416 = PLANE ( 'NONE',  #9482 ) ;
#3417 = PLANE ( 'NONE',  #8590 ) ;
#3418 = CARTESIAN_POINT ( 'NONE',  ( -295.2500000000000000, 0.0000000000000000000, 0.0000000000000000000 ) ) ;
#3419 = DIRECTION ( 'NONE',  ( 1.000000000000000000, 0.0000000000000000000, 0.0000000000000000000 ) ) ;
#3420 = DIRECTION ( 'NONE',  ( 1.000000000000000000, -0.0000000000000000000, -0.0000000000000000000 ) ) ;
#3421 = SHAPE_DEFINITION_REPRESENTATION ( #4859, #3207 ) ;
#3422 = CARTESIAN_POINT ( 'NONE',  ( -108.0000000000000000, -30.00000000000000000, 12.25000000000000200 ) ) ;
#3423 = CARTESIAN_POINT ( 'NONE',  ( 12.75000000000000000, -12.49999999999998800, -52.75000000000000000 ) ) ;
#3424 = APPLICATION_PROTOCOL_DEFINITION ( 'international standard', 'config_control_design', 1994, #3216 ) ;
#3425 = PLANE ( 'NONE',  #8405 ) ;
#3426 = DIRECTION ( 'NONE',  ( 0.0000000000000000000, 0.0000000000000000000, -1.000000000000000000 ) ) ;
#3427 = DIRECTION ( 'NONE',  ( 0.0000000000000000000, 0.9848077530122080200, 0.1736481776669302800 ) ) ;
#3428 = CARTESIAN_POINT ( 'NONE',  ( -271.2499999999999400, 0.0000000000000000000, 0.0000000000000000000 ) ) ;
#3429 = LINE ( 'NONE', #3408, #9238 ) ;
#3430 = SHAPE_DEFINITION_REPRESENTATION ( #4866, #3208 ) ;
#3431 = DIRECTION ( 'NONE',  ( 0.0000000000000000000, -1.012977212249230700E-016, 1.000000000000000000 ) ) ;
#3432 = DIRECTION ( 'NONE',  ( 0.0000000000000000000, -1.000000000000000000, 0.0000000000000000000 ) ) ;
#3433 = ITEM_DEFINED_TRANSFORMATION ( 'NONE', 'NONE', #8359,  #8368 ) ;
#3434 = PLANE ( 'NONE',  #9241 ) ;
#3435 = CARTESIAN_POINT ( 'NONE',  ( 159.6979756844743900, 30.04195763753433800, -12.01021988902397600 ) ) ;
#3436 = CARTESIAN_POINT ( 'NONE',  ( 185.4376862878034200, -16.87244345722277900, 12.18620982589265500 ) ) ;
#3437 = DIRECTION ( 'NONE',  ( -0.7071067811865475700, 0.0000000000000000000, -0.7071067811865475700 ) ) ;
#3438 = MECHANICAL_CONTEXT ( 'NONE', #3213, 'mechanical' ) ;
#3439 = DIRECTION ( 'NONE',  ( -1.000000000000000000, 0.0000000000000000000, 0.0000000000000000000 ) ) ;
#3440 = PERSON_AND_ORGANIZATION ( #4829, #8719 ) ;
#3441 = CARTESIAN_POINT ( 'NONE',  ( -108.0000000000000000, 0.0000000000000000000, 12.25000000000000200 ) ) ;
#3442 = PERSON_AND_ORGANIZATION_ROLE ( 'design_owner' ) ;
#3443 = CARTESIAN_POINT ( 'NONE',  ( 190.4456268569853100, -25.90378990815718700, 63.40552075974591200 ) ) ;
#3444 = APPLICATION_PROTOCOL_DEFINITION ( 'international standard', 'config_control_design', 1994, #3212 ) ;
#3445 = CARTESIAN_POINT ( 'NONE',  ( -12.75000000000000000, 15.80671337560870300, 18.30251022438905700 ) ) ;
#3446 = PERSON_AND_ORGANIZATION ( #4829, #8719 ) ;
#3447 = PLANE ( 'NONE',  #8546 ) ;
#3448 = APPROVAL_STATUS ( 'not_yet_approved' ) ;
#3449 = CARTESIAN_POINT ( 'NONE',  ( -147.5000000000000300, -19.99999999999999600, -26.50000000000000000 ) ) ;
#3450 = APPROVAL_ROLE ( '' ) ;
#3451 = CARTESIAN_POINT ( 'NONE',  ( 12.75000000000000000, -12.49999999999999500, -23.00000000000000400 ) ) ;
#3452 = DATE_AND_TIME ( #8568, #208 ) ;
#3453 = DIRECTION ( 'NONE',  ( 0.0000000000000000000, 0.0000000000000000000, -1.000000000000000000 ) ) ;
#3454 = APPROVAL_DATE_TIME ( #3452, #281 ) ;
#3455 = DIRECTION ( 'NONE',  ( -1.000000000000000000, -0.0000000000000000000, 0.0000000000000000000 ) ) ;
#3456 = PERSON_AND_ORGANIZATION ( #4829, #8719 ) ;
#3457 = DIRECTION ( 'NONE',  ( -0.09584575252022790900, 0.1728487359030508000, -0.9802738934708752300 ) ) ;
#3458 = PERSON_AND_ORGANIZATION_ROLE ( 'creator' ) ;
#3459 = DIRECTION ( 'NONE',  ( 0.0000000000000000000, -1.000000000000000000, 0.0000000000000000000 ) ) ;
#3460 = DATE_AND_TIME ( #8448, #146 ) ;
#3461 = DIRECTION ( 'NONE',  ( -0.7071067811865543500, 0.4621790426399892700, 0.5351546809515671500 ) ) ;
#3462 = DATE_TIME_ROLE ( 'creation_date' ) ;
#3463 = PLANE ( 'NONE',  #8566 ) ;
#3464 = PERSON_AND_ORGANIZATION ( #4829, #8719 ) ;
#3465 = DIRECTION ( 'NONE',  ( 0.4942704104080689100, 0.0000000000000000000, -0.8693082085170017500 ) ) ;
#3466 = APPROVAL_STATUS ( 'not_yet_approved' ) ;
#3467 = DIRECTION ( 'NONE',  ( 0.0000000000000000000, 0.0000000000000000000, -1.000000000000000000 ) ) ;
#3468 = APPROVAL_ROLE ( '' ) ;
#3469 = CARTESIAN_POINT ( 'NONE',  ( 9.904330988104222500E-015, 21.75000000000000000, -40.50000000000000000 ) ) ;
#3470 = DATE_AND_TIME ( #8562, #79 ) ;
#3471 = DIRECTION ( 'NONE',  ( -0.0000000000000000000, 0.0000000000000000000, 1.000000000000000000 ) ) ;
#3472 = APPROVAL_DATE_TIME ( #3470, #241 ) ;
#3473 = DIRECTION ( 'NONE',  ( 0.0000000000000000000, 0.1736481776669300300, -0.9848077530122081300 ) ) ;
#3474 = PERSON_AND_ORGANIZATION ( #4829, #8719 ) ;
#3475 = DIRECTION ( 'NONE',  ( 0.6034762602532360900, 0.0000000000000000000, 0.7973809649789545000 ) ) ;
#3476 = PERSON_AND_ORGANIZATION_ROLE ( 'creator' ) ;
#3477 = DIRECTION ( 'NONE',  ( 0.09584575252022790900, -0.1728487359030508000, 0.9802738934708752300 ) ) ;
#3478 = PERSON_AND_ORGANIZATION ( #4829, #8719 ) ;
#3479 = PLANE ( 'NONE',  #8440 ) ;
#3480 = PERSON_AND_ORGANIZATION_ROLE ( 'design_supplier' ) ;
#3481 = LINE ( 'NONE', #3274, #9329 ) ;
#3482 = SECURITY_CLASSIFICATION_LEVEL ( 'unclassified' ) ;
#3483 = DIRECTION ( 'NONE',  ( 0.0000000000000000000, 0.9973304413659687100, -0.07302048154293465400 ) ) ;
#3484 = PERSON_AND_ORGANIZATION ( #4829, #8719 ) ;
#3485 = DIRECTION ( 'NONE',  ( -0.0000000000000000000, -0.0000000000000000000, -1.000000000000000000 ) ) ;
#3486 = PERSON_AND_ORGANIZATION_ROLE ( 'classification_officer' ) ;
#3487 = PLANE ( 'NONE',  #9458 ) ;
#3488 = DATE_AND_TIME ( #8598, #84 ) ;
#3489 = DIRECTION ( 'NONE',  ( 0.0000000000000000000, -0.9848077530122080200, -0.1736481776669305000 ) ) ;
#3490 = DATE_TIME_ROLE ( 'classification_date' ) ;
#3491 = DIRECTION ( 'NONE',  ( 0.0000000000000000000, 0.9848077530122080200, 0.1736481776669306100 ) ) ;
#3492 = PERSON_AND_ORGANIZATION ( #4829, #8719 ) ;
#3493 = LINE ( 'NONE', #3499, #9110 ) ;
#3494 = APPROVAL_STATUS ( 'not_yet_approved' ) ;
#3495 = CARTESIAN_POINT ( 'NONE',  ( 9.904330988104222500E-015, -22.00000000000000000, 40.50000000000000000 ) ) ;
#3496 = APPROVAL_ROLE ( '' ) ;
#3497 = DIRECTION ( 'NONE',  ( 0.0000000000000000000, -3.214931538489836000E-016, 1.000000000000000000 ) ) ;
#3498 = DATE_AND_TIME ( #8596, #40 ) ;
#3499 = CARTESIAN_POINT ( 'NONE',  ( -16.74999999999998600, 1.387389149315764200, 18.94927838595341300 ) ) ;
#3500 = APPROVAL_DATE_TIME ( #3498, #303 ) ;
#3501 = CARTESIAN_POINT ( 'NONE',  ( 188.6964418734911500, -22.74930047792650400, 45.51552220390241400 ) ) ;
#3502 = MECHANICAL_CONTEXT ( 'NONE', #3222, 'mechanical' ) ;
#3503 = DIRECTION ( 'NONE',  ( 0.0000000000000000000, -0.0000000000000000000, -1.000000000000000000 ) ) ;
#3504 = PERSON_AND_ORGANIZATION ( #4829, #8719 ) ;
#3505 = CARTESIAN_POINT ( 'NONE',  ( 12.75000000000000000, -8.537498566988043700E-015, -22.75000000000000400 ) ) ;
#3506 = PERSON_AND_ORGANIZATION_ROLE ( 'design_owner' ) ;
#3507 = DIRECTION ( 'NONE',  ( 0.0000000000000000000, 0.0000000000000000000, 1.000000000000000000 ) ) ;
#3508 = APPLICATION_PROTOCOL_DEFINITION ( 'international standard', 'config_control_design', 1994, #3221 ) ;
#3509 = DIRECTION ( 'NONE',  ( -0.7071067811865451300, 0.0000000000000000000, 0.7071067811865499000 ) ) ;
#3510 = PERSON_AND_ORGANIZATION ( #4829, #8719 ) ;
#3511 = CARTESIAN_POINT ( 'NONE',  ( -12.49999999999999800, -22.25000000000000000, 14.49999999999999800 ) ) ;
#3512 = APPROVAL_STATUS ( 'not_yet_approved' ) ;
#3513 = CARTESIAN_POINT ( 'NONE',  ( 12.75000000000000000, -22.00000000000000000, -6.075951423603963300E-015 ) ) ;
#3514 = APPROVAL_ROLE ( '' ) ;
#3515 = CARTESIAN_POINT ( 'NONE',  ( 12.75000000000000000, -1.084202172485504400E-014, -1.666998409216799400E-016 ) ) ;
#3516 = DATE_AND_TIME ( #8490, #36 ) ;
#3517 = DIRECTION ( 'NONE',  ( 0.0000000000000000000, 0.0000000000000000000, -1.000000000000000000 ) ) ;
#3518 = APPROVAL_DATE_TIME ( #3516, #30 ) ;
#3519 = CARTESIAN_POINT ( 'NONE',  ( -113.9999999999999900, -17.99999999999999600, 9.000000000000000000 ) ) ;
#3520 = PERSON_AND_ORGANIZATION ( #4829, #8719 ) ;
#3521 = CARTESIAN_POINT ( 'NONE',  ( -12.49999999999999800, -22.24999999999999600, -14.25000000000000500 ) ) ;
#3522 = PERSON_AND_ORGANIZATION_ROLE ( 'creator' ) ;
#3523 = DIRECTION ( 'NONE',  ( -0.4942704104080704600, 0.0000000000000000000, -0.8693082085170009700 ) ) ;
#3524 = DATE_AND_TIME ( #8428, #90 ) ;
#3525 = DIRECTION ( 'NONE',  ( 0.0000000000000000000, 1.000000000000000000, 0.0000000000000000000 ) ) ;
#3526 = DATE_TIME_ROLE ( 'creation_date' ) ;
#3527 = DIRECTION ( 'NONE',  ( 0.0000000000000000000, -8.566535683836084200E-017, 1.000000000000000000 ) ) ;
#3528 = PERSON_AND_ORGANIZATION ( #4829, #8719 ) ;
#3529 = DIRECTION ( 'NONE',  ( 0.0000000000000000000, -0.0000000000000000000, 1.000000000000000000 ) ) ;
#3530 = APPROVAL_STATUS ( 'not_yet_approved' ) ;
#3531 = CARTESIAN_POINT ( 'NONE',  ( -147.5000000000000300, -17.99999999999999600, -11.00000000000000000 ) ) ;
#3532 = APPROVAL_ROLE ( '' ) ;
#3533 = DIRECTION ( 'NONE',  ( 0.4942704104080679600, 0.0000000000000000000, 0.8693082085170023000 ) ) ;
#3534 = DATE_AND_TIME ( #8421, #234 ) ;
#3535 = CARTESIAN_POINT ( 'NONE',  ( -108.0000000000000000, -30.00000000000000000, 12.25000000000000200 ) ) ;
#3536 = APPROVAL_DATE_TIME ( #3534, #261 ) ;
#3537 = DIRECTION ( 'NONE',  ( -1.000000000000000000, -0.0000000000000000000, -0.0000000000000000000 ) ) ;
#3538 = PERSON_AND_ORGANIZATION ( #4829, #8719 ) ;
#3539 = DIRECTION ( 'NONE',  ( -1.000000000000000000, 0.0000000000000000000, 0.0000000000000000000 ) ) ;
#3540 = PERSON_AND_ORGANIZATION_ROLE ( 'creator' ) ;
#3541 = DIRECTION ( 'NONE',  ( 0.7071067811865474600, 0.0000000000000000000, 0.7071067811865474600 ) ) ;
#3542 = PERSON_AND_ORGANIZATION ( #4829, #8719 ) ;
#3543 = PLANE ( 'NONE',  #9337 ) ;
#3544 = PERSON_AND_ORGANIZATION_ROLE ( 'design_supplier' ) ;
#3545 = DIRECTION ( 'NONE',  ( 0.0000000000000000000, 0.0000000000000000000, 1.000000000000000000 ) ) ;
#3546 = SECURITY_CLASSIFICATION_LEVEL ( 'unclassified' ) ;
#3547 = DIRECTION ( 'NONE',  ( -0.0000000000000000000, -1.000000000000000000, -0.0000000000000000000 ) ) ;
#3548 = PERSON_AND_ORGANIZATION ( #4829, #8719 ) ;
#3549 = DIRECTION ( 'NONE',  ( 0.0000000000000000000, 1.000000000000000000, 0.0000000000000000000 ) ) ;
#3550 = PERSON_AND_ORGANIZATION_ROLE ( 'classification_officer' ) ;
#3551 = CARTESIAN_POINT ( 'NONE',  ( 12.75000000000000000, -12.49999999999999800, 53.00000000000000000 ) ) ;
#3552 = DATE_AND_TIME ( #8431, #100 ) ;
#3553 = CARTESIAN_POINT ( 'NONE',  ( -110.0000000000000000, -19.99999999999999600, 9.000000000000000000 ) ) ;
#3554 = DATE_TIME_ROLE ( 'classification_date' ) ;
#3555 = DIRECTION ( 'NONE',  ( 0.7071067811865492400, 0.0000000000000000000, 0.7071067811865458000 ) ) ;
#3556 = PERSON_AND_ORGANIZATION ( #4829, #8719 ) ;
#3557 = CARTESIAN_POINT ( 'NONE',  ( 9.904330988104222500E-015, -21.99999999999997200, -40.50000000000000000 ) ) ;
#3558 = APPROVAL_STATUS ( 'not_yet_approved' ) ;
#3559 = DIRECTION ( 'NONE',  ( -0.09584575252022790900, 0.1728487359030508000, -0.9802738934708752300 ) ) ;
#3560 = APPROVAL_ROLE ( '' ) ;
#3561 = DIRECTION ( 'NONE',  ( 1.000000000000000000, -0.0000000000000000000, -0.0000000000000000000 ) ) ;
#3562 = DATE_AND_TIME ( #8555, #256 ) ;
#3563 = DIRECTION ( 'NONE',  ( -1.000000000000000000, -0.0000000000000000000, -0.0000000000000000000 ) ) ;
#3564 = APPROVAL_DATE_TIME ( #3562, #174 ) ;
#3565 = DIRECTION ( 'NONE',  ( 0.0000000000000000000, -0.7071067811865475700, 0.7071067811865475700 ) ) ;
#3566 = MECHANICAL_CONTEXT ( 'NONE', #3220, 'mechanical' ) ;
#3567 = CARTESIAN_POINT ( 'NONE',  ( -12.49999999999999800, -12.49999999999998800, -52.75000000000000000 ) ) ;
#3568 = PERSON_AND_ORGANIZATION ( #4829, #8719 ) ;
#3569 = DIRECTION ( 'NONE',  ( -0.7071067811865458000, -7.162830559688773500E-017, 0.7071067811865492400 ) ) ;
#3570 = PERSON_AND_ORGANIZATION_ROLE ( 'design_owner' ) ;
#3571 = DIRECTION ( 'NONE',  ( -0.09584575252022790900, 0.1728487359030508000, -0.9802738934708752300 ) ) ;
#3572 = APPLICATION_PROTOCOL_DEFINITION ( 'international standard', 'config_control_design', 1994, #3219 ) ;
#3573 = PLANE ( 'NONE',  #9143 ) ;
#3574 = PERSON_AND_ORGANIZATION ( #4829, #8719 ) ;
#3575 = PLANE ( 'NONE',  #8529 ) ;
#3576 = APPROVAL_STATUS ( 'not_yet_approved' ) ;
#3577 = DIRECTION ( 'NONE',  ( -0.09584575252022790900, 0.1728487359030508000, -0.9802738934708752300 ) ) ;
#3578 = APPROVAL_ROLE ( '' ) ;
#3579 = DIRECTION ( 'NONE',  ( 0.0000000000000000000, 0.1736481776669302500, -0.9848077530122079100 ) ) ;
#3580 = DATE_AND_TIME ( #8466, #309 ) ;
#3581 = PLANE ( 'NONE',  #9069 ) ;
#3582 = APPROVAL_DATE_TIME ( #3580, #63 ) ;
#3583 = DIRECTION ( 'NONE',  ( -0.0000000000000000000, -1.000000000000000000, -0.0000000000000000000 ) ) ;
#3584 = PERSON_AND_ORGANIZATION ( #4829, #8719 ) ;
#3585 = DIRECTION ( 'NONE',  ( 8.939025643521514200E-018, 0.9848077530122080200, 0.1736481776669302800 ) ) ;
#3586 = PERSON_AND_ORGANIZATION_ROLE ( 'creator' ) ;
#3587 = DIRECTION ( 'NONE',  ( -5.917964257199068000E-016, -0.1736481776669305000, 0.9848077530122080200 ) ) ;
#3588 = DATE_AND_TIME ( #9689, #29 ) ;
#3589 = DIRECTION ( 'NONE',  ( 0.0000000000000000000, 0.9973304413659687100, 0.07302048154293495900 ) ) ;
#3590 = DATE_TIME_ROLE ( 'creation_date' ) ;
#3591 = DIRECTION ( 'NONE',  ( 0.0000000000000000000, 2.338953001317043400E-016, -1.000000000000000000 ) ) ;
#3592 = PERSON_AND_ORGANIZATION ( #4829, #8719 ) ;
#3593 = DIRECTION ( 'NONE',  ( 0.0000000000000000000, 0.0000000000000000000, -1.000000000000000000 ) ) ;
#3594 = APPROVAL_STATUS ( 'not_yet_approved' ) ;
#3595 = CARTESIAN_POINT ( 'NONE',  ( 9.904330988104222500E-015, -11.50000000000000000, 40.50000000000000000 ) ) ;
#3596 = APPROVAL_ROLE ( '' ) ;
#3597 = CARTESIAN_POINT ( 'NONE',  ( 12.75000000000000000, -12.75000000000000000, 53.00000000000000000 ) ) ;
#3598 = DATE_AND_TIME ( #9642, #191 ) ;
#3599 = DIRECTION ( 'NONE',  ( -0.0000000000000000000, -0.0000000000000000000, 1.000000000000000000 ) ) ;
#3600 = APPROVAL_DATE_TIME ( #3598, #246 ) ;
#3601 = CARTESIAN_POINT ( 'NONE',  ( -147.5000000000000300, -18.00000000000000000, -26.50000000000000000 ) ) ;
#3602 = PERSON_AND_ORGANIZATION ( #4829, #8719 ) ;
#3603 = DIRECTION ( 'NONE',  ( -0.09584575252022790900, 0.1728487359030508000, -0.9802738934708752300 ) ) ;
#3604 = PERSON_AND_ORGANIZATION_ROLE ( 'creator' ) ;
#3605 = CARTESIAN_POINT ( 'NONE',  ( 181.5233701033256800, -9.813344993062447200, -27.84792695679114200 ) ) ;
#3606 = PERSON_AND_ORGANIZATION ( #4829, #8719 ) ;
#3607 = CARTESIAN_POINT ( 'NONE',  ( 188.3020243155255900, 24.12246877813710100, 21.56086966070515500 ) ) ;
#3608 = PERSON_AND_ORGANIZATION_ROLE ( 'design_supplier' ) ;
#3609 = CARTESIAN_POINT ( 'NONE',  ( 17.00000000000000000, -21.50000000000000000, -20.62500000000000400 ) ) ;
#3610 = SECURITY_CLASSIFICATION_LEVEL ( 'unclassified' ) ;
#3611 = CARTESIAN_POINT ( 'NONE',  ( -16.74999999999998600, -21.50000000000000000, 53.00000000000000000 ) ) ;
#3612 = PERSON_AND_ORGANIZATION ( #4829, #8719 ) ;
#3613 = DIRECTION ( 'NONE',  ( 0.0000000000000000000, 0.07302048154293495900, -0.9973304413659687100 ) ) ;
#3614 = PERSON_AND_ORGANIZATION_ROLE ( 'classification_officer' ) ;
#3615 = CARTESIAN_POINT ( 'NONE',  ( 17.00000000000000000, -11.49999999999998900, -53.00000000000000000 ) ) ;
#3616 = DATE_AND_TIME ( #9780, #5 ) ;
#3617 = DIRECTION ( 'NONE',  ( 0.0000000000000000000, 0.0000000000000000000, 1.000000000000000000 ) ) ;
#3618 = DATE_TIME_ROLE ( 'classification_date' ) ;
#3619 = CARTESIAN_POINT ( 'NONE',  ( -149.5000000000000300, -17.99999999999998200, -26.50000000000000000 ) ) ;
#3620 = PERSON_AND_ORGANIZATION ( #4829, #8719 ) ;
#3621 = DIRECTION ( 'NONE',  ( 0.0000000000000000000, 0.0000000000000000000, -1.000000000000000000 ) ) ;
#3622 = APPROVAL_STATUS ( 'not_yet_approved' ) ;
#3623 = PLANE ( 'NONE',  #8614 ) ;
#3624 = APPROVAL_ROLE ( '' ) ;
#3625 = CARTESIAN_POINT ( 'NONE',  ( 17.00000000000000000, -1.084202172485504400E-014, -1.666998409216799400E-016 ) ) ;
#3626 = DATE_AND_TIME ( #9421, #45 ) ;
#3627 = DIRECTION ( 'NONE',  ( 0.0000000000000000000, -1.000000000000000000, -1.012977212249230700E-016 ) ) ;
#3628 = APPROVAL_DATE_TIME ( #3626, #77 ) ;
#3629 = CARTESIAN_POINT ( 'NONE',  ( 221.9999999999999700, 0.0000000000000000000, 0.0000000000000000000 ) ) ;
#3630 = MECHANICAL_CONTEXT ( 'NONE', #3218, 'mechanical' ) ;
#3631 = DIRECTION ( 'NONE',  ( 1.000000000000000000, 0.0000000000000000000, 0.0000000000000000000 ) ) ;
#3632 = PERSON_AND_ORGANIZATION ( #4829, #8719 ) ;
#3633 = DIRECTION ( 'NONE',  ( -0.5773502691896258400, -0.5773502691896258400, -0.5773502691896258400 ) ) ;
#3634 = PERSON_AND_ORGANIZATION_ROLE ( 'design_owner' ) ;
#3635 = PLANE ( 'NONE',  #9485 ) ;
#3636 = APPLICATION_PROTOCOL_DEFINITION ( 'international standard', 'config_control_design', 1994, #3217 ) ;
#3637 = DIRECTION ( 'NONE',  ( -0.7071067811865463500, -0.7071067811865486800, -8.177564888978012700E-017 ) ) ;
#3638 = PERSON_AND_ORGANIZATION ( #4829, #8719 ) ;
#3639 = DIRECTION ( 'NONE',  ( 0.0000000000000000000, 0.0000000000000000000, -1.000000000000000000 ) ) ;
#3640 = APPROVAL_STATUS ( 'not_yet_approved' ) ;
#3641 = DIRECTION ( 'NONE',  ( 0.0000000000000000000, 0.0000000000000000000, -1.000000000000000000 ) ) ;
#3642 = APPROVAL_ROLE ( '' ) ;
#3643 = LINE ( 'NONE', #3737, #9305 ) ;
#3644 = DATE_AND_TIME ( #9805, #175 ) ;
#3645 = DIRECTION ( 'NONE',  ( 1.000000000000000000, 0.0000000000000000000, 0.0000000000000000000 ) ) ;
#3646 = APPROVAL_DATE_TIME ( #3644, #172 ) ;
#3647 = DIRECTION ( 'NONE',  ( -0.8660254037844404800, 0.08682408883346469400, -0.4924038765061010100 ) ) ;
#3648 = DIRECTION ( 'NONE',  ( -0.09584575252022790900, 0.1728487359030508000, -0.9802738934708752300 ) ) ;
#3649 = PERSON_AND_ORGANIZATION ( #4829, #8719 ) ;
#3650 = CARTESIAN_POINT ( 'NONE',  ( 17.00000000000000000, -1.999999999999994900, -37.79999999999999700 ) ) ;
#3651 = PERSON_AND_ORGANIZATION_ROLE ( 'creator' ) ;
#3652 = DIRECTION ( 'NONE',  ( -0.09584575252022790900, 0.1728487359030508000, -0.9802738934708752300 ) ) ;
#3653 = DATE_AND_TIME ( #9830, #255 ) ;
#3654 = PLANE ( 'NONE',  #9059 ) ;
#3655 = DATE_TIME_ROLE ( 'creation_date' ) ;
#3656 = CARTESIAN_POINT ( 'NONE',  ( 12.75000000000000000, -22.24999999999999600, -14.25000000000000500 ) ) ;
#3657 = PERSON_AND_ORGANIZATION ( #4829, #8719 ) ;
#3658 = DIRECTION ( 'NONE',  ( -0.8660254037844392600, -0.08682408883346504100, 0.4924038765061029000 ) ) ;
#3659 = APPROVAL_STATUS ( 'not_yet_approved' ) ;
#3660 = CARTESIAN_POINT ( 'NONE',  ( 221.9999999999999700, 0.0000000000000000000, 0.0000000000000000000 ) ) ;
#3661 = APPROVAL_ROLE ( '' ) ;
#3662 = DIRECTION ( 'NONE',  ( 0.0000000000000000000, 0.9848077530122081300, 0.1736481776669303300 ) ) ;
#3663 = DATE_AND_TIME ( #9824, #322 ) ;
#3664 = CARTESIAN_POINT ( 'NONE',  ( -109.5000000000000000, -18.00000000000000000, -26.50000000000000000 ) ) ;
#3665 = APPROVAL_DATE_TIME ( #3663, #86 ) ;
#3666 = CARTESIAN_POINT ( 'NONE',  ( 191.1887756614737800, 35.82359494960609000, 18.54696084998036900 ) ) ;
#3667 = PERSON_AND_ORGANIZATION ( #4829, #8719 ) ;
#3668 = CARTESIAN_POINT ( 'NONE',  ( 12.49999999999999800, -22.00000000000000000, 53.00000000000000000 ) ) ;
#3669 = PERSON_AND_ORGANIZATION_ROLE ( 'creator' ) ;
#3670 = CARTESIAN_POINT ( 'NONE',  ( -12.49999999999999800, -12.49999999999998800, -53.00000000000000000 ) ) ;
#3671 = PERSON_AND_ORGANIZATION ( #4829, #8719 ) ;
#3672 = CARTESIAN_POINT ( 'NONE',  ( 185.4152729695775000, 34.08711317293678200, 28.39503838010245900 ) ) ;
#3673 = PERSON_AND_ORGANIZATION_ROLE ( 'design_supplier' ) ;
#3674 = DIRECTION ( 'NONE',  ( 0.0000000000000000000, -1.000000000000000000, 0.0000000000000000000 ) ) ;
#3675 = SECURITY_CLASSIFICATION_LEVEL ( 'unclassified' ) ;
#3676 = DIRECTION ( 'NONE',  ( -1.000000000000000000, -0.0000000000000000000, -0.0000000000000000000 ) ) ;
#3677 = PERSON_AND_ORGANIZATION ( #4829, #8719 ) ;
#3678 = DIRECTION ( 'NONE',  ( 1.000000000000000000, -0.0000000000000000000, -0.0000000000000000000 ) ) ;
#3679 = PERSON_AND_ORGANIZATION_ROLE ( 'classification_officer' ) ;
#3680 = CARTESIAN_POINT ( 'NONE',  ( -270.2500000000000000, -18.50000000000000000, -14.99999999999999800 ) ) ;
#3681 = DATE_AND_TIME ( #9761, #173 ) ;
#3682 = CARTESIAN_POINT ( 'NONE',  ( -17.00000000000000000, -21.49999999999998900, -52.75000000000000000 ) ) ;
#3683 = DATE_TIME_ROLE ( 'classification_date' ) ;
#3684 = DIRECTION ( 'NONE',  ( 0.0000000000000000000, 0.0000000000000000000, 1.000000000000000000 ) ) ;
#3685 = PERSON_AND_ORGANIZATION ( #4829, #8719 ) ;
#3686 = DIRECTION ( 'NONE',  ( 0.09584575252022790900, -0.1728487359030508000, 0.9802738934708752300 ) ) ;
#3687 = APPROVAL_STATUS ( 'not_yet_approved' ) ;
#3688 = LINE ( 'NONE', #3314, #8747 ) ;
#3689 = APPROVAL_ROLE ( '' ) ;
#3690 = CARTESIAN_POINT ( 'NONE',  ( 211.3786440595094100, -20.62553141266748100, 33.47102931503241100 ) ) ;
#3691 = DATE_AND_TIME ( #9454, #6 ) ;
#3692 = CARTESIAN_POINT ( 'NONE',  ( 9.904330988104222500E-015, 29.00000000000000000, 40.50000000000000000 ) ) ;
#3693 = APPROVAL_DATE_TIME ( #3691, #39 ) ;
#3694 = PLANE ( 'NONE',  #9441 ) ;
#3695 = MECHANICAL_CONTEXT ( 'NONE', #3216, 'mechanical' ) ;
#3696 = CARTESIAN_POINT ( 'NONE',  ( 12.75000000000000000, -22.25000000000000000, 53.00000000000000000 ) ) ;
#3697 = PERSON_AND_ORGANIZATION ( #4829, #8719 ) ;
#3698 = DIRECTION ( 'NONE',  ( 0.0000000000000000000, 0.0000000000000000000, 1.000000000000000000 ) ) ;
#3699 = PERSON_AND_ORGANIZATION_ROLE ( 'design_owner' ) ;
#3700 = DIRECTION ( 'NONE',  ( 0.0000000000000000000, 0.0000000000000000000, -1.000000000000000000 ) ) ;
#3701 = APPLICATION_PROTOCOL_DEFINITION ( 'international standard', 'config_control_design', 1994, #3215 ) ;
#3702 = DIRECTION ( 'NONE',  ( 1.000000000000000000, 0.0000000000000000000, -0.0000000000000000000 ) ) ;
#3703 = PERSON_AND_ORGANIZATION ( #4829, #8719 ) ;
#3704 = DIRECTION ( 'NONE',  ( -0.7071067811865481300, -0.7071067811865470200, -1.899305393569081800E-016 ) ) ;
#3705 = APPROVAL_STATUS ( 'not_yet_approved' ) ;
#3706 = CARTESIAN_POINT ( 'NONE',  ( 179.7348640128498400, -6.587943670991256400, -46.14008683562441600 ) ) ;
#3707 = APPROVAL_ROLE ( '' ) ;
#3708 = DIRECTION ( 'NONE',  ( 0.0000000000000000000, -0.0000000000000000000, 1.000000000000000000 ) ) ;
#3709 = DIRECTION ( 'NONE',  ( 0.7071067811865470200, -0.7071067811865481300, 0.0000000000000000000 ) ) ;
#3710 = DATE_AND_TIME ( #9686, #318 ) ;
#3711 = CARTESIAN_POINT ( 'NONE',  ( 181.5233701033256800, -9.813344993062447200, -27.84792695679114200 ) ) ;
#3712 = APPROVAL_DATE_TIME ( #3710, #235 ) ;
#3713 = DIRECTION ( 'NONE',  ( 0.0000000000000000000, 0.9848077530122080200, 0.1736481776669304400 ) ) ;
#3714 = PERSON_AND_ORGANIZATION ( #4829, #8719 ) ;
#3715 = DIRECTION ( 'NONE',  ( -0.7071067811865470200, -0.7071067811865481300, 0.0000000000000000000 ) ) ;
#3716 = PERSON_AND_ORGANIZATION_ROLE ( 'creator' ) ;
#3717 = PLANE ( 'NONE',  #8880 ) ;
#3718 = DATE_AND_TIME ( #9665, #68 ) ;
#3719 = CARTESIAN_POINT ( 'NONE',  ( 191.1887756614737300, 34.08711317293678200, 28.39503838010245900 ) ) ;
#3720 = DATE_TIME_ROLE ( 'creation_date' ) ;
#3721 = DIRECTION ( 'NONE',  ( 0.0000000000000000000, -0.1736481776669301400, 0.9848077530122081300 ) ) ;
#3722 = PERSON_AND_ORGANIZATION ( #4829, #8719 ) ;
#3723 = DIRECTION ( 'NONE',  ( 0.0000000000000000000, 0.0000000000000000000, -1.000000000000000000 ) ) ;
#3724 = APPROVAL_STATUS ( 'not_yet_approved' ) ;
#3725 = DIRECTION ( 'NONE',  ( 1.000000000000000000, 0.0000000000000000000, 0.0000000000000000000 ) ) ;
#3726 = APPROVAL_ROLE ( '' ) ;
#3727 = PLANE ( 'NONE',  #8449 ) ;
#3728 = DATE_AND_TIME ( #9674, #226 ) ;
#3729 = CARTESIAN_POINT ( 'NONE',  ( 9.904330988104222500E-015, 21.75000000000000000, 40.50000000000000000 ) ) ;
#3730 = APPROVAL_DATE_TIME ( #3728, #15 ) ;
#3731 = DIRECTION ( 'NONE',  ( -0.0000000000000000000, -0.0000000000000000000, 1.000000000000000000 ) ) ;
#3732 = PERSON_AND_ORGANIZATION ( #4829, #8719 ) ;
#3733 = DIRECTION ( 'NONE',  ( 1.000000000000000000, 0.0000000000000000000, 0.0000000000000000000 ) ) ;
#3734 = PERSON_AND_ORGANIZATION_ROLE ( 'creator' ) ;
#3735 = DIRECTION ( 'NONE',  ( -0.7071067811865475700, 0.0000000000000000000, -0.7071067811865475700 ) ) ;
#3736 = PERSON_AND_ORGANIZATION ( #4829, #8719 ) ;
#3737 = CARTESIAN_POINT ( 'NONE',  ( 17.00000000000000000, -21.50000000000000000, 20.87499999999999600 ) ) ;
#3738 = PERSON_AND_ORGANIZATION_ROLE ( 'design_supplier' ) ;
#3739 = CARTESIAN_POINT ( 'NONE',  ( 182.2747764546358800, -11.16843517242209800, -20.16282865864624100 ) ) ;
#3740 = SECURITY_CLASSIFICATION_LEVEL ( 'unclassified' ) ;
#3741 = DIRECTION ( 'NONE',  ( 0.0000000000000000000, -0.1736481776669305000, 0.9848077530122080200 ) ) ;
#3742 = PERSON_AND_ORGANIZATION ( #4829, #8719 ) ;
#3743 = DIRECTION ( 'NONE',  ( 0.0000000000000000000, 0.7071067811865489100, 0.7071067811865461300 ) ) ;
#3744 = PERSON_AND_ORGANIZATION_ROLE ( 'classification_officer' ) ;
#3745 = DIRECTION ( 'NONE',  ( 0.0000000000000000000, 0.0000000000000000000, 1.000000000000000000 ) ) ;
#3746 = DATE_AND_TIME ( #9736, #227 ) ;
#3747 = CARTESIAN_POINT ( 'NONE',  ( 12.75000000000000000, -12.49999999999998800, -53.00000000000000000 ) ) ;
#3748 = DATE_TIME_ROLE ( 'classification_date' ) ;
#3749 = PLANE ( 'NONE',  #8469 ) ;
#3750 = PERSON_AND_ORGANIZATION ( #4829, #8719 ) ;
#3751 = CARTESIAN_POINT ( 'NONE',  ( 12.75000000000000000, -3.499999999999996900, 32.00000000000000000 ) ) ;
#3752 = APPROVAL_STATUS ( 'not_yet_approved' ) ;
#3753 = PLANE ( 'NONE',  #8564 ) ;
#3754 = APPROVAL_ROLE ( '' ) ;
#3755 = PLANE ( 'NONE',  #8518 ) ;
#3756 = DATE_AND_TIME ( #8913, #264 ) ;
#3757 = DIRECTION ( 'NONE',  ( 0.0000000000000000000, -0.9848077530122080200, -0.1736481776669305000 ) ) ;
#3758 = APPROVAL_DATE_TIME ( #3756, #71 ) ;
#3759 = DIRECTION ( 'NONE',  ( -1.000000000000000000, 0.0000000000000000000, -0.0000000000000000000 ) ) ;
#3760 = DIRECTION ( 'NONE',  ( 0.0000000000000000000, 0.0000000000000000000, 1.000000000000000000 ) ) ;
#3761 = DIRECTION ( 'NONE',  ( 0.0000000000000000000, 0.9848077530122079100, 0.1736481776669305000 ) ) ;
#3762 = SECURITY_CLASSIFICATION_LEVEL ( 'unclassified' ) ;
#3763 = DIRECTION ( 'NONE',  ( 0.09584575252022790900, -0.1728487359030508000, 0.9802738934708752300 ) ) ;
#3764 = DIRECTION ( 'NONE',  ( -0.0000000000000000000, -1.000000000000000000, -0.0000000000000000000 ) ) ;
#3765 = APPROVAL_STATUS ( 'not_yet_approved' ) ;
#3766 = CARTESIAN_POINT ( 'NONE',  ( 182.5285216236293300, 34.95535406127144300, 23.47099961504140000 ) ) ;
#3767 = DATE_AND_TIME ( #9204, #265 ) ;
#3768 = DIRECTION ( 'NONE',  ( 0.0000000000000000000, 0.0000000000000000000, -1.000000000000000000 ) ) ;
#3769 = DATE_AND_TIME ( #8940, #73 ) ;
#3770 = CARTESIAN_POINT ( 'NONE',  ( -147.5000000000000300, -18.00000000000000000, -26.50000000000000000 ) ) ;
#3771 = APPROVAL_DATE_TIME ( #3769, #70 ) ;
#3772 = DIRECTION ( 'NONE',  ( 0.0000000000000000000, 0.7071067811865475700, 0.7071067811865475700 ) ) ;
#3773 = APPROVAL_ROLE ( '' ) ;
#3774 = DIRECTION ( 'NONE',  ( 0.0000000000000000000, 0.0000000000000000000, -1.000000000000000000 ) ) ;
#3775 = PERSON_AND_ORGANIZATION ( #4820, #8937 ) ;
#3776 = DIRECTION ( 'NONE',  ( 0.0000000000000000000, 0.0000000000000000000, -1.000000000000000000 ) ) ;
#3777 = DATE_TIME_ROLE ( 'classification_date' ) ;
#3778 = CARTESIAN_POINT ( 'NONE',  ( 156.8112243385262700, 40.00660203233403700, -5.176051169626738600 ) ) ;
#3779 = PERSON_AND_ORGANIZATION_ROLE ( 'classification_officer' ) ;
#3780 = DIRECTION ( 'NONE',  ( 0.0000000000000000000, 0.9848077530122080200, 0.1736481776669302800 ) ) ;
#3781 = CONTEXT_DEPENDENT_SHAPE_REPRESENTATION ( #3214, #4848 ) ;
#3782 = DIRECTION ( 'NONE',  ( 1.000000000000000000, 0.0000000000000000000, 0.0000000000000000000 ) ) ;
#3783 = ITEM_DEFINED_TRANSFORMATION ( 'NONE', 'NONE', #8358,  #8368 ) ;
#3784 = DIRECTION ( 'NONE',  ( 0.0000000000000000000, -0.7071067811865475700, -0.7071067811865475700 ) ) ;
#3785 = PLANE ( 'NONE',  #9223 ) ;
#3786 = CARTESIAN_POINT ( 'NONE',  ( 12.75000000000000000, -22.00000000000000000, 14.24999999999999800 ) ) ;
#3787 = SECURITY_CLASSIFICATION_LEVEL ( 'unclassified' ) ;
#3788 = DIRECTION ( 'NONE',  ( 0.5773502691896258400, -0.5773502691896258400, -0.5773502691896258400 ) ) ;
#3789 = DIRECTION ( 'NONE',  ( -0.0000000000000000000, 1.000000000000000000, 3.214931538489836000E-016 ) ) ;
#3790 = APPROVAL_STATUS ( 'not_yet_approved' ) ;
#3791 = CARTESIAN_POINT ( 'NONE',  ( 162.5847270304225000, 41.74308380900333000, -15.02412869974877000 ) ) ;
#3792 = DATE_AND_TIME ( #9164, #258 ) ;
#3793 = DIRECTION ( 'NONE',  ( 0.0000000000000000000, 1.000000000000000000, 0.0000000000000000000 ) ) ;
#3794 = DATE_AND_TIME ( #9121, #178 ) ;
#3795 = DIRECTION ( 'NONE',  ( 1.000000000000000000, 0.0000000000000000000, 0.0000000000000000000 ) ) ;
#3796 = APPROVAL_DATE_TIME ( #3794, #267 ) ;
#3797 = CARTESIAN_POINT ( 'NONE',  ( 17.00000000000000000, 28.82322330470335800, -14.62322330470336600 ) ) ;
#3798 = APPROVAL_ROLE ( '' ) ;
#3799 = DIRECTION ( 'NONE',  ( -0.09584575252022790900, 0.1728487359030508000, -0.9802738934708752300 ) ) ;
#3800 = PERSON_AND_ORGANIZATION ( #4857, #9146 ) ;
#3801 = PLANE ( 'NONE',  #8618 ) ;
#3802 = DATE_TIME_ROLE ( 'classification_date' ) ;
#3803 = DIRECTION ( 'NONE',  ( -1.000000000000000000, 0.0000000000000000000, 0.0000000000000000000 ) ) ;
#3804 = PERSON_AND_ORGANIZATION_ROLE ( 'classification_officer' ) ;
#3805 = DIRECTION ( 'NONE',  ( -0.0000000000000000000, 0.0000000000000000000, -1.000000000000000000 ) ) ;
#3806 = CONTEXT_DEPENDENT_SHAPE_REPRESENTATION ( #3211, #4864 ) ;
#3807 = DIRECTION ( 'NONE',  ( 0.0000000000000000000, 0.1736481776669305000, -0.9848077530122080200 ) ) ;
#3808 = ITEM_DEFINED_TRANSFORMATION ( 'NONE', 'NONE', #8357,  #8368 ) ;
#3809 = PLANE ( 'NONE',  #9438 ) ;
#3810 = DIRECTION ( 'NONE',  ( 0.0000000000000000000, -0.7071067811865474600, -0.7071067811865474600 ) ) ;
#3811 = CARTESIAN_POINT ( 'NONE',  ( -17.00000000000000000, -1.999999999999994900, -37.79999999999999700 ) ) ;
#3812 = SECURITY_CLASSIFICATION_LEVEL ( 'unclassified' ) ;
#3813 = PLANE ( 'NONE',  #8584 ) ;
#3814 = DIRECTION ( 'NONE',  ( 0.0000000000000000000, 0.9848077530122080200, 0.1736481776669305000 ) ) ;
#3815 = APPROVAL_STATUS ( 'not_yet_approved' ) ;
#3816 = DIRECTION ( 'NONE',  ( -0.09584575252022790900, 0.1728487359030508000, -0.9802738934708752300 ) ) ;
#3817 = DATE_AND_TIME ( #9099, #250 ) ;
#3818 = DIRECTION ( 'NONE',  ( 0.8660254037844379300, 0.08682408883346547100, -0.4924038765061054000 ) ) ;
#3819 = DATE_AND_TIME ( #9456, #263 ) ;
#3820 = DIRECTION ( 'NONE',  ( 0.0000000000000000000, 0.0000000000000000000, 1.000000000000000000 ) ) ;
#3821 = APPROVAL_DATE_TIME ( #3819, #74 ) ;
#3822 = DIRECTION ( 'NONE',  ( 0.0000000000000000000, 3.511585983758719900E-016, -1.000000000000000000 ) ) ;
#3823 = APPROVAL_ROLE ( '' ) ;
#3824 = DIRECTION ( 'NONE',  ( -1.000000000000000000, -0.0000000000000000000, 0.0000000000000000000 ) ) ;
#3825 = PERSON_AND_ORGANIZATION ( #4842, #9134 ) ;
#3826 = PLANE ( 'NONE',  #9332 ) ;
#3827 = DATE_TIME_ROLE ( 'classification_date' ) ;
#3828 = PLANE ( 'NONE',  #9462 ) ;
#3829 = PERSON_AND_ORGANIZATION_ROLE ( 'classification_officer' ) ;
#3830 = PLANE ( 'NONE',  #8533 ) ;
#3831 = CONTEXT_DEPENDENT_SHAPE_REPRESENTATION ( #3210, #4861 ) ;
#3832 = DIRECTION ( 'NONE',  ( 0.0000000000000000000, 0.9848077530122080200, 0.1736481776669303300 ) ) ;
#3833 = ITEM_DEFINED_TRANSFORMATION ( 'NONE', 'NONE', #8354,  #8368 ) ;
#3834 = DIRECTION ( 'NONE',  ( -0.7071067811865475700, -1.653889528107909600E-016, 0.7071067811865475700 ) ) ;
#3835 = DIRECTION ( 'NONE',  ( -0.0000000000000000000, -1.000000000000000000, -0.0000000000000000000 ) ) ;
#3836 = PLANE ( 'NONE',  #8408 ) ;
#3837 = SECURITY_CLASSIFICATION_LEVEL ( 'unclassified' ) ;
#3838 = DIRECTION ( 'NONE',  ( 0.0000000000000000000, 0.9848077530122079100, 0.1736481776669305000 ) ) ;
#3839 = DIRECTION ( 'NONE',  ( 0.0000000000000000000, 0.0000000000000000000, 1.000000000000000000 ) ) ;
#3840 = APPROVAL_STATUS ( 'not_yet_approved' ) ;
#3841 = CARTESIAN_POINT ( 'NONE',  ( 17.00000000000000000, -11.49999999999999800, -28.30000000000000400 ) ) ;
#3842 = DATE_AND_TIME ( #9208, #313 ) ;
#3843 = DIRECTION ( 'NONE',  ( 0.7071067811865475700, 0.0000000000000000000, -0.7071067811865475700 ) ) ;
#3844 = DATE_AND_TIME ( #9814, #179 ) ;
#3845 = CARTESIAN_POINT ( 'NONE',  ( 185.4376862878034200, -16.87244345722277900, 12.18620982589265500 ) ) ;
#3846 = APPROVAL_DATE_TIME ( #3844, #212 ) ;
#3847 = PLANE ( 'NONE',  #8535 ) ;
#3848 = APPROVAL_ROLE ( '' ) ;
#3849 = DIRECTION ( 'NONE',  ( 1.000000000000000000, 0.0000000000000000000, 0.0000000000000000000 ) ) ;
#3850 = PERSON_AND_ORGANIZATION ( #4854, #9211 ) ;
#3851 = DIRECTION ( 'NONE',  ( 0.0000000000000000000, -1.000000000000000000, 0.0000000000000000000 ) ) ;
#3852 = DATE_TIME_ROLE ( 'classification_date' ) ;
#3853 = DIRECTION ( 'NONE',  ( -0.4942704104080659600, 0.0000000000000000000, 0.8693082085170034100 ) ) ;
#3854 = PERSON_AND_ORGANIZATION_ROLE ( 'classification_officer' ) ;
#3855 = DIRECTION ( 'NONE',  ( -1.000000000000000000, -0.0000000000000000000, -0.0000000000000000000 ) ) ;
#3856 = CONTEXT_DEPENDENT_SHAPE_REPRESENTATION ( #3209, #4862 ) ;
#3857 = PLANE ( 'NONE',  #8696 ) ;
#3858 = DIRECTION ( 'NONE',  ( 0.0000000000000000000, -0.7071067811865474600, 0.7071067811865474600 ) ) ;
#3859 = PLANE ( 'NONE',  #9289 ) ;
#3860 = CARTESIAN_POINT ( 'NONE',  ( 12.75000000000000000, -1.084202172485504400E-014, -1.666998409216799400E-016 ) ) ;
#3861 = DIRECTION ( 'NONE',  ( -0.0000000000000000000, -0.0000000000000000000, -1.000000000000000000 ) ) ;
#3862 = DIRECTION ( 'NONE',  ( 0.0000000000000000000, 0.0000000000000000000, 1.000000000000000000 ) ) ;
#3863 = CARTESIAN_POINT ( 'NONE',  ( 162.5847270304225000, 40.00660203233403700, -5.176051169626738600 ) ) ;
#3864 = CARTESIAN_POINT ( 'NONE',  ( 12.49999999999999800, -22.25000000000000000, 14.49999999999999800 ) ) ;
#3865 = DIRECTION ( 'NONE',  ( 0.0000000000000000000, 0.9848077530122079100, 0.1736481776669303000 ) ) ;
#3866 = DIRECTION ( 'NONE',  ( -1.000000000000000000, 0.0000000000000000000, 0.0000000000000000000 ) ) ;
#3867 = CARTESIAN_POINT ( 'NONE',  ( -294.2500000000000000, 0.0000000000000000000, 0.0000000000000000000 ) ) ;
#3868 = PLANE ( 'NONE',  #9011 ) ;
#3869 = DIRECTION ( 'NONE',  ( -0.09584575252022792300, 0.1728487359030508000, -0.9802738934708751200 ) ) ;
#3870 = DIRECTION ( 'NONE',  ( 1.000000000000000000, 0.0000000000000000000, 0.0000000000000000000 ) ) ;
#3871 = CARTESIAN_POINT ( 'NONE',  ( 159.6979756844743900, 34.96599640259539400, -11.14197900068933000 ) ) ;
#3872 = PLANE ( 'NONE',  #8686 ) ;
#3873 = CARTESIAN_POINT ( 'NONE',  ( 185.4152729695774700, 35.82359494960609000, 18.54696084998036600 ) ) ;
#3874 = DIRECTION ( 'NONE',  ( 0.0000000000000000000, -1.000000000000000000, -8.566535683836084200E-017 ) ) ;
#3875 = DIRECTION ( 'NONE',  ( 0.0000000000000000000, -1.000000000000000000, -3.511585983758719900E-016 ) ) ;
#3876 = DIRECTION ( 'NONE',  ( 0.0000000000000000000, 0.0000000000000000000, 1.000000000000000000 ) ) ;
#3877 = CARTESIAN_POINT ( 'NONE',  ( 17.00000000000000000, 15.32322330470336700, 28.12322330470335900 ) ) ;
#3878 = CARTESIAN_POINT ( 'NONE',  ( 294.2499999999999400, 0.0000000000000000000, 5.204170427930421300E-015 ) ) ;
#3879 = DIRECTION ( 'NONE',  ( 0.0000000000000000000, 0.9848077530122080200, 0.1736481776669306100 ) ) ;
#3880 = DIRECTION ( 'NONE',  ( -1.000000000000000000, -0.0000000000000000000, -0.0000000000000000000 ) ) ;
#3881 = DIRECTION ( 'NONE',  ( 0.0000000000000000000, 1.000000000000000000, 2.338953001317043400E-016 ) ) ;
#3882 = DIRECTION ( 'NONE',  ( 1.000000000000000000, 0.0000000000000000000, -0.0000000000000000000 ) ) ;
#3883 = PLANE ( 'NONE',  #9277 ) ;
#3884 = CARTESIAN_POINT ( 'NONE',  ( 191.1644700008870400, -27.20015542743006200, 70.75757496077741800 ) ) ;
#3885 = CARTESIAN_POINT ( 'NONE',  ( 179.7348640128498400, -6.587943670991256400, -46.14008683562441600 ) ) ;
#3886 = CARTESIAN_POINT ( 'NONE',  ( 179.7348640128498400, -6.587943670991256400, -46.14008683562441600 ) ) ;
#3887 = DIRECTION ( 'NONE',  ( -0.09584575252022790900, 0.1728487359030508000, -0.9802738934708752300 ) ) ;
#3888 = DIRECTION ( 'NONE',  ( -0.1392026427551629200, 0.0000000000000000000, -0.9902639164636760600 ) ) ;
#3889 = CARTESIAN_POINT ( 'NONE',  ( 17.00000000000000000, -1.999999999999999600, 37.79999999999999700 ) ) ;
#3890 = DIRECTION ( 'NONE',  ( 0.0000000000000000000, 0.7071067811865474600, -0.7071067811865474600 ) ) ;
#3891 = DIRECTION ( 'NONE',  ( 0.9899657510397503700, 0.02453779122482972100, -0.1391607292669517200 ) ) ;
#3892 = DIRECTION ( 'NONE',  ( -0.0000000000000000000, -0.9848077530122081300, -0.1736481776669303000 ) ) ;
#3893 = PLANE ( 'NONE',  #9493 ) ;
#3894 = DIRECTION ( 'NONE',  ( -1.000000000000000000, -0.0000000000000000000, -0.0000000000000000000 ) ) ;
#3895 = DIRECTION ( 'NONE',  ( -0.09584575252022792300, 0.1728487359030508000, -0.9802738934708751200 ) ) ;
#3896 = CARTESIAN_POINT ( 'NONE',  ( 151.5307582383964900, 34.76355962499054200, -9.993902984236966000 ) ) ;
#3897 = CARTESIAN_POINT ( 'NONE',  ( 9.904330988104222500E-015, -21.99999999999997200, -40.50000000000000000 ) ) ;
#3898 = CARTESIAN_POINT ( 'NONE',  ( -143.0000000000000300, -18.00000000000000000, -9.000000000000000000 ) ) ;
#3899 = DIRECTION ( 'NONE',  ( 0.0000000000000000000, 0.0000000000000000000, 1.000000000000000000 ) ) ;
#3900 = CARTESIAN_POINT ( 'NONE',  ( -299.9484848098349500, 0.0000000000000000000, 0.0000000000000000000 ) ) ;
#3901 = DIRECTION ( 'NONE',  ( 0.0000000000000000000, -3.214931538489836000E-016, 1.000000000000000000 ) ) ;
#3902 = DIRECTION ( 'NONE',  ( 0.0000000000000000000, 1.000000000000000000, 0.0000000000000000000 ) ) ;
#3903 = DIRECTION ( 'NONE',  ( 0.0000000000000000000, 0.0000000000000000000, 1.000000000000000000 ) ) ;
#3904 = DIRECTION ( 'NONE',  ( 0.0000000000000000000, 0.9848077530122081300, 0.1736481776669303000 ) ) ;
#3905 = PLANE ( 'NONE',  #9224 ) ;
#3906 = DIRECTION ( 'NONE',  ( 0.0000000000000000000, -0.1736481776669303600, 0.9848077530122080200 ) ) ;
#3907 = DIRECTION ( 'NONE',  ( 0.5773502691896258400, -0.5773502691896258400, 0.5773502691896258400 ) ) ;
#3908 = PLANE ( 'NONE',  #8456 ) ;
#3909 = CARTESIAN_POINT ( 'NONE',  ( 167.6231372033027800, 23.69903319620833700, 23.96229217827700400 ) ) ;
#3910 = PLANE ( 'NONE',  #9170 ) ;
#3911 = PLANE ( 'NONE',  #9073 ) ;
#3912 = LINE ( 'NONE', #3682, #9317 ) ;
#3913 = PLANE ( 'NONE',  #8401 ) ;
#3914 = DIRECTION ( 'NONE',  ( 1.000000000000000000, 0.0000000000000000000, 0.0000000000000000000 ) ) ;
#3915 = DIRECTION ( 'NONE',  ( 0.0000000000000000000, 1.000000000000000000, -8.566535683836084200E-017 ) ) ;
#3916 = CARTESIAN_POINT ( 'NONE',  ( 162.5847270304225000, 40.00660203233403700, -5.176051169626738600 ) ) ;
#3917 = LINE ( 'NONE', #3877, #9351 ) ;
#3918 = DIRECTION ( 'NONE',  ( 0.0000000000000000000, 0.7071067811865462400, -0.7071067811865489100 ) ) ;
#3919 = CARTESIAN_POINT ( 'NONE',  ( 159.6979756844743900, 36.44320803211373800, -10.88150673418893400 ) ) ;
#3920 = CARTESIAN_POINT ( 'NONE',  ( -147.5000000000000300, -17.99999999999999600, -11.00000000000000000 ) ) ;
#3921 = DIRECTION ( 'NONE',  ( -0.0000000000000000000, 1.000000000000000000, 2.686023446673766400E-016 ) ) ;
#3922 = DIRECTION ( 'NONE',  ( 0.0000000000000000000, 0.9848077530122081300, 0.1736481776669304400 ) ) ;
#3923 = LINE ( 'NONE', #3268, #9356 ) ;
#3924 = CARTESIAN_POINT ( 'NONE',  ( -143.0000000000000300, -17.99999999999999600, 11.00000000000000000 ) ) ;
#3925 = DIRECTION ( 'NONE',  ( -0.09584575252022790900, 0.1728487359030508000, -0.9802738934708752300 ) ) ;
#3926 = DIRECTION ( 'NONE',  ( 0.0000000000000000000, -0.1736481776669304100, 0.9848077530122080200 ) ) ;
#3927 = DIRECTION ( 'NONE',  ( -1.000000000000000000, 0.0000000000000000000, 0.0000000000000000000 ) ) ;
#3928 = PLANE ( 'NONE',  #8969 ) ;
#3929 = DIRECTION ( 'NONE',  ( 0.0000000000000000000, -1.000000000000000000, 0.0000000000000000000 ) ) ;
#3930 = DIRECTION ( 'NONE',  ( -1.000000000000000000, -0.0000000000000000000, 0.0000000000000000000 ) ) ;
#3931 = CARTESIAN_POINT ( 'NONE',  ( 9.904330988104222500E-015, 21.75000000000000000, -40.50000000000000000 ) ) ;
#3932 = CARTESIAN_POINT ( 'NONE',  ( -107.5000000000000000, -17.99999999999998200, -26.50000000000000000 ) ) ;
#3933 = DIRECTION ( 'NONE',  ( 1.000000000000000000, 0.0000000000000000000, 0.0000000000000000000 ) ) ;
#3934 = CARTESIAN_POINT ( 'NONE',  ( 179.7348640128498400, -6.587943670991256400, -46.14008683562441600 ) ) ;
#3935 = CARTESIAN_POINT ( 'NONE',  ( 174.0000000000000000, 32.00625197289677700, 5.643565774175237400 ) ) ;
#3936 = DIRECTION ( 'NONE',  ( 0.8660254037844387100, -0.08682408883346520700, 0.4924038765061038400 ) ) ;
#3937 = DIRECTION ( 'NONE',  ( 0.0000000000000000000, 0.0000000000000000000, -1.000000000000000000 ) ) ;
#3938 = CARTESIAN_POINT ( 'NONE',  ( 12.75000000000000000, -22.24999999999998600, -53.00000000000000000 ) ) ;
#3939 = DIRECTION ( 'NONE',  ( 0.0000000000000000000, 0.9848077530122081300, 0.1736481776669303900 ) ) ;
#3940 = PLANE ( 'NONE',  #9235 ) ;
#3941 = DIRECTION ( 'NONE',  ( -0.0000000000000000000, 0.9848077530122081300, 0.1736481776669301400 ) ) ;
#3942 = PLANE ( 'NONE',  #9478 ) ;
#3943 = DIRECTION ( 'NONE',  ( 8.939025643521514200E-018, 0.9848077530122080200, 0.1736481776669302800 ) ) ;
#3944 = CARTESIAN_POINT ( 'NONE',  ( -17.00000000000000000, 15.50000000000001600, 28.05000000000000400 ) ) ;
#3945 = ADVANCED_FACE ( 'NONE', ( #3106 ), #1903, .T. ) ;
#3946 = EDGE_CURVE ( 'NONE', #5348, #5665, #1529, .T. ) ;
#3947 = EDGE_CURVE ( 'NONE', #4909, #4908, #4356, .T. ) ;
#3948 = ADVANCED_FACE ( 'NONE', ( #3120, #2773 ), #2091, .F. ) ;
#3949 = ADVANCED_FACE ( 'NONE', ( #3128 ), #4377, .F. ) ;
#3950 = EDGE_CURVE ( 'NONE', #4896, #2412, #4336, .T. ) ;
#3951 = EDGE_CURVE ( 'NONE', #4927, #4926, #2063, .T. ) ;
#3952 = EDGE_CURVE ( 'NONE', #4892, #4896, #1592, .T. ) ;
#3953 = EDGE_CURVE ( 'NONE', #1350, #5233, #4839, .T. ) ;
#3954 = EDGE_CURVE ( 'NONE', #4961, #4960, #4338, .T. ) ;
#3955 = ADVANCED_FACE ( 'NONE', ( #3129 ), #1289, .T. ) ;
#3956 = EDGE_CURVE ( 'NONE', #5234, #5279, #2253, .T. ) ;
#3957 = ADVANCED_FACE ( 'NONE', ( #3130 ), #2282, .F. ) ;
#3958 = EDGE_CURVE ( 'NONE', #2164, #2391, #1681, .T. ) ;
#3959 = EDGE_CURVE ( 'NONE', #5010, #5348, #4384, .T. ) ;
#3960 = EDGE_CURVE ( 'NONE', #5955, #5263, #1503, .T. ) ;
#3961 = EDGE_CURVE ( 'NONE', #2401, #1625, #1349, .T. ) ;
#3962 = EDGE_CURVE ( 'NONE', #2140, #1825, #4399, .T. ) ;
#3963 = EDGE_CURVE ( 'NONE', #4954, #4955, #4401, .T. ) ;
#3964 = EDGE_CURVE ( 'NONE', #4917, #2328, #4420, .T. ) ;
#3965 = EDGE_CURVE ( 'NONE', #5729, #5932, #1331, .T. ) ;
#3966 = ADVANCED_FACE ( 'NONE', ( #3149 ), #1660, .F. ) ;
#3967 = EDGE_CURVE ( 'NONE', #1956, #2038, #4513, .T. ) ;
#3968 = EDGE_CURVE ( 'NONE', #4954, #4907, #1643, .T. ) ;
#3969 = EDGE_CURVE ( 'NONE', #2065, #2412, #1705, .T. ) ;
#3970 = ADVANCED_FACE ( 'NONE', ( #3143 ), #1637, .F. ) ;
#3971 = EDGE_CURVE ( 'NONE', #4899, #2328, #2022, .T. ) ;
#3972 = EDGE_CURVE ( 'NONE', #4967, #4968, #4529, .T. ) ;
#3973 = ADVANCED_FACE ( 'NONE', ( #3156 ), #1755, .F. ) ;
#3974 = EDGE_CURVE ( 'NONE', #2388, #2028, #1743, .T. ) ;
#3975 = EDGE_CURVE ( 'NONE', #4914, #4942, #1263, .T. ) ;
#3976 = EDGE_CURVE ( 'NONE', #5931, #5997, #2087, .T. ) ;
#3977 = ADVANCED_FACE ( 'NONE', ( #3138 ), #1392, .T. ) ;
#3978 = EDGE_CURVE ( 'NONE', #2312, #2280, #1915, .T. ) ;
#3979 = EDGE_CURVE ( 'NONE', #5929, #5948, #1534, .T. ) ;
#3980 = EDGE_CURVE ( 'NONE', #4973, #4953, #4440, .T. ) ;
#3981 = ADVANCED_FACE ( 'NONE', ( #3158 ), #1334, .T. ) ;
#3982 = EDGE_CURVE ( 'NONE', #4955, #4954, #4561, .T. ) ;
#3983 = EDGE_CURVE ( 'NONE', #2279, #2215, #4554, .T. ) ;
#3984 = EDGE_CURVE ( 'NONE', #5432, #5423, #4570, .T. ) ;
#3985 = EDGE_CURVE ( 'NONE', #2357, #4901, #4572, .T. ) ;
#3986 = EDGE_CURVE ( 'NONE', #2267, #5144, #1407, .T. ) ;
#3987 = EDGE_CURVE ( 'NONE', #2299, #2268, #4573, .T. ) ;
#3988 = EDGE_CURVE ( 'NONE', #2372, #5786, #1561, .T. ) ;
#3989 = EDGE_CURVE ( 'NONE', #4928, #4924, #1573, .T. ) ;
#3990 = ADVANCED_FACE ( 'NONE', ( #3160 ), #1562, .F. ) ;
#3991 = EDGE_CURVE ( 'NONE', #4953, #4973, #4575, .T. ) ;
#3992 = ADVANCED_FACE ( 'NONE', ( #3114 ), #4574, .F. ) ;
#3993 = EDGE_CURVE ( 'NONE', #1702, #1366, #1722, .T. ) ;
#3994 = ADVANCED_FACE ( 'NONE', ( #3110 ), #2250, .T. ) ;
#3995 = ADVANCED_FACE ( 'NONE', ( #3109 ), #1440, .T. ) ;
#3996 = EDGE_CURVE ( 'NONE', #4985, #4982, #4576, .T. ) ;
#3997 = ADVANCED_FACE ( 'NONE', ( #3102 ), #2296, .T. ) ;
#3998 = ADVANCED_FACE ( 'NONE', ( #3125 ), #2390, .T. ) ;
#3999 = ADVANCED_FACE ( 'NONE', ( #3101 ), #3100, .F. ) ;
#4000 = ADVANCED_FACE ( 'NONE', ( #2759 ), #2006, .T. ) ;
#4001 = EDGE_CURVE ( 'NONE', #4970, #4973, #1497, .T. ) ;
#4002 = EDGE_CURVE ( 'NONE', #5397, #5231, #4577, .T. ) ;
#4003 = EDGE_CURVE ( 'NONE', #5476, #5745, #2211, .T. ) ;
#4004 = EDGE_CURVE ( 'NONE', #5939, #4877, #2369, .T. ) ;
#4005 = EDGE_CURVE ( 'NONE', #1478, #1267, #2287, .T. ) ;
#4006 = EDGE_CURVE ( 'NONE', #4894, #4941, #1309, .T. ) ;
#4007 = EDGE_CURVE ( 'NONE', #5944, #5939, #4578, .T. ) ;
#4008 = EDGE_CURVE ( 'NONE', #4978, #4976, #1991, .T. ) ;
#4009 = EDGE_CURVE ( 'NONE', #2038, #2299, #4836, .T. ) ;
#4010 = EDGE_CURVE ( 'NONE', #1342, #4939, #1264, .T. ) ;
#4011 = EDGE_CURVE ( 'NONE', #1268, #1279, #1418, .T. ) ;
#4012 = EDGE_CURVE ( 'NONE', #4911, #4944, #1291, .T. ) ;
#4013 = EDGE_CURVE ( 'NONE', #4960, #4961, #4579, .T. ) ;
#4014 = EDGE_CURVE ( 'NONE', #4913, #4916, #4580, .T. ) ;
#4015 = EDGE_CURVE ( 'NONE', #4897, #4898, #2308, .T. ) ;
#4016 = EDGE_CURVE ( 'NONE', #2076, #1365, #1720, .T. ) ;
#4017 = ADVANCED_FACE ( 'NONE', ( #2899 ), #1304, .F. ) ;
#4018 = EDGE_CURVE ( 'NONE', #5720, #5506, #1633, .T. ) ;
#4019 = ADVANCED_FACE ( 'NONE', ( #2904, #2905 ), #2274, .T. ) ;
#4020 = EDGE_CURVE ( 'NONE', #5024, #5023, #2208, .T. ) ;
#4021 = EDGE_CURVE ( 'NONE', #4902, #4932, #4823, .T. ) ;
#4022 = EDGE_CURVE ( 'NONE', #1362, #1966, #2346, .T. ) ;
#4023 = EDGE_CURVE ( 'NONE', #5279, #4971, #1323, .T. ) ;
#4024 = ADVANCED_FACE ( 'NONE', ( #2900 ), #1420, .F. ) ;
#4025 = ADVANCED_FACE ( 'NONE', ( #2983 ), #2339, .F. ) ;
#4026 = EDGE_CURVE ( 'NONE', #2264, #4898, #4581, .T. ) ;
#4027 = EDGE_CURVE ( 'NONE', #4901, #4920, #4817, .T. ) ;
#4028 = EDGE_CURVE ( 'NONE', #1278, #2264, #1480, .T. ) ;
#4029 = EDGE_CURVE ( 'NONE', #5941, #5026, #2141, .T. ) ;
#4030 = EDGE_CURVE ( 'NONE', #5570, #5423, #4582, .T. ) ;
#4031 = EDGE_CURVE ( 'NONE', #2076, #1425, #1482, .T. ) ;
#4032 = EDGE_CURVE ( 'NONE', #1877, #2240, #2398, .T. ) ;
#4033 = ADVANCED_FACE ( 'NONE', ( #2976 ), #2374, .T. ) ;
#4034 = EDGE_CURVE ( 'NONE', #4922, #4911, #2269, .T. ) ;
#4035 = ADVANCED_FACE ( 'NONE', ( #2972 ), #2213, .F. ) ;
#4036 = EDGE_CURVE ( 'NONE', #5598, #5270, #4583, .T. ) ;
#4037 = EDGE_CURVE ( 'NONE', #1428, #2164, #4584, .T. ) ;
#4038 = EDGE_CURVE ( 'NONE', #5394, #5168, #4816, .T. ) ;
#4039 = EDGE_CURVE ( 'NONE', #4875, #1929, #2148, .T. ) ;
#4040 = EDGE_CURVE ( 'NONE', #2102, #1929, #1751, .T. ) ;
#4041 = EDGE_CURVE ( 'NONE', #5067, #2305, #1336, .T. ) ;
#4042 = EDGE_CURVE ( 'NONE', #2023, #5723, #1297, .T. ) ;
#4043 = EDGE_CURVE ( 'NONE', #4962, #4964, #4585, .T. ) ;
#4044 = EDGE_CURVE ( 'NONE', #2223, #1278, #1277, .T. ) ;
#4045 = EDGE_CURVE ( 'NONE', #1735, #5000, #1296, .T. ) ;
#4046 = EDGE_CURVE ( 'NONE', #5630, #4872, #4586, .T. ) ;
#4047 = EDGE_CURVE ( 'NONE', #5952, #2386, #1333, .T. ) ;
#4048 = EDGE_CURVE ( 'NONE', #4921, #4927, #1621, .T. ) ;
#4049 = EDGE_CURVE ( 'NONE', #2109, #5945, #1507, .T. ) ;
#4050 = EDGE_CURVE ( 'NONE', #4906, #4907, #4587, .T. ) ;
#4051 = EDGE_CURVE ( 'NONE', #1873, #4902, #4588, .T. ) ;
#4052 = EDGE_CURVE ( 'NONE', #5926, #5954, #2270, .T. ) ;
#4053 = EDGE_CURVE ( 'NONE', #4898, #4896, #1603, .T. ) ;
#4054 = ADVANCED_FACE ( 'NONE', ( #2967, #2947 ), #1829, .F. ) ;
#4055 = ADVANCED_FACE ( 'NONE', ( #2949 ), #4591, .T. ) ;
#4056 = EDGE_CURVE ( 'NONE', #5132, #5467, #4589, .T. ) ;
#4057 = EDGE_CURVE ( 'NONE', #1929, #2140, #2367, .T. ) ;
#4058 = EDGE_CURVE ( 'NONE', #4879, #5022, #2071, .T. ) ;
#4059 = EDGE_CURVE ( 'NONE', #5231, #5397, #4590, .T. ) ;
#4060 = EDGE_CURVE ( 'NONE', #4893, #4952, #4592, .T. ) ;
#4061 = EDGE_CURVE ( 'NONE', #5956, #5957, #4593, .T. ) ;
#4062 = EDGE_CURVE ( 'NONE', #2098, #2258, #4838, .T. ) ;
#4063 = EDGE_CURVE ( 'NONE', #1278, #4897, #4594, .T. ) ;
#4064 = EDGE_CURVE ( 'NONE', #5244, #4872, #4595, .T. ) ;
#4065 = EDGE_CURVE ( 'NONE', #4940, #4932, #2235, .T. ) ;
#4066 = ADVANCED_FACE ( 'NONE', ( #2936 ), #2336, .F. ) ;
#4067 = ADVANCED_FACE ( 'NONE', ( #2935 ), #2256, .T. ) ;
#4068 = ADVANCED_FACE ( 'NONE', ( #2943 ), #1666, .F. ) ;
#4069 = ADVANCED_FACE ( 'NONE', ( #2931 ), #317, .F. ) ;
#4070 = EDGE_CURVE ( 'NONE', #4943, #4922, #2350, .T. ) ;
#4071 = EDGE_CURVE ( 'NONE', #1648, #2023, #1299, .T. ) ;
#4072 = EDGE_CURVE ( 'NONE', #4963, #4945, #2342, .T. ) ;
#4073 = EDGE_CURVE ( 'NONE', #2362, #1877, #1986, .T. ) ;
#4074 = ADVANCED_FACE ( 'NONE', ( #2929 ), #1876, .F. ) ;
#4075 = EDGE_CURVE ( 'NONE', #1799, #1803, #2298, .T. ) ;
#4076 = EDGE_CURVE ( 'NONE', #5922, #5944, #1913, .T. ) ;
#4077 = EDGE_CURVE ( 'NONE', #4901, #4902, #1730, .T. ) ;
#4078 = EDGE_CURVE ( 'NONE', #5132, #5818, #2013, .T. ) ;
#4079 = EDGE_CURVE ( 'NONE', #4923, #4918, #2101, .T. ) ;
#4080 = ADVANCED_FACE ( 'NONE', ( #2921 ), #1398, .F. ) ;
#4081 = EDGE_CURVE ( 'NONE', #5949, #5954, #7297, .T. ) ;
#4082 = EDGE_CURVE ( 'NONE', #1278, #4891, #304, .T. ) ;
#4083 = EDGE_CURVE ( 'NONE', #5934, #5995, #7793, .T. ) ;
#4084 = EDGE_CURVE ( 'NONE', #4981, #4979, #312, .T. ) ;
#4085 = EDGE_CURVE ( 'NONE', #1825, #2023, #7705, .T. ) ;
#4086 = EDGE_CURVE ( 'NONE', #4968, #4967, #254, .T. ) ;
#4087 = EDGE_CURVE ( 'NONE', #4937, #4929, #7265, .T. ) ;
#4088 = EDGE_CURVE ( 'NONE', #5931, #5934, #7573, .T. ) ;
#4089 = ADVANCED_FACE ( 'NONE', ( #2917 ), #7443, .F. ) ;
#4090 = EDGE_CURVE ( 'NONE', #2344, #4940, #22, .T. ) ;
#4091 = EDGE_CURVE ( 'NONE', #5012, #5244, #302, .T. ) ;
#4092 = ADVANCED_FACE ( 'NONE', ( #3076 ), #7405, .T. ) ;
#4093 = EDGE_CURVE ( 'NONE', #2165, #1280, #7467, .T. ) ;
#4094 = EDGE_CURVE ( 'NONE', #4950, #4972, #21, .T. ) ;
#4095 = EDGE_CURVE ( 'NONE', #4938, #1508, #48, .T. ) ;
#4096 = EDGE_CURVE ( 'NONE', #2217, #1628, #7235, .T. ) ;
#4097 = EDGE_CURVE ( 'NONE', #2102, #1405, #7445, .T. ) ;
#4098 = EDGE_CURVE ( 'NONE', #1275, #1956, #7621, .T. ) ;
#4099 = EDGE_CURVE ( 'NONE', #4910, #4951, #19, .T. ) ;
#4100 = EDGE_CURVE ( 'NONE', #5953, #5925, #7691, .T. ) ;
#4101 = EDGE_CURVE ( 'NONE', #5936, #5956, #7559, .T. ) ;
#4102 = EDGE_CURVE ( 'NONE', #5930, #5990, #7303, .T. ) ;
#4103 = EDGE_CURVE ( 'NONE', #5926, #5949, #7431, .T. ) ;
#4104 = EDGE_CURVE ( 'NONE', #4937, #4928, #7659, .T. ) ;
#4105 = ADVANCED_FACE ( 'NONE', ( #3069 ), #7737, .F. ) ;
#4106 = EDGE_CURVE ( 'NONE', #4952, #4904, #7987, .T. ) ;
#4107 = EDGE_CURVE ( 'NONE', #4916, #4946, #7373, .T. ) ;
#4108 = EDGE_CURVE ( 'NONE', #5987, #5988, #305, .T. ) ;
#4109 = EDGE_CURVE ( 'NONE', #5691, #4925, #4847, .T. ) ;
#4110 = EDGE_CURVE ( 'NONE', #4900, #4947, #7597, .T. ) ;
#4111 = ADVANCED_FACE ( 'NONE', ( #3056 ), #7449, .T. ) ;
#4112 = ADVANCED_FACE ( 'NONE', ( #3063 ), #7799, .F. ) ;
#4113 = ADVANCED_FACE ( 'NONE', ( #3060 ), #7997, .T. ) ;
#4114 = EDGE_CURVE ( 'NONE', #1893, #2123, #52, .T. ) ;
#4115 = EDGE_CURVE ( 'NONE', #1347, #1390, #7947, .T. ) ;
#4116 = ADVANCED_FACE ( 'NONE', ( #3049 ), #3046, .F. ) ;
#4117 = EDGE_CURVE ( 'NONE', #5945, #5929, #7831, .T. ) ;
#4118 = EDGE_CURVE ( 'NONE', #4922, #4941, #7985, .T. ) ;
#4119 = EDGE_CURVE ( 'NONE', #1390, #1966, #53, .T. ) ;
#4120 = ADVANCED_FACE ( 'NONE', ( #3045 ), #7827, .F. ) ;
#4121 = ADVANCED_FACE ( 'NONE', ( #3039 ), #7883, .F. ) ;
#4122 = EDGE_CURVE ( 'NONE', #2264, #1888, #7871, .T. ) ;
#4123 = EDGE_CURVE ( 'NONE', #5932, #5933, #50, .T. ) ;
#4124 = ADVANCED_FACE ( 'NONE', ( #3037 ), #7921, .F. ) ;
#4125 = ADVANCED_FACE ( 'NONE', ( #3033 ), #3040, .T. ) ;
#4126 = ADVANCED_FACE ( 'NONE', ( #3034 ), #20, .T. ) ;
#4127 = ADVANCED_FACE ( 'NONE', ( #3030 ), #3027, .T. ) ;
#4128 = EDGE_CURVE ( 'NONE', #4897, #4892, #7979, .T. ) ;
#4129 = EDGE_CURVE ( 'NONE', #1478, #2416, #7953, .T. ) ;
#4130 = ADVANCED_FACE ( 'NONE', ( #3028 ), #3021, .F. ) ;
#4131 = EDGE_CURVE ( 'NONE', #1268, #1378, #4846, .T. ) ;
#4132 = ADVANCED_FACE ( 'NONE', ( #3019 ), #9, .F. ) ;
#4133 = ADVANCED_FACE ( 'NONE', ( #3020 ), #7783, .T. ) ;
#4134 = EDGE_CURVE ( 'NONE', #4964, #4972, #7777, .T. ) ;
#4135 = ADVANCED_FACE ( 'NONE', ( #3025 ), #7499, .T. ) ;
#4136 = EDGE_CURVE ( 'NONE', #4996, #4991, #300, .T. ) ;
#4137 = EDGE_CURVE ( 'NONE', #4913, #4915, #7523, .T. ) ;
#4138 = EDGE_CURVE ( 'NONE', #5647, #5745, #59, .T. ) ;
#4139 = EDGE_CURVE ( 'NONE', #5318, #4963, #58, .T. ) ;
#4140 = EDGE_CURVE ( 'NONE', #5027, #5958, #7771, .T. ) ;
#4141 = EDGE_CURVE ( 'NONE', #4895, #2357, #7999, .T. ) ;
#4142 = EDGE_CURVE ( 'NONE', #5603, #5720, #56, .T. ) ;
#4143 = EDGE_CURVE ( 'NONE', #4983, #4986, #8059, .T. ) ;
#4144 = EDGE_CURVE ( 'NONE', #4900, #4894, #8073, .T. ) ;
#4145 = EDGE_CURVE ( 'NONE', #4966, #4968, #8091, .T. ) ;
#4146 = EDGE_CURVE ( 'NONE', #4957, #4956, #46, .T. ) ;
#4147 = EDGE_CURVE ( 'NONE', #5423, #5231, #8105, .T. ) ;
#4148 = EDGE_CURVE ( 'NONE', #5506, #5234, #12, .T. ) ;
#4149 = EDGE_CURVE ( 'NONE', #1425, #1365, #8115, .T. ) ;
#4150 = EDGE_CURVE ( 'NONE', #1355, #2028, #8121, .T. ) ;
#4151 = EDGE_CURVE ( 'NONE', #4966, #4965, #11, .T. ) ;
#4152 = EDGE_CURVE ( 'NONE', #4899, #4895, #8075, .T. ) ;
#4153 = ADVANCED_FACE ( 'NONE', ( #3005, #2996 ), #7835, .F. ) ;
#4154 = EDGE_CURVE ( 'NONE', #4943, #4947, #8065, .T. ) ;
#4155 = EDGE_CURVE ( 'NONE', #4941, #4947, #7991, .T. ) ;
#4156 = EDGE_CURVE ( 'NONE', #2280, #1735, #7761, .T. ) ;
#4157 = EDGE_CURVE ( 'NONE', #2140, #5540, #7809, .T. ) ;
#4158 = EDGE_CURVE ( 'NONE', #2258, #2362, #55, .T. ) ;
#4159 = EDGE_CURVE ( 'NONE', #4969, #4970, #10, .T. ) ;
#4160 = EDGE_CURVE ( 'NONE', #4957, #4959, #7263, .T. ) ;
#4161 = EDGE_CURVE ( 'NONE', #5821, #5569, #7657, .T. ) ;
#4162 = EDGE_CURVE ( 'NONE', #5270, #5680, #7823, .T. ) ;
#4163 = EDGE_CURVE ( 'NONE', #5799, #5668, #4855, .T. ) ;
#4164 = EDGE_CURVE ( 'NONE', #5929, #5951, #7633, .T. ) ;
#4165 = EDGE_CURVE ( 'NONE', #4931, #4936, #51, .T. ) ;
#4166 = EDGE_CURVE ( 'NONE', #5947, #5925, #7801, .T. ) ;
#4167 = EDGE_CURVE ( 'NONE', #5940, #5943, #8009, .T. ) ;
#4168 = EDGE_CURVE ( 'NONE', #4905, #4904, #202, .T. ) ;
#4169 = EDGE_CURVE ( 'NONE', #1822, #2109, #7581, .T. ) ;
#4170 = EDGE_CURVE ( 'NONE', #5947, #5953, #7515, .T. ) ;
#4171 = EDGE_CURVE ( 'NONE', #5334, #5478, #7327, .T. ) ;
#4172 = EDGE_CURVE ( 'NONE', #5926, #5930, #7483, .T. ) ;
#4173 = EDGE_CURVE ( 'NONE', #4969, #4967, #7371, .T. ) ;
#4174 = EDGE_CURVE ( 'NONE', #4961, #4975, #7465, .T. ) ;
#4175 = EDGE_CURVE ( 'NONE', #4948, #4972, #288, .T. ) ;
#4176 = EDGE_CURVE ( 'NONE', #1822, #5945, #7299, .T. ) ;
#4177 = EDGE_CURVE ( 'NONE', #4959, #4958, #203, .T. ) ;
#4178 = EDGE_CURVE ( 'NONE', #4962, #4950, #7541, .T. ) ;
#4179 = EDGE_CURVE ( 'NONE', #1487, #5006, #209, .T. ) ;
#4180 = EDGE_CURVE ( 'NONE', #4949, #4910, #220, .T. ) ;
#4181 = EDGE_CURVE ( 'NONE', #5927, #5924, #7567, .T. ) ;
#4182 = ADVANCED_FACE ( 'NONE', ( #3093 ), #3089, .T. ) ;
#4183 = EDGE_CURVE ( 'NONE', #5941, #5940, #7803, .T. ) ;
#4184 = EDGE_CURVE ( 'NONE', #5942, #5928, #49, .T. ) ;
#4185 = EDGE_CURVE ( 'NONE', #5099, #5151, #7323, .T. ) ;
#4186 = EDGE_CURVE ( 'NONE', #5173, #1502, #7625, .T. ) ;
#4187 = EDGE_CURVE ( 'NONE', #5144, #5016, #7279, .T. ) ;
#4188 = EDGE_CURVE ( 'NONE', #5786, #2073, #7453, .T. ) ;
#4189 = EDGE_CURVE ( 'NONE', #2267, #5096, #7821, .T. ) ;
#4190 = EDGE_CURVE ( 'NONE', #5432, #5397, #7561, .T. ) ;
#4191 = EDGE_CURVE ( 'NONE', #5334, #2198, #7579, .T. ) ;
#4192 = ADVANCED_FACE ( 'NONE', ( #2885 ), #204, .F. ) ;
#4193 = EDGE_CURVE ( 'NONE', #5144, #5044, #7767, .T. ) ;
#4194 = EDGE_CURVE ( 'NONE', #5607, #5110, #7655, .T. ) ;
#4195 = EDGE_CURVE ( 'NONE', #4958, #4959, #182, .T. ) ;
#4196 = EDGE_CURVE ( 'NONE', #5943, #5942, #7805, .T. ) ;
#4197 = EDGE_CURVE ( 'NONE', #5263, #5925, #7647, .T. ) ;
#4198 = EDGE_CURVE ( 'NONE', #5957, #5945, #8017, .T. ) ;
#4199 = EDGE_CURVE ( 'NONE', #1838, #2052, #200, .T. ) ;
#4200 = EDGE_CURVE ( 'NONE', #5925, #5922, #8019, .T. ) ;
#4201 = EDGE_CURVE ( 'NONE', #5933, #5263, #8031, .T. ) ;
#4202 = EDGE_CURVE ( 'NONE', #5027, #5028, #8045, .T. ) ;
#4203 = EDGE_CURVE ( 'NONE', #5026, #4890, #8033, .T. ) ;
#4204 = EDGE_CURVE ( 'NONE', #4914, #4894, #8047, .T. ) ;
#4205 = EDGE_CURVE ( 'NONE', #1834, #1849, #180, .T. ) ;
#4206 = ADVANCED_FACE ( 'NONE', ( #2668 ), #7677, .T. ) ;
#4207 = ADVANCED_FACE ( 'NONE', ( #2772 ), #7477, .T. ) ;
#4208 = EDGE_CURVE ( 'NONE', #1787, #1794, #275, .T. ) ;
#4209 = ADVANCED_FACE ( 'NONE', ( #2789 ), #94, .T. ) ;
#4210 = ADVANCED_FACE ( 'NONE', ( #2764 ), #7331, .F. ) ;
#4211 = EDGE_CURVE ( 'NONE', #1357, #1340, #18, .T. ) ;
#4212 = EDGE_CURVE ( 'NONE', #2126, #1640, #7415, .T. ) ;
#4213 = EDGE_CURVE ( 'NONE', #2123, #1800, #8015, .T. ) ;
#4214 = EDGE_CURVE ( 'NONE', #5944, #5025, #7463, .T. ) ;
#4215 = EDGE_CURVE ( 'NONE', #4948, #4951, #17, .T. ) ;
#4216 = ADVANCED_FACE ( 'NONE', ( #2783 ), #7595, .F. ) ;
#4217 = EDGE_CURVE ( 'NONE', #4942, #4900, #8007, .T. ) ;
#4218 = ADVANCED_FACE ( 'NONE', ( #2786 ), #8003, .T. ) ;
#4219 = ADVANCED_FACE ( 'NONE', ( #2794 ), #2777, .T. ) ;
#4220 = EDGE_CURVE ( 'NONE', #4929, #4930, #7853, .T. ) ;
#4221 = EDGE_CURVE ( 'NONE', #2102, #2401, #8283, .T. ) ;
#4222 = EDGE_CURVE ( 'NONE', #1795, #1806, #294, .T. ) ;
#4223 = EDGE_CURVE ( 'NONE', #1817, #1795, #8207, .T. ) ;
#4224 = EDGE_CURVE ( 'NONE', #5934, #5952, #8273, .T. ) ;
#4225 = EDGE_CURVE ( 'NONE', #5952, #1817, #8257, .T. ) ;
#4226 = EDGE_CURVE ( 'NONE', #5990, #5954, #8267, .T. ) ;
#4227 = EDGE_CURVE ( 'NONE', #5954, #5955, #8221, .T. ) ;
#4228 = EDGE_CURVE ( 'NONE', #5955, #5718, #8211, .T. ) ;
#4229 = EDGE_CURVE ( 'NONE', #5935, #5949, #8229, .T. ) ;
#4230 = EDGE_CURVE ( 'NONE', #5947, #5935, #8237, .T. ) ;
#4231 = EDGE_CURVE ( 'NONE', #5949, #5948, #8189, .T. ) ;
#4232 = EDGE_CURVE ( 'NONE', #5980, #5989, #164, .T. ) ;
#4233 = EDGE_CURVE ( 'NONE', #5948, #5947, #8241, .T. ) ;
#4234 = EDGE_CURVE ( 'NONE', #5951, #2109, #8177, .T. ) ;
#4235 = EDGE_CURVE ( 'NONE', #5953, #5951, #8249, .T. ) ;
#4236 = EDGE_CURVE ( 'NONE', #2109, #5946, #8165, .T. ) ;
#4237 = EDGE_CURVE ( 'NONE', #5946, #5953, #8139, .T. ) ;
#4238 = EDGE_CURVE ( 'NONE', #1822, #5020, #7841, .T. ) ;
#4239 = EDGE_CURVE ( 'NONE', #5011, #1822, #8135, .T. ) ;
#4240 = EDGE_CURVE ( 'NONE', #5020, #5025, #8145, .T. ) ;
#4241 = EDGE_CURVE ( 'NONE', #5025, #5011, #8141, .T. ) ;
#4242 = EDGE_CURVE ( 'NONE', #5991, #5992, #320, .T. ) ;
#4243 = EDGE_CURVE ( 'NONE', #5009, #5017, #7843, .T. ) ;
#4244 = EDGE_CURVE ( 'NONE', #4877, #5009, #8223, .T. ) ;
#4245 = EDGE_CURVE ( 'NONE', #5017, #4890, #8227, .T. ) ;
#4246 = EDGE_CURVE ( 'NONE', #4890, #4877, #8205, .T. ) ;
#4247 = EDGE_CURVE ( 'NONE', #4876, #5027, #7241, .T. ) ;
#4248 = EDGE_CURVE ( 'NONE', #5026, #4876, #7226, .T. ) ;
#4249 = EDGE_CURVE ( 'NONE', #5027, #5018, #7232, .T. ) ;
#4250 = EDGE_CURVE ( 'NONE', #5018, #5026, #7238, .T. ) ;
#4251 = EDGE_CURVE ( 'NONE', #5028, #1834, #7244, .T. ) ;
#4252 = EDGE_CURVE ( 'NONE', #2099, #5028, #7250, .T. ) ;
#4253 = EDGE_CURVE ( 'NONE', #1834, #2052, #7256, .T. ) ;
#4254 = EDGE_CURVE ( 'NONE', #2052, #2099, #7262, .T. ) ;
#4255 = EDGE_CURVE ( 'NONE', #1849, #5961, #7268, .T. ) ;
#4256 = EDGE_CURVE ( 'NONE', #1838, #1849, #7274, .T. ) ;
#4257 = EDGE_CURVE ( 'NONE', #5961, #5960, #7280, .T. ) ;
#4258 = EDGE_CURVE ( 'NONE', #5960, #1838, #7286, .T. ) ;
#4259 = EDGE_CURVE ( 'NONE', #5993, #5994, #105, .T. ) ;
#4260 = EDGE_CURVE ( 'NONE', #5962, #2386, #7298, .T. ) ;
#4261 = EDGE_CURVE ( 'NONE', #5963, #5962, #7304, .T. ) ;
#4262 = EDGE_CURVE ( 'NONE', #2386, #5964, #7310, .T. ) ;
#4263 = EDGE_CURVE ( 'NONE', #5964, #5963, #7316, .T. ) ;
#4264 = EDGE_CURVE ( 'NONE', #5816, #4874, #7322, .T. ) ;
#4265 = EDGE_CURVE ( 'NONE', #5938, #5816, #7328, .T. ) ;
#4266 = EDGE_CURVE ( 'NONE', #4874, #5030, #7334, .T. ) ;
#4267 = EDGE_CURVE ( 'NONE', #5986, #5985, #92, .T. ) ;
#4268 = EDGE_CURVE ( 'NONE', #5030, #5938, #7346, .T. ) ;
#4269 = EDGE_CURVE ( 'NONE', #5995, #5997, #7352, .T. ) ;
#4270 = EDGE_CURVE ( 'NONE', #5996, #5995, #7358, .T. ) ;
#4271 = EDGE_CURVE ( 'NONE', #5729, #5996, #7364, .T. ) ;
#4272 = EDGE_CURVE ( 'NONE', #5997, #5990, #95, .T. ) ;
#4273 = EDGE_CURVE ( 'NONE', #5997, #5729, #7376, .T. ) ;
#4274 = EDGE_CURVE ( 'NONE', #5990, #5718, #7382, .T. ) ;
#4275 = EDGE_CURVE ( 'NONE', #5718, #5729, #96, .T. ) ;
#4276 = EDGE_CURVE ( 'NONE', #5991, #5981, #7394, .T. ) ;
#4277 = EDGE_CURVE ( 'NONE', #5992, #5991, #166, .T. ) ;
#4278 = EDGE_CURVE ( 'NONE', #5992, #5982, #7406, .T. ) ;
#4279 = EDGE_CURVE ( 'NONE', #5993, #5987, #7412, .T. ) ;
#4280 = EDGE_CURVE ( 'NONE', #5994, #5993, #138, .T. ) ;
#4281 = EDGE_CURVE ( 'NONE', #5994, #5988, #7424, .T. ) ;
#4282 = EDGE_CURVE ( 'NONE', #5987, #5985, #7430, .T. ) ;
#4283 = EDGE_CURVE ( 'NONE', #5985, #5986, #97, .T. ) ;
#4284 = EDGE_CURVE ( 'NONE', #5988, #5987, #165, .T. ) ;
#4285 = EDGE_CURVE ( 'NONE', #5988, #5986, #7448, .T. ) ;
#4286 = EDGE_CURVE ( 'NONE', #5981, #5989, #7454, .T. ) ;
#4287 = EDGE_CURVE ( 'NONE', #5989, #5980, #163, .T. ) ;
#4288 = EDGE_CURVE ( 'NONE', #5982, #5981, #162, .T. ) ;
#4289 = EDGE_CURVE ( 'NONE', #5982, #5980, #7472, .T. ) ;
#4290 = EDGE_CURVE ( 'NONE', #5983, #5977, #7478, .T. ) ;
#4291 = EDGE_CURVE ( 'NONE', #5984, #5983, #7484, .T. ) ;
#4292 = EDGE_CURVE ( 'NONE', #5983, #4983, #7490, .T. ) ;
#4293 = EDGE_CURVE ( 'NONE', #5975, #5984, #7496, .T. ) ;
#4294 = EDGE_CURVE ( 'NONE', #5984, #5022, #7502, .T. ) ;
#4295 = EDGE_CURVE ( 'NONE', #5976, #5975, #7508, .T. ) ;
#4296 = EDGE_CURVE ( 'NONE', #5975, #4879, #7514, .T. ) ;
#4297 = EDGE_CURVE ( 'NONE', #1373, #1369, #7520, .T. ) ;
#4298 = EDGE_CURVE ( 'NONE', #5015, #1914, #7526, .T. ) ;
#4299 = EDGE_CURVE ( 'NONE', #1953, #5594, #7532, .T. ) ;
#4300 = EDGE_CURVE ( 'NONE', #1395, #1342, #7538, .T. ) ;
#4301 = EDGE_CURVE ( 'NONE', #1340, #1635, #7544, .T. ) ;
#4302 = EDGE_CURVE ( 'NONE', #1380, #2186, #7550, .T. ) ;
#4303 = EDGE_CURVE ( 'NONE', #1953, #1645, #7556, .T. ) ;
#4304 = EDGE_CURVE ( 'NONE', #1385, #2186, #7562, .T. ) ;
#4305 = EDGE_CURVE ( 'NONE', #2113, #5568, #7568, .T. ) ;
#4306 = EDGE_CURVE ( 'NONE', #5015, #1881, #7574, .T. ) ;
#4307 = EDGE_CURVE ( 'NONE', #2113, #2134, #7580, .T. ) ;
#4308 = EDGE_CURVE ( 'NONE', #1914, #1881, #7586, .T. ) ;
#4309 = EDGE_CURVE ( 'NONE', #2134, #5568, #7592, .T. ) ;
#4310 = EDGE_CURVE ( 'NONE', #4873, #1372, #7598, .T. ) ;
#4311 = EDGE_CURVE ( 'NONE', #2232, #1355, #7604, .T. ) ;
#4312 = EDGE_CURVE ( 'NONE', #1645, #5594, #7610, .T. ) ;
#4313 = EDGE_CURVE ( 'NONE', #1357, #1697, #7616, .T. ) ;
#4314 = EDGE_CURVE ( 'NONE', #1648, #5723, #7622, .T. ) ;
#4315 = EDGE_CURVE ( 'NONE', #1380, #1385, #7628, .T. ) ;
#4316 = EDGE_CURVE ( 'NONE', #5509, #1400, #7634, .T. ) ;
#4317 = EDGE_CURVE ( 'NONE', #2372, #1373, #7640, .T. ) ;
#4318 = EDGE_CURVE ( 'NONE', #1400, #1377, #7646, .T. ) ;
#4319 = EDGE_CURVE ( 'NONE', #4991, #4995, #7652, .T. ) ;
#4320 = EDGE_CURVE ( 'NONE', #4995, #4978, #153, .T. ) ;
#4321 = EDGE_CURVE ( 'NONE', #4977, #4878, #7664, .T. ) ;
#4322 = EDGE_CURVE ( 'NONE', #4994, #4999, #7670, .T. ) ;
#4323 = EDGE_CURVE ( 'NONE', #2099, #5018, #7676, .T. ) ;
#4324 = EDGE_CURVE ( 'NONE', #4997, #4994, #161, .T. ) ;
#4325 = EDGE_CURVE ( 'NONE', #4979, #4997, #7688, .T. ) ;
#4326 = EDGE_CURVE ( 'NONE', #4987, #4981, #306, .T. ) ;
#4327 = EDGE_CURVE ( 'NONE', #5509, #1377, #7700, .T. ) ;
#4328 = EDGE_CURVE ( 'NONE', #2215, #2279, #144, .T. ) ;
#4329 = EDGE_CURVE ( 'NONE', #4990, #4987, #7712, .T. ) ;
#4330 = EDGE_CURVE ( 'NONE', #4989, #4990, #152, .T. ) ;
#4331 = EDGE_CURVE ( 'NONE', #4910, #4952, #7724, .T. ) ;
#4332 = EDGE_CURVE ( 'NONE', #4993, #4989, #7730, .T. ) ;
#4333 = EDGE_CURVE ( 'NONE', #1350, #1340, #7736, .T. ) ;
#4334 = EDGE_CURVE ( 'NONE', #4999, #4993, #168, .T. ) ;
#4335 = EDGE_CURVE ( 'NONE', #5959, #5936, #7748, .T. ) ;
#4336 = CIRCLE ( 'NONE', #3127, 4.000000000000003600 ) ;
#4337 = EDGE_CURVE ( 'NONE', #5922, #5946, #7754, .T. ) ;
#4338 = CIRCLE ( 'NONE', #3131, 6.750000000000002700 ) ;
#4339 = EDGE_CURVE ( 'NONE', #4881, #5013, #7760, .T. ) ;
#4340 = EDGE_CURVE ( 'NONE', #4992, #5013, #169, .T. ) ;
#4341 = EDGE_CURVE ( 'NONE', #4878, #4992, #7772, .T. ) ;
#4342 = EDGE_CURVE ( 'NONE', #4883, #5969, #7778, .T. ) ;
#4343 = TOROIDAL_SURFACE ( 'NONE', #3187, 3.404411764705957700, 15.09558823529403400 ) ;
#4344 = EDGE_CURVE ( 'NONE', #5013, #5969, #7784, .T. ) ;
#4345 = EDGE_CURVE ( 'NONE', #4887, #5968, #7790, .T. ) ;
#4346 = EDGE_CURVE ( 'NONE', #5969, #5968, #154, .T. ) ;
#4347 = EDGE_CURVE ( 'NONE', #4996, #5967, #7802, .T. ) ;
#4348 = EDGE_CURVE ( 'NONE', #5968, #5967, #7808, .T. ) ;
#4349 = EDGE_CURVE ( 'NONE', #4991, #5966, #7814, .T. ) ;
#4350 = EDGE_CURVE ( 'NONE', #5967, #5966, #139, .T. ) ;
#4351 = EDGE_CURVE ( 'NONE', #4995, #5965, #7826, .T. ) ;
#4352 = EDGE_CURVE ( 'NONE', #5966, #5965, #7832, .T. ) ;
#4353 = EDGE_CURVE ( 'NONE', #5965, #4976, #141, .T. ) ;
#4354 = EDGE_CURVE ( 'NONE', #4984, #4992, #7844, .T. ) ;
#4355 = EDGE_CURVE ( 'NONE', #5021, #4994, #7850, .T. ) ;
#4356 = CIRCLE ( 'NONE', #3116, 23.75000000000003600 ) ;
#4357 = EDGE_CURVE ( 'NONE', #5014, #4997, #7856, .T. ) ;
#4358 = EDGE_CURVE ( 'NONE', #4886, #4999, #7862, .T. ) ;
#4359 = EDGE_CURVE ( 'NONE', #1279, #1370, #7868, .T. ) ;
#4360 = EDGE_CURVE ( 'NONE', #1400, #1342, #7874, .T. ) ;
#4361 = EDGE_CURVE ( 'NONE', #1477, #1762, #7880, .T. ) ;
#4362 = EDGE_CURVE ( 'NONE', #5002, #5004, #7886, .T. ) ;
#4363 = EDGE_CURVE ( 'NONE', #4978, #4977, #142, .T. ) ;
#4364 = EDGE_CURVE ( 'NONE', #4885, #4993, #7898, .T. ) ;
#4365 = EDGE_CURVE ( 'NONE', #5841, #1350, #143, .T. ) ;
#4366 = EDGE_CURVE ( 'NONE', #5021, #4886, #7910, .T. ) ;
#4367 = EDGE_CURVE ( 'NONE', #5841, #2279, #7916, .T. ) ;
#4368 = EDGE_CURVE ( 'NONE', #4988, #4974, #7922, .T. ) ;
#4369 = EDGE_CURVE ( 'NONE', #4884, #4989, #7928, .T. ) ;
#4370 = EDGE_CURVE ( 'NONE', #4889, #4990, #7934, .T. ) ;
#4371 = EDGE_CURVE ( 'NONE', #4880, #4987, #7940, .T. ) ;
#4372 = EDGE_CURVE ( 'NONE', #5974, #4888, #7946, .T. ) ;
#4373 = EDGE_CURVE ( 'NONE', #1396, #1306, #99, .T. ) ;
#4374 = EDGE_CURVE ( 'NONE', #5973, #5974, #7958, .T. ) ;
#4375 = EDGE_CURVE ( 'NONE', #5973, #5029, #7964, .T. ) ;
#4376 = EDGE_CURVE ( 'NONE', #5972, #4882, #7970, .T. ) ;
#4377 = CONICAL_SURFACE ( 'NONE', #3122, 9.750000000000016000, 0.7853981633974794800 ) ;
#4378 = EDGE_CURVE ( 'NONE', #5974, #5972, #7976, .T. ) ;
#4379 = EDGE_CURVE ( 'NONE', #5971, #5019, #7982, .T. ) ;
#4380 = EDGE_CURVE ( 'NONE', #5972, #5971, #7988, .T. ) ;
#4381 = EDGE_CURVE ( 'NONE', #5970, #5024, #7994, .T. ) ;
#4382 = EDGE_CURVE ( 'NONE', #5971, #5970, #8000, .T. ) ;
#4383 = EDGE_CURVE ( 'NONE', #5979, #5023, #8006, .T. ) ;
#4384 = CIRCLE ( 'NONE', #3136, 18.49999999999999600 ) ;
#4385 = EDGE_CURVE ( 'NONE', #5970, #5979, #8012, .T. ) ;
#4386 = EDGE_CURVE ( 'NONE', #5979, #5973, #8018, .T. ) ;
#4387 = EDGE_CURVE ( 'NONE', #2075, #2403, #8024, .T. ) ;
#4388 = EDGE_CURVE ( 'NONE', #5937, #5958, #8030, .T. ) ;
#4389 = EDGE_CURVE ( 'NONE', #5958, #5959, #8036, .T. ) ;
#4390 = EDGE_CURVE ( 'NONE', #5978, #4988, #8042, .T. ) ;
#4391 = EDGE_CURVE ( 'NONE', #5977, #5978, #8048, .T. ) ;
#4392 = EDGE_CURVE ( 'NONE', #5977, #4986, #8054, .T. ) ;
#4393 = EDGE_CURVE ( 'NONE', #5976, #4974, #8060, .T. ) ;
#4394 = EDGE_CURVE ( 'NONE', #5978, #5976, #8066, .T. ) ;
#4395 = EDGE_CURVE ( 'NONE', #1859, #2412, #8072, .T. ) ;
#4396 = EDGE_CURVE ( 'NONE', #1487, #1880, #148, .T. ) ;
#4397 = EDGE_CURVE ( 'NONE', #2412, #1877, #147, .T. ) ;
#4398 = EDGE_CURVE ( 'NONE', #1646, #2403, #8090, .T. ) ;
#4399 = CIRCLE ( 'NONE', #3148, 9.500000000000001800 ) ;
#4400 = EDGE_CURVE ( 'NONE', #2164, #2098, #8096, .T. ) ;
#4401 = CIRCLE ( 'NONE', #3146, 17.50000000000002500 ) ;
#4402 = EDGE_CURVE ( 'NONE', #2408, #1702, #8102, .T. ) ;
#4403 = EDGE_CURVE ( 'NONE', #5005, #5008, #8108, .T. ) ;
#4404 = EDGE_CURVE ( 'NONE', #1834, #1806, #8114, .T. ) ;
#4405 = EDGE_CURVE ( 'NONE', #5786, #5210, #8120, .T. ) ;
#4406 = EDGE_CURVE ( 'NONE', #5943, #2099, #8126, .T. ) ;
#4407 = EDGE_CURVE ( 'NONE', #2117, #5001, #8132, .T. ) ;
#4408 = EDGE_CURVE ( 'NONE', #2307, #2098, #167, .T. ) ;
#4409 = EDGE_CURVE ( 'NONE', #5942, #2052, #8144, .T. ) ;
#4410 = EDGE_CURVE ( 'NONE', #1790, #1809, #8150, .T. ) ;
#4411 = EDGE_CURVE ( 'NONE', #1794, #1787, #140, .T. ) ;
#4412 = EDGE_CURVE ( 'NONE', #2182, #5007, #8162, .T. ) ;
#4413 = EDGE_CURVE ( 'NONE', #1646, #2223, #145, .T. ) ;
#4414 = EDGE_CURVE ( 'NONE', #5921, #1268, #4849, .T. ) ;
#4415 = EDGE_CURVE ( 'NONE', #1880, #2075, #8194, .T. ) ;
#4416 = EDGE_CURVE ( 'NONE', #5005, #2117, #8200, .T. ) ;
#4417 = EDGE_CURVE ( 'NONE', #4982, #5014, #8206, .T. ) ;
#4418 = EDGE_CURVE ( 'NONE', #4889, #4880, #8212, .T. ) ;
#4419 = EDGE_CURVE ( 'NONE', #2312, #2133, #8218, .T. ) ;
#4420 = CIRCLE ( 'NONE', #3145, 2.000000000000000000 ) ;
#4421 = EDGE_CURVE ( 'NONE', #4998, #1443, #8224, .T. ) ;
#4422 = EDGE_CURVE ( 'NONE', #2403, #1888, #293, .T. ) ;
#4423 = EDGE_CURVE ( 'NONE', #1880, #1646, #8236, .T. ) ;
#4424 = EDGE_CURVE ( 'NONE', #5008, #5001, #8242, .T. ) ;
#4425 = EDGE_CURVE ( 'NONE', #2103, #2039, #8248, .T. ) ;
#4426 = EDGE_CURVE ( 'NONE', #1893, #2197, #8254, .T. ) ;
#4427 = EDGE_CURVE ( 'NONE', #2366, #1262, #8260, .T. ) ;
#4428 = EDGE_CURVE ( 'NONE', #1430, #2268, #8266, .T. ) ;
#4429 = EDGE_CURVE ( 'NONE', #5016, #5044, #8272, .T. ) ;
#4430 = EDGE_CURVE ( 'NONE', #2268, #2240, #8278, .T. ) ;
#4431 = EDGE_CURVE ( 'NONE', #1807, #1383, #291, .T. ) ;
#4432 = EDGE_CURVE ( 'NONE', #1505, #1689, #8290, .T. ) ;
#4433 = EDGE_CURVE ( 'NONE', #4986, #4988, #8293, .T. ) ;
#4434 = EDGE_CURVE ( 'NONE', #4908, #4909, #299, .T. ) ;
#4435 = EDGE_CURVE ( 'NONE', #4910, #4949, #155, .T. ) ;
#4436 = EDGE_CURVE ( 'NONE', #1477, #5004, #8302, .T. ) ;
#4437 = EDGE_CURVE ( 'NONE', #4965, #4966, #149, .T. ) ;
#4438 = EDGE_CURVE ( 'NONE', #4909, #4906, #8308, .T. ) ;
#4439 = EDGE_CURVE ( 'NONE', #1807, #2325, #8311, .T. ) ;
#4440 = CIRCLE ( 'NONE', #3133, 17.50000000000000000 ) ;
#4441 = EDGE_CURVE ( 'NONE', #1719, #1807, #8314, .T. ) ;
#4442 = EDGE_CURVE ( 'NONE', #2198, #5478, #8317, .T. ) ;
#4443 = EDGE_CURVE ( 'NONE', #4887, #4996, #8320, .T. ) ;
#4444 = EDGE_CURVE ( 'NONE', #1787, #1780, #8323, .T. ) ;
#4445 = EDGE_CURVE ( 'NONE', #1812, #1639, #8326, .T. ) ;
#4446 = EDGE_CURVE ( 'NONE', #5912, #5264, #8329, .T. ) ;
#4447 = EDGE_CURVE ( 'NONE', #1262, #2062, #6384, .T. ) ;
#4448 = EDGE_CURVE ( 'NONE', #4954, #4953, #6723, .T. ) ;
#4449 = EDGE_CURVE ( 'NONE', #4885, #4884, #6883, .T. ) ;
#4450 = EDGE_CURVE ( 'NONE', #1780, #1799, #150, .T. ) ;
#4451 = EDGE_CURVE ( 'NONE', #1487, #2065, #6874, .T. ) ;
#4452 = EDGE_CURVE ( 'NONE', #5995, #4874, #6870, .T. ) ;
#4453 = EDGE_CURVE ( 'NONE', #4970, #4968, #6867, .T. ) ;
#4454 = EDGE_CURVE ( 'NONE', #5952, #5816, #6864, .T. ) ;
#4455 = EDGE_CURVE ( 'NONE', #2240, #2065, #219, .T. ) ;
#4456 = EDGE_CURVE ( 'NONE', #2401, #2217, #6857, .T. ) ;
#4457 = EDGE_CURVE ( 'NONE', #5939, #5038, #6852, .T. ) ;
#4458 = EDGE_CURVE ( 'NONE', #4907, #4906, #125, .T. ) ;
#4459 = EDGE_CURVE ( 'NONE', #5951, #5948, #6846, .T. ) ;
#4460 = EDGE_CURVE ( 'NONE', #4969, #4953, #6843, .T. ) ;
#4461 = EDGE_CURVE ( 'NONE', #4904, #4903, #6839, .T. ) ;
#4462 = EDGE_CURVE ( 'NONE', #4976, #4984, #122, .T. ) ;
#4463 = EDGE_CURVE ( 'NONE', #5009, #5956, #6833, .T. ) ;
#4464 = EDGE_CURVE ( 'NONE', #5934, #4874, #6829, .T. ) ;
#4465 = EDGE_CURVE ( 'NONE', #5981, #5982, #130, .T. ) ;
#4466 = EDGE_CURVE ( 'NONE', #5718, #5933, #6823, .T. ) ;
#4467 = EDGE_CURVE ( 'NONE', #4955, #4906, #6820, .T. ) ;
#4468 = EDGE_CURVE ( 'NONE', #2133, #1735, #6816, .T. ) ;
#4469 = EDGE_CURVE ( 'NONE', #5955, #5935, #6813, .T. ) ;
#4470 = EDGE_CURVE ( 'NONE', #1425, #1390, #6810, .T. ) ;
#4471 = EDGE_CURVE ( 'NONE', #5940, #5018, #6807, .T. ) ;
#4472 = EDGE_CURVE ( 'NONE', #4955, #4973, #6804, .T. ) ;
#4473 = EDGE_CURVE ( 'NONE', #4949, #4893, #6801, .T. ) ;
#4474 = EDGE_CURVE ( 'NONE', #5921, #1825, #6798, .T. ) ;
#4475 = EDGE_CURVE ( 'NONE', #2140, #1966, #6794, .T. ) ;
#4476 = EDGE_CURVE ( 'NONE', #4912, #4903, #210, .T. ) ;
#4477 = EDGE_CURVE ( 'NONE', #4876, #5959, #6787, .T. ) ;
#4478 = EDGE_CURVE ( 'NONE', #4893, #4905, #6784, .T. ) ;
#4479 = EDGE_CURVE ( 'NONE', #5922, #5011, #6781, .T. ) ;
#4480 = EDGE_CURVE ( 'NONE', #4951, #4950, #128, .T. ) ;
#4481 = EDGE_CURVE ( 'NONE', #5930, #5931, #134, .T. ) ;
#4482 = EDGE_CURVE ( 'NONE', #1966, #2102, #6772, .T. ) ;
#4483 = EDGE_CURVE ( 'NONE', #4903, #4912, #132, .T. ) ;
#4484 = EDGE_CURVE ( 'NONE', #4946, #4915, #271, .T. ) ;
#4485 = EDGE_CURVE ( 'NONE', #5038, #5941, #6762, .T. ) ;
#4486 = EDGE_CURVE ( 'NONE', #5996, #5924, #6759, .T. ) ;
#4487 = EDGE_CURVE ( 'NONE', #5020, #5957, #6756, .T. ) ;
#4488 = EDGE_CURVE ( 'NONE', #5929, #5926, #6753, .T. ) ;
#4489 = EDGE_CURVE ( 'NONE', #5030, #5996, #6750, .T. ) ;
#4490 = EDGE_CURVE ( 'NONE', #1780, #1790, #6747, .T. ) ;
#4491 = EDGE_CURVE ( 'NONE', #5928, #5923, #6744, .T. ) ;
#4492 = ADVANCED_FACE ( 'NONE', ( #2647 ), #2635, .F. ) ;
#4493 = EDGE_CURVE ( 'NONE', #4916, #4913, #159, .T. ) ;
#4494 = EDGE_CURVE ( 'NONE', #2023, #1425, #6735, .T. ) ;
#4495 = EDGE_CURVE ( 'NONE', #5492, #5099, #6732, .T. ) ;
#4496 = EDGE_CURVE ( 'NONE', #5029, #4888, #6729, .T. ) ;
#4497 = EDGE_CURVE ( 'NONE', #1799, #1780, #215, .T. ) ;
#4498 = EDGE_CURVE ( 'NONE', #4952, #4893, #137, .T. ) ;
#4499 = EDGE_CURVE ( 'NONE', #4908, #4907, #6719, .T. ) ;
#4500 = EDGE_CURVE ( 'NONE', #5023, #5029, #6715, .T. ) ;
#4501 = EDGE_CURVE ( 'NONE', #5028, #5937, #6712, .T. ) ;
#4502 = ADVANCED_FACE ( 'NONE', ( #2663 ), #207, .F. ) ;
#4503 = ADVANCED_FACE ( 'NONE', ( #2564 ), #6707, .T. ) ;
#4504 = EDGE_CURVE ( 'NONE', #4924, #4934, #6703, .T. ) ;
#4505 = EDGE_CURVE ( 'NONE', #4964, #4962, #110, .T. ) ;
#4506 = EDGE_CURVE ( 'NONE', #5946, #5011, #6696, .T. ) ;
#4507 = EDGE_CURVE ( 'NONE', #5935, #5263, #6690, .T. ) ;
#4508 = EDGE_CURVE ( 'NONE', #4938, #4936, #6687, .T. ) ;
#4509 = EDGE_CURVE ( 'NONE', #4905, #4912, #6684, .T. ) ;
#4510 = EDGE_CURVE ( 'NONE', #1377, #2372, #6681, .T. ) ;
#4511 = EDGE_CURVE ( 'NONE', #1348, #5000, #6678, .T. ) ;
#4512 = EDGE_CURVE ( 'NONE', #2197, #1478, #16, .T. ) ;
#4513 = CIRCLE ( 'NONE', #3151, 2.000000000000001800 ) ;
#4514 = EDGE_CURVE ( 'NONE', #1508, #2408, #6672, .T. ) ;
#4515 = EDGE_CURVE ( 'NONE', #2039, #2062, #6668, .T. ) ;
#4516 = ADVANCED_FACE ( 'NONE', ( #2658 ), #298, .F. ) ;
#4517 = EDGE_CURVE ( 'NONE', #5030, #5924, #6662, .T. ) ;
#4518 = EDGE_CURVE ( 'NONE', #2416, #2062, #6658, .T. ) ;
#4519 = EDGE_CURVE ( 'NONE', #2416, #2103, #6655, .T. ) ;
#4520 = EDGE_CURVE ( 'NONE', #1432, #2337, #32, .T. ) ;
#4521 = EDGE_CURVE ( 'NONE', #4928, #4938, #6649, .T. ) ;
#4522 = EDGE_CURVE ( 'NONE', #2230, #2337, #6646, .T. ) ;
#4523 = EDGE_CURVE ( 'NONE', #5816, #2386, #6642, .T. ) ;
#4524 = EDGE_CURVE ( 'NONE', #1806, #5937, #6639, .T. ) ;
#4525 = EDGE_CURVE ( 'NONE', #1849, #1795, #6636, .T. ) ;
#4526 = EDGE_CURVE ( 'NONE', #1508, #2344, #6632, .T. ) ;
#4527 = EDGE_CURVE ( 'NONE', #1383, #1430, #6629, .T. ) ;
#4528 = EDGE_CURVE ( 'NONE', #5006, #1782, #6626, .T. ) ;
#4529 = CIRCLE ( 'NONE', #3140, 14.50000000000000000 ) ;
#4530 = EDGE_CURVE ( 'NONE', #2366, #1893, #6622, .T. ) ;
#4531 = EDGE_CURVE ( 'NONE', #1998, #1719, #6619, .T. ) ;
#4532 = EDGE_CURVE ( 'NONE', #4940, #4944, #6616, .T. ) ;
#4533 = EDGE_CURVE ( 'NONE', #1739, #2267, #217, .T. ) ;
#4534 = EDGE_CURVE ( 'NONE', #4980, #4975, #156, .T. ) ;
#4535 = EDGE_CURVE ( 'NONE', #1373, #1400, #6605, .T. ) ;
#4536 = EDGE_CURVE ( 'NONE', #2117, #2182, #6602, .T. ) ;
#4537 = EDGE_CURVE ( 'NONE', #5004, #1693, #6598, .T. ) ;
#4538 = EDGE_CURVE ( 'NONE', #2358, #5002, #6594, .T. ) ;
#4539 = EDGE_CURVE ( 'NONE', #5912, #5921, #170, .T. ) ;
#4540 = EDGE_CURVE ( 'NONE', #5017, #5936, #6588, .T. ) ;
#4541 = EDGE_CURVE ( 'NONE', #5038, #4890, #6583, .T. ) ;
#4542 = EDGE_CURVE ( 'NONE', #1803, #1790, #211, .T. ) ;
#4543 = EDGE_CURVE ( 'NONE', #4939, #5841, #216, .T. ) ;
#4544 = EDGE_CURVE ( 'NONE', #4882, #5019, #6573, .T. ) ;
#4545 = EDGE_CURVE ( 'NONE', #4886, #4885, #133, .T. ) ;
#4546 = EDGE_CURVE ( 'NONE', #5110, #2267, #6566, .T. ) ;
#4547 = EDGE_CURVE ( 'NONE', #1790, #1803, #135, .T. ) ;
#4548 = EDGE_CURVE ( 'NONE', #1693, #1639, #6559, .T. ) ;
#4549 = EDGE_CURVE ( 'NONE', #1443, #2133, #129, .T. ) ;
#4550 = EDGE_CURVE ( 'NONE', #1762, #1812, #6552, .T. ) ;
#4551 = EDGE_CURVE ( 'NONE', #1784, #1809, #131, .T. ) ;
#4552 = EDGE_CURVE ( 'NONE', #1306, #1396, #124, .T. ) ;
#4553 = EDGE_CURVE ( 'NONE', #1998, #2039, #6543, .T. ) ;
#4554 = CIRCLE ( 'NONE', #3167, 4.250000000000003600 ) ;
#4555 = EDGE_CURVE ( 'NONE', #1280, #1275, #6540, .T. ) ;
#4556 = EDGE_CURVE ( 'NONE', #5110, #1502, #127, .T. ) ;
#4557 = EDGE_CURVE ( 'NONE', #5334, #5044, #6533, .T. ) ;
#4558 = EDGE_CURVE ( 'NONE', #1817, #5962, #6530, .T. ) ;
#4559 = EDGE_CURVE ( 'NONE', #1956, #2307, #6527, .T. ) ;
#4560 = EDGE_CURVE ( 'NONE', #5006, #1432, #6524, .T. ) ;
#4561 = CIRCLE ( 'NONE', #3162, 17.50000000000002500 ) ;
#4562 = EDGE_CURVE ( 'NONE', #2299, #2258, #6520, .T. ) ;
#4563 = EDGE_CURVE ( 'NONE', #1361, #1716, #6516, .T. ) ;
#4564 = EDGE_CURVE ( 'NONE', #1689, #2165, #6513, .T. ) ;
#4565 = EDGE_CURVE ( 'NONE', #1275, #1716, #6508, .T. ) ;
#4566 = EDGE_CURVE ( 'NONE', #1639, #5002, #14, .T. ) ;
#4567 = EDGE_CURVE ( 'NONE', #1812, #2358, #123, .T. ) ;
#4568 = EDGE_CURVE ( 'NONE', #1800, #2230, #158, .T. ) ;
#4569 = EDGE_CURVE ( 'NONE', #1782, #1800, #6494, .T. ) ;
#4570 = CIRCLE ( 'NONE', #3168, 9.817843488333981100 ) ;
#4571 = EDGE_CURVE ( 'NONE', #1809, #1784, #194, .T. ) ;
#4572 = CIRCLE ( 'NONE', #3169, 2.000000000000000000 ) ;
#4573 = CIRCLE ( 'NONE', #3165, 3.999999999999994700 ) ;
#4574 = CONICAL_SURFACE ( 'NONE', #3111, 13.25000000000000000, 0.8559877532163185900 ) ;
#4575 = CIRCLE ( 'NONE', #3170, 17.50000000000000000 ) ;
#4576 = CIRCLE ( 'NONE', #2878, 8.249999999999971600 ) ;
#4577 = CIRCLE ( 'NONE', #2890, 13.25000000000000000 ) ;
#4578 = CIRCLE ( 'NONE', #2892, 9.249999999999994700 ) ;
#4579 = CIRCLE ( 'NONE', #3082, 6.750000000000002700 ) ;
#4580 = CIRCLE ( 'NONE', #2894, 24.00000000000000400 ) ;
#4581 = CIRCLE ( 'NONE', #2978, 3.999999999999989800 ) ;
#4582 = CIRCLE ( 'NONE', #2974, 13.00000000000000000 ) ;
#4583 = CIRCLE ( 'NONE', #2977, 18.49999999999999600 ) ;
#4584 = CIRCLE ( 'NONE', #2965, 1.999999999999996700 ) ;
#4585 = CIRCLE ( 'NONE', #2961, 6.749999999999977800 ) ;
#4586 = CIRCLE ( 'NONE', #2958, 15.09558823529403400 ) ;
#4587 = CIRCLE ( 'NONE', #2954, 23.75000000000002100 ) ;
#4588 = CIRCLE ( 'NONE', #2952, 4.000000000000001800 ) ;
#4589 = CIRCLE ( 'NONE', #2945, 9.817843488333965100 ) ;
#4590 = CIRCLE ( 'NONE', #2941, 13.25000000000000000 ) ;
#4591 = TOROIDAL_SURFACE ( 'NONE', #2951, 3.404411764705957700, 15.09558823529403400 ) ;
#4592 = CIRCLE ( 'NONE', #2939, 6.749999999999990200 ) ;
#4593 = CIRCLE ( 'NONE', #2938, 9.249999999999994700 ) ;
#4594 = CIRCLE ( 'NONE', #2944, 3.999999999999989800 ) ;
#4595 = CIRCLE ( 'NONE', #2937, 14.25000000000000000 ) ;
#4596 = EDGE_CURVE ( 'NONE', #4935, #4917, #6486, .T. ) ;
#4597 = EDGE_CURVE ( 'NONE', #2103, #1267, #6483, .T. ) ;
#4598 = EDGE_CURVE ( 'NONE', #5680, #5603, #292, .T. ) ;
#4599 = ADVANCED_FACE ( 'NONE', ( #2486 ), #6477, .F. ) ;
#4600 = EDGE_CURVE ( 'NONE', #1719, #2366, #6473, .T. ) ;
#4601 = EDGE_CURVE ( 'NONE', #5923, #5927, #6467, .T. ) ;
#4602 = ADVANCED_FACE ( 'NONE', ( #2494 ), #6468, .F. ) ;
#4603 = EDGE_CURVE ( 'NONE', #1716, #2307, #6460, .T. ) ;
#4604 = ADVANCED_FACE ( 'NONE', ( #2498 ), #2493, .T. ) ;
#4605 = EDGE_CURVE ( 'NONE', #4880, #4985, #319, .T. ) ;
#4606 = EDGE_CURVE ( 'NONE', #5799, #4925, #6449, .T. ) ;
#4607 = EDGE_CURVE ( 'NONE', #4918, #4917, #4828, .T. ) ;
#4608 = EDGE_CURVE ( 'NONE', #4960, #4980, #6436, .T. ) ;
#4609 = EDGE_CURVE ( 'NONE', #4927, #4930, #6433, .T. ) ;
#4610 = EDGE_CURVE ( 'NONE', #4972, #4950, #225, .T. ) ;
#4611 = EDGE_CURVE ( 'NONE', #1370, #2008, #232, .T. ) ;
#4612 = EDGE_CURVE ( 'NONE', #5963, #5923, #6421, .T. ) ;
#4613 = EDGE_CURVE ( 'NONE', #4974, #4879, #6417, .T. ) ;
#4614 = EDGE_CURVE ( 'NONE', #2279, #1306, #6413, .T. ) ;
#4615 = EDGE_CURVE ( 'NONE', #2372, #1369, #6409, .T. ) ;
#4616 = EDGE_CURVE ( 'NONE', #1803, #1784, #6405, .T. ) ;
#4617 = EDGE_CURVE ( 'NONE', #2337, #2325, #4835, .T. ) ;
#4618 = EDGE_CURVE ( 'NONE', #5169, #5688, #240, .T. ) ;
#4619 = EDGE_CURVE ( 'NONE', #5668, #5394, #222, .T. ) ;
#4620 = EDGE_CURVE ( 'NONE', #1505, #2038, #6383, .T. ) ;
#4621 = EDGE_CURVE ( 'NONE', #2344, #1873, #6380, .T. ) ;
#4622 = EDGE_CURVE ( 'NONE', #5233, #2215, #6375, .T. ) ;
#4623 = EDGE_CURVE ( 'NONE', #5478, #5110, #6372, .T. ) ;
#4624 = EDGE_CURVE ( 'NONE', #4884, #4889, #223, .T. ) ;
#4625 = EDGE_CURVE ( 'NONE', #5044, #5099, #6365, .T. ) ;
#4626 = EDGE_CURVE ( 'NONE', #5151, #5334, #6361, .T. ) ;
#4627 = EDGE_CURVE ( 'NONE', #4883, #4887, #237, .T. ) ;
#4628 = EDGE_CURVE ( 'NONE', #5264, #1279, #151, .T. ) ;
#4629 = EDGE_CURVE ( 'NONE', #5264, #2008, #6350, .T. ) ;
#4630 = EDGE_CURVE ( 'NONE', #4925, #5054, #224, .T. ) ;
#4631 = EDGE_CURVE ( 'NONE', #4951, #4948, #221, .T. ) ;
#4632 = EDGE_CURVE ( 'NONE', #2217, #2028, #6341, .T. ) ;
#4633 = EDGE_CURVE ( 'NONE', #4888, #4882, #6338, .T. ) ;
#4634 = EDGE_CURVE ( 'NONE', #5233, #4939, #4830, .T. ) ;
#4635 = EDGE_CURVE ( 'NONE', #5720, #5680, #6324, .T. ) ;
#4636 = EDGE_CURVE ( 'NONE', #1262, #1998, #6320, .T. ) ;
#4637 = EDGE_CURVE ( 'NONE', #1355, #2126, #6317, .T. ) ;
#4638 = EDGE_CURVE ( 'NONE', #5234, #5169, #4837, .T. ) ;
#4639 = EDGE_CURVE ( 'NONE', #5923, #5960, #6310, .T. ) ;
#4640 = EDGE_CURVE ( 'NONE', #1502, #1739, #6307, .T. ) ;
#4641 = EDGE_CURVE ( 'NONE', #5270, #5161, #4845, .T. ) ;
#4642 = EDGE_CURVE ( 'NONE', #5688, #5506, #4833, .T. ) ;
#4643 = EDGE_CURVE ( 'NONE', #4965, #4967, #6295, .T. ) ;
#4644 = EDGE_CURVE ( 'NONE', #4923, #4899, #57, .T. ) ;
#4645 = EDGE_CURVE ( 'NONE', #5394, #5747, #6288, .T. ) ;
#4646 = EDGE_CURVE ( 'NONE', #4872, #5244, #290, .T. ) ;
#4647 = EDGE_CURVE ( 'NONE', #1782, #1859, #198, .T. ) ;
#4648 = EDGE_CURVE ( 'NONE', #2358, #1477, #6277, .T. ) ;
#4649 = EDGE_CURVE ( 'NONE', #4920, #4914, #233, .T. ) ;
#4650 = ADVANCED_FACE ( 'NONE', ( #2462 ), #253, .F. ) ;
#4651 = EDGE_CURVE ( 'NONE', #4892, #1859, #278, .T. ) ;
#4652 = EDGE_CURVE ( 'NONE', #4895, #4919, #196, .T. ) ;
#4653 = EDGE_CURVE ( 'NONE', #2165, #2247, #6261, .T. ) ;
#4654 = EDGE_CURVE ( 'NONE', #5169, #5133, #6258, .T. ) ;
#4655 = EDGE_CURVE ( 'NONE', #1888, #1702, #218, .T. ) ;
#4656 = EDGE_CURVE ( 'NONE', #5346, #5821, #26, .T. ) ;
#4657 = EDGE_CURVE ( 'NONE', #2395, #5003, #6249, .T. ) ;
#4658 = EDGE_CURVE ( 'NONE', #2395, #5005, #6246, .T. ) ;
#4659 = EDGE_CURVE ( 'NONE', #4919, #4920, #6242, .T. ) ;
#4660 = EDGE_CURVE ( 'NONE', #4931, #4926, #6239, .T. ) ;
#4661 = EDGE_CURVE ( 'NONE', #1428, #2362, #6236, .T. ) ;
#4662 = EDGE_CURVE ( 'NONE', #5279, #4945, #4, .T. ) ;
#4663 = EDGE_CURVE ( 'NONE', #2123, #1428, #6230, .T. ) ;
#4664 = EDGE_CURVE ( 'NONE', #1366, #2264, #289, .T. ) ;
#4665 = EDGE_CURVE ( 'NONE', #2065, #2075, #272, .T. ) ;
#4666 = ADVANCED_FACE ( 'NONE', ( #2561 ), #6221, .F. ) ;
#4667 = EDGE_CURVE ( 'NONE', #5747, #5010, #106, .T. ) ;
#4668 = EDGE_CURVE ( 'NONE', #1267, #2325, #27, .T. ) ;
#4669 = EDGE_CURVE ( 'NONE', #5144, #5478, #6209, .T. ) ;
#4670 = EDGE_CURVE ( 'NONE', #1430, #1505, #80, .T. ) ;
#4671 = EDGE_CURVE ( 'NONE', #2247, #1361, #6203, .T. ) ;
#4672 = EDGE_CURVE ( 'NONE', #5963, #5960, #6198, .T. ) ;
#4673 = EDGE_CURVE ( 'NONE', #2215, #1396, #6194, .T. ) ;
#4674 = EDGE_CURVE ( 'NONE', #5168, #5799, #181, .T. ) ;
#4675 = EDGE_CURVE ( 'NONE', #2126, #1357, #6188, .T. ) ;
#4676 = EDGE_CURVE ( 'NONE', #2305, #2401, #6185, .T. ) ;
#4677 = ADVANCED_FACE ( 'NONE', ( #8691 ), #6189, .F. ) ;
#4678 = EDGE_CURVE ( 'NONE', #5151, #2073, #6179, .T. ) ;
#4679 = ADVANCED_FACE ( 'NONE', ( #8530 ), #101, .F. ) ;
#4680 = EDGE_CURVE ( 'NONE', #5821, #5668, #6172, .T. ) ;
#4681 = EDGE_CURVE ( 'NONE', #5630, #5012, #65, .T. ) ;
#4682 = EDGE_CURVE ( 'NONE', #5168, #5054, #6163, .T. ) ;
#4683 = EDGE_CURVE ( 'NONE', #5573, #5476, #296, .T. ) ;
#4684 = EDGE_CURVE ( 'NONE', #4933, #5603, #6157, .T. ) ;
#4685 = EDGE_CURVE ( 'NONE', #4998, #2312, #279, .T. ) ;
#4686 = EDGE_CURVE ( 'NONE', #5964, #5927, #6151, .T. ) ;
#4687 = ADVANCED_FACE ( 'NONE', ( #8528 ), #6152, .T. ) ;
#4688 = ADVANCED_FACE ( 'NONE', ( #8676 ), #6145, .F. ) ;
#4689 = EDGE_CURVE ( 'NONE', #1279, #5264, #44, .T. ) ;
#4690 = EDGE_CURVE ( 'NONE', #5476, #5573, #277, .T. ) ;
#4691 = EDGE_CURVE ( 'NONE', #5210, #1377, #6130, .T. ) ;
#4692 = EDGE_CURVE ( 'NONE', #4881, #4883, #6127, .T. ) ;
#4693 = EDGE_CURVE ( 'NONE', #1340, #1373, #6124, .T. ) ;
#4694 = EDGE_CURVE ( 'NONE', #5022, #4983, #6121, .T. ) ;
#4695 = ADVANCED_FACE ( 'NONE', ( #9857 ), #8366, .T. ) ;
#4696 = EDGE_CURVE ( 'NONE', #5318, #5515, #98, .T. ) ;
#4697 = ADVANCED_FACE ( 'NONE', ( #8404 ), #9730, .T. ) ;
#4698 = EDGE_CURVE ( 'NONE', #5210, #5099, #6109, .T. ) ;
#4699 = EDGE_CURVE ( 'NONE', #1962, #1873, #6105, .T. ) ;
#4700 = EDGE_CURVE ( 'NONE', #4945, #4971, #62, .T. ) ;
#4701 = EDGE_CURVE ( 'NONE', #4891, #1962, #6099, .T. ) ;
#4702 = EDGE_CURVE ( 'NONE', #2247, #2391, #6096, .T. ) ;
#4703 = EDGE_CURVE ( 'NONE', #5010, #5012, #6093, .T. ) ;
#4704 = ADVANCED_FACE ( 'NONE', ( #8407 ), #6100, .F. ) ;
#4705 = EDGE_CURVE ( 'NONE', #1859, #1487, #6087, .T. ) ;
#4706 = EDGE_CURVE ( 'NONE', #4935, #2408, #205, .T. ) ;
#4707 = EDGE_CURVE ( 'NONE', #2328, #1366, #6078, .T. ) ;
#4708 = EDGE_CURVE ( 'NONE', #5745, #5647, #177, .T. ) ;
#4709 = EDGE_CURVE ( 'NONE', #2230, #2197, #4850, .T. ) ;
#4710 = EDGE_CURVE ( 'NONE', #1357, #1372, #6060, .T. ) ;
#4711 = EDGE_CURVE ( 'NONE', #5467, #5132, #276, .T. ) ;
#4712 = EDGE_CURVE ( 'NONE', #5423, #5432, #186, .T. ) ;
#4713 = EDGE_CURVE ( 'NONE', #4915, #4946, #307, .T. ) ;
#4714 = EDGE_CURVE ( 'NONE', #5133, #5598, #4840, .T. ) ;
#4715 = EDGE_CURVE ( 'NONE', #4930, #4931, #6043, .T. ) ;
#4716 = EDGE_CURVE ( 'NONE', #2028, #2305, #6040, .T. ) ;
#4717 = EDGE_CURVE ( 'NONE', #5961, #1817, #6037, .T. ) ;
#4718 = EDGE_CURVE ( 'NONE', #1794, #1799, #6034, .T. ) ;
#4719 = EDGE_CURVE ( 'NONE', #5017, #4876, #6030, .T. ) ;
#4720 = ADVANCED_FACE ( 'NONE', ( #8362 ), #6044, .T. ) ;
#4721 = EDGE_CURVE ( 'NONE', #2223, #1888, #6024, .T. ) ;
#4722 = EDGE_CURVE ( 'NONE', #1372, #1355, #6020, .T. ) ;
#4723 = EDGE_CURVE ( 'NONE', #1762, #1693, #6017, .T. ) ;
#4724 = EDGE_CURVE ( 'NONE', #5938, #5927, #6014, .T. ) ;
#4725 = EDGE_CURVE ( 'NONE', #4971, #5598, #6011, .T. ) ;
#4726 = EDGE_CURVE ( 'NONE', #5530, #5818, #81, .T. ) ;
#4727 = EDGE_CURVE ( 'NONE', #5467, #5740, #2, .T. ) ;
#4728 = EDGE_CURVE ( 'NONE', #2217, #2126, #6001, .T. ) ;
#4729 = EDGE_CURVE ( 'NONE', #4944, #4943, #5998, .T. ) ;
#4730 = ADVANCED_FACE ( 'NONE', ( #8402 ), #6003, .F. ) ;
#4731 = EDGE_CURVE ( 'NONE', #1962, #2223, #185, .T. ) ;
#4732 = ADVANCED_FACE ( 'NONE', ( #8644 ), #6282, .T. ) ;
#4733 = EDGE_CURVE ( 'NONE', #5818, #5530, #201, .T. ) ;
#4734 = ADVANCED_FACE ( 'NONE', ( #8536 ), #6243, .F. ) ;
#4735 = EDGE_CURVE ( 'NONE', #5961, #5962, #6363, .T. ) ;
#4736 = EDGE_CURVE ( 'NONE', #5964, #5938, #6414, .T. ) ;
#4737 = EDGE_CURVE ( 'NONE', #2280, #1348, #6841, .T. ) ;
#4738 = EDGE_CURVE ( 'NONE', #5691, #5569, #6422, .T. ) ;
#4739 = EDGE_CURVE ( 'NONE', #2305, #1929, #6195, .T. ) ;
#4740 = EDGE_CURVE ( 'NONE', #4904, #4905, #78, .T. ) ;
#4741 = EDGE_CURVE ( 'NONE', #5014, #5021, #64, .T. ) ;
#4742 = ADVANCED_FACE ( 'NONE', ( #8549 ), #8565, .T. ) ;
#4743 = EDGE_CURVE ( 'NONE', #4977, #4984, #6358, .T. ) ;
#4744 = ADVANCED_FACE ( 'NONE', ( #8585 ), #6792, .T. ) ;
#4745 = ADVANCED_FACE ( 'NONE', ( #8571 ), #8574, .T. ) ;
#4746 = EDGE_CURVE ( 'NONE', #5747, #5348, #6115, .T. ) ;
#4747 = EDGE_CURVE ( 'NONE', #1342, #1372, #37, .T. ) ;
#4748 = EDGE_CURVE ( 'NONE', #4970, #4969, #229, .T. ) ;
#4749 = EDGE_CURVE ( 'NONE', #2391, #1689, #6366, .T. ) ;
#4750 = EDGE_CURVE ( 'NONE', #5003, #5008, #6796, .T. ) ;
#4751 = ADVANCED_FACE ( 'NONE', ( #8620 ), #8612, .F. ) ;
#4752 = ADVANCED_FACE ( 'NONE', ( #8462 ), #6273, .F. ) ;
#4753 = EDGE_CURVE ( 'NONE', #4975, #4980, #54, .T. ) ;
#4754 = EDGE_CURVE ( 'NONE', #5665, #5691, #287, .T. ) ;
#4755 = EDGE_CURVE ( 'NONE', #5012, #5630, #91, .T. ) ;
#4756 = EDGE_CURVE ( 'NONE', #4933, #4963, #197, .T. ) ;
#4757 = EDGE_CURVE ( 'NONE', #1361, #1280, #6946, .T. ) ;
#4758 = EDGE_CURVE ( 'NONE', #5573, #5647, #6938, .T. ) ;
#4759 = ADVANCED_FACE ( 'NONE', ( #8468 ), #6930, .T. ) ;
#4760 = EDGE_CURVE ( 'NONE', #5132, #5740, #8, .T. ) ;
#4761 = EDGE_CURVE ( 'NONE', #4924, #4923, #6227, .T. ) ;
#4762 = EDGE_CURVE ( 'NONE', #4963, #4933, #184, .T. ) ;
#4763 = EDGE_CURVE ( 'NONE', #4934, #4937, #6912, .T. ) ;
#4764 = ADVANCED_FACE ( 'NONE', ( #8460 ), #6898, .F. ) ;
#4765 = EDGE_CURVE ( 'NONE', #5569, #5346, #282, .T. ) ;
#4766 = EDGE_CURVE ( 'NONE', #5467, #5530, #6924, .T. ) ;
#4767 = ADVANCED_FACE ( 'NONE', ( #8476 ), #8513, .F. ) ;
#4768 = EDGE_CURVE ( 'NONE', #5151, #5786, #6891, .T. ) ;
#4769 = EDGE_CURVE ( 'NONE', #4936, #4935, #4825, .T. ) ;
#4770 = EDGE_CURVE ( 'NONE', #5492, #5210, #6915, .T. ) ;
#4771 = EDGE_CURVE ( 'NONE', #4956, #4957, #286, .T. ) ;
#4772 = EDGE_CURVE ( 'NONE', #5515, #5318, #213, .T. ) ;
#4773 = EDGE_CURVE ( 'NONE', #5924, #5932, #6933, .T. ) ;
#4774 = EDGE_CURVE ( 'NONE', #5688, #5161, #6939, .T. ) ;
#4775 = EDGE_CURVE ( 'NONE', #4934, #4921, #6945, .T. ) ;
#4776 = EDGE_CURVE ( 'NONE', #5007, #5003, #23, .T. ) ;
#4777 = ADVANCED_FACE ( 'NONE', ( #8776 ), #970, .F. ) ;
#4778 = EDGE_CURVE ( 'NONE', #4891, #2357, #496, .T. ) ;
#4779 = EDGE_CURVE ( 'NONE', #4949, #4948, #38, .T. ) ;
#4780 = EDGE_CURVE ( 'NONE', #1383, #1432, #452, .T. ) ;
#4781 = EDGE_CURVE ( 'NONE', #4985, #4981, #824, .T. ) ;
#4782 = EDGE_CURVE ( 'NONE', #5054, #5665, #4834, .T. ) ;
#4783 = ADVANCED_FACE ( 'NONE', ( #9974 ), #764, .T. ) ;
#4784 = EDGE_CURVE ( 'NONE', #2182, #2395, #3, .T. ) ;
#4785 = ADVANCED_FACE ( 'NONE', ( #8752 ), #7, .T. ) ;
#4786 = ADVANCED_FACE ( 'NONE', ( #9973 ), #786, .F. ) ;
#4787 = EDGE_CURVE ( 'NONE', #1348, #4998, #552, .T. ) ;
#4788 = EDGE_CURVE ( 'NONE', #5515, #4933, #13, .T. ) ;
#4789 = EDGE_CURVE ( 'NONE', #4956, #4958, #584, .T. ) ;
#4790 = ADVANCED_FACE ( 'NONE', ( #8771 ), #8344, .F. ) ;
#4791 = EDGE_CURVE ( 'NONE', #4877, #5025, #274, .T. ) ;
#4792 = EDGE_CURVE ( 'NONE', #5020, #5009, #183, .T. ) ;
#4793 = EDGE_CURVE ( 'NONE', #4932, #4942, #113, .T. ) ;
#4794 = EDGE_CURVE ( 'NONE', #4926, #4918, #116, .T. ) ;
#4795 = ADVANCED_FACE ( 'NONE', ( #8928 ), #111, .F. ) ;
#4796 = EDGE_CURVE ( 'NONE', #5019, #5024, #976, .T. ) ;
#4797 = ADVANCED_FACE ( 'NONE', ( #9826 ), #684, .F. ) ;
#4798 = ADVANCED_FACE ( 'NONE', ( #8627 ), #8892, .T. ) ;
#4799 = EDGE_CURVE ( 'NONE', #4919, #4911, #604, .T. ) ;
#4800 = EDGE_CURVE ( 'NONE', #5161, #5133, #311, .T. ) ;
#4801 = EDGE_CURVE ( 'NONE', #4982, #4979, #330, .T. ) ;
#4802 = ADVANCED_FACE ( 'NONE', ( #9990 ), #460, .F. ) ;
#4803 = ADVANCED_FACE ( 'NONE', ( #9983 ), #350, .F. ) ;
#4804 = ADVANCED_FACE ( 'NONE', ( #9985 ), #626, .F. ) ;
#4805 = ADVANCED_FACE ( 'NONE', ( #9982 ), #9980, .T. ) ;
#4806 = EDGE_CURVE ( 'NONE', #1825, #5517, #756, .T. ) ;
#4807 = EDGE_CURVE ( 'NONE', #4878, #4881, #273, .T. ) ;
#4808 = EDGE_CURVE ( 'NONE', #5570, #5432, #117, .T. ) ;
#4809 = EDGE_CURVE ( 'NONE', #5346, #5630, #868, .T. ) ;
#4810 = EDGE_CURVE ( 'NONE', #5001, #5007, #616, .T. ) ;
#4811 = ADVANCED_FACE ( 'NONE', ( #9976 ), #860, .T. ) ;
#4812 = EDGE_CURVE ( 'NONE', #4929, #4921, #404, .T. ) ;
#4813 = EDGE_CURVE ( 'NONE', #5928, #1838, #412, .T. ) ;
#4814 = EDGE_CURVE ( 'NONE', #1739, #5514, #782, .T. ) ;
#4815 = EDGE_CURVE ( 'NONE', #5000, #1443, #888, .T. ) ;
#4816 = B_SPLINE_CURVE_WITH_KNOTS ( 'NONE', 3,
 ( #2237, #1371, #2242, #1727 ),
 .UNSPECIFIED., .F., .F.,
 ( 4, 4 ),
 ( 0.0000000000000000000, 0.002071660647186138400 ),
 .UNSPECIFIED. ) ;
#4817 = B_SPLINE_CURVE_WITH_KNOTS ( 'NONE', 3,
 ( #2316, #1816, #2244, #1413, #1724, #2209, #2319, #1656, #1896, #1654 ),
 .UNSPECIFIED., .F., .F.,
 ( 4, 2, 2, 2, 4 ),
 ( 0.0000000000000000000, 0.0004695840335093722500, 0.0009391680670187444900, 0.001408752100528116700, 0.001878336134037489000 ),
 .UNSPECIFIED. ) ;
#4818 = ADVANCED_BREP_SHAPE_REPRESENTATION ( '', ( #4843, #8368 ), #7223 ) ;
#4819 = UNCERTAINTY_MEASURE_WITH_UNIT (LENGTH_MEASURE( 1.000000000000000100E-005 ), #3309, 'distance_accuracy_value', 'NONE');
#4820 = PERSON ( 'NAUO-PER1', 'UNSPECIFIED', 'UNSPECIFIED', ('UNSPECIFIED'), ('UNSPECIFIED'), ('UNSPECIFIED') ) ;
#4821 = ADVANCED_BREP_SHAPE_REPRESENTATION ( '', ( #4856, #8368 ), #7222 ) ;
#4822 = UNCERTAINTY_MEASURE_WITH_UNIT (LENGTH_MEASURE( 1.000000000000000100E-005 ), #3326, 'distance_accuracy_value', 'NONE');
#4823 = B_SPLINE_CURVE_WITH_KNOTS ( 'NONE', 3,
 ( #1462, #1819, #2402, #2125, #2255, #1740, #1741, #1677 ),
 .UNSPECIFIED., .F., .F.,
 ( 4, 2, 2, 4 ),
 ( 0.0000000000000000000, 0.0004306983451602319100, 0.0008613966903204638300, 0.001722793380640923500 ),
 .UNSPECIFIED. ) ;
#4824 = ADVANCED_BREP_SHAPE_REPRESENTATION ( '', ( #4870, #4851, #4853, #4841, #4871, #8368 ), #7224 ) ;
#4825 = B_SPLINE_CURVE_WITH_KNOTS ( 'NONE', 3,
 ( #6897, #6899, #6901, #6903, #6905, #6907, #6909, #6911 ),
 .UNSPECIFIED., .F., .F.,
 ( 4, 2, 2, 4 ),
 ( 0.0000000000000000000, 0.0004307034502623254700, 0.0008614069005246509400, 0.001722813801049297800 ),
 .UNSPECIFIED. ) ;
#4826 = UNCERTAINTY_MEASURE_WITH_UNIT (LENGTH_MEASURE( 1.000000000000000100E-005 ), #3292, 'distance_accuracy_value', 'NONE');
#4827 = UNCERTAINTY_MEASURE_WITH_UNIT (LENGTH_MEASURE( 1.000000000000000100E-005 ), #3373, 'distance_accuracy_value', 'NONE');
#4828 = B_SPLINE_CURVE_WITH_KNOTS ( 'NONE', 3,
 ( #6451, #6446, #6445, #6444, #6443, #6442, #6441, #6440, #6439, #6438 ),
 .UNSPECIFIED., .F., .F.,
 ( 4, 2, 2, 2, 4 ),
 ( 0.0000000000000000000, 0.0004695840335093721900, 0.0009391680670187443900, 0.001408752100528116500, 0.001878336134037488800 ),
 .UNSPECIFIED. ) ;
#4829 = PERSON ( 'UNSPECIFIED', 'UNSPECIFIED', 'UNSPECIFIED', ('UNSPECIFIED'), ('UNSPECIFIED'), ('UNSPECIFIED') ) ;
#4830 = B_SPLINE_CURVE_WITH_KNOTS ( 'NONE', 3,
 ( #6342, #6335, #6334, #6332, #6331, #6330, #6329, #6328, #6327, #6326 ),
 .UNSPECIFIED., .F., .F.,
 ( 4, 2, 2, 2, 4 ),
 ( 0.01385976462474995800, 0.01479126971911458700, 0.01572277481347921600, 0.01665427990784384300, 0.01758578500220847300 ),
 .UNSPECIFIED. ) ;
#4831 = UNCERTAINTY_MEASURE_WITH_UNIT (LENGTH_MEASURE( 1.000000000000000100E-005 ), #3269, 'distance_accuracy_value', 'NONE');
#4832 = ADVANCED_BREP_SHAPE_REPRESENTATION ( '', ( #4852, #8368 ), #7221 ) ;
#4833 = B_SPLINE_CURVE_WITH_KNOTS ( 'NONE', 3,
 ( #6300, #6299, #6298, #6297 ),
 .UNSPECIFIED., .F., .F.,
 ( 4, 4 ),
 ( 0.0000000000000000000, 0.002071660647186405500 ),
 .UNSPECIFIED. ) ;
#4834 = B_SPLINE_CURVE_WITH_KNOTS ( 'NONE', 3,
 ( #806, #772, #736, #830 ),
 .UNSPECIFIED., .F., .F.,
 ( 4, 4 ),
 ( 0.0000000000000000000, 0.002071660647186135300 ),
 .UNSPECIFIED. ) ;
#4835 = B_SPLINE_CURVE_WITH_KNOTS ( 'NONE', 3,
 ( #6424, #6401, #6400, #6398, #6396, #6395, #6394, #6393 ),
 .UNSPECIFIED., .F., .F.,
 ( 4, 2, 2, 4 ),
 ( 0.0000000000000000000, 0.0004306983451602078400, 0.0008613966903204156900, 0.001722793380640902500 ),
 .UNSPECIFIED. ) ;
#4836 = B_SPLINE_CURVE_WITH_KNOTS ( 'NONE', 3,
 ( #2084, #2289, #2187, #2392, #2373, #1303, #2210, #1758 ),
 .UNSPECIFIED., .F., .F.,
 ( 4, 2, 2, 4 ),
 ( 0.0000000000000000000, 0.0004307034502623207500, 0.0008614069005246415100, 0.001722813801049283000 ),
 .UNSPECIFIED. ) ;
#4837 = B_SPLINE_CURVE_WITH_KNOTS ( 'NONE', 3,
 ( #6325, #6314, #6313, #6312 ),
 .UNSPECIFIED., .F., .F.,
 ( 4, 4 ),
 ( 0.0000000000000000000, 0.002071660647186407200 ),
 .UNSPECIFIED. ) ;
#4838 = B_SPLINE_CURVE_WITH_KNOTS ( 'NONE', 3,
 ( #1322, #1321, #1611, #1614, #1613, #1845, #1779, #1826, #2293, #1786 ),
 .UNSPECIFIED., .F., .F.,
 ( 4, 2, 2, 2, 4 ),
 ( 0.0000000000000000000, 0.0004695840335093663400, 0.0009391680670187326800, 0.001408752100528099000, 0.001878336134037465400 ),
 .UNSPECIFIED. ) ;
#4839 = B_SPLINE_CURVE_WITH_KNOTS ( 'NONE', 3,
 ( #1582, #1587, #1311, #1274, #2261, #2157, #1988, #2143, #1548, #2105 ),
 .UNSPECIFIED., .F., .F.,
 ( 4, 2, 2, 2, 4 ),
 ( 0.01013124474619716100, 0.01106337471583536100, 0.01199550468547356000, 0.01292763465511175900, 0.01385976462474995800 ),
 .UNSPECIFIED. ) ;
#4840 = B_SPLINE_CURVE_WITH_KNOTS ( 'NONE', 3,
 ( #6049, #6048, #6047, #6045 ),
 .UNSPECIFIED., .F., .F.,
 ( 4, 4 ),
 ( 0.0000000000000000000, 0.002071660647186405500 ),
 .UNSPECIFIED. ) ;
#4841 = MANIFOLD_SOLID_BREP ( 'Revolve2', #3203 ) ;
#4842 = PERSON ( 'NAUO-PER3', 'UNSPECIFIED', 'UNSPECIFIED', ('UNSPECIFIED'), ('UNSPECIFIED'), ('UNSPECIFIED') ) ;
#4843 = MANIFOLD_SOLID_BREP ( 'Chamfer1', #3097 ) ;
#4844 = DESIGN_CONTEXT ( 'detailed design', #3221, 'design' ) ;
#4845 = B_SPLINE_CURVE_WITH_KNOTS ( 'NONE', 3,
 ( #6311, #6303, #6302, #6301 ),
 .UNSPECIFIED., .F., .F.,
 ( 4, 4 ),
 ( 0.0000000000000000000, 0.002071660647186407200 ),
 .UNSPECIFIED. ) ;
#4846 = B_SPLINE_CURVE_WITH_KNOTS ( 'NONE', 3,
 ( #7971, #7955, #7905, #7903, #7829, #7901, #7911, #7915, #7913, #7909 ),
 .UNSPECIFIED., .F., .F.,
 ( 4, 2, 2, 2, 4 ),
 ( 4.353768602029550500E-020, 0.0009339594275953749500, 0.001867918855190749900, 0.002801878282786125100, 0.003735837710381499800 ),
 .UNSPECIFIED. ) ;
#4847 = B_SPLINE_CURVE_WITH_KNOTS ( 'NONE', 3,
 ( #7375, #7245, #7615, #7789 ),
 .UNSPECIFIED., .F., .F.,
 ( 4, 4 ),
 ( 0.0000000000000000000, 0.002071660647186138400 ),
 .UNSPECIFIED. ) ;
#4848 = PRODUCT_DEFINITION_SHAPE ( 'NONE', 'NONE',  #9994 ) ;
#4849 = B_SPLINE_CURVE_WITH_KNOTS ( 'NONE', 3,
 ( #8172, #8174, #8176, #8178, #8180, #8182, #8184, #8186, #8188, #8190 ),
 .UNSPECIFIED., .F., .F.,
 ( 4, 2, 2, 2, 4 ),
 ( 0.02401000284467046800, 0.02494180749441880100, 0.02587361214416713400, 0.02680541679391546700, 0.02773722144366380000 ),
 .UNSPECIFIED. ) ;
#4850 = B_SPLINE_CURVE_WITH_KNOTS ( 'NONE', 3,
 ( #6073, #6072, #6071, #6070, #6068, #6067, #6066, #6065, #6064, #6063 ),
 .UNSPECIFIED., .F., .F.,
 ( 4, 2, 2, 2, 4 ),
 ( 0.0000000000000000000, 0.0004695840335093666100, 0.0009391680670187332200, 0.001408752100528099800, 0.001878336134037466400 ),
 .UNSPECIFIED. ) ;
#4851 = MANIFOLD_SOLID_BREP ( 'Chamfer2', #3201 ) ;
#4852 = MANIFOLD_SOLID_BREP ( 'Chamfer2', #3202 ) ;
#4853 = MANIFOLD_SOLID_BREP ( 'Extrude7', #2502 ) ;
#4854 = PERSON ( 'NAUO-PER4', 'UNSPECIFIED', 'UNSPECIFIED', ('UNSPECIFIED'), ('UNSPECIFIED'), ('UNSPECIFIED') ) ;
#4855 = B_SPLINE_CURVE_WITH_KNOTS ( 'NONE', 3,
 ( #7787, #7423, #7583, #7409 ),
 .UNSPECIFIED., .F., .F.,
 ( 4, 4 ),
 ( 0.0000000000000000000, 0.002071660647186135300 ),
 .UNSPECIFIED. ) ;
#4856 = MANIFOLD_SOLID_BREP ( 'Chamfer2', #3200 ) ;
#4857 = PERSON ( 'NAUO-PER2', 'UNSPECIFIED', 'UNSPECIFIED', ('UNSPECIFIED'), ('UNSPECIFIED'), ('UNSPECIFIED') ) ;
#4858 = PRODUCT_DEFINITION_SHAPE ( 'NONE', 'NONE',  #314 ) ;
#4859 = PRODUCT_DEFINITION_SHAPE ( 'NONE', 'NONE',  #31 ) ;
#4860 = DESIGN_CONTEXT ( 'detailed design', #3215, 'design' ) ;
#4861 = PRODUCT_DEFINITION_SHAPE ( 'NONE', 'NONE',  #9996 ) ;
#4862 = PRODUCT_DEFINITION_SHAPE ( 'NONE', 'NONE',  #9997 ) ;
#4863 = DESIGN_CONTEXT ( 'detailed design', #3212, 'design' ) ;
#4864 = PRODUCT_DEFINITION_SHAPE ( 'NONE', 'NONE',  #9995 ) ;
#4865 = DESIGN_CONTEXT ( 'detailed design', #3217, 'design' ) ;
#4866 = PRODUCT_DEFINITION_SHAPE ( 'NONE', 'NONE',  #297 ) ;
#4867 = PRODUCT_DEFINITION_SHAPE ( 'NONE', 'NONE',  #93 ) ;
#4868 = PRODUCT_DEFINITION_SHAPE ( 'NONE', 'NONE',  #47 ) ;
#4869 = DESIGN_CONTEXT ( 'detailed design', #3219, 'design' ) ;
#4870 = MANIFOLD_SOLID_BREP ( 'Extrude3', #2560 ) ;
#4871 = MANIFOLD_SOLID_BREP ( 'Extrude10', #2686 ) ;
#4872 = VERTEX_POINT ( 'NONE', #838 ) ;
#4873 = VERTEX_POINT ( 'NONE', #958 ) ;
#4874 = VERTEX_POINT ( 'NONE', #532 ) ;
#4875 = VERTEX_POINT ( 'NONE', #940 ) ;
#4876 = VERTEX_POINT ( 'NONE', #534 ) ;
#4877 = VERTEX_POINT ( 'NONE', #924 ) ;
#4878 = VERTEX_POINT ( 'NONE', #738 ) ;
#4879 = VERTEX_POINT ( 'NONE', #912 ) ;
#4880 = VERTEX_POINT ( 'NONE', #678 ) ;
#4881 = VERTEX_POINT ( 'NONE', #542 ) ;
#4882 = VERTEX_POINT ( 'NONE', #326 ) ;
#4883 = VERTEX_POINT ( 'NONE', #442 ) ;
#4884 = VERTEX_POINT ( 'NONE', #518 ) ;
#4885 = VERTEX_POINT ( 'NONE', #570 ) ;
#4886 = VERTEX_POINT ( 'NONE', #556 ) ;
#4887 = VERTEX_POINT ( 'NONE', #540 ) ;
#4888 = VERTEX_POINT ( 'NONE', #334 ) ;
#4889 = VERTEX_POINT ( 'NONE', #972 ) ;
#4890 = VERTEX_POINT ( 'NONE', #324 ) ;
#4891 = VERTEX_POINT ( 'NONE', #464 ) ;
#4892 = VERTEX_POINT ( 'NONE', #482 ) ;
#4893 = VERTEX_POINT ( 'NONE', #422 ) ;
#4894 = VERTEX_POINT ( 'NONE', #382 ) ;
#4895 = VERTEX_POINT ( 'NONE', #346 ) ;
#4896 = VERTEX_POINT ( 'NONE', #362 ) ;
#4897 = VERTEX_POINT ( 'NONE', #858 ) ;
#4898 = VERTEX_POINT ( 'NONE', #974 ) ;
#4899 = VERTEX_POINT ( 'NONE', #432 ) ;
#4900 = VERTEX_POINT ( 'NONE', #458 ) ;
#4901 = VERTEX_POINT ( 'NONE', #628 ) ;
#4902 = VERTEX_POINT ( 'NONE', #656 ) ;
#4903 = VERTEX_POINT ( 'NONE', #632 ) ;
#4904 = VERTEX_POINT ( 'NONE', #620 ) ;
#4905 = VERTEX_POINT ( 'NONE', #536 ) ;
#4906 = VERTEX_POINT ( 'NONE', #638 ) ;
#4907 = VERTEX_POINT ( 'NONE', #700 ) ;
#4908 = VERTEX_POINT ( 'NONE', #664 ) ;
#4909 = VERTEX_POINT ( 'NONE', #720 ) ;
#4910 = VERTEX_POINT ( 'NONE', #750 ) ;
#4911 = VERTEX_POINT ( 'NONE', #766 ) ;
#4912 = VERTEX_POINT ( 'NONE', #872 ) ;
#4913 = VERTEX_POINT ( 'NONE', #850 ) ;
#4914 = VERTEX_POINT ( 'NONE', #594 ) ;
#4915 = VERTEX_POINT ( 'NONE', #920 ) ;
#4916 = VERTEX_POINT ( 'NONE', #980 ) ;
#4917 = VERTEX_POINT ( 'NONE', #934 ) ;
#4918 = VERTEX_POINT ( 'NONE', #580 ) ;
#4919 = VERTEX_POINT ( 'NONE', #948 ) ;
#4920 = VERTEX_POINT ( 'NONE', #450 ) ;
#4921 = VERTEX_POINT ( 'NONE', #832 ) ;
#4922 = VERTEX_POINT ( 'NONE', #794 ) ;
#4923 = VERTEX_POINT ( 'NONE', #748 ) ;
#4924 = VERTEX_POINT ( 'NONE', #762 ) ;
#4925 = VERTEX_POINT ( 'NONE', #962 ) ;
#4926 = VERTEX_POINT ( 'NONE', #800 ) ;
#4927 = VERTEX_POINT ( 'NONE', #400 ) ;
#4928 = VERTEX_POINT ( 'NONE', #608 ) ;
#4929 = VERTEX_POINT ( 'NONE', #828 ) ;
#4930 = VERTEX_POINT ( 'NONE', #502 ) ;
#4931 = VERTEX_POINT ( 'NONE', #646 ) ;
#4932 = VERTEX_POINT ( 'NONE', #892 ) ;
#4933 = VERTEX_POINT ( 'NONE', #440 ) ;
#4934 = VERTEX_POINT ( 'NONE', #788 ) ;
#4935 = VERTEX_POINT ( 'NONE', #582 ) ;
#4936 = VERTEX_POINT ( 'NONE', #826 ) ;
#4937 = VERTEX_POINT ( 'NONE', #510 ) ;
#4938 = VERTEX_POINT ( 'NONE', #480 ) ;
#4939 = VERTEX_POINT ( 'NONE', #618 ) ;
#4940 = VERTEX_POINT ( 'NONE', #512 ) ;
#4941 = VERTEX_POINT ( 'NONE', #648 ) ;
#4942 = VERTEX_POINT ( 'NONE', #680 ) ;
#4943 = VERTEX_POINT ( 'NONE', #410 ) ;
#4944 = VERTEX_POINT ( 'NONE', #454 ) ;
#4945 = VERTEX_POINT ( 'NONE', #380 ) ;
#4946 = VERTEX_POINT ( 'NONE', #366 ) ;
#4947 = VERTEX_POINT ( 'NONE', #474 ) ;
#4948 = VERTEX_POINT ( 'NONE', #544 ) ;
#4949 = VERTEX_POINT ( 'NONE', #376 ) ;
#4950 = VERTEX_POINT ( 'NONE', #448 ) ;
#4951 = VERTEX_POINT ( 'NONE', #796 ) ;
#4952 = VERTEX_POINT ( 'NONE', #560 ) ;
#4953 = VERTEX_POINT ( 'NONE', #624 ) ;
#4954 = VERTEX_POINT ( 'NONE', #394 ) ;
#4955 = VERTEX_POINT ( 'NONE', #822 ) ;
#4956 = VERTEX_POINT ( 'NONE', #696 ) ;
#4957 = VERTEX_POINT ( 'NONE', #758 ) ;
#4958 = VERTEX_POINT ( 'NONE', #944 ) ;
#4959 = VERTEX_POINT ( 'NONE', #694 ) ;
#4960 = VERTEX_POINT ( 'NONE', #930 ) ;
#4961 = VERTEX_POINT ( 'NONE', #424 ) ;
#4962 = VERTEX_POINT ( 'NONE', #852 ) ;
#4963 = VERTEX_POINT ( 'NONE', #484 ) ;
#4964 = VERTEX_POINT ( 'NONE', #506 ) ;
#4965 = VERTEX_POINT ( 'NONE', #984 ) ;
#4966 = VERTEX_POINT ( 'NONE', #370 ) ;
#4967 = VERTEX_POINT ( 'NONE', #332 ) ;
#4968 = VERTEX_POINT ( 'NONE', #744 ) ;
#4969 = VERTEX_POINT ( 'NONE', #836 ) ;
#4970 = VERTEX_POINT ( 'NONE', #732 ) ;
#4971 = VERTEX_POINT ( 'NONE', #494 ) ;
#4972 = VERTEX_POINT ( 'NONE', #742 ) ;
#4973 = VERTEX_POINT ( 'NONE', #516 ) ;
#4974 = VERTEX_POINT ( 'NONE', #572 ) ;
#4975 = VERTEX_POINT ( 'NONE', #476 ) ;
#4976 = VERTEX_POINT ( 'NONE', #504 ) ;
#4977 = VERTEX_POINT ( 'NONE', #416 ) ;
#4978 = VERTEX_POINT ( 'NONE', #462 ) ;
#4979 = VERTEX_POINT ( 'NONE', #734 ) ;
#4980 = VERTEX_POINT ( 'NONE', #588 ) ;
#4981 = VERTEX_POINT ( 'NONE', #374 ) ;
#4982 = VERTEX_POINT ( 'NONE', #498 ) ;
#4983 = VERTEX_POINT ( 'NONE', #614 ) ;
#4984 = VERTEX_POINT ( 'NONE', #466 ) ;
#4985 = VERTEX_POINT ( 'NONE', #550 ) ;
#4986 = VERTEX_POINT ( 'NONE', #328 ) ;
#4987 = VERTEX_POINT ( 'NONE', #578 ) ;
#4988 = VERTEX_POINT ( 'NONE', #686 ) ;
#4989 = VERTEX_POINT ( 'NONE', #702 ) ;
#4990 = VERTEX_POINT ( 'NONE', #528 ) ;
#4991 = VERTEX_POINT ( 'NONE', #754 ) ;
#4992 = VERTEX_POINT ( 'NONE', #402 ) ;
#4993 = VERTEX_POINT ( 'NONE', #792 ) ;
#4994 = VERTEX_POINT ( 'NONE', #964 ) ;
#4995 = VERTEX_POINT ( 'NONE', #486 ) ;
#4996 = VERTEX_POINT ( 'NONE', #784 ) ;
#4997 = VERTEX_POINT ( 'NONE', #674 ) ;
#4998 = VERTEX_POINT ( 'NONE', #904 ) ;
#4999 = VERTEX_POINT ( 'NONE', #942 ) ;
#5000 = VERTEX_POINT ( 'NONE', #368 ) ;
#5001 = VERTEX_POINT ( 'NONE', #760 ) ;
#5002 = VERTEX_POINT ( 'NONE', #752 ) ;
#5003 = VERTEX_POINT ( 'NONE', #598 ) ;
#5004 = VERTEX_POINT ( 'NONE', #360 ) ;
#5005 = VERTEX_POINT ( 'NONE', #420 ) ;
#5006 = VERTEX_POINT ( 'NONE', #524 ) ;
#5007 = VERTEX_POINT ( 'NONE', #642 ) ;
#5008 = VERTEX_POINT ( 'NONE', #428 ) ;
#5009 = VERTEX_POINT ( 'NONE', #768 ) ;
#5010 = VERTEX_POINT ( 'NONE', #564 ) ;
#5011 = VERTEX_POINT ( 'NONE', #670 ) ;
#5012 = VERTEX_POINT ( 'NONE', #336 ) ;
#5013 = VERTEX_POINT ( 'NONE', #780 ) ;
#5014 = VERTEX_POINT ( 'NONE', #774 ) ;
#5015 = VERTEX_POINT ( 'NONE', #590 ) ;
#5016 = VERTEX_POINT ( 'NONE', #978 ) ;
#5017 = VERTEX_POINT ( 'NONE', #802 ) ;
#5018 = VERTEX_POINT ( 'NONE', #640 ) ;
#5019 = VERTEX_POINT ( 'NONE', #724 ) ;
#5020 = VERTEX_POINT ( 'NONE', #866 ) ;
#5021 = VERTEX_POINT ( 'NONE', #708 ) ;
#5022 = VERTEX_POINT ( 'NONE', #952 ) ;
#5023 = VERTEX_POINT ( 'NONE', #928 ) ;
#5024 = VERTEX_POINT ( 'NONE', #876 ) ;
#5025 = VERTEX_POINT ( 'NONE', #936 ) ;
#5026 = VERTEX_POINT ( 'NONE', #392 ) ;
#5027 = VERTEX_POINT ( 'NONE', #864 ) ;
#5028 = VERTEX_POINT ( 'NONE', #776 ) ;
#5029 = VERTEX_POINT ( 'NONE', #848 ) ;
#5030 = VERTEX_POINT ( 'NONE', #740 ) ;
#5031 = ORIENTED_EDGE ( 'NONE', *, *, #7126, .F. ) ;
#5032 = ORIENTED_EDGE ( 'NONE', *, *, #4494, .F. ) ;
#5033 = ORIENTED_EDGE ( 'NONE', *, *, #4806, .F. ) ;
#5034 = ORIENTED_EDGE ( 'NONE', *, *, #4149, .F. ) ;
#5035 = ORIENTED_EDGE ( 'NONE', *, *, #4085, .F. ) ;
#5036 = ORIENTED_EDGE ( 'NONE', *, *, #7005, .F. ) ;
#5037 = ORIENTED_EDGE ( 'NONE', *, *, #4806, .T. ) ;
#5038 = VERTEX_POINT ( 'NONE', #804 ) ;
#5039 = ORIENTED_EDGE ( 'NONE', *, *, #4042, .F. ) ;
#5040 = ORIENTED_EDGE ( 'NONE', *, *, #4071, .F. ) ;
#5041 = ORIENTED_EDGE ( 'NONE', *, *, #6983, .F. ) ;
#5042 = ORIENTED_EDGE ( 'NONE', *, *, #7071, .F. ) ;
#5043 = ORIENTED_EDGE ( 'NONE', *, *, #4041, .T. ) ;
#5044 = VERTEX_POINT ( 'NONE', #986 ) ;
#5045 = ORIENTED_EDGE ( 'NONE', *, *, #4456, .F. ) ;
#5046 = ORIENTED_EDGE ( 'NONE', *, *, #4016, .F. ) ;
#5047 = ORIENTED_EDGE ( 'NONE', *, *, #3974, .F. ) ;
#5048 = ORIENTED_EDGE ( 'NONE', *, *, #4716, .F. ) ;
#5049 = ORIENTED_EDGE ( 'NONE', *, *, #7069, .F. ) ;
#5050 = ORIENTED_EDGE ( 'NONE', *, *, #3962, .F. ) ;
#5051 = ORIENTED_EDGE ( 'NONE', *, *, #4470, .F. ) ;
#5052 = ORIENTED_EDGE ( 'NONE', *, *, #4115, .T. ) ;
#5053 = ORIENTED_EDGE ( 'NONE', *, *, #3961, .T. ) ;
#5054 = VERTEX_POINT ( 'NONE', #342 ) ;
#5055 = ORIENTED_EDGE ( 'NONE', *, *, #4031, .F. ) ;
#5056 = ORIENTED_EDGE ( 'NONE', *, *, #4157, .T. ) ;
#5057 = ORIENTED_EDGE ( 'NONE', *, *, #4149, .T. ) ;
#5058 = ORIENTED_EDGE ( 'NONE', *, *, #7028, .F. ) ;
#5059 = ORIENTED_EDGE ( 'NONE', *, *, #4031, .T. ) ;
#5060 = ORIENTED_EDGE ( 'NONE', *, *, #7113, .F. ) ;
#5061 = ORIENTED_EDGE ( 'NONE', *, *, #4096, .F. ) ;
#5062 = ORIENTED_EDGE ( 'NONE', *, *, #4138, .F. ) ;
#5063 = ORIENTED_EDGE ( 'NONE', *, *, #4684, .T. ) ;
#5064 = ORIENTED_EDGE ( 'NONE', *, *, #4708, .F. ) ;
#5065 = ORIENTED_EDGE ( 'NONE', *, *, #4072, .F. ) ;
#5066 = ORIENTED_EDGE ( 'NONE', *, *, #4762, .T. ) ;
#5067 = VERTEX_POINT ( 'NONE', #730 ) ;
#5068 = ORIENTED_EDGE ( 'NONE', *, *, #4142, .T. ) ;
#5069 = ORIENTED_EDGE ( 'NONE', *, *, #4148, .T. ) ;
#5070 = ORIENTED_EDGE ( 'NONE', *, *, #4018, .T. ) ;
#5071 = ORIENTED_EDGE ( 'NONE', *, *, #3956, .T. ) ;
#5072 = ORIENTED_EDGE ( 'NONE', *, *, #4662, .T. ) ;
#5073 = ORIENTED_EDGE ( 'NONE', *, *, #4139, .F. ) ;
#5074 = ORIENTED_EDGE ( 'NONE', *, *, #4788, .T. ) ;
#5075 = ORIENTED_EDGE ( 'NONE', *, *, #4696, .T. ) ;
#5076 = ORIENTED_EDGE ( 'NONE', *, *, #4766, .F. ) ;
#5077 = ORIENTED_EDGE ( 'NONE', *, *, #4762, .F. ) ;
#5078 = ORIENTED_EDGE ( 'NONE', *, *, #4772, .F. ) ;
#5079 = ORIENTED_EDGE ( 'NONE', *, *, #4696, .F. ) ;
#5080 = ORIENTED_EDGE ( 'NONE', *, *, #4733, .T. ) ;
#5081 = ORIENTED_EDGE ( 'NONE', *, *, #4726, .T. ) ;
#5082 = ORIENTED_EDGE ( 'NONE', *, *, #4078, .T. ) ;
#5083 = ORIENTED_EDGE ( 'NONE', *, *, #4711, .T. ) ;
#5084 = ORIENTED_EDGE ( 'NONE', *, *, #4758, .T. ) ;
#5085 = ORIENTED_EDGE ( 'NONE', *, *, #4726, .F. ) ;
#5086 = ORIENTED_EDGE ( 'NONE', *, *, #4760, .F. ) ;
#5087 = ORIENTED_EDGE ( 'NONE', *, *, #4711, .F. ) ;
#5088 = ORIENTED_EDGE ( 'NONE', *, *, #4727, .T. ) ;
#5089 = ORIENTED_EDGE ( 'NONE', *, *, #4003, .F. ) ;
#5090 = ORIENTED_EDGE ( 'NONE', *, *, #4683, .F. ) ;
#5091 = ORIENTED_EDGE ( 'NONE', *, *, #4138, .T. ) ;
#5092 = ORIENTED_EDGE ( 'NONE', *, *, #4682, .F. ) ;
#5093 = ORIENTED_EDGE ( 'NONE', *, *, #4606, .T. ) ;
#5094 = ORIENTED_EDGE ( 'NONE', *, *, #4674, .T. ) ;
#5095 = ORIENTED_EDGE ( 'NONE', *, *, #4630, .T. ) ;
#5096 = VERTEX_POINT ( 'NONE', #630 ) ;
#5097 = ORIENTED_EDGE ( 'NONE', *, *, #4680, .T. ) ;
#5098 = ORIENTED_EDGE ( 'NONE', *, *, #4690, .T. ) ;
#5099 = VERTEX_POINT ( 'NONE', #882 ) ;
#5100 = ORIENTED_EDGE ( 'NONE', *, *, #4683, .T. ) ;
#5101 = ORIENTED_EDGE ( 'NONE', *, *, #4809, .F. ) ;
#5102 = ORIENTED_EDGE ( 'NONE', *, *, #4656, .T. ) ;
#5103 = ORIENTED_EDGE ( 'NONE', *, *, #4619, .T. ) ;
#5104 = ORIENTED_EDGE ( 'NONE', *, *, #4645, .T. ) ;
#5105 = ORIENTED_EDGE ( 'NONE', *, *, #4667, .T. ) ;
#5106 = ORIENTED_EDGE ( 'NONE', *, *, #4703, .T. ) ;
#5107 = ORIENTED_EDGE ( 'NONE', *, *, #4681, .F. ) ;
#5108 = ORIENTED_EDGE ( 'NONE', *, *, #4646, .F. ) ;
#5109 = ORIENTED_EDGE ( 'NONE', *, *, #4046, .F. ) ;
#5110 = VERTEX_POINT ( 'NONE', #596 ) ;
#5111 = ORIENTED_EDGE ( 'NONE', *, *, #4681, .T. ) ;
#5112 = ORIENTED_EDGE ( 'NONE', *, *, #4091, .T. ) ;
#5113 = ORIENTED_EDGE ( 'NONE', *, *, #4064, .T. ) ;
#5114 = ORIENTED_EDGE ( 'NONE', *, *, #4059, .F. ) ;
#5115 = ORIENTED_EDGE ( 'NONE', *, *, #4059, .T. ) ;
#5116 = ORIENTED_EDGE ( 'NONE', *, *, #4002, .F. ) ;
#5117 = ORIENTED_EDGE ( 'NONE', *, *, #4646, .T. ) ;
#5118 = ORIENTED_EDGE ( 'NONE', *, *, #4190, .F. ) ;
#5119 = ORIENTED_EDGE ( 'NONE', *, *, #4712, .F. ) ;
#5120 = ORIENTED_EDGE ( 'NONE', *, *, #4147, .T. ) ;
#5121 = ORIENTED_EDGE ( 'NONE', *, *, #4680, .F. ) ;
#5122 = ORIENTED_EDGE ( 'NONE', *, *, #4030, .F. ) ;
#5123 = ORIENTED_EDGE ( 'NONE', *, *, #4808, .T. ) ;
#5124 = ORIENTED_EDGE ( 'NONE', *, *, #3984, .T. ) ;
#5125 = ORIENTED_EDGE ( 'NONE', *, *, #4606, .F. ) ;
#5126 = ORIENTED_EDGE ( 'NONE', *, *, #4163, .T. ) ;
#5127 = ORIENTED_EDGE ( 'NONE', *, *, #4039, .T. ) ;
#5128 = ORIENTED_EDGE ( 'NONE', *, *, #4446, .F. ) ;
#5129 = ORIENTED_EDGE ( 'NONE', *, *, #4676, .F. ) ;
#5130 = ORIENTED_EDGE ( 'NONE', *, *, #4131, .T. ) ;
#5131 = ORIENTED_EDGE ( 'NONE', *, *, #4622, .F. ) ;
#5132 = VERTEX_POINT ( 'NONE', #414 ) ;
#5133 = VERTEX_POINT ( 'NONE', #710 ) ;
#5134 = ORIENTED_EDGE ( 'NONE', *, *, #4482, .F. ) ;
#5135 = ORIENTED_EDGE ( 'NONE', *, *, #6949, .F. ) ;
#5136 = ORIENTED_EDGE ( 'NONE', *, *, #4057, .F. ) ;
#5137 = ORIENTED_EDGE ( 'NONE', *, *, #4022, .F. ) ;
#5138 = ORIENTED_EDGE ( 'NONE', *, *, #3953, .F. ) ;
#5139 = ORIENTED_EDGE ( 'NONE', *, *, #4728, .T. ) ;
#5140 = ORIENTED_EDGE ( 'NONE', *, *, #3961, .F. ) ;
#5141 = ORIENTED_EDGE ( 'NONE', *, *, #4119, .F. ) ;
#5142 = ORIENTED_EDGE ( 'NONE', *, *, #7118, .F. ) ;
#5143 = ORIENTED_EDGE ( 'NONE', *, *, #4097, .T. ) ;
#5144 = VERTEX_POINT ( 'NONE', #406 ) ;
#5145 = ORIENTED_EDGE ( 'NONE', *, *, #7110, .F. ) ;
#5146 = ORIENTED_EDGE ( 'NONE', *, *, #4365, .F. ) ;
#5147 = ORIENTED_EDGE ( 'NONE', *, *, #4022, .T. ) ;
#5148 = ORIENTED_EDGE ( 'NONE', *, *, #4097, .F. ) ;
#5149 = ORIENTED_EDGE ( 'NONE', *, *, #4115, .F. ) ;
#5150 = ORIENTED_EDGE ( 'NONE', *, *, #4041, .F. ) ;
#5151 = VERTEX_POINT ( 'NONE', #840 ) ;
#5152 = ORIENTED_EDGE ( 'NONE', *, *, #4739, .F. ) ;
#5153 = ORIENTED_EDGE ( 'NONE', *, *, #4040, .F. ) ;
#5154 = ORIENTED_EDGE ( 'NONE', *, *, #4221, .F. ) ;
#5155 = ORIENTED_EDGE ( 'NONE', *, *, #4475, .F. ) ;
#5156 = ORIENTED_EDGE ( 'NONE', *, *, #3962, .T. ) ;
#5157 = ORIENTED_EDGE ( 'NONE', *, *, #4150, .T. ) ;
#5158 = ORIENTED_EDGE ( 'NONE', *, *, #3983, .T. ) ;
#5159 = ORIENTED_EDGE ( 'NONE', *, *, #4039, .F. ) ;
#5160 = ORIENTED_EDGE ( 'NONE', *, *, #4414, .T. ) ;
#5161 = VERTEX_POINT ( 'NONE', #990 ) ;
#5162 = ORIENTED_EDGE ( 'NONE', *, *, #4474, .F. ) ;
#5163 = ORIENTED_EDGE ( 'NONE', *, *, #4634, .T. ) ;
#5164 = ORIENTED_EDGE ( 'NONE', *, *, #4333, .F. ) ;
#5165 = ORIENTED_EDGE ( 'NONE', *, *, #3953, .T. ) ;
#5166 = ORIENTED_EDGE ( 'NONE', *, *, #4211, .T. ) ;
#5167 = ORIENTED_EDGE ( 'NONE', *, *, #7163, .F. ) ;
#5168 = VERTEX_POINT ( 'NONE', #918 ) ;
#5169 = VERTEX_POINT ( 'NONE', #886 ) ;
#5170 = ORIENTED_EDGE ( 'NONE', *, *, #4747, .T. ) ;
#5171 = ORIENTED_EDGE ( 'NONE', *, *, #4367, .T. ) ;
#5172 = ORIENTED_EDGE ( 'NONE', *, *, #4119, .T. ) ;
#5173 = VERTEX_POINT ( 'NONE', #926 ) ;
#5174 = ORIENTED_EDGE ( 'NONE', *, *, #4011, .T. ) ;
#5175 = ORIENTED_EDGE ( 'NONE', *, *, #4632, .F. ) ;
#5176 = ORIENTED_EDGE ( 'NONE', *, *, #4010, .F. ) ;
#5177 = ORIENTED_EDGE ( 'NONE', *, *, #4710, .F. ) ;
#5178 = ORIENTED_EDGE ( 'NONE', *, *, #4637, .F. ) ;
#5179 = ORIENTED_EDGE ( 'NONE', *, *, #4689, .T. ) ;
#5180 = ORIENTED_EDGE ( 'NONE', *, *, #7083, .F. ) ;
#5181 = ORIENTED_EDGE ( 'NONE', *, *, #4131, .F. ) ;
#5182 = ORIENTED_EDGE ( 'NONE', *, *, #7098, .F. ) ;
#5183 = ORIENTED_EDGE ( 'NONE', *, *, #4739, .T. ) ;
#5184 = ORIENTED_EDGE ( 'NONE', *, *, #4157, .F. ) ;
#5185 = ORIENTED_EDGE ( 'NONE', *, *, #4221, .T. ) ;
#5186 = EDGE_LOOP ( 'NONE', ( #1305, #2216 ) ) ;
#5187 = EDGE_LOOP ( 'NONE', ( #2227, #1295, #1485, #1300 ) ) ;
#5188 = EDGE_LOOP ( 'NONE', ( #2291, #1403, #1936, #1281 ) ) ;
#5189 = EDGE_LOOP ( 'NONE', ( #2347, #2188 ) ) ;
#5190 = EDGE_LOOP ( 'NONE', ( #2245, #2415, #2100, #2323 ) ) ;
#5191 = EDGE_LOOP ( 'NONE', ( #1661, #1725, #2351, #2234 ) ) ;
#5192 = EDGE_LOOP ( 'NONE', ( #1412, #2152, #1636, #1388 ) ) ;
#5193 = EDGE_LOOP ( 'NONE', ( #2334, #1776, #2144, #2036 ) ) ;
#5194 = EDGE_LOOP ( 'NONE', ( #2184, #1287, #1495, #1292 ) ) ;
#5195 = EDGE_LOOP ( 'NONE', ( #1435, #2303, #2286, #2281 ) ) ;
#5196 = EDGE_LOOP ( 'NONE', ( #1594, #1537, #1596, #1535 ) ) ;
#5197 = EDGE_LOOP ( 'NONE', ( #1675, #1665, #1682, #1662 ) ) ;
#5198 = EDGE_LOOP ( 'NONE', ( #2409, #2341, #2324, #1711, #2238, #2385 ) ) ;
#5199 = EDGE_LOOP ( 'NONE', ( #2363, #2400, #1731, #1457 ) ) ;
#5200 = EDGE_LOOP ( 'NONE', ( #9126, #9124, #9125, #9123 ) ) ;
#5201 = EDGE_LOOP ( 'NONE', ( #9132, #9129, #9131, #9128 ) ) ;
#5202 = EDGE_LOOP ( 'NONE', ( #9142, #9141 ) ) ;
#5203 = EDGE_LOOP ( 'NONE', ( #9137, #9135, #9133, #9144 ) ) ;
#5204 = EDGE_LOOP ( 'NONE', ( #9139, #9140 ) ) ;
#5205 = EDGE_LOOP ( 'NONE', ( #9149, #9147, #9145, #9150 ) ) ;
#5206 = EDGE_LOOP ( 'NONE', ( #9297, #9296, #9152, #9298 ) ) ;
#5207 = EDGE_LOOP ( 'NONE', ( #9303, #9301, #9300, #9304 ) ) ;
#5208 = EDGE_LOOP ( 'NONE', ( #2249, #2417, #1353, #1644 ) ) ;
#5209 = EDGE_LOOP ( 'NONE', ( #9321, #9312, #9311, #9313 ) ) ;
#5210 = VERTEX_POINT ( 'NONE', #890 ) ;
#5211 = EDGE_LOOP ( 'NONE', ( #9308, #9307, #9306, #9310 ) ) ;
#5212 = EDGE_LOOP ( 'NONE', ( #1525, #1488, #1484, #2368 ) ) ;
#5213 = EDGE_LOOP ( 'NONE', ( #9316, #9315 ) ) ;
#5214 = EDGE_LOOP ( 'NONE', ( #5919, #5920, #5950, #9746 ) ) ;
#5215 = EDGE_LOOP ( 'NONE', ( #1515, #1501, #1496, #1491 ) ) ;
#5216 = EDGE_LOOP ( 'NONE', ( #9319, #9318 ) ) ;
#5217 = EDGE_LOOP ( 'NONE', ( #1586, #1718, #1584, #2387, #2260, #2382, #2136, #2221 ) ) ;
#5218 = EDGE_LOOP ( 'NONE', ( #9324, #9322, #9325, #9320 ) ) ;
#5219 = EDGE_LOOP ( 'NONE', ( #5888, #5889, #5890 ) ) ;
#5220 = EDGE_LOOP ( 'NONE', ( #5602, #5604, #5599, #5605, #5606, #5608 ) ) ;
#5221 = EDGE_LOOP ( 'NONE', ( #9328, #9327, #9326, #9331 ) ) ;
#5222 = EDGE_LOOP ( 'NONE', ( #5915, #5916, #5917, #5918 ) ) ;
#5223 = EDGE_LOOP ( 'NONE', ( #9334, #9333, #9335, #9330 ) ) ;
#5224 = EDGE_LOOP ( 'NONE', ( #5613, #5614, #5615, #5609 ) ) ;
#5225 = EDGE_LOOP ( 'NONE', ( #5617, #5618, #5619, #5616 ) ) ;
#5226 = EDGE_LOOP ( 'NONE', ( #9339, #9338, #9336, #9340 ) ) ;
#5227 = EDGE_LOOP ( 'NONE', ( #5610, #5611, #5612 ) ) ;
#5228 = EDGE_LOOP ( 'NONE', ( #9345, #9343, #9346, #9342 ) ) ;
#5229 = EDGE_LOOP ( 'NONE', ( #9741, #9740, #9735, #9733 ) ) ;
#5230 = EDGE_LOOP ( 'NONE', ( #1591, #1581, #1589, #1579 ) ) ;
#5231 = VERTEX_POINT ( 'NONE', #636 ) ;
#5232 = EDGE_LOOP ( 'NONE', ( #9360, #9359, #9361, #9358 ) ) ;
#5233 = VERTEX_POINT ( 'NONE', #472 ) ;
#5234 = VERTEX_POINT ( 'NONE', #558 ) ;
#5235 = EDGE_LOOP ( 'NONE', ( #2058, #2290, #2194, #1510 ) ) ;
#5236 = EDGE_LOOP ( 'NONE', ( #9366, #9363, #9364, #9362 ) ) ;
#5237 = EDGE_LOOP ( 'NONE', ( #5625, #5626, #5627, #5624 ) ) ;
#5238 = EDGE_LOOP ( 'NONE', ( #9350, #9349, #9352, #9348 ) ) ;
#5239 = EDGE_LOOP ( 'NONE', ( #5621, #5622, #5623, #5620 ) ) ;
#5240 = EDGE_LOOP ( 'NONE', ( #9357, #9354, #9355, #9353 ) ) ;
#5241 = EDGE_LOOP ( 'NONE', ( #1708, #2124, #2349, #2356 ) ) ;
#5242 = EDGE_LOOP ( 'NONE', ( #5899, #5900, #5901 ) ) ;
#5243 = EDGE_LOOP ( 'NONE', ( #5845, #5846, #5843, #5848 ) ) ;
#5244 = VERTEX_POINT ( 'NONE', #468 ) ;
#5245 = EDGE_LOOP ( 'NONE', ( #5840, #5842, #5839, #5844 ) ) ;
#5246 = EDGE_LOOP ( 'NONE', ( #9721, #9716, #9713, #9710 ) ) ;
#5247 = EDGE_LOOP ( 'NONE', ( #1975, #1931, #1942, #1963, #1921, #1947, #1918, #1904 ) ) ;
#5248 = EDGE_LOOP ( 'NONE', ( #5836, #5837, #5838, #5835 ) ) ;
#5249 = EDGE_LOOP ( 'NONE', ( #9708, #9700, #9697, #9694 ) ) ;
#5250 = EDGE_LOOP ( 'NONE', ( #5832, #5833, #5834, #5831 ) ) ;
#5251 = EDGE_LOOP ( 'NONE', ( #5125, #5126, #5121, #1475, #5576, #5577 ) ) ;
#5252 = EDGE_LOOP ( 'NONE', ( #5862, #5863, #5864 ) ) ;
#5253 = EDGE_LOOP ( 'NONE', ( #9098, #9094, #9096, #9092, #9091, #9090 ) ) ;
#5254 = EDGE_LOOP ( 'NONE', ( #1891, #1520, #1522, #1511 ) ) ;
#5255 = EDGE_LOOP ( 'NONE', ( #9100, #9097 ) ) ;
#5256 = EDGE_LOOP ( 'NONE', ( #5178, #5157, #5175, #5139 ) ) ;
#5257 = EDGE_LOOP ( 'NONE', ( #2200, #2239, #2248 ) ) ;
#5258 = EDGE_LOOP ( 'NONE', ( #9109, #9106, #9107, #9104, #9102, #9101 ) ) ;
#5259 = EDGE_LOOP ( 'NONE', ( #1774, #1772, #1768, #1763 ) ) ;
#5260 = EDGE_LOOP ( 'NONE', ( #9111, #9108 ) ) ;
#5261 = EDGE_LOOP ( 'NONE', ( #5114, #5116 ) ) ;
#5262 = EDGE_LOOP ( 'NONE', ( #5681, #5682, #5683, #5684 ) ) ;
#5263 = VERTEX_POINT ( 'NONE', #574 ) ;
#5264 = VERTEX_POINT ( 'NONE', #722 ) ;
#5265 = EDGE_LOOP ( 'NONE', ( #8974, #8972, #8977, #8970 ) ) ;
#5266 = EDGE_LOOP ( 'NONE', ( #5690, #5692, #5693, #5694 ) ) ;
#5267 = EDGE_LOOP ( 'NONE', ( #8980, #8978, #8983, #8976 ) ) ;
#5268 = EDGE_LOOP ( 'NONE', ( #2000, #1865, #2083, #1944 ) ) ;
#5269 = EDGE_LOOP ( 'NONE', ( #5698, #5699, #5700 ) ) ;
#5270 = VERTEX_POINT ( 'NONE', #390 ) ;
#5271 = EDGE_LOOP ( 'NONE', ( #8985, #8984, #8987, #8982 ) ) ;
#5272 = EDGE_LOOP ( 'NONE', ( #5702, #5703, #5704, #5701 ) ) ;
#5273 = EDGE_LOOP ( 'NONE', ( #8991, #8990, #8993, #8988 ) ) ;
#5274 = EDGE_LOOP ( 'NONE', ( #1885, #2024, #1878 ) ) ;
#5275 = EDGE_LOOP ( 'NONE', ( #1934, #1940, #1965, #1910 ) ) ;
#5276 = EDGE_LOOP ( 'NONE', ( #9004, #9002, #9001, #9005, #9000, #8999, #8997, #8995, #8994 ) ) ;
#5277 = EDGE_LOOP ( 'NONE', ( #9560, #9557, #9558, #9765 ) ) ;
#5278 = EDGE_LOOP ( 'NONE', ( #9008, #9006, #9009, #9007 ) ) ;
#5279 = VERTEX_POINT ( 'NONE', #650 ) ;
#5280 = EDGE_LOOP ( 'NONE', ( #9035, #9032, #9033, #9030 ) ) ;
#5281 = EDGE_LOOP ( 'NONE', ( #5053, #5058, #5061, #5045 ) ) ;
#5282 = EDGE_LOOP ( 'NONE', ( #9042, #9039, #9040, #9037 ) ) ;
#5283 = EDGE_LOOP ( 'NONE', ( #9046, #9044, #9045, #9043 ) ) ;
#5284 = EDGE_LOOP ( 'NONE', ( #9060, #9057, #9058, #9056, #9054, #9052, #9053, #9050, #9048 ) ) ;
#5285 = EDGE_LOOP ( 'NONE', ( #9025, #9022, #9023, #9021 ) ) ;
#5286 = EDGE_LOOP ( 'NONE', ( #9013, #9012, #9010, #9016 ) ) ;
#5287 = EDGE_LOOP ( 'NONE', ( #9020, #9017, #9018, #9015 ) ) ;
#5288 = EDGE_LOOP ( 'NONE', ( #1513, #1517, #1504 ) ) ;
#5289 = EDGE_LOOP ( 'NONE', ( #9029, #9027, #9028, #9026 ) ) ;
#5290 = EDGE_LOOP ( 'NONE', ( #9673, #9671, #9668, #9664 ) ) ;
#5291 = EDGE_LOOP ( 'NONE', ( #5092, #5094, #5093, #5095 ) ) ;
#5292 = EDGE_LOOP ( 'NONE', ( #8885, #8884, #8887, #1783 ) ) ;
#5293 = EDGE_LOOP ( 'NONE', ( #9660, #9657, #9654, #9640 ) ) ;
#5294 = EDGE_LOOP ( 'NONE', ( #8893, #8889, #8891, #8888 ) ) ;
#5295 = EDGE_LOOP ( 'NONE', ( #5143, #5145, #5140, #5154 ) ) ;
#5296 = EDGE_LOOP ( 'NONE', ( #9591, #9581, #5629, #5631 ) ) ;
#5297 = EDGE_LOOP ( 'NONE', ( #8896, #8895, #8897, #8894 ) ) ;
#5298 = EDGE_LOOP ( 'NONE', ( #5127, #5152, #5150, #5060 ) ) ;
#5299 = EDGE_LOOP ( 'NONE', ( #8905, #8904, #8902, #8908, #8901, #8899 ) ) ;
#5300 = EDGE_LOOP ( 'NONE', ( #5685, #5686, #5687, #5689 ) ) ;
#5301 = EDGE_LOOP ( 'NONE', ( #5695, #5696, #5697 ) ) ;
#5302 = EDGE_LOOP ( 'NONE', ( #8962, #8961, #8965, #8958 ) ) ;
#5303 = EDGE_LOOP ( 'NONE', ( #5673, #5674, #5675 ) ) ;
#5304 = EDGE_LOOP ( 'NONE', ( #8968, #8966, #8971, #8964 ) ) ;
#5305 = EDGE_LOOP ( 'NONE', ( #5585, #5586, #5584, #5587, #5589, #5590 ) ) ;
#5306 = EDGE_LOOP ( 'NONE', ( #5891, #5892, #5893, #5894 ) ) ;
#5307 = EDGE_LOOP ( 'NONE', ( #8911, #8910, #8909, #8906 ) ) ;
#5308 = EDGE_LOOP ( 'NONE', ( #5865, #5866, #5867 ) ) ;
#5309 = EDGE_LOOP ( 'NONE', ( #8916, #8914, #8918, #8912 ) ) ;
#5310 = EDGE_LOOP ( 'NONE', ( #5880, #5881, #5882, #5884 ) ) ;
#5311 = EDGE_LOOP ( 'NONE', ( #5856, #5857, #5858 ) ) ;
#5312 = EDGE_LOOP ( 'NONE', ( #8933, #8930, #8931, #8929 ) ) ;
#5313 = EDGE_LOOP ( 'NONE', ( #5184, #5136, #5159, #5142 ) ) ;
#5314 = EDGE_LOOP ( 'NONE', ( #8938, #8936, #8939, #8934 ) ) ;
#5315 = EDGE_LOOP ( 'NONE', ( #5910, #5911, #5913, #5914 ) ) ;
#5316 = EDGE_LOOP ( 'NONE', ( #1431, #1446, #1441, #2173 ) ) ;
#5317 = EDGE_LOOP ( 'NONE', ( #8921, #8920, #8922, #8919 ) ) ;
#5318 = VERTEX_POINT ( 'NONE', #348 ) ;
#5319 = EDGE_LOOP ( 'NONE', ( #1664, #1442, #2322, #1283 ) ) ;
#5320 = EDGE_LOOP ( 'NONE', ( #8926, #8925, #8927, #8924 ) ) ;
#5321 = EDGE_LOOP ( 'NONE', ( #5885, #5886, #5883, #5887 ) ) ;
#5322 = EDGE_LOOP ( 'NONE', ( #5591, #5592, #5588 ) ) ;
#5323 = EDGE_LOOP ( 'NONE', ( #2364, #2018, #2191, #1339 ) ) ;
#5324 = EDGE_LOOP ( 'NONE', ( #5595, #5596, #5593, #5597, #5600, #5601 ) ) ;
#5325 = EDGE_LOOP ( 'NONE', ( #1273, #2193 ) ) ;
#5326 = EDGE_LOOP ( 'NONE', ( #5868, #5869, #5870, #5871 ) ) ;
#5327 = EDGE_LOOP ( 'NONE', ( #5579, #5580, #5581 ) ) ;
#5328 = EDGE_LOOP ( 'NONE', ( #2192, #1394, #1712, #2060 ) ) ;
#5329 = EDGE_LOOP ( 'NONE', ( #5902, #5903, #5904, #5905 ) ) ;
#5330 = EDGE_LOOP ( 'NONE', ( #1310, #2404, #1911, #2295 ) ) ;
#5331 = EDGE_LOOP ( 'NONE', ( #5895, #5896, #5897, #5898 ) ) ;
#5332 = EDGE_LOOP ( 'NONE', ( #5872, #5873, #5874, #5875 ) ) ;
#5333 = EDGE_LOOP ( 'NONE', ( #1298, #1701, #2333, #1651 ) ) ;
#5334 = VERTEX_POINT ( 'NONE', #408 ) ;
#5335 = EDGE_LOOP ( 'NONE', ( #5876, #5877, #5878, #5879 ) ) ;
#5336 = EDGE_LOOP ( 'NONE', ( #2359, #2284, #1271, #1364 ) ) ;
#5337 = EDGE_LOOP ( 'NONE', ( #1868, #1957, #1977, #1897 ) ) ;
#5338 = EDGE_LOOP ( 'NONE', ( #9782, #9792, #9791, #9790, #9796, #9797, #9794, #9583, #9584, #9579, #9807, #9804, #9801, #9802, #9798, #9738 ) ) ;
#5339 = EDGE_LOOP ( 'NONE', ( #1320, #2122, #1318, #2381, #1313, #2225, #1657, #1653, #1700, #1692, #2302, #2311, #2278, #2353, #2326, #2222 ) ) ;
#5340 = EDGE_LOOP ( 'NONE', ( #5059, #5057, #5046 ) ) ;
#5341 = EDGE_LOOP ( 'NONE', ( #1500, #1696, #1943, #2151, #2266, #1723, #1344, #1286, #1351, #2026, #1612, #1610, #1601, #1599, #1606, #1604 ) ) ;
#5342 = EDGE_LOOP ( 'NONE', ( #9256, #9572, #9569, #9567, #9779, #9781, #9777, #9768, #9576, #9578, #9574, #9789, #9788, #9786, #9784, #9785 ) ) ;
#5343 = EDGE_LOOP ( 'NONE', ( #5147, #5141, #5149, #5182 ) ) ;
#5344 = EDGE_LOOP ( 'NONE', ( #1717, #1391, #2407, #2146 ) ) ;
#5345 = EDGE_LOOP ( 'NONE', ( #5034, #5032, #5040, #5031 ) ) ;
#5346 = VERTEX_POINT ( 'NONE', #622 ) ;
#5347 = EDGE_LOOP ( 'NONE', ( #2375, #2156, #1729, #2106 ) ) ;
#5348 = VERTEX_POINT ( 'NONE', #896 ) ;
#5349 = EDGE_LOOP ( 'NONE', ( #2185, #1410 ) ) ;
#5350 = EDGE_LOOP ( 'NONE', ( #1994, #2332, #1732, #2139 ) ) ;
#5351 = EDGE_LOOP ( 'NONE', ( #5713, #5770, #5769, #5771, #5773 ) ) ;
#5352 = EDGE_LOOP ( 'NONE', ( #1608, #2252, #1572, #1974 ) ) ;
#5353 = EDGE_LOOP ( 'NONE', ( #1466, #1461, #1470 ) ) ;
#5354 = EDGE_LOOP ( 'NONE', ( #1468, #1458, #1454, #1434 ) ) ;
#5355 = EDGE_LOOP ( 'NONE', ( #5906, #5907, #5908, #5909 ) ) ;
#5356 = EDGE_LOOP ( 'NONE', ( #1765, #1770, #1748 ) ) ;
#5357 = EDGE_LOOP ( 'NONE', ( #5669, #5670, #5671, #5672 ) ) ;
#5358 = EDGE_LOOP ( 'NONE', ( #1629, #1734, #1707 ) ) ;
#5359 = EDGE_LOOP ( 'NONE', ( #8720, #8800, #8641, #8718, #8717, #8882 ) ) ;
#5360 = EDGE_LOOP ( 'NONE', ( #5660, #5661, #5662 ) ) ;
#5361 = EDGE_LOOP ( 'NONE', ( #5113, #5117 ) ) ;
#5362 = EDGE_LOOP ( 'NONE', ( #5122, #5123, #5124 ) ) ;
#5363 = EDGE_LOOP ( 'NONE', ( #8859, #8609, #9507, #8801 ) ) ;
#5364 = EDGE_LOOP ( 'NONE', ( #8769, #8748, #8746, #8797 ) ) ;
#5365 = EDGE_LOOP ( 'NONE', ( #8775, #8778, #8805, #8744 ) ) ;
#5366 = EDGE_LOOP ( 'NONE', ( #8770, #8757, #8782, #8758 ) ) ;
#5367 = EDGE_LOOP ( 'NONE', ( #5757, #5758, #5759, #5760 ) ) ;
#5368 = EDGE_LOOP ( 'NONE', ( #5743, #5762, #5768, #5764 ) ) ;
#5369 = EDGE_LOOP ( 'NONE', ( #9087, #9084, #9085, #9082, #9081, #9080, #9078, #9077, #9076 ) ) ;
#5370 = EDGE_LOOP ( 'NONE', ( #9089, #9086 ) ) ;
#5371 = EDGE_LOOP ( 'NONE', ( #9075, #9070, #9071, #9068, #9066, #9064, #9063, #9062, #9061 ) ) ;
#5372 = EDGE_LOOP ( 'NONE', ( #9074, #9072 ) ) ;
#5373 = EDGE_LOOP ( 'NONE', ( #9415, #9413, #9414, #9412 ) ) ;
#5374 = EDGE_LOOP ( 'NONE', ( #9419, #9417 ) ) ;
#5375 = EDGE_LOOP ( 'NONE', ( #9422, #9420 ) ) ;
#5376 = EDGE_LOOP ( 'NONE', ( #9428, #9425, #9426, #9424 ) ) ;
#5377 = EDGE_LOOP ( 'NONE', ( #9434, #9431, #9432, #9429 ) ) ;
#5378 = EDGE_LOOP ( 'NONE', ( #9437, #9436, #9435, #9439 ) ) ;
#5379 = EDGE_LOOP ( 'NONE', ( #9443, #9442, #9440, #9445 ) ) ;
#5380 = EDGE_LOOP ( 'NONE', ( #9449, #9448, #9446, #9450 ) ) ;
#5381 = EDGE_LOOP ( 'NONE', ( #9455, #9453, #9452, #9457 ) ) ;
#5382 = EDGE_LOOP ( 'NONE', ( #9461, #9460, #9459, #9463 ) ) ;
#5383 = EDGE_LOOP ( 'NONE', ( #9117, #9114, #9116, #9112 ) ) ;
#5384 = EDGE_LOOP ( 'NONE', ( #9122, #9119, #9120, #9118 ) ) ;
#5385 = EDGE_LOOP ( 'NONE', ( #9220, #9192, #9219, #9217 ) ) ;
#5386 = EDGE_LOOP ( 'NONE', ( #9181, #9178, #9194, #9172, #9171, #9168, #9175, #9176, #9184, #9187, #9173, #9183 ) ) ;
#5387 = EDGE_LOOP ( 'NONE', ( #9276, #9283, #9280, #9285, #9281 ) ) ;
#5388 = EDGE_LOOP ( 'NONE', ( #9292, #9274, #9273, #9271, #9278 ) ) ;
#5389 = EDGE_LOOP ( 'NONE', ( #5777, #5780, #5779, #5781 ) ) ;
#5390 = EDGE_LOOP ( 'NONE', ( #1473, #1465, #1464 ) ) ;
#5391 = EDGE_LOOP ( 'NONE', ( #9200, #9197, #9207, #9179 ) ) ;
#5392 = EDGE_LOOP ( 'NONE', ( #5782, #5784, #5783, #5785 ) ) ;
#5393 = EDGE_LOOP ( 'NONE', ( #9246, #9245, #9243, #9214, #9216, #9206, #9212 ) ) ;
#5394 = VERTEX_POINT ( 'NONE', #434 ) ;
#5395 = EDGE_LOOP ( 'NONE', ( #1533, #1532, #1530, #1527 ) ) ;
#5396 = EDGE_LOOP ( 'NONE', ( #5705, #5707, #5706, #5708 ) ) ;
#5397 = VERTEX_POINT ( 'NONE', #548 ) ;
#5398 = EDGE_LOOP ( 'NONE', ( #8626, #8868, #8812, #8706, #8869, #8772, #8705, #9586 ) ) ;
#5399 = EDGE_LOOP ( 'NONE', ( #5709, #5711, #5710, #5712 ) ) ;
#5400 = EDGE_LOOP ( 'NONE', ( #8716, #8779, #8715, #8828 ) ) ;
#5401 = EDGE_LOOP ( 'NONE', ( #5065, #5066, #5063, #5068, #5070, #5069, #5071, #5072 ) ) ;
#5402 = EDGE_LOOP ( 'NONE', ( #9732, #9729, #9725, #9724 ) ) ;
#5403 = EDGE_LOOP ( 'NONE', ( #9595, #8806, #9601, #8743 ) ) ;
#5404 = EDGE_LOOP ( 'NONE', ( #5062, #5064 ) ) ;
#5405 = EDGE_LOOP ( 'NONE', ( #9159, #8623, #8809, #8823 ) ) ;
#5406 = EDGE_LOOP ( 'NONE', ( #5073, #5075, #5074, #5077 ) ) ;
#5407 = EDGE_LOOP ( 'NONE', ( #5128, #5167, #5181, #5174, #5179 ) ) ;
#5408 = EDGE_LOOP ( 'NONE', ( #8774, #8784, #8611, #9196, #9484, #9625 ) ) ;
#5409 = EDGE_LOOP ( 'NONE', ( #5131, #5138, #5146, #5171, #5158 ) ) ;
#5410 = EDGE_LOOP ( 'NONE', ( #1919, #1993, #1923, #2019 ) ) ;
#5411 = EDGE_LOOP ( 'NONE', ( #1930, #1906, #2092, #1890 ) ) ;
#5412 = EDGE_LOOP ( 'NONE', ( #8826, #8865, #8853, #9251 ) ) ;
#5413 = EDGE_LOOP ( 'NONE', ( #5805, #5807, #5806, #5808 ) ) ;
#5414 = EDGE_LOOP ( 'NONE', ( #8824, #8729, #8731, #8799 ) ) ;
#5415 = EDGE_LOOP ( 'NONE', ( #9622, #9253, #9546 ) ) ;
#5416 = EDGE_LOOP ( 'NONE', ( #5797, #5800, #5798, #5801, #5802, #5804, #5803 ) ) ;
#5417 = EDGE_LOOP ( 'NONE', ( #9370, #9368, #9369, #9367 ) ) ;
#5418 = EDGE_LOOP ( 'NONE', ( #2057, #2108, #2049, #2112 ) ) ;
#5419 = EDGE_LOOP ( 'NONE', ( #9376, #9373, #9375, #9372 ) ) ;
#5420 = EDGE_LOOP ( 'NONE', ( #9766, #9763 ) ) ;
#5421 = EDGE_LOOP ( 'NONE', ( #1901, #2171, #1867, #2181 ) ) ;
#5422 = EDGE_LOOP ( 'NONE', ( #9380, #9379, #9381, #9378 ) ) ;
#5423 = VERTEX_POINT ( 'NONE', #340 ) ;
#5424 = EDGE_LOOP ( 'NONE', ( #2285, #2309, #2318, #2338 ) ) ;
#5425 = EDGE_LOOP ( 'NONE', ( #9386, #9384, #9387, #9383 ) ) ;
#5426 = EDGE_LOOP ( 'NONE', ( #5676, #5677, #5678, #5679 ) ) ;
#5427 = EDGE_LOOP ( 'NONE', ( #5043, #5048, #5047, #5041 ) ) ;
#5428 = EDGE_LOOP ( 'NONE', ( #9393, #9390, #9391, #9389 ) ) ;
#5429 = EDGE_LOOP ( 'NONE', ( #5052, #5051, #5055, #5049 ) ) ;
#5430 = EDGE_LOOP ( 'NONE', ( #9399, #9396, #9397, #9394 ) ) ;
#5431 = EDGE_LOOP ( 'NONE', ( #9617, #9605, #9594 ) ) ;
#5432 = VERTEX_POINT ( 'NONE', #688 ) ;
#5433 = EDGE_LOOP ( 'NONE', ( #9637, #9628, #9645, #9621 ) ) ;
#5434 = EDGE_LOOP ( 'NONE', ( #9404, #9402, #9403, #9400 ) ) ;
#5435 = EDGE_LOOP ( 'NONE', ( #5056, #5042, #5033, #5050 ) ) ;
#5436 = EDGE_LOOP ( 'NONE', ( #9410, #9407, #9409, #9406 ) ) ;
#5437 = EDGE_LOOP ( 'NONE', ( #1856, #1861, #2007, #2012 ) ) ;
#5438 = EDGE_LOOP ( 'NONE', ( #5129, #5183, #5153, #5185 ) ) ;
#5439 = EDGE_LOOP ( 'NONE', ( #8953, #8951, #8950, #8954 ) ) ;
#5440 = EDGE_LOOP ( 'NONE', ( #1760, #1759, #1766, #1852 ) ) ;
#5441 = EDGE_LOOP ( 'NONE', ( #8957, #8956, #8955, #8960 ) ) ;
#5442 = EDGE_LOOP ( 'NONE', ( #5813, #5815, #5814, #5817 ) ) ;
#5443 = EDGE_LOOP ( 'NONE', ( #1871, #1951, #1982, #1970 ) ) ;
#5444 = EDGE_LOOP ( 'NONE', ( #8943, #8942, #8941, #8944 ) ) ;
#5445 = EDGE_LOOP ( 'NONE', ( #5819, #5822, #5820, #5823, #5824, #5825, #9771 ) ) ;
#5446 = EDGE_LOOP ( 'NONE', ( #8948, #8947, #8945, #8949 ) ) ;
#5447 = EDGE_LOOP ( 'NONE', ( #9565, #9258, #9561, #9259 ) ) ;
#5448 = EDGE_LOOP ( 'NONE', ( #5148, #5134, #5137, #5180 ) ) ;
#5449 = EDGE_LOOP ( 'NONE', ( #1570, #1568, #2088, #1576 ) ) ;
#5450 = EDGE_LOOP ( 'NONE', ( #5037, #5036, #5039, #5035 ) ) ;
#5451 = EDGE_LOOP ( 'NONE', ( #2128, #2044, #2047, #2161 ) ) ;
#5452 = EDGE_LOOP ( 'NONE', ( #5100, #5098 ) ) ;
#5453 = EDGE_LOOP ( 'NONE', ( #5648, #5649, #5650, #5651 ) ) ;
#5454 = EDGE_LOOP ( 'NONE', ( #5652, #5653, #5654, #5656 ) ) ;
#5455 = EDGE_LOOP ( 'NONE', ( #5763, #5767, #5766, #5765 ) ) ;
#5456 = EDGE_LOOP ( 'NONE', ( #5754, #5755, #5750, #5756 ) ) ;
#5457 = EDGE_LOOP ( 'NONE', ( #2196, #1266, #2127, #1476 ) ) ;
#5458 = EDGE_LOOP ( 'NONE', ( #5772, #5775, #5774, #5776, #5778 ) ) ;
#5459 = EDGE_LOOP ( 'NONE', ( #5828, #5829, #5830, #5827 ) ) ;
#5460 = EDGE_LOOP ( 'NONE', ( #1916, #1672, #2376, #2263 ) ) ;
#5461 = EDGE_LOOP ( 'NONE', ( #1549, #1546, #5826, #1540 ) ) ;
#5462 = EDGE_LOOP ( 'NONE', ( #5118, #5119, #5120, #5115 ) ) ;
#5463 = EDGE_LOOP ( 'NONE', ( #1688, #1698, #1316, #1359 ) ) ;
#5464 = EDGE_LOOP ( 'NONE', ( #1555, #1553, #1558, #1543 ) ) ;
#5465 = EDGE_LOOP ( 'NONE', ( #5663, #5664, #5666, #5667 ) ) ;
#5466 = EDGE_LOOP ( 'NONE', ( #1565, #1563, #1574, #1560 ) ) ;
#5467 = VERTEX_POINT ( 'NONE', #398 ) ;
#5468 = EDGE_LOOP ( 'NONE', ( #5582, #5583, #5578 ) ) ;
#5469 = EDGE_LOOP ( 'NONE', ( #5859, #5860, #5861 ) ) ;
#5470 = EDGE_LOOP ( 'NONE', ( #8615, #8693, #9205, #9614 ) ) ;
#5471 = EDGE_LOOP ( 'NONE', ( #9602, #9649, #9529, #8811, #8787 ) ) ;
#5472 = EDGE_LOOP ( 'NONE', ( #8762, #8763, #8761, #8765, #8792, #8814, #8874 ) ) ;
#5473 = EDGE_LOOP ( 'NONE', ( #8745, #8756, #8754, #8750, #8751, #8766 ) ) ;
#5474 = EDGE_LOOP ( 'NONE', ( #8633, #8835, #8780, #9158, #8838, #9599, #8864 ) ) ;
#5475 = EDGE_LOOP ( 'NONE', ( #8749, #8767, #8810, #8793, #8794 ) ) ;
#5476 = VERTEX_POINT ( 'NONE', #490 ) ;
#5477 = EDGE_LOOP ( 'NONE', ( #8862, #8704, #8843, #9249 ) ) ;
#5478 = VERTEX_POINT ( 'NONE', #356 ) ;
#5479 = EDGE_LOOP ( 'NONE', ( #8759, #8790, #8789, #8791 ) ) ;
#5480 = EDGE_LOOP ( 'NONE', ( #8798, #8802, #8804, #8777 ) ) ;
#5481 = EDGE_LOOP ( 'NONE', ( #8703, #8848, #8861, #8867 ) ) ;
#5482 = EDGE_LOOP ( 'NONE', ( #8735, #8871, #8733, #9506 ) ) ;
#5483 = EDGE_LOOP ( 'NONE', ( #8795, #8739, #8741, #8796 ) ) ;
#5484 = EDGE_LOOP ( 'NONE', ( #9502, #9501, #9464, #9510 ) ) ;
#5485 = EDGE_LOOP ( 'NONE', ( #9523, #9518, #9516, #9530 ) ) ;
#5486 = EDGE_LOOP ( 'NONE', ( #8815, #8724, #8825, #8857 ) ) ;
#5487 = EDGE_LOOP ( 'NONE', ( #8841, #8837, #8820, #9652 ) ) ;
#5488 = EDGE_LOOP ( 'NONE', ( #5742, #5746, #5744, #5749 ) ) ;
#5489 = EDGE_LOOP ( 'NONE', ( #5761, #5724, #5728, #5726 ) ) ;
#5490 = EDGE_LOOP ( 'NONE', ( #5752, #5753, #5748, #5734 ) ) ;
#5491 = EDGE_LOOP ( 'NONE', ( #5717, #5722, #5721, #5716 ) ) ;
#5492 = VERTEX_POINT ( 'NONE', #386 ) ;
#5493 = EDGE_LOOP ( 'NONE', ( #8738, #9651, #8833, #8808 ) ) ;
#5494 = EDGE_LOOP ( 'NONE', ( #9612, #9290, #9611, #9288, #9294, #9287, #9465 ) ) ;
#5495 = EDGE_LOOP ( 'NONE', ( #9165, #9620, #9619, #9616 ) ) ;
#5496 = EDGE_LOOP ( 'NONE', ( #9793, #9751, #9226, #9153, #9161, #9163, #9162 ) ) ;
#5497 = EDGE_LOOP ( 'NONE', ( #9757, #9230, #9776, #9233, #9209 ) ) ;
#5498 = EDGE_LOOP ( 'NONE', ( #9186, #9201, #9626, #9525, #9198 ) ) ;
#5499 = EDGE_LOOP ( 'NONE', ( #8601, #8597, #8599, #8595, #8594, #9499, #9227 ) ) ;
#5500 = EDGE_LOOP ( 'NONE', ( #8608, #8603, #8605, #8602 ) ) ;
#5501 = EDGE_LOOP ( 'NONE', ( #8635, #8632, #8639, #8631, #8613, #8628 ) ) ;
#5502 = EDGE_LOOP ( 'NONE', ( #1781, #5628, #2135 ) ) ;
#5503 = EDGE_LOOP ( 'NONE', ( #2153, #2166, #9774 ) ) ;
#5504 = EDGE_LOOP ( 'NONE', ( #8648, #8647, #8653, #8643, #8645, #8642, #8637, #8636 ) ) ;
#5505 = EDGE_LOOP ( 'NONE', ( #5657, #5658, #5655, #5659 ) ) ;
#5506 = VERTEX_POINT ( 'NONE', #994 ) ;
#5507 = EDGE_LOOP ( 'NONE', ( #8658, #8666, #8662, #8656, #8660, #8655, #8651, #8650 ) ) ;
#5508 = EDGE_LOOP ( 'NONE', ( #5155, #5156, #5162, #5160, #5130, #5135, #5172 ) ) ;
#5509 = VERTEX_POINT ( 'NONE', #910 ) ;
#5510 = EDGE_LOOP ( 'NONE', ( #1332, #1615, #1617 ) ) ;
#5511 = EDGE_LOOP ( 'NONE', ( #8673, #8667, #8684, #8664 ) ) ;
#5512 = EDGE_LOOP ( 'NONE', ( #2015, #1992, #2001, #1980 ) ) ;
#5513 = EDGE_LOOP ( 'NONE', ( #8681, #8683, #8680, #8679 ) ) ;
#5514 = VERTEX_POINT ( 'NONE', #834 ) ;
#5515 = VERTEX_POINT ( 'NONE', #874 ) ;
#5516 = EDGE_LOOP ( 'NONE', ( #5078, #5079 ) ) ;
#5517 = VERTEX_POINT ( 'NONE', #938 ) ;
#5518 = EDGE_LOOP ( 'NONE', ( #5080, #5081 ) ) ;
#5519 = EDGE_LOOP ( 'NONE', ( #8685, #8687, #8682, #8689 ) ) ;
#5520 = EDGE_LOOP ( 'NONE', ( #5176, #5170, #5177, #5166, #5164, #5165, #5163 ) ) ;
#5521 = EDGE_LOOP ( 'NONE', ( #8753, #8742, #8692, #8690, #8670, #8672, #8677, #8675 ) ) ;
#5522 = EDGE_LOOP ( 'NONE', ( #5632, #5633, #5634, #5635 ) ) ;
#5523 = EDGE_LOOP ( 'NONE', ( #1622, #9744, #1620, #2030 ) ) ;
#5524 = EDGE_LOOP ( 'NONE', ( #5076, #5083, #5082, #5085 ) ) ;
#5525 = EDGE_LOOP ( 'NONE', ( #5089, #5090, #5084, #5091 ) ) ;
#5526 = EDGE_LOOP ( 'NONE', ( #5636, #5637, #5638 ) ) ;
#5527 = EDGE_LOOP ( 'NONE', ( #8722, #9609, #8842, #9521, #8866, #9156 ) ) ;
#5528 = EDGE_LOOP ( 'NONE', ( #5086, #5087, #5088 ) ) ;
#5529 = EDGE_LOOP ( 'NONE', ( #5809, #5811, #5810, #5812 ) ) ;
#5530 = VERTEX_POINT ( 'NONE', #862 ) ;
#5531 = EDGE_LOOP ( 'NONE', ( #2371, #2383, #2405, #1764 ) ) ;
#5532 = EDGE_LOOP ( 'NONE', ( #8621, #8619, #9210, #8701, #8622 ) ) ;
#5533 = EDGE_LOOP ( 'NONE', ( #1847, #1820, #1827, #1778 ) ) ;
#5534 = EDGE_LOOP ( 'NONE', ( #5793, #5795, #5794, #5796 ) ) ;
#5535 = EDGE_LOOP ( 'NONE', ( #1833, #1836, #1843 ) ) ;
#5536 = EDGE_LOOP ( 'NONE', ( #8860, #8849, #8607, #9593, #8879 ) ) ;
#5537 = EDGE_LOOP ( 'NONE', ( #2032, #2041, #2046, #2054 ) ) ;
#5538 = EDGE_LOOP ( 'NONE', ( #8856, #8836, #8697, #8822, #8695, #8878, #8876, #8845 ) ) ;
#5539 = EDGE_LOOP ( 'NONE', ( #1326, #1324, #1335, #1401 ) ) ;
#5540 = VERTEX_POINT ( 'NONE', #880 ) ;
#5541 = EDGE_LOOP ( 'NONE', ( #1415, #1411, #1406, #1421 ) ) ;
#5542 = EDGE_LOOP ( 'NONE', ( #9688, #9685, #9682, #9680 ) ) ;
#5543 = EDGE_LOOP ( 'NONE', ( #5101, #5102, #5097, #5103, #5104, #5105, #5106, #5107 ) ) ;
#5544 = EDGE_LOOP ( 'NONE', ( #5109, #5111, #5112, #5108 ) ) ;
#5545 = EDGE_LOOP ( 'NONE', ( #8712, #8781, #8710, #8700, #8699, #8875, #8872, #8709, #8831, #9262, #9597, #9604 ) ) ;
#5546 = EDGE_LOOP ( 'NONE', ( #9553, #9551, #9554, #9563 ) ) ;
#5547 = EDGE_LOOP ( 'NONE', ( #9549, #9544, #9773 ) ) ;
#5548 = EDGE_LOOP ( 'NONE', ( #5787, #5788 ) ) ;
#5549 = EDGE_LOOP ( 'NONE', ( #5789, #5791, #5790, #5792 ) ) ;
#5550 = EDGE_LOOP ( 'NONE', ( #5853, #5854, #5851, #5855 ) ) ;
#5551 = EDGE_LOOP ( 'NONE', ( #5849, #5850, #5847, #5852 ) ) ;
#5552 = EDGE_LOOP ( 'NONE', ( #8736, #9154, #8858, #8625, #8708, #9166, #8713 ) ) ;
#5553 = EDGE_LOOP ( 'NONE', ( #9588, #8851, #8732, #9266, #8854, #8819, #8881 ) ) ;
#5554 = EDGE_LOOP ( 'NONE', ( #8728, #8726, #8725, #8786, #8788, #8783, #9155, #8723 ) ) ;
#5555 = EDGE_LOOP ( 'NONE', ( #5714, #5719 ) ) ;
#5556 = EDGE_LOOP ( 'NONE', ( #8737, #9504, #8844, #8669 ) ) ;
#5557 = EDGE_LOOP ( 'NONE', ( #5735, #5737, #5733, #5738 ) ) ;
#5558 = EDGE_LOOP ( 'NONE', ( #5739, #5741, #5736, #5715 ) ) ;
#5559 = EDGE_LOOP ( 'NONE', ( #1756, #1754, #1424, #1745 ) ) ;
#5560 = EDGE_LOOP ( 'NONE', ( #5639, #5640, #5641, #5642 ) ) ;
#5561 = EDGE_LOOP ( 'NONE', ( #8617, #9203, #8847, #8630 ) ) ;
#5562 = EDGE_LOOP ( 'NONE', ( #5643, #5644, #5645, #5646 ) ) ;
#5563 = EDGE_LOOP ( 'NONE', ( #8817, #8829, #8840, #8839 ) ) ;
#5564 = EDGE_LOOP ( 'NONE', ( #9545, #9536, #9533, #9548 ) ) ;
#5565 = EDGE_LOOP ( 'NONE', ( #9571, #9568, #9555, #9624 ) ) ;
#5566 = EDGE_LOOP ( 'NONE', ( #5751, #5730, #5731, #5732 ) ) ;
#5567 = EDGE_LOOP ( 'NONE', ( #5725, #5727 ) ) ;
#5568 = VERTEX_POINT ( 'NONE', #988 ) ;
#5569 = VERTEX_POINT ( 'NONE', #922 ) ;
#5570 = VERTEX_POINT ( 'NONE', #856 ) ;
#5571 = EDGE_LOOP ( 'NONE', ( #9633, #9635, #9631, #9468 ) ) ;
#5572 = EDGE_LOOP ( 'NONE', ( #9481, #9607, #9589, #9542, #9539, #9541 ) ) ;
#5573 = VERTEX_POINT ( 'NONE', #606 ) ;
#5574 = EDGE_LOOP ( 'NONE', ( #9488, #9489, #9486, #9265, #9247, #9483 ) ) ;
#5575 = EDGE_LOOP ( 'NONE', ( #9191, #9270, #9193, #9267, #9269, #9264 ) ) ;
#5576 = ORIENTED_EDGE ( 'NONE', *, *, #4738, .F. ) ;
#5577 = ORIENTED_EDGE ( 'NONE', *, *, #4109, .T. ) ;
#5578 = ORIENTED_EDGE ( 'NONE', *, *, #3959, .F. ) ;
#5579 = ORIENTED_EDGE ( 'NONE', *, *, #4161, .F. ) ;
#5580 = ORIENTED_EDGE ( 'NONE', *, *, #4656, .F. ) ;
#5581 = ORIENTED_EDGE ( 'NONE', *, *, #4765, .F. ) ;
#5582 = ORIENTED_EDGE ( 'NONE', *, *, #4667, .F. ) ;
#5583 = ORIENTED_EDGE ( 'NONE', *, *, #4746, .T. ) ;
#5584 = ORIENTED_EDGE ( 'NONE', *, *, #4682, .T. ) ;
#5585 = ORIENTED_EDGE ( 'NONE', *, *, #4645, .F. ) ;
#5586 = ORIENTED_EDGE ( 'NONE', *, *, #4038, .T. ) ;
#5587 = ORIENTED_EDGE ( 'NONE', *, *, #4782, .T. ) ;
#5588 = ORIENTED_EDGE ( 'NONE', *, *, #4700, .F. ) ;
#5589 = ORIENTED_EDGE ( 'NONE', *, *, #3946, .F. ) ;
#5590 = ORIENTED_EDGE ( 'NONE', *, *, #4746, .F. ) ;
#5591 = ORIENTED_EDGE ( 'NONE', *, *, #4662, .F. ) ;
#5592 = ORIENTED_EDGE ( 'NONE', *, *, #4023, .T. ) ;
#5593 = ORIENTED_EDGE ( 'NONE', *, *, #4654, .T. ) ;
#5594 = VERTEX_POINT ( 'NONE', #714 ) ;
#5595 = ORIENTED_EDGE ( 'NONE', *, *, #3956, .F. ) ;
#5596 = ORIENTED_EDGE ( 'NONE', *, *, #4638, .T. ) ;
#5597 = ORIENTED_EDGE ( 'NONE', *, *, #4714, .T. ) ;
#5598 = VERTEX_POINT ( 'NONE', #728 ) ;
#5599 = ORIENTED_EDGE ( 'NONE', *, *, #4018, .F. ) ;
#5600 = ORIENTED_EDGE ( 'NONE', *, *, #4725, .F. ) ;
#5601 = ORIENTED_EDGE ( 'NONE', *, *, #4023, .F. ) ;
#5602 = ORIENTED_EDGE ( 'NONE', *, *, #4774, .F. ) ;
#5603 = VERTEX_POINT ( 'NONE', #323 ) ;
#5604 = ORIENTED_EDGE ( 'NONE', *, *, #4642, .T. ) ;
#5605 = ORIENTED_EDGE ( 'NONE', *, *, #4635, .T. ) ;
#5606 = ORIENTED_EDGE ( 'NONE', *, *, #4162, .F. ) ;
#5607 = VERTEX_POINT ( 'NONE', #325 ) ;
#5608 = ORIENTED_EDGE ( 'NONE', *, *, #4641, .T. ) ;
#5609 = ORIENTED_EDGE ( 'NONE', *, *, #4619, .F. ) ;
#5610 = ORIENTED_EDGE ( 'NONE', *, *, #4635, .F. ) ;
#5611 = ORIENTED_EDGE ( 'NONE', *, *, #4142, .F. ) ;
#5612 = ORIENTED_EDGE ( 'NONE', *, *, #4598, .F. ) ;
#5613 = ORIENTED_EDGE ( 'NONE', *, *, #4163, .F. ) ;
#5614 = ORIENTED_EDGE ( 'NONE', *, *, #4674, .F. ) ;
#5615 = ORIENTED_EDGE ( 'NONE', *, *, #4038, .F. ) ;
#5616 = ORIENTED_EDGE ( 'NONE', *, *, #4754, .F. ) ;
#5617 = ORIENTED_EDGE ( 'NONE', *, *, #4782, .F. ) ;
#5618 = ORIENTED_EDGE ( 'NONE', *, *, #4630, .F. ) ;
#5619 = ORIENTED_EDGE ( 'NONE', *, *, #4109, .F. ) ;
#5620 = ORIENTED_EDGE ( 'NONE', *, *, #4618, .F. ) ;
#5621 = ORIENTED_EDGE ( 'NONE', *, *, #4638, .F. ) ;
#5622 = ORIENTED_EDGE ( 'NONE', *, *, #4148, .F. ) ;
#5623 = ORIENTED_EDGE ( 'NONE', *, *, #4642, .F. ) ;
#5624 = ORIENTED_EDGE ( 'NONE', *, *, #4800, .F. ) ;
#5625 = ORIENTED_EDGE ( 'NONE', *, *, #4641, .F. ) ;
#5626 = ORIENTED_EDGE ( 'NONE', *, *, #4036, .F. ) ;
#5627 = ORIENTED_EDGE ( 'NONE', *, *, #4714, .F. ) ;
#5628 = ORIENTED_EDGE ( 'NONE', *, *, #4318, .T. ) ;
#5629 = ORIENTED_EDGE ( 'NONE', *, *, #4501, .F. ) ;
#5630 = VERTEX_POINT ( 'NONE', #327 ) ;
#5631 = ORIENTED_EDGE ( 'NONE', *, *, #4202, .F. ) ;
#5632 = ORIENTED_EDGE ( 'NONE', *, *, #4471, .T. ) ;
#5633 = ORIENTED_EDGE ( 'NONE', *, *, #4323, .F. ) ;
#5634 = ORIENTED_EDGE ( 'NONE', *, *, #4406, .F. ) ;
#5635 = ORIENTED_EDGE ( 'NONE', *, *, #4167, .F. ) ;
#5636 = ORIENTED_EDGE ( 'NONE', *, *, #4489, .T. ) ;
#5637 = ORIENTED_EDGE ( 'NONE', *, *, #4486, .T. ) ;
#5638 = ORIENTED_EDGE ( 'NONE', *, *, #4517, .F. ) ;
#5639 = ORIENTED_EDGE ( 'NONE', *, *, #4464, .T. ) ;
#5640 = ORIENTED_EDGE ( 'NONE', *, *, #4264, .F. ) ;
#5641 = ORIENTED_EDGE ( 'NONE', *, *, #4454, .F. ) ;
#5642 = ORIENTED_EDGE ( 'NONE', *, *, #4224, .F. ) ;
#5643 = ORIENTED_EDGE ( 'NONE', *, *, #4501, .T. ) ;
#5644 = ORIENTED_EDGE ( 'NONE', *, *, #4524, .F. ) ;
#5645 = ORIENTED_EDGE ( 'NONE', *, *, #4404, .F. ) ;
#5646 = ORIENTED_EDGE ( 'NONE', *, *, #4251, .F. ) ;
#5647 = VERTEX_POINT ( 'NONE', #329 ) ;
#5648 = ORIENTED_EDGE ( 'NONE', *, *, #4406, .T. ) ;
#5649 = ORIENTED_EDGE ( 'NONE', *, *, #4254, .F. ) ;
#5650 = ORIENTED_EDGE ( 'NONE', *, *, #4409, .F. ) ;
#5651 = ORIENTED_EDGE ( 'NONE', *, *, #4196, .F. ) ;
#5652 = ORIENTED_EDGE ( 'NONE', *, *, #4517, .T. ) ;
#5653 = ORIENTED_EDGE ( 'NONE', *, *, #4181, .F. ) ;
#5654 = ORIENTED_EDGE ( 'NONE', *, *, #4724, .F. ) ;
#5655 = ORIENTED_EDGE ( 'NONE', *, *, #4736, .F. ) ;
#5656 = ORIENTED_EDGE ( 'NONE', *, *, #4268, .F. ) ;
#5657 = ORIENTED_EDGE ( 'NONE', *, *, #4523, .F. ) ;
#5658 = ORIENTED_EDGE ( 'NONE', *, *, #4265, .F. ) ;
#5659 = ORIENTED_EDGE ( 'NONE', *, *, #4262, .F. ) ;
#5660 = ORIENTED_EDGE ( 'NONE', *, *, #4454, .T. ) ;
#5661 = ORIENTED_EDGE ( 'NONE', *, *, #4523, .T. ) ;
#5662 = ORIENTED_EDGE ( 'NONE', *, *, #4047, .F. ) ;
#5663 = ORIENTED_EDGE ( 'NONE', *, *, #4404, .T. ) ;
#5664 = ORIENTED_EDGE ( 'NONE', *, *, #4222, .F. ) ;
#5665 = VERTEX_POINT ( 'NONE', #331 ) ;
#5666 = ORIENTED_EDGE ( 'NONE', *, *, #4525, .F. ) ;
#5667 = ORIENTED_EDGE ( 'NONE', *, *, #4205, .F. ) ;
#5668 = VERTEX_POINT ( 'NONE', #333 ) ;
#5669 = ORIENTED_EDGE ( 'NONE', *, *, #4409, .T. ) ;
#5670 = ORIENTED_EDGE ( 'NONE', *, *, #4199, .F. ) ;
#5671 = ORIENTED_EDGE ( 'NONE', *, *, #4813, .F. ) ;
#5672 = ORIENTED_EDGE ( 'NONE', *, *, #4184, .F. ) ;
#5673 = ORIENTED_EDGE ( 'NONE', *, *, #4736, .T. ) ;
#5674 = ORIENTED_EDGE ( 'NONE', *, *, #4724, .T. ) ;
#5675 = ORIENTED_EDGE ( 'NONE', *, *, #4686, .F. ) ;
#5676 = ORIENTED_EDGE ( 'NONE', *, *, #4047, .T. ) ;
#5677 = ORIENTED_EDGE ( 'NONE', *, *, #4260, .F. ) ;
#5678 = ORIENTED_EDGE ( 'NONE', *, *, #4558, .F. ) ;
#5679 = ORIENTED_EDGE ( 'NONE', *, *, #4225, .F. ) ;
#5680 = VERTEX_POINT ( 'NONE', #335 ) ;
#5681 = ORIENTED_EDGE ( 'NONE', *, *, #4525, .T. ) ;
#5682 = ORIENTED_EDGE ( 'NONE', *, *, #4223, .F. ) ;
#5683 = ORIENTED_EDGE ( 'NONE', *, *, #4717, .F. ) ;
#5684 = ORIENTED_EDGE ( 'NONE', *, *, #4255, .F. ) ;
#5685 = ORIENTED_EDGE ( 'NONE', *, *, #4813, .T. ) ;
#5686 = ORIENTED_EDGE ( 'NONE', *, *, #4258, .F. ) ;
#5687 = ORIENTED_EDGE ( 'NONE', *, *, #4639, .F. ) ;
#5688 = VERTEX_POINT ( 'NONE', #337 ) ;
#5689 = ORIENTED_EDGE ( 'NONE', *, *, #4491, .F. ) ;
#5690 = ORIENTED_EDGE ( 'NONE', *, *, #4686, .T. ) ;
#5691 = VERTEX_POINT ( 'NONE', #339 ) ;
#5692 = ORIENTED_EDGE ( 'NONE', *, *, #4601, .F. ) ;
#5693 = ORIENTED_EDGE ( 'NONE', *, *, #4612, .F. ) ;
#5694 = ORIENTED_EDGE ( 'NONE', *, *, #4263, .F. ) ;
#5695 = ORIENTED_EDGE ( 'NONE', *, *, #4717, .T. ) ;
#5696 = ORIENTED_EDGE ( 'NONE', *, *, #4558, .T. ) ;
#5697 = ORIENTED_EDGE ( 'NONE', *, *, #4735, .F. ) ;
#5698 = ORIENTED_EDGE ( 'NONE', *, *, #4612, .T. ) ;
#5699 = ORIENTED_EDGE ( 'NONE', *, *, #4639, .T. ) ;
#5700 = ORIENTED_EDGE ( 'NONE', *, *, #4672, .F. ) ;
#5701 = ORIENTED_EDGE ( 'NONE', *, *, #4257, .F. ) ;
#5702 = ORIENTED_EDGE ( 'NONE', *, *, #4735, .T. ) ;
#5703 = ORIENTED_EDGE ( 'NONE', *, *, #4261, .F. ) ;
#5704 = ORIENTED_EDGE ( 'NONE', *, *, #4672, .T. ) ;
#5705 = ORIENTED_EDGE ( 'NONE', *, *, #4628, .F. ) ;
#5706 = ORIENTED_EDGE ( 'NONE', *, *, #4611, .F. ) ;
#5707 = ORIENTED_EDGE ( 'NONE', *, *, #4629, .T. ) ;
#5708 = ORIENTED_EDGE ( 'NONE', *, *, #4359, .F. ) ;
#5709 = ORIENTED_EDGE ( 'NONE', *, *, #4328, .F. ) ;
#5710 = ORIENTED_EDGE ( 'NONE', *, *, #4552, .F. ) ;
#5711 = ORIENTED_EDGE ( 'NONE', *, *, #4673, .T. ) ;
#5712 = ORIENTED_EDGE ( 'NONE', *, *, #4614, .F. ) ;
#5713 = ORIENTED_EDGE ( 'NONE', *, *, #4634, .F. ) ;
#5714 = ORIENTED_EDGE ( 'NONE', *, *, #4208, .F. ) ;
#5715 = ORIENTED_EDGE ( 'NONE', *, *, #4497, .F. ) ;
#5716 = ORIENTED_EDGE ( 'NONE', *, *, #4815, .T. ) ;
#5717 = ORIENTED_EDGE ( 'NONE', *, *, #4549, .T. ) ;
#5718 = VERTEX_POINT ( 'NONE', #341 ) ;
#5719 = ORIENTED_EDGE ( 'NONE', *, *, #4411, .F. ) ;
#5720 = VERTEX_POINT ( 'NONE', #343 ) ;
#5721 = ORIENTED_EDGE ( 'NONE', *, *, #4045, .T. ) ;
#5722 = ORIENTED_EDGE ( 'NONE', *, *, #4468, .T. ) ;
#5723 = VERTEX_POINT ( 'NONE', #345 ) ;
#5724 = ORIENTED_EDGE ( 'NONE', *, *, #4436, .T. ) ;
#5725 = ORIENTED_EDGE ( 'NONE', *, *, #4571, .T. ) ;
#5726 = ORIENTED_EDGE ( 'NONE', *, *, #4723, .F. ) ;
#5727 = ORIENTED_EDGE ( 'NONE', *, *, #4551, .T. ) ;
#5728 = ORIENTED_EDGE ( 'NONE', *, *, #4537, .T. ) ;
#5729 = VERTEX_POINT ( 'NONE', #347 ) ;
#5730 = ORIENTED_EDGE ( 'NONE', *, *, #4542, .T. ) ;
#5731 = ORIENTED_EDGE ( 'NONE', *, *, #4410, .T. ) ;
#5732 = ORIENTED_EDGE ( 'NONE', *, *, #4551, .F. ) ;
#5733 = ORIENTED_EDGE ( 'NONE', *, *, #4490, .T. ) ;
#5734 = ORIENTED_EDGE ( 'NONE', *, *, #4538, .F. ) ;
#5735 = ORIENTED_EDGE ( 'NONE', *, *, #4075, .F. ) ;
#5736 = ORIENTED_EDGE ( 'NONE', *, *, #4444, .T. ) ;
#5737 = ORIENTED_EDGE ( 'NONE', *, *, #4497, .T. ) ;
#5738 = ORIENTED_EDGE ( 'NONE', *, *, #4542, .F. ) ;
#5739 = ORIENTED_EDGE ( 'NONE', *, *, #4718, .F. ) ;
#5740 = VERTEX_POINT ( 'NONE', #349 ) ;
#5741 = ORIENTED_EDGE ( 'NONE', *, *, #4411, .T. ) ;
#5742 = ORIENTED_EDGE ( 'NONE', *, *, #4648, .F. ) ;
#5743 = ORIENTED_EDGE ( 'NONE', *, *, #4208, .T. ) ;
#5744 = ORIENTED_EDGE ( 'NONE', *, *, #4362, .T. ) ;
#5745 = VERTEX_POINT ( 'NONE', #351 ) ;
#5746 = ORIENTED_EDGE ( 'NONE', *, *, #4538, .T. ) ;
#5747 = VERTEX_POINT ( 'NONE', #353 ) ;
#5748 = ORIENTED_EDGE ( 'NONE', *, *, #4566, .T. ) ;
#5749 = ORIENTED_EDGE ( 'NONE', *, *, #4436, .F. ) ;
#5750 = ORIENTED_EDGE ( 'NONE', *, *, #4571, .F. ) ;
#5751 = ORIENTED_EDGE ( 'NONE', *, *, #4616, .F. ) ;
#5752 = ORIENTED_EDGE ( 'NONE', *, *, #4567, .F. ) ;
#5753 = ORIENTED_EDGE ( 'NONE', *, *, #4445, .T. ) ;
#5754 = ORIENTED_EDGE ( 'NONE', *, *, #4547, .T. ) ;
#5755 = ORIENTED_EDGE ( 'NONE', *, *, #4616, .T. ) ;
#5756 = ORIENTED_EDGE ( 'NONE', *, *, #4410, .F. ) ;
#5757 = ORIENTED_EDGE ( 'NONE', *, *, #4550, .F. ) ;
#5758 = ORIENTED_EDGE ( 'NONE', *, *, #4723, .T. ) ;
#5759 = ORIENTED_EDGE ( 'NONE', *, *, #4548, .T. ) ;
#5760 = ORIENTED_EDGE ( 'NONE', *, *, #4445, .F. ) ;
#5761 = ORIENTED_EDGE ( 'NONE', *, *, #4361, .F. ) ;
#5762 = ORIENTED_EDGE ( 'NONE', *, *, #4718, .T. ) ;
#5763 = ORIENTED_EDGE ( 'NONE', *, *, #4450, .T. ) ;
#5764 = ORIENTED_EDGE ( 'NONE', *, *, #4444, .F. ) ;
#5765 = ORIENTED_EDGE ( 'NONE', *, *, #4490, .F. ) ;
#5766 = ORIENTED_EDGE ( 'NONE', *, *, #4547, .F. ) ;
#5767 = ORIENTED_EDGE ( 'NONE', *, *, #4075, .T. ) ;
#5768 = ORIENTED_EDGE ( 'NONE', *, *, #4450, .F. ) ;
#5769 = ORIENTED_EDGE ( 'NONE', *, *, #4328, .T. ) ;
#5770 = ORIENTED_EDGE ( 'NONE', *, *, #4622, .T. ) ;
#5771 = ORIENTED_EDGE ( 'NONE', *, *, #4367, .F. ) ;
#5772 = ORIENTED_EDGE ( 'NONE', *, *, #4539, .F. ) ;
#5773 = ORIENTED_EDGE ( 'NONE', *, *, #4543, .F. ) ;
#5774 = ORIENTED_EDGE ( 'NONE', *, *, #4628, .T. ) ;
#5775 = ORIENTED_EDGE ( 'NONE', *, *, #4446, .T. ) ;
#5776 = ORIENTED_EDGE ( 'NONE', *, *, #4011, .F. ) ;
#5777 = ORIENTED_EDGE ( 'NONE', *, *, #4640, .T. ) ;
#5778 = ORIENTED_EDGE ( 'NONE', *, *, #4414, .F. ) ;
#5779 = ORIENTED_EDGE ( 'NONE', *, *, #4546, .F. ) ;
#5780 = ORIENTED_EDGE ( 'NONE', *, *, #4533, .T. ) ;
#5781 = ORIENTED_EDGE ( 'NONE', *, *, #4556, .T. ) ;
#5782 = ORIENTED_EDGE ( 'NONE', *, *, #4546, .T. ) ;
#5783 = ORIENTED_EDGE ( 'NONE', *, *, #4669, .T. ) ;
#5784 = ORIENTED_EDGE ( 'NONE', *, *, #3986, .T. ) ;
#5785 = ORIENTED_EDGE ( 'NONE', *, *, #4623, .T. ) ;
#5786 = VERTEX_POINT ( 'NONE', #355 ) ;
#5787 = ORIENTED_EDGE ( 'NONE', *, *, #4552, .T. ) ;
#5788 = ORIENTED_EDGE ( 'NONE', *, *, #4373, .T. ) ;
#5789 = ORIENTED_EDGE ( 'NONE', *, *, #4557, .T. ) ;
#5790 = ORIENTED_EDGE ( 'NONE', *, *, #4185, .T. ) ;
#5791 = ORIENTED_EDGE ( 'NONE', *, *, #4625, .T. ) ;
#5792 = ORIENTED_EDGE ( 'NONE', *, *, #4626, .T. ) ;
#5793 = ORIENTED_EDGE ( 'NONE', *, *, #4405, .T. ) ;
#5794 = ORIENTED_EDGE ( 'NONE', *, *, #4510, .T. ) ;
#5795 = ORIENTED_EDGE ( 'NONE', *, *, #4691, .T. ) ;
#5796 = ORIENTED_EDGE ( 'NONE', *, *, #3988, .T. ) ;
#5797 = ORIENTED_EDGE ( 'NONE', *, *, #4535, .T. ) ;
#5798 = ORIENTED_EDGE ( 'NONE', *, *, #4010, .T. ) ;
#5799 = VERTEX_POINT ( 'NONE', #357 ) ;
#5800 = ORIENTED_EDGE ( 'NONE', *, *, #4360, .T. ) ;
#5801 = ORIENTED_EDGE ( 'NONE', *, *, #4543, .T. ) ;
#5802 = ORIENTED_EDGE ( 'NONE', *, *, #4365, .T. ) ;
#5803 = ORIENTED_EDGE ( 'NONE', *, *, #4693, .T. ) ;
#5804 = ORIENTED_EDGE ( 'NONE', *, *, #4333, .T. ) ;
#5805 = ORIENTED_EDGE ( 'NONE', *, *, #4710, .T. ) ;
#5806 = ORIENTED_EDGE ( 'NONE', *, *, #4637, .T. ) ;
#5807 = ORIENTED_EDGE ( 'NONE', *, *, #4722, .T. ) ;
#5808 = ORIENTED_EDGE ( 'NONE', *, *, #4675, .T. ) ;
#5809 = ORIENTED_EDGE ( 'NONE', *, *, #4632, .T. ) ;
#5810 = ORIENTED_EDGE ( 'NONE', *, *, #4676, .T. ) ;
#5811 = ORIENTED_EDGE ( 'NONE', *, *, #4716, .T. ) ;
#5812 = ORIENTED_EDGE ( 'NONE', *, *, #4456, .T. ) ;
#5813 = ORIENTED_EDGE ( 'NONE', *, *, #4040, .T. ) ;
#5814 = ORIENTED_EDGE ( 'NONE', *, *, #4475, .T. ) ;
#5815 = ORIENTED_EDGE ( 'NONE', *, *, #4057, .T. ) ;
#5816 = VERTEX_POINT ( 'NONE', #359 ) ;
#5817 = ORIENTED_EDGE ( 'NONE', *, *, #4482, .T. ) ;
#5818 = VERTEX_POINT ( 'NONE', #361 ) ;
#5819 = ORIENTED_EDGE ( 'NONE', *, *, #4474, .T. ) ;
#5820 = ORIENTED_EDGE ( 'NONE', *, *, #4494, .T. ) ;
#5821 = VERTEX_POINT ( 'NONE', #363 ) ;
#5822 = ORIENTED_EDGE ( 'NONE', *, *, #4085, .T. ) ;
#5823 = ORIENTED_EDGE ( 'NONE', *, *, #4470, .T. ) ;
#5824 = ORIENTED_EDGE ( 'NONE', *, *, #6949, .T. ) ;
#5825 = ORIENTED_EDGE ( 'NONE', *, *, #7163, .T. ) ;
#5826 = ORIENTED_EDGE ( 'NONE', *, *, #4276, .T. ) ;
#5827 = ORIENTED_EDGE ( 'NONE', *, *, #4108, .T. ) ;
#5828 = ORIENTED_EDGE ( 'NONE', *, *, #4281, .F. ) ;
#5829 = ORIENTED_EDGE ( 'NONE', *, *, #4259, .F. ) ;
#5830 = ORIENTED_EDGE ( 'NONE', *, *, #4279, .T. ) ;
#5831 = ORIENTED_EDGE ( 'NONE', *, *, #4267, .F. ) ;
#5832 = ORIENTED_EDGE ( 'NONE', *, *, #4285, .F. ) ;
#5833 = ORIENTED_EDGE ( 'NONE', *, *, #4108, .F. ) ;
#5834 = ORIENTED_EDGE ( 'NONE', *, *, #4282, .T. ) ;
#5835 = ORIENTED_EDGE ( 'NONE', *, *, #4232, .F. ) ;
#5836 = ORIENTED_EDGE ( 'NONE', *, *, #4289, .F. ) ;
#5837 = ORIENTED_EDGE ( 'NONE', *, *, #4465, .F. ) ;
#5838 = ORIENTED_EDGE ( 'NONE', *, *, #4286, .T. ) ;
#5839 = ORIENTED_EDGE ( 'NONE', *, *, #4164, .F. ) ;
#5840 = ORIENTED_EDGE ( 'NONE', *, *, #4049, .F. ) ;
#5841 = VERTEX_POINT ( 'NONE', #365 ) ;
#5842 = ORIENTED_EDGE ( 'NONE', *, *, #4234, .F. ) ;
#5843 = ORIENTED_EDGE ( 'NONE', *, *, #4169, .F. ) ;
#5844 = ORIENTED_EDGE ( 'NONE', *, *, #4117, .F. ) ;
#5845 = ORIENTED_EDGE ( 'NONE', *, *, #4506, .F. ) ;
#5846 = ORIENTED_EDGE ( 'NONE', *, *, #4236, .F. ) ;
#5847 = ORIENTED_EDGE ( 'NONE', *, *, #4337, .F. ) ;
#5848 = ORIENTED_EDGE ( 'NONE', *, *, #4239, .F. ) ;
#5849 = ORIENTED_EDGE ( 'NONE', *, *, #4100, .F. ) ;
#5850 = ORIENTED_EDGE ( 'NONE', *, *, #4237, .F. ) ;
#5851 = ORIENTED_EDGE ( 'NONE', *, *, #4170, .F. ) ;
#5852 = ORIENTED_EDGE ( 'NONE', *, *, #4200, .F. ) ;
#5853 = ORIENTED_EDGE ( 'NONE', *, *, #4459, .F. ) ;
#5854 = ORIENTED_EDGE ( 'NONE', *, *, #4235, .F. ) ;
#5855 = ORIENTED_EDGE ( 'NONE', *, *, #4233, .F. ) ;
#5856 = ORIENTED_EDGE ( 'NONE', *, *, #4164, .T. ) ;
#5857 = ORIENTED_EDGE ( 'NONE', *, *, #4459, .T. ) ;
#5858 = ORIENTED_EDGE ( 'NONE', *, *, #3979, .F. ) ;
#5859 = ORIENTED_EDGE ( 'NONE', *, *, #4169, .T. ) ;
#5860 = ORIENTED_EDGE ( 'NONE', *, *, #4049, .T. ) ;
#5861 = ORIENTED_EDGE ( 'NONE', *, *, #4176, .F. ) ;
#5862 = ORIENTED_EDGE ( 'NONE', *, *, #4337, .T. ) ;
#5863 = ORIENTED_EDGE ( 'NONE', *, *, #4506, .T. ) ;
#5864 = ORIENTED_EDGE ( 'NONE', *, *, #4479, .F. ) ;
#5865 = ORIENTED_EDGE ( 'NONE', *, *, #4170, .T. ) ;
#5866 = ORIENTED_EDGE ( 'NONE', *, *, #4100, .T. ) ;
#5867 = ORIENTED_EDGE ( 'NONE', *, *, #4166, .F. ) ;
#5868 = ORIENTED_EDGE ( 'NONE', *, *, #3979, .T. ) ;
#5869 = ORIENTED_EDGE ( 'NONE', *, *, #4231, .F. ) ;
#5870 = ORIENTED_EDGE ( 'NONE', *, *, #4103, .F. ) ;
#5871 = ORIENTED_EDGE ( 'NONE', *, *, #4488, .F. ) ;
#5872 = ORIENTED_EDGE ( 'NONE', *, *, #4176, .T. ) ;
#5873 = ORIENTED_EDGE ( 'NONE', *, *, #4198, .F. ) ;
#5874 = ORIENTED_EDGE ( 'NONE', *, *, #4487, .F. ) ;
#5875 = ORIENTED_EDGE ( 'NONE', *, *, #4238, .F. ) ;
#5876 = ORIENTED_EDGE ( 'NONE', *, *, #4479, .T. ) ;
#5877 = ORIENTED_EDGE ( 'NONE', *, *, #4241, .F. ) ;
#5878 = ORIENTED_EDGE ( 'NONE', *, *, #4214, .F. ) ;
#5879 = ORIENTED_EDGE ( 'NONE', *, *, #4076, .F. ) ;
#5880 = ORIENTED_EDGE ( 'NONE', *, *, #4166, .T. ) ;
#5881 = ORIENTED_EDGE ( 'NONE', *, *, #4197, .F. ) ;
#5882 = ORIENTED_EDGE ( 'NONE', *, *, #4507, .F. ) ;
#5883 = ORIENTED_EDGE ( 'NONE', *, *, #4469, .F. ) ;
#5884 = ORIENTED_EDGE ( 'NONE', *, *, #4230, .F. ) ;
#5885 = ORIENTED_EDGE ( 'NONE', *, *, #4081, .F. ) ;
#5886 = ORIENTED_EDGE ( 'NONE', *, *, #4229, .F. ) ;
#5887 = ORIENTED_EDGE ( 'NONE', *, *, #4227, .F. ) ;
#5888 = ORIENTED_EDGE ( 'NONE', *, *, #4103, .T. ) ;
#5889 = ORIENTED_EDGE ( 'NONE', *, *, #4081, .T. ) ;
#5890 = ORIENTED_EDGE ( 'NONE', *, *, #4052, .F. ) ;
#5891 = ORIENTED_EDGE ( 'NONE', *, *, #4487, .T. ) ;
#5892 = ORIENTED_EDGE ( 'NONE', *, *, #4061, .F. ) ;
#5893 = ORIENTED_EDGE ( 'NONE', *, *, #4463, .F. ) ;
#5894 = ORIENTED_EDGE ( 'NONE', *, *, #4792, .F. ) ;
#5895 = ORIENTED_EDGE ( 'NONE', *, *, #4214, .T. ) ;
#5896 = ORIENTED_EDGE ( 'NONE', *, *, #4791, .F. ) ;
#5897 = ORIENTED_EDGE ( 'NONE', *, *, #4004, .F. ) ;
#5898 = ORIENTED_EDGE ( 'NONE', *, *, #4007, .F. ) ;
#5899 = ORIENTED_EDGE ( 'NONE', *, *, #4469, .T. ) ;
#5900 = ORIENTED_EDGE ( 'NONE', *, *, #4507, .T. ) ;
#5901 = ORIENTED_EDGE ( 'NONE', *, *, #3960, .F. ) ;
#5902 = ORIENTED_EDGE ( 'NONE', *, *, #4052, .T. ) ;
#5903 = ORIENTED_EDGE ( 'NONE', *, *, #4226, .F. ) ;
#5904 = ORIENTED_EDGE ( 'NONE', *, *, #4102, .F. ) ;
#5905 = ORIENTED_EDGE ( 'NONE', *, *, #4172, .F. ) ;
#5906 = ORIENTED_EDGE ( 'NONE', *, *, #4463, .T. ) ;
#5907 = ORIENTED_EDGE ( 'NONE', *, *, #4101, .F. ) ;
#5908 = ORIENTED_EDGE ( 'NONE', *, *, #4540, .F. ) ;
#5909 = ORIENTED_EDGE ( 'NONE', *, *, #4243, .F. ) ;
#5910 = ORIENTED_EDGE ( 'NONE', *, *, #4004, .T. ) ;
#5911 = ORIENTED_EDGE ( 'NONE', *, *, #4246, .F. ) ;
#5912 = VERTEX_POINT ( 'NONE', #367 ) ;
#5913 = ORIENTED_EDGE ( 'NONE', *, *, #4541, .F. ) ;
#5914 = ORIENTED_EDGE ( 'NONE', *, *, #4457, .F. ) ;
#5915 = ORIENTED_EDGE ( 'NONE', *, *, #3960, .T. ) ;
#5916 = ORIENTED_EDGE ( 'NONE', *, *, #4201, .F. ) ;
#5917 = ORIENTED_EDGE ( 'NONE', *, *, #4466, .F. ) ;
#5918 = ORIENTED_EDGE ( 'NONE', *, *, #4228, .F. ) ;
#5919 = ORIENTED_EDGE ( 'NONE', *, *, #4102, .T. ) ;
#5920 = ORIENTED_EDGE ( 'NONE', *, *, #4272, .F. ) ;
#5921 = VERTEX_POINT ( 'NONE', #369 ) ;
#5922 = VERTEX_POINT ( 'NONE', #371 ) ;
#5923 = VERTEX_POINT ( 'NONE', #373 ) ;
#5924 = VERTEX_POINT ( 'NONE', #375 ) ;
#5925 = VERTEX_POINT ( 'NONE', #377 ) ;
#5926 = VERTEX_POINT ( 'NONE', #379 ) ;
#5927 = VERTEX_POINT ( 'NONE', #381 ) ;
#5928 = VERTEX_POINT ( 'NONE', #383 ) ;
#5929 = VERTEX_POINT ( 'NONE', #385 ) ;
#5930 = VERTEX_POINT ( 'NONE', #387 ) ;
#5931 = VERTEX_POINT ( 'NONE', #389 ) ;
#5932 = VERTEX_POINT ( 'NONE', #391 ) ;
#5933 = VERTEX_POINT ( 'NONE', #393 ) ;
#5934 = VERTEX_POINT ( 'NONE', #395 ) ;
#5935 = VERTEX_POINT ( 'NONE', #397 ) ;
#5936 = VERTEX_POINT ( 'NONE', #399 ) ;
#5937 = VERTEX_POINT ( 'NONE', #401 ) ;
#5938 = VERTEX_POINT ( 'NONE', #403 ) ;
#5939 = VERTEX_POINT ( 'NONE', #405 ) ;
#5940 = VERTEX_POINT ( 'NONE', #407 ) ;
#5941 = VERTEX_POINT ( 'NONE', #409 ) ;
#5942 = VERTEX_POINT ( 'NONE', #411 ) ;
#5943 = VERTEX_POINT ( 'NONE', #413 ) ;
#5944 = VERTEX_POINT ( 'NONE', #415 ) ;
#5945 = VERTEX_POINT ( 'NONE', #417 ) ;
#5946 = VERTEX_POINT ( 'NONE', #419 ) ;
#5947 = VERTEX_POINT ( 'NONE', #421 ) ;
#5948 = VERTEX_POINT ( 'NONE', #423 ) ;
#5949 = VERTEX_POINT ( 'NONE', #425 ) ;
#5950 = ORIENTED_EDGE ( 'NONE', *, *, #3976, .F. ) ;
#5951 = VERTEX_POINT ( 'NONE', #427 ) ;
#5952 = VERTEX_POINT ( 'NONE', #429 ) ;
#5953 = VERTEX_POINT ( 'NONE', #431 ) ;
#5954 = VERTEX_POINT ( 'NONE', #433 ) ;
#5955 = VERTEX_POINT ( 'NONE', #435 ) ;
#5956 = VERTEX_POINT ( 'NONE', #437 ) ;
#5957 = VERTEX_POINT ( 'NONE', #439 ) ;
#5958 = VERTEX_POINT ( 'NONE', #441 ) ;
#5959 = VERTEX_POINT ( 'NONE', #443 ) ;
#5960 = VERTEX_POINT ( 'NONE', #445 ) ;
#5961 = VERTEX_POINT ( 'NONE', #447 ) ;
#5962 = VERTEX_POINT ( 'NONE', #449 ) ;
#5963 = VERTEX_POINT ( 'NONE', #451 ) ;
#5964 = VERTEX_POINT ( 'NONE', #453 ) ;
#5965 = VERTEX_POINT ( 'NONE', #455 ) ;
#5966 = VERTEX_POINT ( 'NONE', #457 ) ;
#5967 = VERTEX_POINT ( 'NONE', #459 ) ;
#5968 = VERTEX_POINT ( 'NONE', #461 ) ;
#5969 = VERTEX_POINT ( 'NONE', #463 ) ;
#5970 = VERTEX_POINT ( 'NONE', #465 ) ;
#5971 = VERTEX_POINT ( 'NONE', #467 ) ;
#5972 = VERTEX_POINT ( 'NONE', #469 ) ;
#5973 = VERTEX_POINT ( 'NONE', #471 ) ;
#5974 = VERTEX_POINT ( 'NONE', #473 ) ;
#5975 = VERTEX_POINT ( 'NONE', #475 ) ;
#5976 = VERTEX_POINT ( 'NONE', #477 ) ;
#5977 = VERTEX_POINT ( 'NONE', #479 ) ;
#5978 = VERTEX_POINT ( 'NONE', #481 ) ;
#5979 = VERTEX_POINT ( 'NONE', #483 ) ;
#5980 = VERTEX_POINT ( 'NONE', #485 ) ;
#5981 = VERTEX_POINT ( 'NONE', #487 ) ;
#5982 = VERTEX_POINT ( 'NONE', #489 ) ;
#5983 = VERTEX_POINT ( 'NONE', #491 ) ;
#5984 = VERTEX_POINT ( 'NONE', #493 ) ;
#5985 = VERTEX_POINT ( 'NONE', #495 ) ;
#5986 = VERTEX_POINT ( 'NONE', #497 ) ;
#5987 = VERTEX_POINT ( 'NONE', #499 ) ;
#5988 = VERTEX_POINT ( 'NONE', #501 ) ;
#5989 = VERTEX_POINT ( 'NONE', #503 ) ;
#5990 = VERTEX_POINT ( 'NONE', #505 ) ;
#5991 = VERTEX_POINT ( 'NONE', #507 ) ;
#5992 = VERTEX_POINT ( 'NONE', #509 ) ;
#5993 = VERTEX_POINT ( 'NONE', #511 ) ;
#5994 = VERTEX_POINT ( 'NONE', #513 ) ;
#5995 = VERTEX_POINT ( 'NONE', #515 ) ;
#5996 = VERTEX_POINT ( 'NONE', #517 ) ;
#5997 = VERTEX_POINT ( 'NONE', #519 ) ;
#5998 = LINE ( 'NONE', #6471, #8646 ) ;
#5999 = DIRECTION ( 'NONE',  ( -0.0000000000000000000, -0.7071067811865489100, -0.7071067811865461300 ) ) ;
#6000 = CARTESIAN_POINT ( 'NONE',  ( 16.75000000000000000, 15.49999999999995700, -28.30000000000000400 ) ) ;
#6001 = LINE ( 'NONE', #6000, #8355 ) ;
#6002 = CARTESIAN_POINT ( 'NONE',  ( 150.9999999999999700, -21.50000000000000000, 20.62499999999999600 ) ) ;
#6003 = PLANE ( 'NONE',  #8581 ) ;
#6004 = DIRECTION ( 'NONE',  ( 0.0000000000000000000, 0.0000000000000000000, -1.000000000000000000 ) ) ;
#6005 = DIRECTION ( 'NONE',  ( 0.0000000000000000000, -1.000000000000000000, 0.0000000000000000000 ) ) ;
#6006 = CARTESIAN_POINT ( 'NONE',  ( 294.2499999999999400, 0.0000000000000000000, 5.204170427930421300E-015 ) ) ;
#6007 = DIRECTION ( 'NONE',  ( 0.0000000000000000000, 0.0000000000000000000, 1.000000000000000000 ) ) ;
#6008 = DIRECTION ( 'NONE',  ( -1.000000000000000000, -0.0000000000000000000, -0.0000000000000000000 ) ) ;
#6009 = DIRECTION ( 'NONE',  ( -1.000000000000000000, -0.0000000000000000000, -0.0000000000000000000 ) ) ;
#6010 = CARTESIAN_POINT ( 'NONE',  ( -294.2500000000000000, 10.82820391385385300, -14.99999999999999800 ) ) ;
#6011 = LINE ( 'NONE', #6010, #8496 ) ;
#6012 = DIRECTION ( 'NONE',  ( -0.7071067811865470200, 0.7071067811865481300, -1.153777611830138800E-015 ) ) ;
#6013 = CARTESIAN_POINT ( 'NONE',  ( -12.62499999999999800, -22.12499999999998600, -52.75000000000000000 ) ) ;
#6014 = LINE ( 'NONE', #6013, #8349 ) ;
#6015 = DIRECTION ( 'NONE',  ( -1.000000000000000000, -0.0000000000000000000, -0.0000000000000000000 ) ) ;
#6016 = CARTESIAN_POINT ( 'NONE',  ( 150.9999999999999700, -21.50000000000000000, -20.62500000000000000 ) ) ;
#6017 = LINE ( 'NONE', #6016, #8353 ) ;
#6018 = DIRECTION ( 'NONE',  ( 0.0000000000000000000, 1.000000000000000000, 8.566535683836084200E-017 ) ) ;
#6019 = CARTESIAN_POINT ( 'NONE',  ( -16.74999999999998600, 15.49999999999996100, -28.30000000000000100 ) ) ;
#6020 = LINE ( 'NONE', #6019, #8351 ) ;
#6021 = CARTESIAN_POINT ( 'NONE',  ( 305.7499999999999400, 0.0000000000000000000, 0.0000000000000000000 ) ) ;
#6022 = DIRECTION ( 'NONE',  ( -0.0000000000000000000, -0.0000000000000000000, -1.000000000000000000 ) ) ;
#6023 = CARTESIAN_POINT ( 'NONE',  ( -112.0000000000000000, -18.00000000000001800, 9.000000000000000000 ) ) ;
#6024 = LINE ( 'NONE', #6023, #8375 ) ;
#6025 = DIRECTION ( 'NONE',  ( 0.7550521535113016200, 0.6556647355759999100, 0.0000000000000000000 ) ) ;
#6026 = DIRECTION ( 'NONE',  ( 0.5492275853485879500, -0.6324809747789083000, 0.5461839214357026000 ) ) ;
#6027 = CARTESIAN_POINT ( 'NONE',  ( 16.75000000000000000, -21.25066738965852100, -20.60674487961427200 ) ) ;
#6028 = DIRECTION ( 'NONE',  ( -0.0000000000000000000, 0.7568230077691598900, -0.6536198703460920400 ) ) ;
#6029 = CARTESIAN_POINT ( 'NONE',  ( 12.49999999999999800, 21.75000000000000000, 13.49999999999996400 ) ) ;
#6030 = LINE ( 'NONE', #6029, #8333 ) ;
#6031 = DIRECTION ( 'NONE',  ( -1.000000000000000000, -0.0000000000000000000, -0.0000000000000000000 ) ) ;
#6032 = CARTESIAN_POINT ( 'NONE',  ( -479.2140598934833000, 1.714505518806294600E-015, -14.00000000000000000 ) ) ;
#6033 = DIRECTION ( 'NONE',  ( -0.5773502691895883200, -0.5773502691896285100, -0.5773502691896604800 ) ) ;
#6034 = LINE ( 'NONE', #6032, #8638 ) ;
#6035 = DIRECTION ( 'NONE',  ( 0.7071067811865445800, -0.7071067811865503500, 4.230517910043858600E-015 ) ) ;
#6036 = CARTESIAN_POINT ( 'NONE',  ( 12.62499999999999800, -12.62499999999998800, -52.75000000000000000 ) ) ;
#6037 = LINE ( 'NONE', #6036, #8506 ) ;
#6038 = DIRECTION ( 'NONE',  ( 0.0000000000000000000, 0.0000000000000000000, 1.000000000000000000 ) ) ;
#6039 = CARTESIAN_POINT ( 'NONE',  ( -16.74999999999998600, 29.00000000000000000, 14.79999999999996300 ) ) ;
#6040 = LINE ( 'NONE', #6039, #8443 ) ;
#6041 = DIRECTION ( 'NONE',  ( 0.0000000000000000000, -1.000000000000000000, 0.0000000000000000000 ) ) ;
#6042 = CARTESIAN_POINT ( 'NONE',  ( -107.5000000000000000, -30.00000000000000000, -16.25000000000000000 ) ) ;
#6043 = LINE ( 'NONE', #6042, #8369 ) ;
#6044 = PLANE ( 'NONE',  #8400 ) ;
#6045 = CARTESIAN_POINT ( 'NONE',  ( 271.2500000000001100, 10.82820391385385300, -14.99999999999999800 ) ) ;
#6046 = DIRECTION ( 'NONE',  ( 0.0000000000000000000, 0.0000000000000000000, -1.000000000000000000 ) ) ;
#6047 = CARTESIAN_POINT ( 'NONE',  ( 270.9010560600411800, 10.23203275374294000, -14.99999999999999800 ) ) ;
#6048 = CARTESIAN_POINT ( 'NONE',  ( 270.5663331514288600, 9.628023402755303600, -14.99999999999999800 ) ) ;
#6049 = CARTESIAN_POINT ( 'NONE',  ( 270.2500000000000000, 9.013878188659898400, -14.99999999999999800 ) ) ;
#6050 = DIRECTION ( 'NONE',  ( 0.0000000000000000000, 0.0000000000000000000, -1.000000000000000000 ) ) ;
#6051 = DIRECTION ( 'NONE',  ( 1.000000000000000000, 0.0000000000000000000, 0.0000000000000000000 ) ) ;
#6052 = CARTESIAN_POINT ( 'NONE',  ( 150.9999999999999700, 0.0000000000000000000, 0.0000000000000000000 ) ) ;
#6053 = DIRECTION ( 'NONE',  ( 0.0000000000000000000, 0.0000000000000000000, 1.000000000000000000 ) ) ;
#6054 = DIRECTION ( 'NONE',  ( -1.000000000000000000, -0.0000000000000000000, -0.0000000000000000000 ) ) ;
#6055 = CARTESIAN_POINT ( 'NONE',  ( -302.7711471785539700, 0.0000000000000000000, 0.0000000000000000000 ) ) ;
#6056 = DIRECTION ( 'NONE',  ( 0.0000000000000000000, 0.0000000000000000000, 1.000000000000000000 ) ) ;
#6057 = DIRECTION ( 'NONE',  ( -1.000000000000000000, -0.0000000000000000000, -0.0000000000000000000 ) ) ;
#6058 = DIRECTION ( 'NONE',  ( -1.000000000000000000, 0.0000000000000000000, 0.0000000000000000000 ) ) ;
#6059 = CARTESIAN_POINT ( 'NONE',  ( -17.00000000000000000, -1.999999999999995800, -28.30000000000000400 ) ) ;
#6060 = LINE ( 'NONE', #6059, #8346 ) ;
#6061 = CARTESIAN_POINT ( 'NONE',  ( 302.7711471785540300, 0.0000000000000000000, 0.0000000000000000000 ) ) ;
#6062 = DIRECTION ( 'NONE',  ( 0.0000000000000000000, 0.0000000000000000000, 1.000000000000000000 ) ) ;
#6063 = CARTESIAN_POINT ( 'NONE',  ( -149.0000000000000300, -19.32287565553229300, 14.24999999999999600 ) ) ;
#6064 = CARTESIAN_POINT ( 'NONE',  ( -148.8951160031393200, -19.44180292933394600, 14.25000000000000400 ) ) ;
#6065 = CARTESIAN_POINT ( 'NONE',  ( -148.7757609518047600, -19.54806063455893600, 14.24156974716843900 ) ) ;
#6066 = CARTESIAN_POINT ( 'NONE',  ( -148.5218294369311700, -19.72624515531297000, 14.19627493463450600 ) ) ;
#6067 = CARTESIAN_POINT ( 'NONE',  ( -148.3844321804103600, -19.79980031773902400, 14.15856143993506900 ) ) ;
#6068 = CARTESIAN_POINT ( 'NONE',  ( -148.1124742359095300, -19.90954884091135900, 14.04828488527180100 ) ) ;
#6069 = CARTESIAN_POINT ( 'NONE',  ( -149.5000000000000000, -30.00000000000000000, 12.25000000000000200 ) ) ;
#6070 = CARTESIAN_POINT ( 'NONE',  ( -147.9766495917829200, -19.94668789817651700, 13.97542471387321500 ) ) ;
#6071 = CARTESIAN_POINT ( 'NONE',  ( -147.7214853996178500, -19.99191687176193000, 13.79587739418503200 ) ) ;
#6072 = CARTESIAN_POINT ( 'NONE',  ( -147.6048153527893000, -19.99999999999999600, 13.69172509427311000 ) ) ;
#6073 = CARTESIAN_POINT ( 'NONE',  ( -147.5000000000000300, -19.99999999999999600, 13.57287565553229500 ) ) ;
#6074 = DIRECTION ( 'NONE',  ( 0.0000000000000000000, 0.0000000000000000000, -1.000000000000000000 ) ) ;
#6075 = DIRECTION ( 'NONE',  ( -1.000000000000000000, -0.0000000000000000000, -0.0000000000000000000 ) ) ;
#6076 = DIRECTION ( 'NONE',  ( 0.0000000000000000000, 0.0000000000000000000, 1.000000000000000000 ) ) ;
#6077 = CARTESIAN_POINT ( 'NONE',  ( -110.0000000000000000, -19.99999999999999600, -12.25000000000000200 ) ) ;
#6078 = LINE ( 'NONE', #6077, #8363 ) ;
#6079 = CARTESIAN_POINT ( 'NONE',  ( 270.2500000000000000, 0.0000000000000000000, 0.0000000000000000000 ) ) ;
#6080 = DIRECTION ( 'NONE',  ( 0.0000000000000000000, 0.0000000000000000000, -1.000000000000000000 ) ) ;
#6081 = DIRECTION ( 'NONE',  ( -0.0000000000000000000, 1.000000000000000000, -0.0000000000000000000 ) ) ;
#6082 = CARTESIAN_POINT ( 'NONE',  ( -108.0000000000000000, -19.99999999999999600, -12.25000000000000200 ) ) ;
#6083 = DIRECTION ( 'NONE',  ( 1.000000000000000000, 0.0000000000000000000, 0.0000000000000000000 ) ) ;
#6084 = DIRECTION ( 'NONE',  ( 0.0000000000000000000, 0.0000000000000000000, 1.000000000000000000 ) ) ;
#6085 = DIRECTION ( 'NONE',  ( 0.0000000000000000000, 0.0000000000000000000, 1.000000000000000000 ) ) ;
#6086 = CARTESIAN_POINT ( 'NONE',  ( -145.0000000000000300, -17.99999999999999600, 9.000000000000000000 ) ) ;
#6087 = LINE ( 'NONE', #6086, #8365 ) ;
#6088 = DIRECTION ( 'NONE',  ( 0.0000000000000000000, -0.9973304413659687100, 0.07302048154293465400 ) ) ;
#6089 = DIRECTION ( 'NONE',  ( -0.0000000000000000000, 0.07302048154293465400, 0.9973304413659687100 ) ) ;
#6090 = CARTESIAN_POINT ( 'NONE',  ( 17.00000000000000000, 1.387389149315764200, 18.94927838595341300 ) ) ;
#6091 = DIRECTION ( 'NONE',  ( -1.000000000000000000, -0.0000000000000000000, -0.0000000000000000000 ) ) ;
#6092 = CARTESIAN_POINT ( 'NONE',  ( -294.2500000000000000, 0.0000000000000000000, 18.49999999999999600 ) ) ;
#6093 = LINE ( 'NONE', #6092, #8367 ) ;
#6094 = DIRECTION ( 'NONE',  ( 0.7739572992033217900, -0.6332377902572616800, -2.334959819707143000E-016 ) ) ;
#6095 = CARTESIAN_POINT ( 'NONE',  ( -138.4421414173119400, -39.04733884038108700, -14.24999999999999600 ) ) ;
#6096 = LINE ( 'NONE', #6095, #8387 ) ;
#6097 = DIRECTION ( 'NONE',  ( -1.000000000000000000, -0.0000000000000000000, 0.0000000000000000000 ) ) ;
#6098 = CARTESIAN_POINT ( 'NONE',  ( -112.0000000000000000, -19.99999999999999600, 11.00000000000000000 ) ) ;
#6099 = LINE ( 'NONE', #6098, #8384 ) ;
#6100 = PLANE ( 'NONE',  #8992 ) ;
#6101 = DIRECTION ( 'NONE',  ( 0.0000000000000000000, 0.0000000000000000000, -1.000000000000000000 ) ) ;
#6102 = DIRECTION ( 'NONE',  ( 1.000000000000000000, 0.0000000000000000000, -0.0000000000000000000 ) ) ;
#6103 = DIRECTION ( 'NONE',  ( 0.0000000000000000000, 0.0000000000000000000, 1.000000000000000000 ) ) ;
#6104 = CARTESIAN_POINT ( 'NONE',  ( -112.0000000000000000, -19.99999999999999600, -12.25000000000000200 ) ) ;
#6105 = LINE ( 'NONE', #6104, #8393 ) ;
#6106 = CARTESIAN_POINT ( 'NONE',  ( 277.7499999999999400, 0.0000000000000000000, 0.0000000000000000000 ) ) ;
#6107 = DIRECTION ( 'NONE',  ( 1.837086636568453600E-016, -0.7071067811865672200, 0.7071067811865279200 ) ) ;
#6108 = CARTESIAN_POINT ( 'NONE',  ( -16.74999999999998600, -21.24999999999997500, -53.00000000000000000 ) ) ;
#6109 = LINE ( 'NONE', #6108, #8406 ) ;
#6110 = DIRECTION ( 'NONE',  ( 0.0000000000000000000, 0.0000000000000000000, 1.000000000000000000 ) ) ;
#6111 = DIRECTION ( 'NONE',  ( 0.0000000000000000000, 1.000000000000000000, 0.0000000000000000000 ) ) ;
#6112 = CARTESIAN_POINT ( 'NONE',  ( -149.0000000000000300, -66.00694377477768200, -12.25000000000000500 ) ) ;
#6113 = DIRECTION ( 'NONE',  ( 0.0000000000000000000, 0.0000000000000000000, 1.000000000000000000 ) ) ;
#6114 = DIRECTION ( 'NONE',  ( -1.000000000000000000, -0.0000000000000000000, -0.0000000000000000000 ) ) ;
#6115 = LINE ( 'NONE', #6377, #8616 ) ;
#6116 = CARTESIAN_POINT ( 'NONE',  ( 305.7499999999999400, 0.0000000000000000000, 0.0000000000000000000 ) ) ;
#6117 = DIRECTION ( 'NONE',  ( 0.0000000000000000000, 0.0000000000000000000, 1.000000000000000000 ) ) ;
#6118 = DIRECTION ( 'NONE',  ( -1.000000000000000000, 0.0000000000000000000, 0.0000000000000000000 ) ) ;
#6119 = DIRECTION ( 'NONE',  ( -0.4999999999999985600, -0.1503837331804359400, 0.8528685319524438300 ) ) ;
#6120 = CARTESIAN_POINT ( 'NONE',  ( 156.8112243385262400, 37.31144892044839200, -15.80554549924995700 ) ) ;
#6121 = LINE ( 'NONE', #6120, #8437 ) ;
#6122 = DIRECTION ( 'NONE',  ( 0.0000000000000000000, 3.511585983758719900E-016, -1.000000000000000000 ) ) ;
#6123 = CARTESIAN_POINT ( 'NONE',  ( 16.75000000000000000, -11.49999999999999800, -28.30000000000000400 ) ) ;
#6124 = LINE ( 'NONE', #6123, #8425 ) ;
#6125 = DIRECTION ( 'NONE',  ( 0.9503881556156734700, -0.05401612701846388700, 0.3063406791259752900 ) ) ;
#6126 = CARTESIAN_POINT ( 'NONE',  ( 167.6231372033027800, 23.69903319620833700, 23.96229217827700400 ) ) ;
#6127 = LINE ( 'NONE', #6126, #8434 ) ;
#6128 = DIRECTION ( 'NONE',  ( 0.0000000000000000000, 1.000000000000000000, 0.0000000000000000000 ) ) ;
#6129 = CARTESIAN_POINT ( 'NONE',  ( -16.74999999999998600, -11.49999999999998900, -53.00000000000000000 ) ) ;
#6130 = LINE ( 'NONE', #6129, #8410 ) ;
#6131 = DIRECTION ( 'NONE',  ( 0.0000000000000000000, 0.9848077530122080200, 0.1736481776669304100 ) ) ;
#6132 = CARTESIAN_POINT ( 'NONE',  ( 111.4999999999999700, 0.0000000000000000000, 0.0000000000000000000 ) ) ;
#6133 = DIRECTION ( 'NONE',  ( 0.0000000000000000000, -0.7071067811865461300, 0.7071067811865489100 ) ) ;
#6134 = DIRECTION ( 'NONE',  ( 0.0000000000000000000, 0.0000000000000000000, 1.000000000000000000 ) ) ;
#6135 = DIRECTION ( 'NONE',  ( -1.000000000000000000, -0.0000000000000000000, -0.0000000000000000000 ) ) ;
#6136 = CARTESIAN_POINT ( 'NONE',  ( -270.2500000000000000, 0.0000000000000000000, 0.0000000000000000000 ) ) ;
#6137 = DIRECTION ( 'NONE',  ( 0.0000000000000000000, 0.0000000000000000000, 1.000000000000000000 ) ) ;
#6138 = DIRECTION ( 'NONE',  ( -0.0000000000000000000, -0.7071067811865462400, 0.7071067811865489100 ) ) ;
#6139 = DIRECTION ( 'NONE',  ( -1.000000000000000000, -0.0000000000000000000, -0.0000000000000000000 ) ) ;
#6140 = DIRECTION ( 'NONE',  ( 0.0000000000000000000, -1.000000000000000000, 0.0000000000000000000 ) ) ;
#6141 = CARTESIAN_POINT ( 'NONE',  ( 9.904330988104222500E-015, -21.24999999999997500, 40.50000000000000000 ) ) ;
#6142 = DIRECTION ( 'NONE',  ( 0.7061610574461670800, 0.0000000000000000000, 0.7080512417519732000 ) ) ;
#6143 = DIRECTION ( 'NONE',  ( -0.7071067811865728900, 0.05163327766451440700, 0.7052191181736237000 ) ) ;
#6144 = CARTESIAN_POINT ( 'NONE',  ( 17.00000000000000000, 1.405644269701483300, 19.19861099629492400 ) ) ;
#6145 = PLANE ( 'NONE',  #8337 ) ;
#6146 = DIRECTION ( 'NONE',  ( 0.0000000000000000000, -0.0000000000000000000, -1.000000000000000000 ) ) ;
#6147 = DIRECTION ( 'NONE',  ( 0.0000000000000000000, -1.000000000000000000, 0.0000000000000000000 ) ) ;
#6148 = CARTESIAN_POINT ( 'NONE',  ( 145.4999999999999700, -28.00000000000000000, 26.49999999999999300 ) ) ;
#6149 = DIRECTION ( 'NONE',  ( -0.7071067811865474600, -0.0000000000000000000, 0.7071067811865474600 ) ) ;
#6150 = CARTESIAN_POINT ( 'NONE',  ( -12.49999999999999800, -21.99999999999998600, -53.00000000000000000 ) ) ;
#6151 = LINE ( 'NONE', #6150, #8413 ) ;
#6152 = PLANE ( 'NONE',  #8583 ) ;
#6153 = DIRECTION ( 'NONE',  ( 0.0000000000000000000, 0.0000000000000000000, -1.000000000000000000 ) ) ;
#6154 = DIRECTION ( 'NONE',  ( -1.000000000000000000, 0.0000000000000000000, 0.0000000000000000000 ) ) ;
#6155 = DIRECTION ( 'NONE',  ( -1.000000000000000000, -0.0000000000000000000, -0.0000000000000000000 ) ) ;
#6156 = CARTESIAN_POINT ( 'NONE',  ( -294.2500000000000000, 0.0000000000000000000, 18.49999999999999600 ) ) ;
#6157 = LINE ( 'NONE', #6156, #8340 ) ;
#6158 = CARTESIAN_POINT ( 'NONE',  ( 111.4999999999999700, 0.0000000000000000000, 0.0000000000000000000 ) ) ;
#6159 = DIRECTION ( 'NONE',  ( 0.0000000000000000000, 0.0000000000000000000, 1.000000000000000000 ) ) ;
#6160 = DIRECTION ( 'NONE',  ( -1.000000000000000000, -0.0000000000000000000, -0.0000000000000000000 ) ) ;
#6161 = DIRECTION ( 'NONE',  ( -0.0000000000000000000, 1.000000000000000000, -0.0000000000000000000 ) ) ;
#6162 = CARTESIAN_POINT ( 'NONE',  ( -270.2500000000000000, -18.50000000000000000, 14.99999999999999800 ) ) ;
#6163 = LINE ( 'NONE', #6162, #8665 ) ;
#6164 = CARTESIAN_POINT ( 'NONE',  ( -270.2500000000000000, 0.0000000000000000000, 0.0000000000000000000 ) ) ;
#6165 = DIRECTION ( 'NONE',  ( 0.0000000000000000000, 0.0000000000000000000, 1.000000000000000000 ) ) ;
#6166 = DIRECTION ( 'NONE',  ( -1.000000000000000000, -0.0000000000000000000, -0.0000000000000000000 ) ) ;
#6167 = CARTESIAN_POINT ( 'NONE',  ( -295.2500000000000000, 0.0000000000000000000, 0.0000000000000000000 ) ) ;
#6168 = DIRECTION ( 'NONE',  ( 1.000000000000000000, 0.0000000000000000000, 0.0000000000000000000 ) ) ;
#6169 = CARTESIAN_POINT ( 'NONE',  ( -294.2500000000000000, -10.82820391385385300, -14.99999999999999800 ) ) ;
#6170 = CARTESIAN_POINT ( 'NONE',  ( 17.00000000000000000, 29.00000000000000000, -14.80000000000001800 ) ) ;
#6171 = DIRECTION ( 'NONE',  ( 0.0000000000000000000, -0.7071067811865489100, -0.7071067811865461300 ) ) ;
#6172 = LINE ( 'NONE', #6169, #8688 ) ;
#6173 = DIRECTION ( 'NONE',  ( 0.0000000000000000000, 0.0000000000000000000, -1.000000000000000000 ) ) ;
#6174 = CARTESIAN_POINT ( 'NONE',  ( -479.2140598934833000, 0.0000000000000000000, 0.0000000000000000000 ) ) ;
#6175 = DIRECTION ( 'NONE',  ( 1.000000000000000000, 0.0000000000000000000, 0.0000000000000000000 ) ) ;
#6176 = CARTESIAN_POINT ( 'NONE',  ( 302.7711471785540300, 0.0000000000000000000, 0.0000000000000000000 ) ) ;
#6177 = DIRECTION ( 'NONE',  ( 0.7071067811865332500, 0.7071067811865617800, 3.999762387677795000E-014 ) ) ;
#6178 = CARTESIAN_POINT ( 'NONE',  ( 16.75000000000000000, -21.49999999999998900, -52.75000000000000000 ) ) ;
#6179 = LINE ( 'NONE', #6178, #8654 ) ;
#6180 = DIRECTION ( 'NONE',  ( 0.0000000000000000000, 0.0000000000000000000, 1.000000000000000000 ) ) ;
#6181 = DIRECTION ( 'NONE',  ( -1.000000000000000000, -0.0000000000000000000, 0.0000000000000000000 ) ) ;
#6182 = CARTESIAN_POINT ( 'NONE',  ( 150.9999999999999700, 0.0000000000000000000, 0.0000000000000000000 ) ) ;
#6183 = DIRECTION ( 'NONE',  ( 1.000000000000000000, 0.0000000000000000000, 0.0000000000000000000 ) ) ;
#6184 = CARTESIAN_POINT ( 'NONE',  ( 17.00000000000000000, 29.00000000000000000, 14.79999999999996300 ) ) ;
#6185 = LINE ( 'NONE', #6184, #8525 ) ;
#6186 = DIRECTION ( 'NONE',  ( 0.0000000000000000000, -1.000000000000000000, -8.566535683836084200E-017 ) ) ;
#6187 = CARTESIAN_POINT ( 'NONE',  ( 16.75000000000000000, 29.00000000000000000, -28.30000000000000100 ) ) ;
#6188 = LINE ( 'NONE', #6187, #8385 ) ;
#6189 = PLANE ( 'NONE',  #8500 ) ;
#6190 = DIRECTION ( 'NONE',  ( 0.0000000000000000000, 0.0000000000000000000, 1.000000000000000000 ) ) ;
#6191 = DIRECTION ( 'NONE',  ( 1.000000000000000000, 0.0000000000000000000, 0.0000000000000000000 ) ) ;
#6192 = DIRECTION ( 'NONE',  ( 8.659560562355175700E-017, -0.7071067811865279200, 0.7071067811865672200 ) ) ;
#6193 = CARTESIAN_POINT ( 'NONE',  ( 1.042480587774184700E-014, -21.24999999999998200, -36.25000000000000000 ) ) ;
#6194 = LINE ( 'NONE', #6193, #8336 ) ;
#6195 = LINE ( 'NONE', #6610, #8532 ) ;
#6196 = DIRECTION ( 'NONE',  ( 0.0000000000000000000, 0.7071067811865474600, 0.7071067811865474600 ) ) ;
#6197 = CARTESIAN_POINT ( 'NONE',  ( -12.49999999999999800, -12.49999999999998800, -52.75000000000000000 ) ) ;
#6198 = LINE ( 'NONE', #6197, #9988 ) ;
#6199 = DIRECTION ( 'NONE',  ( -0.09584575252022790900, 0.1728487359030508000, -0.9802738934708752300 ) ) ;
#6200 = CARTESIAN_POINT ( 'NONE',  ( 159.6979756844743900, 34.96599640259543000, -11.14197900068932900 ) ) ;
#6201 = DIRECTION ( 'NONE',  ( 0.0000000000000000000, 1.000000000000000000, 0.0000000000000000000 ) ) ;
#6202 = CARTESIAN_POINT ( 'NONE',  ( -160.5000000000000300, -66.00694377477768200, -14.24999999999998900 ) ) ;
#6203 = LINE ( 'NONE', #6202, #8493 ) ;
#6204 = CARTESIAN_POINT ( 'NONE',  ( -270.2500000000000000, 0.0000000000000000000, 0.0000000000000000000 ) ) ;
#6205 = DIRECTION ( 'NONE',  ( 0.0000000000000000000, 0.0000000000000000000, 1.000000000000000000 ) ) ;
#6206 = DIRECTION ( 'NONE',  ( 0.0000000000000000000, 1.000000000000000000, 0.0000000000000000000 ) ) ;
#6207 = DIRECTION ( 'NONE',  ( 1.000000000000000000, 0.0000000000000000000, 0.0000000000000000000 ) ) ;
#6208 = CARTESIAN_POINT ( 'NONE',  ( 17.00000000000000000, -21.25066738965852100, -20.60674487961427200 ) ) ;
#6209 = LINE ( 'NONE', #6208, #8376 ) ;
#6210 = CARTESIAN_POINT ( 'NONE',  ( -149.0000000000000300, -30.00000000000000000, -12.25000000000000500 ) ) ;
#6211 = DIRECTION ( 'NONE',  ( -1.000000000000000000, 0.0000000000000000000, 0.0000000000000000000 ) ) ;
#6212 = DIRECTION ( 'NONE',  ( 0.0000000000000000000, 0.0000000000000000000, 1.000000000000000000 ) ) ;
#6213 = CARTESIAN_POINT ( 'NONE',  ( -147.5000000000000300, -18.00000000000000000, 16.24999999999996800 ) ) ;
#6214 = DIRECTION ( 'NONE',  ( 0.0000000000000000000, 0.0000000000000000000, 1.000000000000000000 ) ) ;
#6215 = DIRECTION ( 'NONE',  ( -1.000000000000000000, -0.0000000000000000000, -0.0000000000000000000 ) ) ;
#6216 = CARTESIAN_POINT ( 'NONE',  ( -277.7499999999999400, 0.0000000000000000000, 0.0000000000000000000 ) ) ;
#6217 = DIRECTION ( 'NONE',  ( 0.0000000000000000000, 0.0000000000000000000, 1.000000000000000000 ) ) ;
#6218 = DIRECTION ( 'NONE',  ( 0.0000000000000000000, -0.7071067811865656700, 0.7071067811865293700 ) ) ;
#6219 = DIRECTION ( 'NONE',  ( 0.0000000000000000000, 0.7071067811865293700, 0.7071067811865656700 ) ) ;
#6220 = CARTESIAN_POINT ( 'NONE',  ( 17.00000000000000000, -21.23025000142891400, 20.60525000142892400 ) ) ;
#6221 = PLANE ( 'NONE',  #8760 ) ;
#6222 = DIRECTION ( 'NONE',  ( -1.000000000000000000, 0.0000000000000000000, 0.0000000000000000000 ) ) ;
#6223 = DIRECTION ( 'NONE',  ( -0.0000000000000000000, -0.0000000000000000000, -1.000000000000000000 ) ) ;
#6224 = CARTESIAN_POINT ( 'NONE',  ( -143.0000000000000300, -18.00000000000000000, -9.000000000000000000 ) ) ;
#6225 = DIRECTION ( 'NONE',  ( 0.0000000000000000000, 0.0000000000000000000, 1.000000000000000000 ) ) ;
#6226 = DIRECTION ( 'NONE',  ( -1.000000000000000000, 0.0000000000000000000, 0.0000000000000000000 ) ) ;
#6227 = LINE ( 'NONE', #6556, #8489 ) ;
#6228 = DIRECTION ( 'NONE',  ( 0.0000000000000000000, 0.0000000000000000000, -1.000000000000000000 ) ) ;
#6229 = CARTESIAN_POINT ( 'NONE',  ( -147.0000000000000300, -30.00000000000000000, -12.25000000000000500 ) ) ;
#6230 = LINE ( 'NONE', #6229, #3198 ) ;
#6231 = CARTESIAN_POINT ( 'NONE',  ( -110.0000000000000000, -17.99999999999999600, -11.00000000000000000 ) ) ;
#6232 = DIRECTION ( 'NONE',  ( 0.0000000000000000000, 0.0000000000000000000, -1.000000000000000000 ) ) ;
#6233 = DIRECTION ( 'NONE',  ( 1.000000000000000000, 0.0000000000000000000, -0.0000000000000000000 ) ) ;
#6234 = DIRECTION ( 'NONE',  ( 0.0000000000000000000, 1.000000000000000000, 0.0000000000000000000 ) ) ;
#6235 = CARTESIAN_POINT ( 'NONE',  ( -147.0000000000000300, -66.00694377477768200, -12.25000000000000500 ) ) ;
#6236 = LINE ( 'NONE', #6235, #3132 ) ;
#6237 = DIRECTION ( 'NONE',  ( -0.0000000000000000000, -0.0000000000000000000, 1.000000000000000000 ) ) ;
#6238 = CARTESIAN_POINT ( 'NONE',  ( -107.5000000000000000, -17.99999999999998200, -26.50000000000000000 ) ) ;
#6239 = LINE ( 'NONE', #6238, #2422 ) ;
#6240 = DIRECTION ( 'NONE',  ( 0.0000000000000000000, 1.000000000000000000, 0.0000000000000000000 ) ) ;
#6241 = CARTESIAN_POINT ( 'NONE',  ( -108.0000000000000000, -30.00000000000000000, 14.25000000000000000 ) ) ;
#6242 = LINE ( 'NONE', #6241, #2421 ) ;
#6243 = PLANE ( 'NONE',  #9989 ) ;
#6244 = DIRECTION ( 'NONE',  ( 0.0000000000000000000, -1.000000000000000000, -1.239088197126290600E-016 ) ) ;
#6245 = CARTESIAN_POINT ( 'NONE',  ( 145.4999999999999700, 3.245206837629298900E-015, 26.49999999999999600 ) ) ;
#6246 = LINE ( 'NONE', #6245, #2433 ) ;
#6247 = DIRECTION ( 'NONE',  ( 1.000000000000000000, 0.0000000000000000000, 0.0000000000000000000 ) ) ;
#6248 = CARTESIAN_POINT ( 'NONE',  ( 145.4999999999999700, 3.245206837629298900E-015, 26.49999999999999600 ) ) ;
#6249 = LINE ( 'NONE', #6248, #2432 ) ;
#6250 = CARTESIAN_POINT ( 'NONE',  ( 277.7499999999999400, 0.0000000000000000000, 0.0000000000000000000 ) ) ;
#6251 = DIRECTION ( 'NONE',  ( 0.0000000000000000000, 0.0000000000000000000, 1.000000000000000000 ) ) ;
#6252 = DIRECTION ( 'NONE',  ( -1.000000000000000000, 0.0000000000000000000, 0.0000000000000000000 ) ) ;
#6253 = CARTESIAN_POINT ( 'NONE',  ( -277.7499999999999400, 0.0000000000000000000, 0.0000000000000000000 ) ) ;
#6254 = DIRECTION ( 'NONE',  ( 0.0000000000000000000, 0.0000000000000000000, -1.000000000000000000 ) ) ;
#6255 = DIRECTION ( 'NONE',  ( 1.000000000000000000, 0.0000000000000000000, -0.0000000000000000000 ) ) ;
#6256 = DIRECTION ( 'NONE',  ( -0.0000000000000000000, 1.000000000000000000, -0.0000000000000000000 ) ) ;
#6257 = CARTESIAN_POINT ( 'NONE',  ( 270.2500000000000000, -18.50000000000000000, -14.99999999999999800 ) ) ;
#6258 = LINE ( 'NONE', #6257, #2470 ) ;
#6259 = DIRECTION ( 'NONE',  ( 0.0000000000000000000, 0.0000000000000000000, 1.000000000000000000 ) ) ;
#6260 = CARTESIAN_POINT ( 'NONE',  ( -160.5000000000000300, -20.99999999999998900, -14.24999999999998900 ) ) ;
#6261 = LINE ( 'NONE', #6260, #2468 ) ;
#6262 = CARTESIAN_POINT ( 'NONE',  ( -112.0000000000000000, -17.99999999999999600, -11.00000000000000000 ) ) ;
#6263 = DIRECTION ( 'NONE',  ( 1.000000000000000000, 0.0000000000000000000, 0.0000000000000000000 ) ) ;
#6264 = DIRECTION ( 'NONE',  ( 0.0000000000000000000, 1.000000000000000000, 0.0000000000000000000 ) ) ;
#6265 = CARTESIAN_POINT ( 'NONE',  ( -108.0000000000000000, -30.00000000000000000, 12.25000000000000200 ) ) ;
#6266 = DIRECTION ( 'NONE',  ( -1.000000000000000000, 0.0000000000000000000, 0.0000000000000000000 ) ) ;
#6267 = DIRECTION ( 'NONE',  ( 0.0000000000000000000, 0.0000000000000000000, 1.000000000000000000 ) ) ;
#6268 = CARTESIAN_POINT ( 'NONE',  ( -143.0000000000000300, -18.00000000000000000, 9.000000000000000000 ) ) ;
#6269 = DIRECTION ( 'NONE',  ( 0.0000000000000000000, 0.0000000000000000000, -1.000000000000000000 ) ) ;
#6270 = DIRECTION ( 'NONE',  ( 0.0000000000000000000, -1.000000000000000000, 0.0000000000000000000 ) ) ;
#6271 = CARTESIAN_POINT ( 'NONE',  ( 9.904330988104222500E-015, -21.24999999999997500, 40.50000000000000000 ) ) ;
#6272 = DIRECTION ( 'NONE',  ( 1.000000000000000000, 0.0000000000000000000, 0.0000000000000000000 ) ) ;
#6273 = PLANE ( 'NONE',  #8480 ) ;
#6274 = DIRECTION ( 'NONE',  ( 3.016910393003144300E-016, -0.0000000000000000000, 1.000000000000000000 ) ) ;
#6275 = DIRECTION ( 'NONE',  ( 0.0000000000000000000, -0.9973304413659687100, 0.07302048154293511200 ) ) ;
#6276 = CARTESIAN_POINT ( 'NONE',  ( 145.4999999999999700, -21.50000000000000000, 20.62499999999999600 ) ) ;
#6277 = LINE ( 'NONE', #6276, #2465 ) ;
#6278 = CARTESIAN_POINT ( 'NONE',  ( -109.5000000000000000, -18.00000000000000000, 14.25000000000000200 ) ) ;
#6279 = DIRECTION ( 'NONE',  ( 0.0000000000000000000, 0.0000000000000000000, 1.000000000000000000 ) ) ;
#6280 = DIRECTION ( 'NONE',  ( 1.000000000000000000, -0.0000000000000000000, 0.0000000000000000000 ) ) ;
#6281 = CARTESIAN_POINT ( 'NONE',  ( -147.0000000000000300, -17.99999999999999600, 11.00000000000000000 ) ) ;
#6282 = PLANE ( 'NONE',  #8541 ) ;
#6283 = DIRECTION ( 'NONE',  ( 1.000000000000000000, 0.0000000000000000000, 0.0000000000000000000 ) ) ;
#6284 = DIRECTION ( 'NONE',  ( 0.0000000000000000000, 0.0000000000000000000, 1.000000000000000000 ) ) ;
#6285 = DIRECTION ( 'NONE',  ( -1.000000000000000000, -0.0000000000000000000, -0.0000000000000000000 ) ) ;
#6286 = DIRECTION ( 'NONE',  ( -1.000000000000000000, -0.0000000000000000000, -0.0000000000000000000 ) ) ;
#6287 = CARTESIAN_POINT ( 'NONE',  ( -294.2500000000000000, -10.82820391385385300, 14.99999999999999800 ) ) ;
#6288 = LINE ( 'NONE', #6287, #2463 ) ;
#6289 = CARTESIAN_POINT ( 'NONE',  ( -305.7499999999999400, 0.0000000000000000000, 0.0000000000000000000 ) ) ;
#6290 = DIRECTION ( 'NONE',  ( 1.000000000000000000, 0.0000000000000000000, 0.0000000000000000000 ) ) ;
#6291 = DIRECTION ( 'NONE',  ( 0.0000000000000000000, 1.000000000000000000, 0.0000000000000000000 ) ) ;
#6292 = DIRECTION ( 'NONE',  ( 0.08300485652735377400, -0.6420952728101732000, 0.7621180055789934500 ) ) ;
#6293 = CARTESIAN_POINT ( 'NONE',  ( 181.5233701033256800, -24.09305741173945500, -30.36582553296163000 ) ) ;
#6294 = DIRECTION ( 'NONE',  ( 0.0000000000000000000, 0.9848077530122082400, 0.1736481776669304400 ) ) ;
#6295 = LINE ( 'NONE', #6293, #2456 ) ;
#6296 = CARTESIAN_POINT ( 'NONE',  ( -108.0000000000000000, -30.00000000000000000, -12.25000000000000200 ) ) ;
#6297 = CARTESIAN_POINT ( 'NONE',  ( 271.2500000000001100, -10.82820391385385300, 14.99999999999999800 ) ) ;
#6298 = CARTESIAN_POINT ( 'NONE',  ( 270.9010560600411800, -10.23203275374294000, 14.99999999999999800 ) ) ;
#6299 = CARTESIAN_POINT ( 'NONE',  ( 270.5663331514288600, -9.628023402755303600, 14.99999999999999800 ) ) ;
#6300 = CARTESIAN_POINT ( 'NONE',  ( 270.2500000000000000, -9.013878188659898400, 14.99999999999999800 ) ) ;
#6301 = CARTESIAN_POINT ( 'NONE',  ( 270.2500000000000000, 9.013878188659898400, 14.99999999999999800 ) ) ;
#6302 = CARTESIAN_POINT ( 'NONE',  ( 270.5663331514288600, 9.628023402755296400, 14.99999999999999800 ) ) ;
#6303 = CARTESIAN_POINT ( 'NONE',  ( 270.9010560600411800, 10.23203275374293900, 14.99999999999999800 ) ) ;
#6304 = DIRECTION ( 'NONE',  ( -1.000000000000000000, -0.0000000000000000000, -0.0000000000000000000 ) ) ;
#6305 = DIRECTION ( 'NONE',  ( 0.0000000000000000000, 0.0000000000000000000, 1.000000000000000000 ) ) ;
#6306 = CARTESIAN_POINT ( 'NONE',  ( 17.00000000000000000, 1.387389149315764200, 18.94927838595341300 ) ) ;
#6307 = LINE ( 'NONE', #6306, #2458 ) ;
#6308 = DIRECTION ( 'NONE',  ( 0.7071067811865445800, 0.7071067811865503500, 8.930887844882342800E-016 ) ) ;
#6309 = CARTESIAN_POINT ( 'NONE',  ( -12.49999999999999800, -12.49999999999998800, -52.75000000000000000 ) ) ;
#6310 = LINE ( 'NONE', #6309, #2460 ) ;
#6311 = CARTESIAN_POINT ( 'NONE',  ( 271.2500000000001100, 10.82820391385385300, 14.99999999999999800 ) ) ;
#6312 = CARTESIAN_POINT ( 'NONE',  ( 270.2500000000000000, -9.013878188659898400, -14.99999999999999800 ) ) ;
#6313 = CARTESIAN_POINT ( 'NONE',  ( 270.5663331514288600, -9.628023402755296400, -14.99999999999999800 ) ) ;
#6314 = CARTESIAN_POINT ( 'NONE',  ( 270.9010560600411800, -10.23203275374293900, -14.99999999999999800 ) ) ;
#6315 = DIRECTION ( 'NONE',  ( 1.000000000000000000, 0.0000000000000000000, 0.0000000000000000000 ) ) ;
#6316 = CARTESIAN_POINT ( 'NONE',  ( 17.00000000000000000, 15.49999999999996100, -28.30000000000000100 ) ) ;
#6317 = LINE ( 'NONE', #6316, #2442 ) ;
#6318 = DIRECTION ( 'NONE',  ( 0.0000000000000000000, 0.0000000000000000000, 1.000000000000000000 ) ) ;
#6319 = CARTESIAN_POINT ( 'NONE',  ( -160.5000000000000300, -20.99999999999998900, 16.25000000000001100 ) ) ;
#6320 = LINE ( 'NONE', #6319, #2443 ) ;
#6321 = CARTESIAN_POINT ( 'NONE',  ( 151.0357753628765900, 29.82725196431707800, -10.79256350793813400 ) ) ;
#6322 = DIRECTION ( 'NONE',  ( -0.0000000000000000000, 1.000000000000000000, -0.0000000000000000000 ) ) ;
#6323 = CARTESIAN_POINT ( 'NONE',  ( 277.7499999999999400, -18.50000000000000000, 14.99999999999999800 ) ) ;
#6324 = LINE ( 'NONE', #6323, #2444 ) ;
#6325 = CARTESIAN_POINT ( 'NONE',  ( 271.2500000000001100, -10.82820391385385300, -14.99999999999999800 ) ) ;
#6326 = CARTESIAN_POINT ( 'NONE',  ( -3.282148686455255600, -11.49999999999999500, -37.79999999999999700 ) ) ;
#6327 = CARTESIAN_POINT ( 'NONE',  ( -3.084462856929611100, -11.49999999999999600, -37.55969100529318200 ) ) ;
#6328 = CARTESIAN_POINT ( 'NONE',  ( -2.856395839929701400, -11.49068060427023500, -37.33762828160075000 ) ) ;
#6329 = CARTESIAN_POINT ( 'NONE',  ( -2.364621711026091000, -11.46427552807224300, -36.95484044880301200 ) ) ;
#6330 = CARTESIAN_POINT ( 'NONE',  ( -2.099954004812011600, -11.44730837341999300, -36.79170715862996800 ) ) ;
#6331 = CARTESIAN_POINT ( 'NONE',  ( -1.531738486195361600, -11.41477803886252000, -36.52318974181692800 ) ) ;
#6332 = CARTESIAN_POINT ( 'NONE',  ( -1.235419415932954300, -11.39972734810703000, -36.42163474079901400 ) ) ;
#6333 = DIRECTION ( 'NONE',  ( -1.000000000000000000, -0.0000000000000000000, -0.0000000000000000000 ) ) ;
#6334 = CARTESIAN_POINT ( 'NONE',  ( -0.6282298241883261800, -11.37870489509010600, -36.28518664603972600 ) ) ;
#6335 = CARTESIAN_POINT ( 'NONE',  ( -0.3119527343238687700, -11.37269971779742400, -36.25000000000000700 ) ) ;
#6336 = DIRECTION ( 'NONE',  ( 0.4999999999999989500, 0.1503837331804355500, -0.8528685319524437200 ) ) ;
#6337 = CARTESIAN_POINT ( 'NONE',  ( 191.1887756614737300, 29.65547828438184300, 27.61362158060127200 ) ) ;
#6338 = LINE ( 'NONE', #6337, #2445 ) ;
#6339 = DIRECTION ( 'NONE',  ( -1.000000000000000000, 0.0000000000000000000, 0.0000000000000000000 ) ) ;
#6340 = CARTESIAN_POINT ( 'NONE',  ( 17.00000000000000000, 29.00000000000000000, -14.80000000000001800 ) ) ;
#6341 = LINE ( 'NONE', #6340, #2446 ) ;
#6342 = CARTESIAN_POINT ( 'NONE',  ( 1.042480587055435700E-014, -11.37269971779742200, -36.25000000000000000 ) ) ;
#6343 = DIRECTION ( 'NONE',  ( 0.0000000000000000000, 0.9848077530122081300, 0.1736481776669298300 ) ) ;
#6344 = DIRECTION ( 'NONE',  ( -0.09584575252022790900, 0.1728487359030508000, -0.9802738934708752300 ) ) ;
#6345 = CARTESIAN_POINT ( 'NONE',  ( 190.4456268569853100, -25.90378990815718700, 63.40552075974591200 ) ) ;
#6346 = DIRECTION ( 'NONE',  ( 0.0000000000000000000, -8.881784197001252300E-016, 1.000000000000000000 ) ) ;
#6347 = DIRECTION ( 'NONE',  ( 1.000000000000000000, 0.0000000000000000000, 0.0000000000000000000 ) ) ;
#6348 = DIRECTION ( 'NONE',  ( 8.659560562354932900E-017, -0.7071067811865474600, 0.7071067811865474600 ) ) ;
#6349 = CARTESIAN_POINT ( 'NONE',  ( 1.042480587774184700E-014, -21.24999999999997500, 44.75000000000000700 ) ) ;
#6350 = LINE ( 'NONE', #6349, #2448 ) ;
#6351 = DIRECTION ( 'NONE',  ( -1.000000000000000000, -0.0000000000000000000, 0.0000000000000000000 ) ) ;
#6352 = CARTESIAN_POINT ( 'NONE',  ( -270.2500000000000000, 0.0000000000000000000, 0.0000000000000000000 ) ) ;
#6353 = DIRECTION ( 'NONE',  ( 0.0000000000000000000, 0.0000000000000000000, 1.000000000000000000 ) ) ;
#6354 = DIRECTION ( 'NONE',  ( 0.0000000000000000000, -1.000000000000000000, 0.0000000000000000000 ) ) ;
#6355 = CARTESIAN_POINT ( 'NONE',  ( 9.904330988104222500E-015, -21.24999999999997500, 40.50000000000000000 ) ) ;
#6356 = DIRECTION ( 'NONE',  ( 0.0000000000000000000, -0.1736481776669302500, 0.9848077530122081300 ) ) ;
#6357 = DIRECTION ( 'NONE',  ( 0.0000000000000000000, 0.9848077530122082400, 0.1736481776669303300 ) ) ;
#6358 = LINE ( 'NONE', #6321, #8551 ) ;
#6359 = DIRECTION ( 'NONE',  ( 0.0000000000000000000, -3.214931538489836000E-016, 1.000000000000000000 ) ) ;
#6360 = CARTESIAN_POINT ( 'NONE',  ( 16.75000000000000000, -21.49999999999998900, -53.00000000000000000 ) ) ;
#6361 = LINE ( 'NONE', #6360, #2447 ) ;
#6362 = DIRECTION ( 'NONE',  ( 0.0000000000000000000, 3.214931538489836000E-016, -1.000000000000000000 ) ) ;
#6363 = LINE ( 'NONE', #6878, #8561 ) ;
#6364 = CARTESIAN_POINT ( 'NONE',  ( -16.74999999999998600, -21.49999999999998900, -53.00000000000000000 ) ) ;
#6365 = LINE ( 'NONE', #6364, #2452 ) ;
#6366 = LINE ( 'NONE', #6069, #8579 ) ;
#6367 = CARTESIAN_POINT ( 'NONE',  ( 188.3020243155255900, 24.12246877813710100, 21.56086966070515500 ) ) ;
#6368 = DIRECTION ( 'NONE',  ( 0.0000000000000000000, -0.1736481776669303900, 0.9848077530122079100 ) ) ;
#6369 = DIRECTION ( 'NONE',  ( 0.0000000000000000000, 0.9848077530122082400, 0.1736481776669303900 ) ) ;
#6370 = DIRECTION ( 'NONE',  ( 0.0000000000000000000, 0.9973304413659687100, 0.07302048154293495900 ) ) ;
#6371 = CARTESIAN_POINT ( 'NONE',  ( 16.75000000000000000, -21.50000000000000000, -20.62500000000000400 ) ) ;
#6372 = LINE ( 'NONE', #6371, #2453 ) ;
#6373 = DIRECTION ( 'NONE',  ( -0.0000000000000000000, -1.000000000000000000, -0.0000000000000000000 ) ) ;
#6374 = CARTESIAN_POINT ( 'NONE',  ( 1.042480587774184700E-014, 29.00000000000000000, -36.25000000000000000 ) ) ;
#6375 = LINE ( 'NONE', #6374, #2454 ) ;
#6376 = DIRECTION ( 'NONE',  ( 0.0000000000000000000, 1.000000000000000000, 0.0000000000000000000 ) ) ;
#6377 = CARTESIAN_POINT ( 'NONE',  ( -277.7499999999999400, -18.50000000000000000, 14.99999999999999800 ) ) ;
#6378 = DIRECTION ( 'NONE',  ( 0.0000000000000000000, 0.0000000000000000000, -1.000000000000000000 ) ) ;
#6379 = CARTESIAN_POINT ( 'NONE',  ( -112.0000000000000000, -30.00000000000000000, 12.25000000000000200 ) ) ;
#6380 = LINE ( 'NONE', #6379, #2464 ) ;
#6381 = DIRECTION ( 'NONE',  ( 0.0000000000000000000, 1.000000000000000000, 0.0000000000000000000 ) ) ;
#6382 = CARTESIAN_POINT ( 'NONE',  ( -149.0000000000000300, -66.00694377477768200, -16.24999999999999300 ) ) ;
#6383 = LINE ( 'NONE', #6382, #2429 ) ;
#6384 = LINE ( 'NONE', #6886, #2605 ) ;
#6385 = CARTESIAN_POINT ( 'NONE',  ( 174.0000000000000000, 32.00625197289677700, 5.643565774175237400 ) ) ;
#6386 = DIRECTION ( 'NONE',  ( 0.7071067811865279200, 0.7071067811865671100, 0.0000000000000000000 ) ) ;
#6387 = DIRECTION ( 'NONE',  ( 0.0000000000000000000, 0.0000000000000000000, 1.000000000000000000 ) ) ;
#6388 = DIRECTION ( 'NONE',  ( -1.000000000000000000, -0.0000000000000000000, -0.0000000000000000000 ) ) ;
#6389 = CARTESIAN_POINT ( 'NONE',  ( -271.2499999999999400, 0.0000000000000000000, 0.0000000000000000000 ) ) ;
#6390 = DIRECTION ( 'NONE',  ( 0.0000000000000000000, 0.0000000000000000000, -1.000000000000000000 ) ) ;
#6391 = DIRECTION ( 'NONE',  ( -1.000000000000000000, -0.0000000000000000000, -0.0000000000000000000 ) ) ;
#6392 = CARTESIAN_POINT ( 'NONE',  ( 270.2500000000000000, 0.0000000000000000000, 0.0000000000000000000 ) ) ;
#6393 = CARTESIAN_POINT ( 'NONE',  ( -149.0000000000000300, -19.32287565553229300, 16.24999999999996800 ) ) ;
#6394 = CARTESIAN_POINT ( 'NONE',  ( -148.8074187741590900, -19.54124224014161700, 16.25000000000000400 ) ) ;
#6395 = CARTESIAN_POINT ( 'NONE',  ( -148.5678303554591900, -19.71469540176542200, 16.23529829150803000 ) ) ;
#6396 = CARTESIAN_POINT ( 'NONE',  ( -148.1786988334249900, -19.88665799516672200, 16.16698961733016700 ) ) ;
#6397 = DIRECTION ( 'NONE',  ( 0.0000000000000000000, -0.07302048154293511200, -0.9973304413659687100 ) ) ;
#6398 = CARTESIAN_POINT ( 'NONE',  ( -148.0417038961803900, -19.93022132994004600, 16.13607293716089300 ) ) ;
#6399 = DIRECTION ( 'NONE',  ( -0.0000000000000000000, 1.000000000000000000, -0.0000000000000000000 ) ) ;
#6400 = CARTESIAN_POINT ( 'NONE',  ( -147.7703646202773200, -19.98647941489330600, 16.05892256792710200 ) ) ;
#6401 = CARTESIAN_POINT ( 'NONE',  ( -147.6348977036273600, -19.99999999999999300, 16.01266805148712900 ) ) ;
#6402 = DIRECTION ( 'NONE',  ( -1.000000000000000000, -0.0000000000000000000, -0.0000000000000000000 ) ) ;
#6403 = DIRECTION ( 'NONE',  ( 0.5773502691896578200, -0.5773502691896257300, 0.5773502691895937600 ) ) ;
#6404 = CARTESIAN_POINT ( 'NONE',  ( -479.2140598934833000, 2.066591473561158800E-015, -16.87500000000000000 ) ) ;
#6405 = LINE ( 'NONE', #6404, #2435 ) ;
#6406 = CARTESIAN_POINT ( 'NONE',  ( -12.49999999999999800, -21.99999999999998600, -53.00000000000000000 ) ) ;
#6407 = DIRECTION ( 'NONE',  ( 0.7071067811865279200, 1.922962686383670300E-016, 0.7071067811865670000 ) ) ;
#6408 = CARTESIAN_POINT ( 'NONE',  ( 16.75000000000000000, -11.75000000000000400, -53.00000000000000000 ) ) ;
#6409 = LINE ( 'NONE', #6408, #2431 ) ;
#6410 = DIRECTION ( 'NONE',  ( 0.0000000000000000000, -0.7071067811865279200, -0.7071067811865672200 ) ) ;
#6411 = CARTESIAN_POINT ( 'NONE',  ( -112.0000000000000000, -17.99999999999999600, 11.00000000000000000 ) ) ;
#6412 = CARTESIAN_POINT ( 'NONE',  ( 9.904330988104222500E-015, -21.24999999999998200, -44.75000000000000700 ) ) ;
#6413 = LINE ( 'NONE', #6412, #2428 ) ;
#6414 = LINE ( 'NONE', #6406, #8520 ) ;
#6415 = DIRECTION ( 'NONE',  ( -0.4999999999999983300, 0.1503837331804358500, -0.8528685319524440500 ) ) ;
#6416 = CARTESIAN_POINT ( 'NONE',  ( 165.4714783763706100, 36.44320803211374500, -10.88150673418895100 ) ) ;
#6417 = LINE ( 'NONE', #6416, #2437 ) ;
#6418 = DIRECTION ( 'NONE',  ( -0.7071067811865474600, -4.711258581639743100E-015, 0.7071067811865474600 ) ) ;
#6419 = DIRECTION ( 'NONE',  ( 0.0000000000000000000, -0.1736481776669299700, 0.9848077530122081300 ) ) ;
#6420 = CARTESIAN_POINT ( 'NONE',  ( -12.62499999999999800, -12.74999999999998800, -52.87500000000000000 ) ) ;
#6421 = LINE ( 'NONE', #6420, #2425 ) ;
#6422 = LINE ( 'NONE', #6853, #8543 ) ;
#6423 = CARTESIAN_POINT ( 'NONE',  ( 16.75000000000000000, -21.25000000000000000, 53.00000000000000000 ) ) ;
#6424 = CARTESIAN_POINT ( 'NONE',  ( -147.5000000000000300, -19.99999999999999600, 15.95809924354783500 ) ) ;
#6425 = DIRECTION ( 'NONE',  ( 0.0000000000000000000, 0.0000000000000000000, 1.000000000000000000 ) ) ;
#6426 = DIRECTION ( 'NONE',  ( -0.0000000000000000000, 1.000000000000000000, 0.0000000000000000000 ) ) ;
#6427 = DIRECTION ( 'NONE',  ( 0.0000000000000000000, 0.9848077530122082400, 0.1736481776669303900 ) ) ;
#6428 = CARTESIAN_POINT ( 'NONE',  ( 9.904330988104222500E-015, -21.50000000000000000, 40.50000000000000000 ) ) ;
#6429 = DIRECTION ( 'NONE',  ( 0.0000000000000000000, 0.9848077530122080200, 0.1736481776669305500 ) ) ;
#6430 = DIRECTION ( 'NONE',  ( -0.09584575252022790900, 0.1728487359030508000, -0.9802738934708752300 ) ) ;
#6431 = DIRECTION ( 'NONE',  ( 0.0000000000000000000, 0.0000000000000000000, -1.000000000000000000 ) ) ;
#6432 = CARTESIAN_POINT ( 'NONE',  ( -107.5000000000000000, 0.0000000000000000000, 12.25000000000000200 ) ) ;
#6433 = LINE ( 'NONE', #6432, #2480 ) ;
#6434 = DIRECTION ( 'NONE',  ( -0.0000000000000000000, -0.9848077530122080200, -0.1736481776669304400 ) ) ;
#6435 = CARTESIAN_POINT ( 'NONE',  ( 159.6979756844743900, 37.61533323136551800, -17.52895906702134000 ) ) ;
#6436 = LINE ( 'NONE', #6435, #2488 ) ;
#6437 = CARTESIAN_POINT ( 'NONE',  ( 190.7331641145459900, -26.42233611586633700, 66.34634244015852300 ) ) ;
#6438 = CARTESIAN_POINT ( 'NONE',  ( -109.5000000000000100, -19.99999999999999600, -13.57287565553228100 ) ) ;
#6439 = CARTESIAN_POINT ( 'NONE',  ( -109.3951160031393400, -20.00000000000000400, -13.69180292933393200 ) ) ;
#6440 = CARTESIAN_POINT ( 'NONE',  ( -109.2757609518047300, -19.99156974716843700, -13.79806063455892100 ) ) ;
#6441 = CARTESIAN_POINT ( 'NONE',  ( -109.0218294369312300, -19.94627493463450600, -13.97624515531296500 ) ) ;
#6442 = CARTESIAN_POINT ( 'NONE',  ( -108.8844321804103400, -19.90856143993507400, -14.04980031773901800 ) ) ;
#6443 = CARTESIAN_POINT ( 'NONE',  ( -108.6124742359095600, -19.79828488527180500, -14.15954884091136300 ) ) ;
#6444 = CARTESIAN_POINT ( 'NONE',  ( -108.4766495917828700, -19.72542471387322000, -14.19668789817651700 ) ) ;
#6445 = CARTESIAN_POINT ( 'NONE',  ( -108.2214853996178800, -19.54587739418504500, -14.24191687176193000 ) ) ;
#6446 = CARTESIAN_POINT ( 'NONE',  ( -108.1048153527892600, -19.44172509427310700, -14.25000000000000200 ) ) ;
#6447 = DIRECTION ( 'NONE',  ( -0.0000000000000000000, 1.000000000000000000, -0.0000000000000000000 ) ) ;
#6448 = CARTESIAN_POINT ( 'NONE',  ( -270.2500000000000000, -18.50000000000000000, -14.99999999999999800 ) ) ;
#6449 = LINE ( 'NONE', #6448, #2500 ) ;
#6450 = DIRECTION ( 'NONE',  ( -1.000000000000000000, -0.0000000000000000000, -0.0000000000000000000 ) ) ;
#6451 = CARTESIAN_POINT ( 'NONE',  ( -108.0000000000000000, -19.32287565553229300, -14.25000000000000200 ) ) ;
#6452 = DIRECTION ( 'NONE',  ( 0.0000000000000000000, -0.1736481776669307200, 0.9848077530122080200 ) ) ;
#6453 = DIRECTION ( 'NONE',  ( 0.0000000000000000000, 0.9848077530122082400, 0.1736481776669303900 ) ) ;
#6454 = CARTESIAN_POINT ( 'NONE',  ( 159.6979756844743900, 34.96599640259539400, -11.14197900068933000 ) ) ;
#6455 = DIRECTION ( 'NONE',  ( 0.0000000000000000000, 0.0000000000000000000, 1.000000000000000000 ) ) ;
#6456 = DIRECTION ( 'NONE',  ( 0.0000000000000000000, 1.000000000000000000, 0.0000000000000000000 ) ) ;
#6457 = CARTESIAN_POINT ( 'NONE',  ( -149.0000000000000300, -66.00694377477768200, 12.25000000000000500 ) ) ;
#6458 = DIRECTION ( 'NONE',  ( 0.0000000000000000000, -1.000000000000000000, 0.0000000000000000000 ) ) ;
#6459 = CARTESIAN_POINT ( 'NONE',  ( -149.5000000000000300, -66.00694377477768200, -14.24999999999999300 ) ) ;
#6460 = LINE ( 'NONE', #6459, #2472 ) ;
#6461 = DIRECTION ( 'NONE',  ( 0.7071067811865279200, 0.0000000000000000000, 0.7071067811865672200 ) ) ;
#6462 = DIRECTION ( 'NONE',  ( -0.7071067811865672200, 0.0000000000000000000, 0.7071067811865279200 ) ) ;
#6463 = DIRECTION ( 'NONE',  ( 0.0000000000000000000, -1.000000000000000000, -1.239088197126290600E-016 ) ) ;
#6464 = CARTESIAN_POINT ( 'NONE',  ( 17.00000000000000000, -1.084202172485504400E-014, -52.74999999999998600 ) ) ;
#6465 = DIRECTION ( 'NONE',  ( 0.0000000000000000000, -1.000000000000000000, 0.0000000000000000000 ) ) ;
#6466 = CARTESIAN_POINT ( 'NONE',  ( -12.75000000000000000, -22.24999999999998600, -52.75000000000000000 ) ) ;
#6467 = LINE ( 'NONE', #6466, #2497 ) ;
#6468 = PLANE ( 'NONE',  #2482 ) ;
#6469 = DIRECTION ( 'NONE',  ( 0.0000000000000000000, 0.0000000000000000000, -1.000000000000000000 ) ) ;
#6470 = CARTESIAN_POINT ( 'NONE',  ( -149.5000000000000000, -30.00000000000000000, 12.25000000000000200 ) ) ;
#6471 = CARTESIAN_POINT ( 'NONE',  ( -107.7995049504950600, -30.24504950495047200, 16.25000000000000000 ) ) ;
#6472 = DIRECTION ( 'NONE',  ( 0.0000000000000000000, -0.7071067811865474600, -0.7071067811865474600 ) ) ;
#6473 = LINE ( 'NONE', #6470, #2492 ) ;
#6474 = DIRECTION ( 'NONE',  ( -0.7061610574461669700, 0.0000000000000000000, 0.7080512417519733100 ) ) ;
#6475 = DIRECTION ( 'NONE',  ( -0.7071067811865730000, 0.05163327766451458700, -0.7052191181736235900 ) ) ;
#6476 = CARTESIAN_POINT ( 'NONE',  ( 17.00000000000000000, 1.405644269701489300, -19.19861099629492400 ) ) ;
#6477 = PLANE ( 'NONE',  #2496 ) ;
#6478 = CARTESIAN_POINT ( 'NONE',  ( 111.4999999999999700, -28.00000000000000000, -26.49999999999999300 ) ) ;
#6479 = DIRECTION ( 'NONE',  ( 0.0000000000000000000, 0.0000000000000000000, -1.000000000000000000 ) ) ;
#6480 = DIRECTION ( 'NONE',  ( 1.000000000000000000, 0.0000000000000000000, 0.0000000000000000000 ) ) ;
#6481 = DIRECTION ( 'NONE',  ( -0.0000000000000000000, -1.000000000000000000, -0.0000000000000000000 ) ) ;
#6482 = CARTESIAN_POINT ( 'NONE',  ( -149.5000000000000300, -17.99999999999998200, 16.24999999999996800 ) ) ;
#6483 = LINE ( 'NONE', #6482, #2495 ) ;
#6484 = DIRECTION ( 'NONE',  ( -0.0000000000000000000, -0.0000000000000000000, 1.000000000000000000 ) ) ;
#6485 = CARTESIAN_POINT ( 'NONE',  ( -109.5000000000000100, -19.99999999999999600, -26.50000000000000000 ) ) ;
#6486 = LINE ( 'NONE', #6485, #2490 ) ;
#6487 = CARTESIAN_POINT ( 'NONE',  ( 277.7499999999999400, 0.0000000000000000000, 0.0000000000000000000 ) ) ;
#6488 = DIRECTION ( 'NONE',  ( 0.0000000000000000000, 0.0000000000000000000, 1.000000000000000000 ) ) ;
#6489 = DIRECTION ( 'NONE',  ( -1.000000000000000000, -0.0000000000000000000, -0.0000000000000000000 ) ) ;
#6490 = DIRECTION ( 'NONE',  ( -1.000000000000000000, -0.0000000000000000000, -0.0000000000000000000 ) ) ;
#6491 = DIRECTION ( 'NONE',  ( 0.0000000000000000000, 0.0000000000000000000, 1.000000000000000000 ) ) ;
#6492 = CARTESIAN_POINT ( 'NONE',  ( -147.0000000000000300, -19.99999999999999600, -12.25000000000000500 ) ) ;
#6493 = CARTESIAN_POINT ( 'NONE',  ( 174.0000000000000000, 32.00625197289677700, 5.643565774175237400 ) ) ;
#6494 = LINE ( 'NONE', #6492, #2487 ) ;
#6495 = CARTESIAN_POINT ( 'NONE',  ( -203.0000000000000000, 0.0000000000000000000, 0.0000000000000000000 ) ) ;
#6496 = CARTESIAN_POINT ( 'NONE',  ( -295.2500000000000000, 0.0000000000000000000, 0.0000000000000000000 ) ) ;
#6497 = DIRECTION ( 'NONE',  ( 0.0000000000000000000, 0.0000000000000000000, -1.000000000000000000 ) ) ;
#6498 = DIRECTION ( 'NONE',  ( 0.0000000000000000000, -1.000000000000000000, 0.0000000000000000000 ) ) ;
#6499 = CARTESIAN_POINT ( 'NONE',  ( -149.0000000000000300, -19.99999999999999600, 12.25000000000000500 ) ) ;
#6500 = DIRECTION ( 'NONE',  ( 0.0000000000000000000, 0.0000000000000000000, -1.000000000000000000 ) ) ;
#6501 = DIRECTION ( 'NONE',  ( 1.000000000000000000, 0.0000000000000000000, 0.0000000000000000000 ) ) ;
#6502 = CARTESIAN_POINT ( 'NONE',  ( 145.4999999999999700, 0.0000000000000000000, 0.0000000000000000000 ) ) ;
#6503 = DIRECTION ( 'NONE',  ( 0.0000000000000000000, 0.0000000000000000000, -1.000000000000000000 ) ) ;
#6504 = DIRECTION ( 'NONE',  ( 1.000000000000000000, -0.0000000000000000000, -0.0000000000000000000 ) ) ;
#6505 = DIRECTION ( 'NONE',  ( -0.0000000000000000000, -0.0000000000000000000, 1.000000000000000000 ) ) ;
#6506 = CARTESIAN_POINT ( 'NONE',  ( -149.5000000000000300, 0.0000000000000000000, -26.50000000000000000 ) ) ;
#6507 = DIRECTION ( 'NONE',  ( -0.09584575252022790900, 0.1728487359030508000, -0.9802738934708752300 ) ) ;
#6508 = LINE ( 'NONE', #6506, #2478 ) ;
#6509 = DIRECTION ( 'NONE',  ( -0.7739572992033217900, 0.6332377902572616800, 2.334959819707143000E-016 ) ) ;
#6510 = CARTESIAN_POINT ( 'NONE',  ( 305.7499999999999400, 0.0000000000000000000, 0.0000000000000000000 ) ) ;
#6511 = CARTESIAN_POINT ( 'NONE',  ( 295.2500000000000000, 0.0000000000000000000, 0.0000000000000000000 ) ) ;
#6512 = CARTESIAN_POINT ( 'NONE',  ( -160.5000000000000300, -20.99999999999998900, -16.24999999999998900 ) ) ;
#6513 = LINE ( 'NONE', #6512, #2476 ) ;
#6514 = DIRECTION ( 'NONE',  ( 1.000000000000000000, 0.0000000000000000000, -3.016910393003140400E-016 ) ) ;
#6515 = CARTESIAN_POINT ( 'NONE',  ( -160.5000000000000300, 0.0000000000000000000, -14.24999999999998900 ) ) ;
#6516 = LINE ( 'NONE', #6515, #2484 ) ;
#6517 = DIRECTION ( 'NONE',  ( -0.0000000000000000000, -0.0000000000000000000, 1.000000000000000000 ) ) ;
#6518 = CARTESIAN_POINT ( 'NONE',  ( -147.5000000000000300, -19.99999999999999600, -26.50000000000000000 ) ) ;
#6519 = DIRECTION ( 'NONE',  ( 0.0000000000000000000, 0.9973304413659687100, -0.07302048154293511200 ) ) ;
#6520 = LINE ( 'NONE', #6518, #2475 ) ;
#6521 = DIRECTION ( 'NONE',  ( 0.0000000000000000000, 0.0000000000000000000, 1.000000000000000000 ) ) ;
#6522 = CARTESIAN_POINT ( 'NONE',  ( 17.00000000000000000, -1.084202172485504400E-014, -1.666998409216799400E-016 ) ) ;
#6523 = CARTESIAN_POINT ( 'NONE',  ( -145.0000000000000300, -19.99999999999999600, -12.25000000000000500 ) ) ;
#6524 = LINE ( 'NONE', #6523, #2474 ) ;
#6525 = DIRECTION ( 'NONE',  ( -0.0000000000000000000, -0.0000000000000000000, 1.000000000000000000 ) ) ;
#6526 = CARTESIAN_POINT ( 'NONE',  ( -149.5000000000000300, -17.99999999999998200, -26.50000000000000000 ) ) ;
#6527 = LINE ( 'NONE', #6526, #2426 ) ;
#6528 = DIRECTION ( 'NONE',  ( -0.7071067811865474600, 9.903257834875399700E-015, -0.7071067811865474600 ) ) ;
#6529 = CARTESIAN_POINT ( 'NONE',  ( 12.49999999999999800, -12.74999999999998800, -53.00000000000000000 ) ) ;
#6530 = LINE ( 'NONE', #6529, #2424 ) ;
#6531 = DIRECTION ( 'NONE',  ( -1.000000000000000000, 0.0000000000000000000, 0.0000000000000000000 ) ) ;
#6532 = CARTESIAN_POINT ( 'NONE',  ( 17.00000000000000000, -21.50000000000000000, -20.89547203953948800 ) ) ;
#6533 = LINE ( 'NONE', #6532, #2504 ) ;
#6534 = CARTESIAN_POINT ( 'NONE',  ( 111.4999999999999700, 0.0000000000000000000, 0.0000000000000000000 ) ) ;
#6535 = DIRECTION ( 'NONE',  ( 0.0000000000000000000, 0.0000000000000000000, 1.000000000000000000 ) ) ;
#6536 = DIRECTION ( 'NONE',  ( 1.000000000000000000, -0.0000000000000000000, -0.0000000000000000000 ) ) ;
#6537 = DIRECTION ( 'NONE',  ( 0.0000000000000000000, -0.1736481776669304400, 0.9848077530122080200 ) ) ;
#6538 = DIRECTION ( 'NONE',  ( 1.000000000000000000, 0.0000000000000000000, -3.016910393003140400E-016 ) ) ;
#6539 = CARTESIAN_POINT ( 'NONE',  ( -160.5000000000000300, 0.0000000000000000000, -16.24999999999998900 ) ) ;
#6540 = LINE ( 'NONE', #6539, #2419 ) ;
#6541 = DIRECTION ( 'NONE',  ( 0.0000000000000000000, 1.000000000000000000, 0.0000000000000000000 ) ) ;
#6542 = CARTESIAN_POINT ( 'NONE',  ( -160.5000000000000300, -66.00694377477768200, 16.25000000000001100 ) ) ;
#6543 = LINE ( 'NONE', #6542, #2516 ) ;
#6544 = CARTESIAN_POINT ( 'NONE',  ( 16.75000000000000000, -1.084202172485504400E-014, -1.666998409216799400E-016 ) ) ;
#6545 = DIRECTION ( 'NONE',  ( 0.0000000000000000000, 0.0000000000000000000, 1.000000000000000000 ) ) ;
#6546 = DIRECTION ( 'NONE',  ( -0.0000000000000000000, 1.000000000000000000, 3.214931538489836000E-016 ) ) ;
#6547 = CARTESIAN_POINT ( 'NONE',  ( 9.904330988104222500E-015, -21.49999999999999300, -40.50000000000000000 ) ) ;
#6548 = DIRECTION ( 'NONE',  ( 0.0000000000000000000, 0.0000000000000000000, 1.000000000000000000 ) ) ;
#6549 = DIRECTION ( 'NONE',  ( -1.000000000000000000, -0.0000000000000000000, -0.0000000000000000000 ) ) ;
#6550 = DIRECTION ( 'NONE',  ( -0.0000000000000000000, 0.9973304413659687100, 0.07302048154293511200 ) ) ;
#6551 = CARTESIAN_POINT ( 'NONE',  ( 145.4999999999999700, 1.387389149315769300, -18.94927838595340600 ) ) ;
#6552 = LINE ( 'NONE', #6551, #2511 ) ;
#6553 = CARTESIAN_POINT ( 'NONE',  ( -203.0000000000000000, 0.0000000000000000000, 0.0000000000000000000 ) ) ;
#6554 = DIRECTION ( 'NONE',  ( 0.0000000000000000000, 0.0000000000000000000, -1.000000000000000000 ) ) ;
#6555 = DIRECTION ( 'NONE',  ( -1.000000000000000000, 0.0000000000000000000, 0.0000000000000000000 ) ) ;
#6556 = CARTESIAN_POINT ( 'NONE',  ( -96.50000000000000000, -30.00000000000000000, -14.24999999999999600 ) ) ;
#6557 = DIRECTION ( 'NONE',  ( 0.0000000000000000000, 0.9973304413659687100, 0.07302048154293511200 ) ) ;
#6558 = CARTESIAN_POINT ( 'NONE',  ( 111.4999999999999700, 1.387389149315769300, -18.94927838595340600 ) ) ;
#6559 = LINE ( 'NONE', #6558, #2509 ) ;
#6560 = CARTESIAN_POINT ( 'NONE',  ( 105.9999999999999700, 0.0000000000000000000, 0.0000000000000000000 ) ) ;
#6561 = DIRECTION ( 'NONE',  ( 0.0000000000000000000, 0.0000000000000000000, 1.000000000000000000 ) ) ;
#6562 = DIRECTION ( 'NONE',  ( 0.0000000000000000000, 0.0000000000000000000, 1.000000000000000000 ) ) ;
#6563 = DIRECTION ( 'NONE',  ( -1.000000000000000000, -0.0000000000000000000, -0.0000000000000000000 ) ) ;
#6564 = DIRECTION ( 'NONE',  ( -1.000000000000000000, -0.0000000000000000000, -0.0000000000000000000 ) ) ;
#6565 = CARTESIAN_POINT ( 'NONE',  ( 17.00000000000000000, 1.387389149315768600, -18.94927838595341300 ) ) ;
#6566 = LINE ( 'NONE', #6565, #2553 ) ;
#6567 = CARTESIAN_POINT ( 'NONE',  ( -176.0000000000000600, 0.0000000000000000000, 0.0000000000000000000 ) ) ;
#6568 = DIRECTION ( 'NONE',  ( 0.0000000000000000000, -0.1736481776669304400, 0.9848077530122079100 ) ) ;
#6569 = DIRECTION ( 'NONE',  ( 0.0000000000000000000, 0.0000000000000000000, 1.000000000000000000 ) ) ;
#6570 = DIRECTION ( 'NONE',  ( 0.0000000000000000000, 0.9848077530122082400, 0.1736481776669303900 ) ) ;
#6571 = DIRECTION ( 'NONE',  ( -0.4999999999999987800, 0.1503837331804360500, -0.8528685319524437200 ) ) ;
#6572 = CARTESIAN_POINT ( 'NONE',  ( 194.0755270074218700, 30.52371917271650400, 22.68958281554018100 ) ) ;
#6573 = LINE ( 'NONE', #6572, #2551 ) ;
#6574 = CARTESIAN_POINT ( 'NONE',  ( 188.3020243155255900, 29.04650754319815700, 22.42911054903981200 ) ) ;
#6575 = DIRECTION ( 'NONE',  ( 1.000000000000000000, 0.0000000000000000000, -0.0000000000000000000 ) ) ;
#6576 = DIRECTION ( 'NONE',  ( 0.0000000000000000000, 4.081702296416013000E-016, -1.000000000000000000 ) ) ;
#6577 = DIRECTION ( 'NONE',  ( 0.0000000000000000000, -1.000000000000000000, -3.511585983758719900E-016 ) ) ;
#6578 = CARTESIAN_POINT ( 'NONE',  ( 9.904330988104222500E-015, -11.49999999999999300, -40.50000000000000000 ) ) ;
#6579 = DIRECTION ( 'NONE',  ( 0.0000000000000000000, 0.0000000000000000000, 1.000000000000000000 ) ) ;
#6580 = DIRECTION ( 'NONE',  ( -1.000000000000000000, -0.0000000000000000000, -0.0000000000000000000 ) ) ;
#6581 = DIRECTION ( 'NONE',  ( 0.6838386415071114900, 0.2544197806056385800, 0.6838386415071079400 ) ) ;
#6582 = CARTESIAN_POINT ( 'NONE',  ( -10.58619715143912100, 11.46202367239758300, 24.91380284856087000 ) ) ;
#6583 = LINE ( 'NONE', #6582, #2549 ) ;
#6584 = DIRECTION ( 'NONE',  ( 0.6838386415071113800, -0.2544197806056385800, -0.6838386415071080500 ) ) ;
#6585 = CARTESIAN_POINT ( 'NONE',  ( 150.9999999999999700, 3.245206837629298900E-015, 26.49999999999999600 ) ) ;
#6586 = DIRECTION ( 'NONE',  ( 0.0000000000000000000, 0.0000000000000000000, 1.000000000000000000 ) ) ;
#6587 = CARTESIAN_POINT ( 'NONE',  ( 13.93384330760674300, 10.21654360019751100, 21.56615669239326400 ) ) ;
#6588 = LINE ( 'NONE', #6587, #2423 ) ;
#6589 = CARTESIAN_POINT ( 'NONE',  ( -176.0000000000000600, 0.0000000000000000000, 0.0000000000000000000 ) ) ;
#6590 = DIRECTION ( 'NONE',  ( 0.0000000000000000000, 0.0000000000000000000, -1.000000000000000000 ) ) ;
#6591 = DIRECTION ( 'NONE',  ( 0.0000000000000000000, -1.000000000000000000, -1.404634393503488000E-016 ) ) ;
#6592 = DIRECTION ( 'NONE',  ( -1.000000000000000000, -0.0000000000000000000, -0.0000000000000000000 ) ) ;
#6593 = CARTESIAN_POINT ( 'NONE',  ( 150.9999999999999700, 1.387389149315765100, 18.94927838595340200 ) ) ;
#6594 = LINE ( 'NONE', #6593, #2501 ) ;
#6595 = DIRECTION ( 'NONE',  ( 0.7739572992033211300, 0.6332377902572626800, -2.334959819707143500E-016 ) ) ;
#6596 = DIRECTION ( 'NONE',  ( 0.0000000000000000000, 8.410780489584522900E-017, -1.000000000000000000 ) ) ;
#6597 = CARTESIAN_POINT ( 'NONE',  ( 111.4999999999999700, -21.50000000000000000, -20.62500000000000000 ) ) ;
#6598 = LINE ( 'NONE', #6597, #2548 ) ;
#6599 = DIRECTION ( 'NONE',  ( 0.0000000000000000000, 1.000000000000000000, -1.239088197126290800E-016 ) ) ;
#6600 = CARTESIAN_POINT ( 'NONE',  ( 145.4999999999999700, -28.00000000000000000, -26.49999999999999300 ) ) ;
#6601 = DIRECTION ( 'NONE',  ( -1.000000000000000000, -0.0000000000000000000, -0.0000000000000000000 ) ) ;
#6602 = LINE ( 'NONE', #6600, #2541 ) ;
#6603 = DIRECTION ( 'NONE',  ( -1.000000000000000000, 0.0000000000000000000, 0.0000000000000000000 ) ) ;
#6604 = CARTESIAN_POINT ( 'NONE',  ( 17.00000000000000000, -11.49999999999998900, -52.75000000000000000 ) ) ;
#6605 = LINE ( 'NONE', #6604, #2546 ) ;
#6606 = CARTESIAN_POINT ( 'NONE',  ( 9.904330988104222500E-015, -11.50000000000000000, 40.50000000000000000 ) ) ;
#6607 = DIRECTION ( 'NONE',  ( 0.0000000000000000000, 0.7071067811865670000, -0.7071067811865279200 ) ) ;
#6608 = DIRECTION ( 'NONE',  ( 0.0000000000000000000, -0.1736481776669299700, 0.9848077530122081300 ) ) ;
#6609 = DIRECTION ( 'NONE',  ( 0.0000000000000000000, 0.9848077530122082400, 0.1736481776669304400 ) ) ;
#6610 = CARTESIAN_POINT ( 'NONE',  ( -16.75000000000000000, 15.50000000000001800, 28.30000000000000100 ) ) ;
#6611 = CARTESIAN_POINT ( 'NONE',  ( 159.6979756844743900, 34.96599640259543000, -11.14197900068932900 ) ) ;
#6612 = DIRECTION ( 'NONE',  ( 0.0000000000000000000, 0.0000000000000000000, 1.000000000000000000 ) ) ;
#6613 = DIRECTION ( 'NONE',  ( -1.000000000000000000, 0.0000000000000000000, 0.0000000000000000000 ) ) ;
#6614 = DIRECTION ( 'NONE',  ( 1.000000000000000000, 0.0000000000000000000, -3.016910393003143800E-016 ) ) ;
#6615 = CARTESIAN_POINT ( 'NONE',  ( -108.0000000000000000, -30.00000000000000000, 16.25000000000000000 ) ) ;
#6616 = LINE ( 'NONE', #6615, #2545 ) ;
#6617 = DIRECTION ( 'NONE',  ( 0.7739572992033217900, -0.6332377902572616800, -1.167479909853571600E-015 ) ) ;
#6618 = CARTESIAN_POINT ( 'NONE',  ( -160.5000000000000300, -20.99999999999998900, 16.25000000000001100 ) ) ;
#6619 = LINE ( 'NONE', #6618, #2514 ) ;
#6620 = DIRECTION ( 'NONE',  ( 1.000000000000000000, 0.0000000000000000000, -1.508455196501570200E-015 ) ) ;
#6621 = CARTESIAN_POINT ( 'NONE',  ( -149.0000000000000300, -30.00000000000000000, 14.24999999999999300 ) ) ;
#6622 = LINE ( 'NONE', #6621, #2539 ) ;
#6623 = DIRECTION ( 'NONE',  ( -1.000000000000000000, -0.0000000000000000000, 0.0000000000000000000 ) ) ;
#6624 = CARTESIAN_POINT ( 'NONE',  ( -271.2499999999999400, 0.0000000000000000000, 0.0000000000000000000 ) ) ;
#6625 = CARTESIAN_POINT ( 'NONE',  ( -147.0000000000000300, -19.99999999999999600, 11.00000000000000000 ) ) ;
#6626 = LINE ( 'NONE', #6625, #2540 ) ;
#6627 = DIRECTION ( 'NONE',  ( 0.0000000000000000000, 0.0000000000000000000, -1.000000000000000000 ) ) ;
#6628 = CARTESIAN_POINT ( 'NONE',  ( -145.0000000000000300, -30.00000000000000000, -12.25000000000000500 ) ) ;
#6629 = LINE ( 'NONE', #6628, #2542 ) ;
#6630 = DIRECTION ( 'NONE',  ( 0.0000000000000000000, 0.0000000000000000000, 1.000000000000000000 ) ) ;
#6631 = CARTESIAN_POINT ( 'NONE',  ( -112.0000000000000000, -30.00000000000000000, -12.25000000000000200 ) ) ;
#6632 = LINE ( 'NONE', #6631, #2527 ) ;
#6633 = DIRECTION ( 'NONE',  ( 0.7071067811865500200, -0.7071067811865451300, 0.0000000000000000000 ) ) ;
#6634 = DIRECTION ( 'NONE',  ( -0.0000000000000000000, -0.9848077530122080200, -0.1736481776669302800 ) ) ;
#6635 = CARTESIAN_POINT ( 'NONE',  ( 12.49999999999999800, -12.49999999999999300, -32.00000000000000000 ) ) ;
#6636 = LINE ( 'NONE', #6635, #2526 ) ;
#6637 = DIRECTION ( 'NONE',  ( 0.0000000000000000000, 1.000000000000000000, 1.012977212249230700E-016 ) ) ;
#6638 = CARTESIAN_POINT ( 'NONE',  ( 12.75000000000000000, -8.537498566988043700E-015, -22.75000000000000400 ) ) ;
#6639 = LINE ( 'NONE', #6638, #2523 ) ;
#6640 = DIRECTION ( 'NONE',  ( -0.0000000000000000000, 0.7071067811865474600, -0.7071067811865474600 ) ) ;
#6641 = CARTESIAN_POINT ( 'NONE',  ( 12.49999999999999800, -22.24999999999998600, -52.75000000000000000 ) ) ;
#6642 = LINE ( 'NONE', #6641, #2519 ) ;
#6643 = DIRECTION ( 'NONE',  ( -1.000000000000000000, -0.0000000000000000000, -0.0000000000000000000 ) ) ;
#6644 = DIRECTION ( 'NONE',  ( -0.0000000000000000000, -0.0000000000000000000, 1.000000000000000000 ) ) ;
#6645 = CARTESIAN_POINT ( 'NONE',  ( -147.5000000000000300, -19.99999999999999600, -26.50000000000000000 ) ) ;
#6646 = LINE ( 'NONE', #6645, #2520 ) ;
#6647 = DIRECTION ( 'NONE',  ( -1.000000000000000000, 0.0000000000000000000, -3.016910393003143800E-016 ) ) ;
#6648 = CARTESIAN_POINT ( 'NONE',  ( -96.50000000000000000, -30.00000000000000000, -16.24999999999999600 ) ) ;
#6649 = LINE ( 'NONE', #6648, #2538 ) ;
#6650 = CARTESIAN_POINT ( 'NONE',  ( -16.74999999999998600, -1.084202172485504400E-014, -1.666998409216799400E-016 ) ) ;
#6651 = DIRECTION ( 'NONE',  ( 0.0000000000000000000, 0.0000000000000000000, -1.000000000000000000 ) ) ;
#6652 = DIRECTION ( 'NONE',  ( 0.0000000000000000000, -1.000000000000000000, 0.0000000000000000000 ) ) ;
#6653 = DIRECTION ( 'NONE',  ( -0.0000000000000000000, -0.0000000000000000000, 1.000000000000000000 ) ) ;
#6654 = CARTESIAN_POINT ( 'NONE',  ( -149.5000000000000300, 0.0000000000000000000, -26.50000000000000000 ) ) ;
#6655 = LINE ( 'NONE', #6654, #2537 ) ;
#6656 = DIRECTION ( 'NONE',  ( -1.000000000000000000, 0.0000000000000000000, 1.508455196501570200E-015 ) ) ;
#6657 = CARTESIAN_POINT ( 'NONE',  ( -149.0000000000000300, 0.0000000000000000000, 14.24999999999999300 ) ) ;
#6658 = LINE ( 'NONE', #6657, #2536 ) ;
#6659 = CARTESIAN_POINT ( 'NONE',  ( -149.0000000000000300, -19.99999999999999600, 12.25000000000000500 ) ) ;
#6660 = DIRECTION ( 'NONE',  ( -0.7071067811865470200, 0.7071067811865480200, 1.153777611830138200E-015 ) ) ;
#6661 = CARTESIAN_POINT ( 'NONE',  ( -12.49999999999999800, -22.24999999999999600, -14.50000000000000500 ) ) ;
#6662 = LINE ( 'NONE', #6661, #2535 ) ;
#6663 = DIRECTION ( 'NONE',  ( 0.0000000000000000000, 0.0000000000000000000, -1.000000000000000000 ) ) ;
#6664 = DIRECTION ( 'NONE',  ( 1.000000000000000000, -0.0000000000000000000, -0.0000000000000000000 ) ) ;
#6665 = DIRECTION ( 'NONE',  ( 0.0000000000000000000, 0.0000000000000000000, -1.000000000000000000 ) ) ;
#6666 = CARTESIAN_POINT ( 'NONE',  ( -160.5000000000000300, 0.0000000000000000000, 16.25000000000001100 ) ) ;
#6667 = DIRECTION ( 'NONE',  ( 0.0000000000000000000, 0.0000000000000000000, -1.000000000000000000 ) ) ;
#6668 = LINE ( 'NONE', #6666, #2532 ) ;
#6669 = DIRECTION ( 'NONE',  ( 0.0000000000000000000, 1.000000000000000000, 0.0000000000000000000 ) ) ;
#6670 = CARTESIAN_POINT ( 'NONE',  ( -112.0000000000000000, -30.00000000000000000, -12.25000000000000200 ) ) ;
#6671 = CARTESIAN_POINT ( 'NONE',  ( 181.9872391970752100, -10.64988896471294800, -23.10365033905885200 ) ) ;
#6672 = LINE ( 'NONE', #6670, #2528 ) ;
#6673 = CARTESIAN_POINT ( 'NONE',  ( 17.00000000000000000, -1.084202172485504400E-014, -1.666998409216799400E-016 ) ) ;
#6674 = DIRECTION ( 'NONE',  ( -1.000000000000000000, 0.0000000000000000000, 1.734723475976805500E-015 ) ) ;
#6675 = DIRECTION ( 'NONE',  ( -1.508455196501570200E-015, 0.0000000000000000000, -1.000000000000000000 ) ) ;
#6676 = DIRECTION ( 'NONE',  ( -1.000000000000000000, 0.0000000000000000000, 0.0000000000000000000 ) ) ;
#6677 = CARTESIAN_POINT ( 'NONE',  ( 111.4999999999999700, -28.00000000000000000, 26.49999999999999300 ) ) ;
#6678 = LINE ( 'NONE', #6677, #2531 ) ;
#6679 = DIRECTION ( 'NONE',  ( 1.000000000000000000, 0.0000000000000000000, 0.0000000000000000000 ) ) ;
#6680 = CARTESIAN_POINT ( 'NONE',  ( 17.00000000000000000, -11.75000000000000400, -53.00000000000000000 ) ) ;
#6681 = LINE ( 'NONE', #6680, #2529 ) ;
#6682 = DIRECTION ( 'NONE',  ( -0.09584575252022789500, 0.1728487359030507800, -0.9802738934708751200 ) ) ;
#6683 = CARTESIAN_POINT ( 'NONE',  ( 179.7348640128498400, 0.7981144766003059900, -44.83772550312243500 ) ) ;
#6684 = LINE ( 'NONE', #6683, #2515 ) ;
#6685 = DIRECTION ( 'NONE',  ( 0.0000000000000000000, 1.000000000000000000, 0.0000000000000000000 ) ) ;
#6686 = CARTESIAN_POINT ( 'NONE',  ( -108.0000000000000000, -30.00000000000000000, -16.25000000000000000 ) ) ;
#6687 = LINE ( 'NONE', #6686, #2513 ) ;
#6688 = DIRECTION ( 'NONE',  ( -0.7071067811865474600, 0.7071067811865474600, 0.0000000000000000000 ) ) ;
#6689 = CARTESIAN_POINT ( 'NONE',  ( -12.49999999999999800, -22.25000000000000000, 14.49999999999999800 ) ) ;
#6690 = LINE ( 'NONE', #6689, #2507 ) ;
#6691 = CARTESIAN_POINT ( 'NONE',  ( 17.00000000000000000, -1.999999999999999600, 37.79999999999999700 ) ) ;
#6692 = DIRECTION ( 'NONE',  ( -0.0000000000000000000, 0.7071067811865474600, -0.7071067811865474600 ) ) ;
#6693 = DIRECTION ( 'NONE',  ( 0.0000000000000000000, 0.0000000000000000000, 1.000000000000000000 ) ) ;
#6694 = CARTESIAN_POINT ( 'NONE',  ( -12.49999999999999800, -12.75000000000000000, 53.00000000000000000 ) ) ;
#6695 = DIRECTION ( 'NONE',  ( 0.0000000000000000000, 0.9848077530122081300, 0.1736481776669302500 ) ) ;
#6696 = LINE ( 'NONE', #6694, #2505 ) ;
#6697 = CARTESIAN_POINT ( 'NONE',  ( -147.5000000000000300, -18.00000000000000000, 14.24999999999999500 ) ) ;
#6698 = DIRECTION ( 'NONE',  ( 0.0000000000000000000, 0.9848077530122079100, 0.1736481776669306100 ) ) ;
#6699 = DIRECTION ( 'NONE',  ( -0.09584575252022790900, 0.1728487359030508000, -0.9802738934708752300 ) ) ;
#6700 = CARTESIAN_POINT ( 'NONE',  ( 191.1644700008870400, -27.20015542743006900, 70.75757496077746100 ) ) ;
#6701 = DIRECTION ( 'NONE',  ( 0.7739572992033211300, 0.6332377902572626800, 2.334959819707143500E-016 ) ) ;
#6702 = CARTESIAN_POINT ( 'NONE',  ( -107.5000000000000400, -29.99999999999999600, -14.25000000000000000 ) ) ;
#6703 = LINE ( 'NONE', #6702, #2503 ) ;
#6704 = DIRECTION ( 'NONE',  ( 0.0000000000000000000, 0.0000000000000000000, 1.000000000000000000 ) ) ;
#6705 = DIRECTION ( 'NONE',  ( -1.000000000000000000, -0.0000000000000000000, 0.0000000000000000000 ) ) ;
#6706 = CARTESIAN_POINT ( 'NONE',  ( -17.00000000000000000, -1.084202172485504400E-014, -1.666998409216799400E-016 ) ) ;
#6707 = PLANE ( 'NONE',  #2665 ) ;
#6708 = DIRECTION ( 'NONE',  ( 0.0000000000000000000, 0.0000000000000000000, 1.000000000000000000 ) ) ;
#6709 = DIRECTION ( 'NONE',  ( -1.000000000000000000, -0.0000000000000000000, -0.0000000000000000000 ) ) ;
#6710 = DIRECTION ( 'NONE',  ( 0.6838386415071158200, -0.2544197806056149900, 0.6838386415071124900 ) ) ;
#6711 = CARTESIAN_POINT ( 'NONE',  ( 14.60412497308437600, 9.967167645222385600, -20.89587502691563300 ) ) ;
#6712 = LINE ( 'NONE', #6711, #2562 ) ;
#6713 = DIRECTION ( 'NONE',  ( 0.5000000000000013300, -0.1503837331804356900, 0.8528685319524423900 ) ) ;
#6714 = CARTESIAN_POINT ( 'NONE',  ( 182.5285216236293300, 30.52371917271650000, 22.68958281554021300 ) ) ;
#6715 = LINE ( 'NONE', #6714, #2559 ) ;
#6716 = DIRECTION ( 'NONE',  ( -1.000000000000000000, -0.0000000000000000000, -0.0000000000000000000 ) ) ;
#6717 = DIRECTION ( 'NONE',  ( -0.09584575252022789500, 0.1728487359030507800, -0.9802738934708751200 ) ) ;
#6718 = CARTESIAN_POINT ( 'NONE',  ( 179.7348640128498400, -29.97712780503122000, -50.26423105521401200 ) ) ;
#6719 = LINE ( 'NONE', #6718, #2473 ) ;
#6720 = CARTESIAN_POINT ( 'NONE',  ( -17.00000000000000000, -1.999999999999994900, -37.79999999999999700 ) ) ;
#6721 = DIRECTION ( 'NONE',  ( 0.0000000000000000000, 0.9848077530122081300, 0.1736481776669303000 ) ) ;
#6722 = DIRECTION ( 'NONE',  ( -0.09584575252022790900, 0.1728487359030508000, -0.9802738934708752300 ) ) ;
#6723 = LINE ( 'NONE', #6885, #2604 ) ;
#6724 = CARTESIAN_POINT ( 'NONE',  ( 188.6964418734911500, -22.74930047792650400, 45.51552220390241400 ) ) ;
#6725 = DIRECTION ( 'NONE',  ( 0.0000000000000000000, 0.0000000000000000000, 1.000000000000000000 ) ) ;
#6726 = DIRECTION ( 'NONE',  ( -1.000000000000000000, -0.0000000000000000000, -0.0000000000000000000 ) ) ;
#6727 = DIRECTION ( 'NONE',  ( 1.000000000000000000, 0.0000000000000000000, 0.0000000000000000000 ) ) ;
#6728 = CARTESIAN_POINT ( 'NONE',  ( 185.4152729695775000, 29.65547828438184300, 27.61362158060127200 ) ) ;
#6729 = LINE ( 'NONE', #6728, #2566 ) ;
#6730 = DIRECTION ( 'NONE',  ( 0.7071067811865725500, -0.7071067811865225900, -7.285480914654649600E-016 ) ) ;
#6731 = CARTESIAN_POINT ( 'NONE',  ( -16.87499999999999300, -21.37499999999999300, -52.75000000000000000 ) ) ;
#6732 = LINE ( 'NONE', #6731, #2662 ) ;
#6733 = DIRECTION ( 'NONE',  ( 1.000000000000000000, 0.0000000000000000000, 0.0000000000000000000 ) ) ;
#6734 = CARTESIAN_POINT ( 'NONE',  ( 17.00000000000000000, -11.50000000000000200, 52.75000000000000000 ) ) ;
#6735 = LINE ( 'NONE', #6734, #2660 ) ;
#6736 = CARTESIAN_POINT ( 'NONE',  ( -170.0000000000000300, 0.0000000000000000000, 0.0000000000000000000 ) ) ;
#6737 = DIRECTION ( 'NONE',  ( 0.0000000000000000000, 0.0000000000000000000, -1.000000000000000000 ) ) ;
#6738 = DIRECTION ( 'NONE',  ( 1.000000000000000000, 0.0000000000000000000, 0.0000000000000000000 ) ) ;
#6739 = CARTESIAN_POINT ( 'NONE',  ( 221.9999999999999700, 0.0000000000000000000, 0.0000000000000000000 ) ) ;
#6740 = DIRECTION ( 'NONE',  ( 0.0000000000000000000, 0.0000000000000000000, -1.000000000000000000 ) ) ;
#6741 = DIRECTION ( 'NONE',  ( -0.0000000000000000000, -1.000000000000000000, -0.0000000000000000000 ) ) ;
#6742 = DIRECTION ( 'NONE',  ( 0.0000000000000000000, 2.891205793294679300E-016, -1.000000000000000000 ) ) ;
#6743 = CARTESIAN_POINT ( 'NONE',  ( -12.75000000000000000, -12.74999999999998900, -53.00000000000000000 ) ) ;
#6744 = LINE ( 'NONE', #6743, #2657 ) ;
#6745 = DIRECTION ( 'NONE',  ( -0.9018160287246322900, 0.0000000000000000000, 0.4321201804305526700 ) ) ;
#6746 = CARTESIAN_POINT ( 'NONE',  ( -170.0000000000000300, 0.0000000000000000000, 14.00000000000000000 ) ) ;
#6747 = LINE ( 'NONE', #6746, #2655 ) ;
#6748 = DIRECTION ( 'NONE',  ( -0.0000000000000000000, 0.7071067811865474600, 0.7071067811865474600 ) ) ;
#6749 = CARTESIAN_POINT ( 'NONE',  ( -12.49999999999999800, -22.24999999999999600, -14.50000000000000500 ) ) ;
#6750 = LINE ( 'NONE', #6749, #2652 ) ;
#6751 = DIRECTION ( 'NONE',  ( 0.0000000000000000000, 0.0000000000000000000, -1.000000000000000000 ) ) ;
#6752 = CARTESIAN_POINT ( 'NONE',  ( 12.75000000000000000, -22.00000000000000000, -1.666998409216799400E-016 ) ) ;
#6753 = LINE ( 'NONE', #6752, #2508 ) ;
#6754 = DIRECTION ( 'NONE',  ( 0.7071067811865474600, -0.7071067811865474600, 0.0000000000000000000 ) ) ;
#6755 = CARTESIAN_POINT ( 'NONE',  ( 12.49999999999999800, -12.49999999999999600, 32.00000000000000000 ) ) ;
#6756 = LINE ( 'NONE', #6755, #2555 ) ;
#6757 = DIRECTION ( 'NONE',  ( -0.7071067811865474600, 0.0000000000000000000, -0.7071067811865474600 ) ) ;
#6758 = CARTESIAN_POINT ( 'NONE',  ( -12.62499999999999800, -21.99999999999999600, -14.37500000000000500 ) ) ;
#6759 = LINE ( 'NONE', #6758, #2651 ) ;
#6760 = DIRECTION ( 'NONE',  ( 0.0000000000000000000, 0.7568230077691598900, -0.6536198703460920400 ) ) ;
#6761 = CARTESIAN_POINT ( 'NONE',  ( -12.75000000000000000, 15.80671337560870300, 18.30251022438906000 ) ) ;
#6762 = LINE ( 'NONE', #6761, #2649 ) ;
#6763 = CARTESIAN_POINT ( 'NONE',  ( 9.904330988104222500E-015, 29.00000000000000000, -40.50000000000000000 ) ) ;
#6764 = DIRECTION ( 'NONE',  ( 0.0000000000000000000, 0.0000000000000000000, -1.000000000000000000 ) ) ;
#6765 = DIRECTION ( 'NONE',  ( 0.0000000000000000000, -1.224646799147353200E-016, 1.000000000000000000 ) ) ;
#6766 = DIRECTION ( 'NONE',  ( 1.000000000000000000, 0.0000000000000000000, 0.0000000000000000000 ) ) ;
#6767 = CARTESIAN_POINT ( 'NONE',  ( 150.9999999999999700, 0.0000000000000000000, 0.0000000000000000000 ) ) ;
#6768 = DIRECTION ( 'NONE',  ( 0.0000000000000000000, 0.9848077530122081300, 0.1736481776669302500 ) ) ;
#6769 = DIRECTION ( 'NONE',  ( -0.09584575252022790900, 0.1728487359030508000, -0.9802738934708752300 ) ) ;
#6770 = DIRECTION ( 'NONE',  ( 0.0000000000000000000, 1.000000000000000000, -8.566535683836084200E-017 ) ) ;
#6771 = CARTESIAN_POINT ( 'NONE',  ( 16.75000000000000000, 29.00000000000000000, 28.30000000000000100 ) ) ;
#6772 = LINE ( 'NONE', #6771, #2648 ) ;
#6773 = CARTESIAN_POINT ( 'NONE',  ( 187.7379843482889000, -21.02081311889599700, 35.71278326919365000 ) ) ;
#6774 = DIRECTION ( 'NONE',  ( 0.0000000000000000000, 0.0000000000000000000, 1.000000000000000000 ) ) ;
#6775 = DIRECTION ( 'NONE',  ( -1.000000000000000000, -0.0000000000000000000, 0.0000000000000000000 ) ) ;
#6776 = CARTESIAN_POINT ( 'NONE',  ( 12.75000000000000000, -1.084202172485504400E-014, -1.666998409216799400E-016 ) ) ;
#6777 = DIRECTION ( 'NONE',  ( -0.09440271605066571900, 0.0000000000000000000, -0.9955340914314573200 ) ) ;
#6778 = DIRECTION ( 'NONE',  ( 0.9953961983671785200, 0.01664344026225328700, -0.09438964017520980200 ) ) ;
#6779 = DIRECTION ( 'NONE',  ( 0.7071067811865486800, 0.7071067811865464600, -2.499851492298627400E-015 ) ) ;
#6780 = CARTESIAN_POINT ( 'NONE',  ( -12.62499999999999800, -12.62499999999999800, 52.75000000000000000 ) ) ;
#6781 = LINE ( 'NONE', #6780, #2636 ) ;
#6782 = DIRECTION ( 'NONE',  ( -0.08300485652735389900, 0.6420952728101708700, -0.7621180055789953400 ) ) ;
#6783 = CARTESIAN_POINT ( 'NONE',  ( 188.6964418734911500, -16.10184814509411000, 46.68764740315418700 ) ) ;
#6784 = LINE ( 'NONE', #6783, #2638 ) ;
#6785 = DIRECTION ( 'NONE',  ( 0.6727538020706836900, -0.6727538020706836900, -0.3079036271284873400 ) ) ;
#6786 = CARTESIAN_POINT ( 'NONE',  ( 15.52273387269786700, 18.72726612730213300, 12.11656564350408500 ) ) ;
#6787 = LINE ( 'NONE', #6786, #2640 ) ;
#6788 = CARTESIAN_POINT ( 'NONE',  ( 190.4456268569853100, -35.48104530620101100, 61.71679223193499600 ) ) ;
#6789 = DIRECTION ( 'NONE',  ( 0.0000000000000000000, 0.9848077530122081300, 0.1736481776669302500 ) ) ;
#6790 = DIRECTION ( 'NONE',  ( -0.09584575252022790900, 0.1728487359030508000, -0.9802738934708752300 ) ) ;
#6791 = DIRECTION ( 'NONE',  ( 1.000000000000000000, -0.0000000000000000000, -0.0000000000000000000 ) ) ;
#6792 = PLANE ( 'NONE',  #8577 ) ;
#6793 = CARTESIAN_POINT ( 'NONE',  ( 17.00000000000000000, -2.000000000000000400, 28.30000000000000400 ) ) ;
#6794 = LINE ( 'NONE', #6793, #2641 ) ;
#6795 = DIRECTION ( 'NONE',  ( -1.000000000000000000, 0.0000000000000000000, 0.0000000000000000000 ) ) ;
#6796 = LINE ( 'NONE', #6585, #8464 ) ;
#6797 = CARTESIAN_POINT ( 'NONE',  ( -17.00000000000000000, -11.50000000000000000, 37.79999999999999700 ) ) ;
#6798 = LINE ( 'NONE', #6797, #2643 ) ;
#6799 = DIRECTION ( 'NONE',  ( -0.09584575252022789500, 0.1728487359030507800, -0.9802738934708751200 ) ) ;
#6800 = CARTESIAN_POINT ( 'NONE',  ( 179.7348640128498400, 0.05950866184112682500, -44.96796163637263500 ) ) ;
#6801 = LINE ( 'NONE', #6800, #2644 ) ;
#6802 = DIRECTION ( 'NONE',  ( -0.09584575252022789500, 0.1728487359030507800, -0.9802738934708751200 ) ) ;
#6803 = CARTESIAN_POINT ( 'NONE',  ( 179.7348640128498400, 10.64619200672239800, -43.10124372645313400 ) ) ;
#6804 = LINE ( 'NONE', #6803, #2645 ) ;
#6805 = DIRECTION ( 'NONE',  ( 0.6727538020706880200, 0.6727538020706882400, -0.3079036271284680800 ) ) ;
#6806 = CARTESIAN_POINT ( 'NONE',  ( -14.30825915843074400, 19.94174084156925300, -12.67240221912472700 ) ) ;
#6807 = LINE ( 'NONE', #6806, #2646 ) ;
#6808 = DIRECTION ( 'NONE',  ( 0.0000000000000000000, 1.404634393503488000E-016, -1.000000000000000000 ) ) ;
#6809 = CARTESIAN_POINT ( 'NONE',  ( 16.75000000000000000, -11.49999999999999800, 28.30000000000000400 ) ) ;
#6810 = LINE ( 'NONE', #6809, #2632 ) ;
#6811 = DIRECTION ( 'NONE',  ( -0.0000000000000000000, -0.7071067811865474600, 0.7071067811865474600 ) ) ;
#6812 = CARTESIAN_POINT ( 'NONE',  ( -12.49999999999999800, -22.25000000000000000, 14.49999999999999800 ) ) ;
#6813 = LINE ( 'NONE', #6812, #2633 ) ;
#6814 = DIRECTION ( 'NONE',  ( 0.0000000000000000000, -1.000000000000000000, 1.239088197126291100E-016 ) ) ;
#6815 = CARTESIAN_POINT ( 'NONE',  ( 105.9999999999999700, -2.602085213965210600E-015, -26.49999999999999600 ) ) ;
#6816 = LINE ( 'NONE', #6815, #2631 ) ;
#6817 = DIRECTION ( 'NONE',  ( 0.04792287626011437100, 0.7664441640009153100, 0.6405206799158756900 ) ) ;
#6818 = CARTESIAN_POINT ( 'NONE',  ( 185.4376862878034200, 6.516740676817189400, 16.31035404548225600 ) ) ;
#6819 = CARTESIAN_POINT ( 'NONE',  ( -16.74999999999998600, -21.24999999999997500, -53.00000000000000000 ) ) ;
#6820 = LINE ( 'NONE', #6818, #2630 ) ;
#6821 = DIRECTION ( 'NONE',  ( -0.7071067811865474600, 4.594930671301531500E-016, 0.7071067811865474600 ) ) ;
#6822 = CARTESIAN_POINT ( 'NONE',  ( -12.49999999999999800, -1.582067810090848100E-015, 14.25000000000000000 ) ) ;
#6823 = LINE ( 'NONE', #6822, #2586 ) ;
#6824 = CARTESIAN_POINT ( 'NONE',  ( 187.7379843482889000, -21.02081311889599700, 35.71278326919365000 ) ) ;
#6825 = DIRECTION ( 'NONE',  ( 0.0000000000000000000, 0.0000000000000000000, 1.000000000000000000 ) ) ;
#6826 = DIRECTION ( 'NONE',  ( 0.0000000000000000000, -1.000000000000000000, 0.0000000000000000000 ) ) ;
#6827 = DIRECTION ( 'NONE',  ( -0.7071067811865470200, -0.7071067811865480200, -1.153777611830138200E-015 ) ) ;
#6828 = CARTESIAN_POINT ( 'NONE',  ( 12.62499999999999800, -22.12499999999999600, -14.50000000000000500 ) ) ;
#6829 = LINE ( 'NONE', #6828, #2587 ) ;
#6830 = DIRECTION ( 'NONE',  ( -1.000000000000000000, 0.0000000000000000000, -3.016910393003144300E-016 ) ) ;
#6831 = DIRECTION ( 'NONE',  ( 0.7071067811865474600, 0.0000000000000000000, -0.7071067811865474600 ) ) ;
#6832 = CARTESIAN_POINT ( 'NONE',  ( 12.49999999999999800, -3.499999999999997800, 23.00000000000000400 ) ) ;
#6833 = LINE ( 'NONE', #6832, #2589 ) ;
#6834 = CARTESIAN_POINT ( 'NONE',  ( 9.904330988104222500E-015, -22.00000000000000000, 40.50000000000000000 ) ) ;
#6835 = DIRECTION ( 'NONE',  ( 0.0000000000000000000, 0.1736481776669303000, -0.9848077530122080200 ) ) ;
#6836 = DIRECTION ( 'NONE',  ( -0.0000000000000000000, 0.9848077530122082400, 0.1736481776669303300 ) ) ;
#6837 = DIRECTION ( 'NONE',  ( -0.09584575252022789500, 0.1728487359030507800, -0.9802738934708751200 ) ) ;
#6838 = CARTESIAN_POINT ( 'NONE',  ( 179.7348640128498400, -13.97400181858281900, -47.44244816812639000 ) ) ;
#6839 = LINE ( 'NONE', #6838, #2590 ) ;
#6840 = DIRECTION ( 'NONE',  ( 0.06777318155498039700, -0.8185867535965920500, 0.5703705135244178100 ) ) ;
#6841 = LINE ( 'NONE', #6478, #8540 ) ;
#6842 = CARTESIAN_POINT ( 'NONE',  ( 182.2747764546358800, -28.40257085013575300, -23.20167176781752600 ) ) ;
#6843 = LINE ( 'NONE', #6842, #2592 ) ;
#6844 = DIRECTION ( 'NONE',  ( -0.0000000000000000000, -0.7071067811865474600, -0.7071067811865474600 ) ) ;
#6845 = CARTESIAN_POINT ( 'NONE',  ( 12.49999999999999800, -22.00000000000000000, 53.00000000000000000 ) ) ;
#6846 = LINE ( 'NONE', #6845, #2593 ) ;
#6847 = CARTESIAN_POINT ( 'NONE',  ( 159.6979756844743900, 2.959744429698617300, -16.78554477486455800 ) ) ;
#6848 = DIRECTION ( 'NONE',  ( 0.0000000000000000000, 0.9848077530122080200, 0.1736481776669303900 ) ) ;
#6849 = DIRECTION ( 'NONE',  ( -0.09584575252022790900, 0.1728487359030508000, -0.9802738934708752300 ) ) ;
#6850 = DIRECTION ( 'NONE',  ( 0.0000000000000000000, 1.000000000000000000, -1.012977212249230700E-016 ) ) ;
#6851 = CARTESIAN_POINT ( 'NONE',  ( -12.75000000000000000, 10.74999999999994000, 22.75000000000000400 ) ) ;
#6852 = LINE ( 'NONE', #6851, #2594 ) ;
#6853 = CARTESIAN_POINT ( 'NONE',  ( -294.2500000000000000, 10.82820391385385300, -14.99999999999999800 ) ) ;
#6854 = DIRECTION ( 'NONE',  ( 0.0000000000000000000, 0.0000000000000000000, -1.000000000000000000 ) ) ;
#6855 = CARTESIAN_POINT ( 'NONE',  ( 16.75000000000000000, 29.00000000000000000, 28.30000000000000100 ) ) ;
#6856 = CARTESIAN_POINT ( 'NONE',  ( -479.2140598934833000, 0.0000000000000000000, 0.0000000000000000000 ) ) ;
#6857 = LINE ( 'NONE', #6855, #2595 ) ;
#6858 = CARTESIAN_POINT ( 'NONE',  ( 185.4376862878034200, -16.87244345722277900, 12.18620982589265500 ) ) ;
#6859 = DIRECTION ( 'NONE',  ( 0.0000000000000000000, 0.0000000000000000000, 1.000000000000000000 ) ) ;
#6860 = DIRECTION ( 'NONE',  ( -1.000000000000000000, 0.0000000000000000000, 0.0000000000000000000 ) ) ;
#6861 = DIRECTION ( 'NONE',  ( -0.7071067811865470200, -0.7071067811865481300, 1.153777611830138800E-015 ) ) ;
#6862 = CARTESIAN_POINT ( 'NONE',  ( -16.75000000000000000, -1.999999999999994900, -37.79999999999999700 ) ) ;
#6863 = CARTESIAN_POINT ( 'NONE',  ( 12.49999999999999800, -22.24999999999998600, -52.75000000000000000 ) ) ;
#6864 = LINE ( 'NONE', #6863, #2597 ) ;
#6865 = DIRECTION ( 'NONE',  ( -0.09584575252022789500, 0.1728487359030507800, -0.9802738934708751200 ) ) ;
#6866 = CARTESIAN_POINT ( 'NONE',  ( 179.7348640128498400, 7.691768747685754800, -43.62218825945392100 ) ) ;
#6867 = LINE ( 'NONE', #6866, #2599 ) ;
#6868 = DIRECTION ( 'NONE',  ( -0.0000000000000000000, -0.7071067811865474600, -0.7071067811865474600 ) ) ;
#6869 = CARTESIAN_POINT ( 'NONE',  ( 12.49999999999999800, -21.99999999999999600, -14.25000000000000500 ) ) ;
#6870 = LINE ( 'NONE', #6869, #2600 ) ;
#6871 = DIRECTION ( 'NONE',  ( -0.0000000000000000000, -0.0000000000000000000, -1.000000000000000000 ) ) ;
#6872 = CARTESIAN_POINT ( 'NONE',  ( -145.0000000000000300, -18.00000000000001400, 9.000000000000000000 ) ) ;
#6873 = CARTESIAN_POINT ( 'NONE',  ( 188.5719345887001500, -22.52476338347039700, 44.24210906228369600 ) ) ;
#6874 = LINE ( 'NONE', #6872, #2601 ) ;
#6875 = CARTESIAN_POINT ( 'NONE',  ( -145.0000000000000300, -17.99999999999999600, -11.00000000000000000 ) ) ;
#6876 = DIRECTION ( 'NONE',  ( 0.0000000000000000000, 0.0000000000000000000, 1.000000000000000000 ) ) ;
#6877 = DIRECTION ( 'NONE',  ( -1.000000000000000000, -0.0000000000000000000, -0.0000000000000000000 ) ) ;
#6878 = CARTESIAN_POINT ( 'NONE',  ( 12.49999999999999800, -12.74999999999998800, -53.00000000000000000 ) ) ;
#6879 = DIRECTION ( 'NONE',  ( -0.0000000000000000000, -0.7071067811865474600, 0.7071067811865474600 ) ) ;
#6880 = DIRECTION ( 'NONE',  ( -0.1413075078270941700, 0.1719057486207266100, -0.9749259468404988200 ) ) ;
#6881 = DIRECTION ( 'NONE',  ( -1.000000000000000000, -0.0000000000000000000, -0.0000000000000000000 ) ) ;
#6882 = CARTESIAN_POINT ( 'NONE',  ( 196.4692417616035400, 29.24894432080300900, 21.28103453258741600 ) ) ;
#6883 = LINE ( 'NONE', #6882, #2603 ) ;
#6884 = DIRECTION ( 'NONE',  ( -0.09584575252022789500, 0.1728487359030507800, -0.9802738934708751200 ) ) ;
#6885 = CARTESIAN_POINT ( 'NONE',  ( 179.7348640128498400, -23.82207934870490700, -49.17892994479569800 ) ) ;
#6886 = CARTESIAN_POINT ( 'NONE',  ( -160.5000000000000300, -66.00694377477768200, 14.25000000000001100 ) ) ;
#6887 = DIRECTION ( 'NONE',  ( 0.0000000000000000000, 1.000000000000000000, 0.0000000000000000000 ) ) ;
#6888 = DIRECTION ( 'NONE',  ( 0.0000000000000000000, 0.0000000000000000000, -1.000000000000000000 ) ) ;
#6889 = DIRECTION ( 'NONE',  ( 0.0000000000000000000, 0.0000000000000000000, -1.000000000000000000 ) ) ;
#6890 = CARTESIAN_POINT ( 'NONE',  ( -96.50000000000000000, -20.99999999999997200, -16.24999999999999600 ) ) ;
#6891 = LINE ( 'NONE', #6893, #8338 ) ;
#6892 = DIRECTION ( 'NONE',  ( 0.0000000000000000000, 0.0000000000000000000, 1.000000000000000000 ) ) ;
#6893 = CARTESIAN_POINT ( 'NONE',  ( 16.75000000000000000, -21.49999999999998900, -52.75000000000000000 ) ) ;
#6894 = CARTESIAN_POINT ( 'NONE',  ( -294.2500000000000000, 0.0000000000000000000, 0.0000000000000000000 ) ) ;
#6895 = DIRECTION ( 'NONE',  ( 2.775557561562891400E-017, 0.7071067811865672200, -0.7071067811865279200 ) ) ;
#6896 = DIRECTION ( 'NONE',  ( -0.7071067811865279200, -0.7071067811865672200, 0.0000000000000000000 ) ) ;
#6897 = CARTESIAN_POINT ( 'NONE',  ( -108.0000000000000000, -19.32287565553229300, -16.25000000000000000 ) ) ;
#6898 = PLANE ( 'NONE',  #8486 ) ;
#6899 = CARTESIAN_POINT ( 'NONE',  ( -108.0962715859599500, -19.43203737329164600, -16.25000000000000700 ) ) ;
#6900 = CARTESIAN_POINT ( 'NONE',  ( 302.7711471785540300, 1.202339060251787500E-015, 9.817843488333965100 ) ) ;
#6901 = CARTESIAN_POINT ( 'NONE',  ( -108.2025564100865000, -19.52880372776027300, -16.24655676711478900 ) ) ;
#6902 = CARTESIAN_POINT ( 'NONE',  ( 295.2500000000000000, 0.0000000000000000000, 0.0000000000000000000 ) ) ;
#6903 = CARTESIAN_POINT ( 'NONE',  ( -108.4341561377170800, -19.69840441834540500, -16.22806530113832200 ) ) ;
#6904 = DIRECTION ( 'NONE',  ( -0.7071067811865672200, 0.7071067811865279200, 0.0000000000000000000 ) ) ;
#6905 = CARTESIAN_POINT ( 'NONE',  ( -108.5608160533112700, -19.77145245292915400, -16.21267807431154000 ) ) ;
#6906 = DIRECTION ( 'NONE',  ( -0.5492275853484995800, -0.5909099167776003000, -0.5909099167776306100 ) ) ;
#6907 = CARTESIAN_POINT ( 'NONE',  ( -108.9498420429359800, -19.94364794577242300, -16.14449980852424500 ) ) ;
#6908 = DIRECTION ( 'NONE',  ( 0.6554728598887624700, 9.248762001936877600E-017, 0.7552187298718476800 ) ) ;
#6909 = CARTESIAN_POINT ( 'NONE',  ( -109.2301166936684200, -19.99999999999999300, -16.06727241635375200 ) ) ;
#6910 = CARTESIAN_POINT ( 'NONE',  ( -277.7499999999999400, 0.0000000000000000000, 0.0000000000000000000 ) ) ;
#6911 = CARTESIAN_POINT ( 'NONE',  ( -109.5000000000000100, -19.99999999999999600, -15.95809924354782800 ) ) ;
#6912 = LINE ( 'NONE', #6890, #8501 ) ;
#6913 = CARTESIAN_POINT ( 'NONE',  ( 188.3020243155255900, 30.52371917271649300, 22.68958281554022000 ) ) ;
#6914 = DIRECTION ( 'NONE',  ( 0.0000000000000000000, 0.0000000000000000000, -1.000000000000000000 ) ) ;
#6915 = LINE ( 'NONE', #6917, #8803 ) ;
#6916 = CARTESIAN_POINT ( 'NONE',  ( -299.9484848098349500, 0.0000000000000000000, -10.50000000000000000 ) ) ;
#6917 = CARTESIAN_POINT ( 'NONE',  ( -16.74999999999998600, -21.24999999999997500, -53.00000000000000000 ) ) ;
#6918 = DIRECTION ( 'NONE',  ( -0.0000000000000000000, 1.000000000000000000, 1.224646799147353200E-016 ) ) ;
#6919 = DIRECTION ( 'NONE',  ( 0.7071067811865672200, 4.906330407839627700E-014, -0.7071067811865279200 ) ) ;
#6920 = CARTESIAN_POINT ( 'NONE',  ( -160.5000000000000300, 0.0000000000000000000, -14.24999999999998900 ) ) ;
#6921 = DIRECTION ( 'NONE',  ( 0.0000000000000000000, 0.9848077530122082400, 0.1736481776669304400 ) ) ;
#6922 = CARTESIAN_POINT ( 'NONE',  ( 294.2499999999999400, 0.0000000000000000000, 5.204170427930421300E-015 ) ) ;
#6923 = DIRECTION ( 'NONE',  ( 0.0000000000000000000, -0.1736481776669305300, 0.9848077530122080200 ) ) ;
#6924 = LINE ( 'NONE', #6900, #8508 ) ;
#6925 = CARTESIAN_POINT ( 'NONE',  ( 305.7499999999999400, 0.0000000000000000000, 0.0000000000000000000 ) ) ;
#6926 = DIRECTION ( 'NONE',  ( 0.0000000000000000000, 0.7071067811865656700, -0.7071067811865294800 ) ) ;
#6927 = DIRECTION ( 'NONE',  ( -1.000000000000000000, -0.0000000000000000000, -0.0000000000000000000 ) ) ;
#6928 = CARTESIAN_POINT ( 'NONE',  ( -16.74999999999998600, -21.23025000142891000, 20.60525000142892100 ) ) ;
#6929 = DIRECTION ( 'NONE',  ( 0.0000000000000000000, 0.0000000000000000000, 1.000000000000000000 ) ) ;
#6930 = PLANE ( 'NONE',  #8381 ) ;
#6931 = CARTESIAN_POINT ( 'NONE',  ( 150.9999999999999700, 0.0000000000000000000, 0.0000000000000000000 ) ) ;
#6932 = DIRECTION ( 'NONE',  ( 0.0000000000000000000, 0.0000000000000000000, 1.000000000000000000 ) ) ;
#6933 = LINE ( 'NONE', #6935, #8850 ) ;
#6934 = DIRECTION ( 'NONE',  ( 1.000000000000000000, -0.0000000000000000000, -0.0000000000000000000 ) ) ;
#6935 = CARTESIAN_POINT ( 'NONE',  ( -12.75000000000000000, 1.793197301009733400E-015, -14.50000000000000000 ) ) ;
#6936 = CARTESIAN_POINT ( 'NONE',  ( 17.00000000000000000, -21.24999999999998900, -1.666998409216799400E-016 ) ) ;
#6937 = DIRECTION ( 'NONE',  ( 0.0000000000000000000, 1.000000000000000000, 2.338953001317043400E-016 ) ) ;
#6938 = LINE ( 'NONE', #6916, #8484 ) ;
#6939 = LINE ( 'NONE', #6941, #8661 ) ;
#6940 = DIRECTION ( 'NONE',  ( 0.0000000000000000000, -1.000000000000000000, 0.0000000000000000000 ) ) ;
#6941 = CARTESIAN_POINT ( 'NONE',  ( 270.2500000000000000, -18.50000000000000000, 14.99999999999999800 ) ) ;
#6942 = DIRECTION ( 'NONE',  ( -1.000000000000000000, 0.0000000000000000000, 0.0000000000000000000 ) ) ;
#6943 = DIRECTION ( 'NONE',  ( -0.0000000000000000000, 1.000000000000000000, -0.0000000000000000000 ) ) ;
#6944 = DIRECTION ( 'NONE',  ( -1.000000000000000000, -0.0000000000000000000, -0.0000000000000000000 ) ) ;
#6945 = LINE ( 'NONE', #6947, #8764 ) ;
#6946 = LINE ( 'NONE', #6920, #8458 ) ;
#6947 = CARTESIAN_POINT ( 'NONE',  ( -96.50000000000000000, -30.00000000000000000, -14.24999999999999600 ) ) ;
#6948 = ADVANCED_FACE ( 'NONE', ( #9964 ), #521, .T. ) ;
#6949 = EDGE_CURVE ( 'NONE', #1390, #1378, #529, .T. ) ;
#6950 = EDGE_CURVE ( 'NONE', #1697, #1640, #537, .T. ) ;
#6951 = EDGE_CURVE ( 'NONE', #2232, #4873, #543, .T. ) ;
#6952 = ADVANCED_FACE ( 'NONE', ( #9962 ), #535, .T. ) ;
#6953 = ADVANCED_FACE ( 'NONE', ( #9960 ), #555, .F. ) ;
#6954 = ADVANCED_FACE ( 'NONE', ( #9966 ), #563, .F. ) ;
#6955 = ADVANCED_FACE ( 'NONE', ( #9955 ), #9952, .T. ) ;
#6956 = ADVANCED_FACE ( 'NONE', ( #9953 ), #577, .F. ) ;
#6957 = ADVANCED_FACE ( 'NONE', ( #9950 ), #585, .F. ) ;
#6958 = ADVANCED_FACE ( 'NONE', ( #9949 ), #593, .T. ) ;
#6959 = ADVANCED_FACE ( 'NONE', ( #9946 ), #9943, .T. ) ;
#6960 = ADVANCED_FACE ( 'NONE', ( #9944 ), #607, .F. ) ;
#6961 = ADVANCED_FACE ( 'NONE', ( #9941 ), #9938, .T. ) ;
#6962 = ADVANCED_FACE ( 'NONE', ( #9940 ), #9934, .T. ) ;
#6963 = ADVANCED_FACE ( 'NONE', ( #9936 ), #627, .F. ) ;
#6964 = ADVANCED_FACE ( 'NONE', ( #9933 ), #635, .F. ) ;
#6965 = ADVANCED_FACE ( 'NONE', ( #9932 ), #643, .F. ) ;
#6966 = ADVANCED_FACE ( 'NONE', ( #9929 ), #651, .F. ) ;
#6967 = ADVANCED_FACE ( 'NONE', ( #9927 ), #9924, .T. ) ;
#6968 = ADVANCED_FACE ( 'NONE', ( #9925 ), #665, .F. ) ;
#6969 = ADVANCED_FACE ( 'NONE', ( #9922 ), #673, .T. ) ;
#6970 = ADVANCED_FACE ( 'NONE', ( #9921 ), #9917, .T. ) ;
#6971 = ADVANCED_FACE ( 'NONE', ( #9918 ), #687, .F. ) ;
#6972 = ADVANCED_FACE ( 'NONE', ( #9915 ), #9912, .T. ) ;
#6973 = ADVANCED_FACE ( 'NONE', ( #9914 ), #701, .T. ) ;
#6974 = ADVANCED_FACE ( 'NONE', ( #9910 ), #709, .F. ) ;
#6975 = ADVANCED_FACE ( 'NONE', ( #9909 ), #9905, .F. ) ;
#6976 = ADVANCED_FACE ( 'NONE', ( #9906 ), #723, .F. ) ;
#6977 = ADVANCED_FACE ( 'NONE', ( #9903 ), #9900, .T. ) ;
#6978 = ADVANCED_FACE ( 'NONE', ( #9902 ), #737, .T. ) ;
#6979 = ADVANCED_FACE ( 'NONE', ( #9898 ), #745, .F. ) ;
#6980 = EDGE_CURVE ( 'NONE', #2073, #1369, #753, .T. ) ;
#6981 = ADVANCED_FACE ( 'NONE', ( #9897 ), #9893, .T. ) ;
#6982 = EDGE_CURVE ( 'NONE', #5016, #5096, #765, .T. ) ;
#6983 = EDGE_CURVE ( 'NONE', #5067, #2388, #773, .T. ) ;
#6984 = ADVANCED_FACE ( 'NONE', ( #9891 ), #771, .F. ) ;
#6985 = EDGE_CURVE ( 'NONE', #1385, #1365, #785, .T. ) ;
#6986 = EDGE_CURVE ( 'NONE', #1369, #1635, #793, .T. ) ;
#6987 = ADVANCED_FACE ( 'NONE', ( #9889 ), #791, .F. ) ;
#6988 = ADVANCED_FACE ( 'NONE', ( #9881 ), #805, .F. ) ;
#6989 = ADVANCED_FACE ( 'NONE', ( #9883 ), #813, .T. ) ;
#6990 = EDGE_CURVE ( 'NONE', #5514, #5568, #821, .T. ) ;
#6991 = ADVANCED_FACE ( 'NONE', ( #9880 ), #69, .F. ) ;
#6992 = ADVANCED_FACE ( 'NONE', ( #9878 ), #833, .T. ) ;
#6993 = ADVANCED_FACE ( 'NONE', ( #9876 ), #115, .F. ) ;
#6994 = ADVANCED_FACE ( 'NONE', ( #9874 ), #847, .T. ) ;
#6995 = ADVANCED_FACE ( 'NONE', ( #9871 ), #9868, .T. ) ;
#6996 = ADVANCED_FACE ( 'NONE', ( #9870, #9864 ), #861, .F. ) ;
#6997 = EDGE_CURVE ( 'NONE', #1502, #1881, #869, .T. ) ;
#6998 = ADVANCED_FACE ( 'NONE', ( #9865 ), #9859, .F. ) ;
#6999 = ADVANCED_FACE ( 'NONE', ( #9861 ), #9856, .F. ) ;
#7000 = ADVANCED_FACE ( 'NONE', ( #9863 ), #887, .F. ) ;
#7001 = ADVANCED_FACE ( 'NONE', ( #9855 ), #895, .F. ) ;
#7002 = ADVANCED_FACE ( 'NONE', ( #9854 ), #903, .F. ) ;
#7003 = ADVANCED_FACE ( 'NONE', ( #9851 ), #911, .F. ) ;
#7004 = ADVANCED_FACE ( 'NONE', ( #9848 ), #112, .F. ) ;
#7005 = EDGE_CURVE ( 'NONE', #5723, #5517, #925, .T. ) ;
#7006 = ADVANCED_FACE ( 'NONE', ( #9844 ), #9846, .F. ) ;
#7007 = ADVANCED_FACE ( 'NONE', ( #9840 ), #937, .F. ) ;
#7008 = EDGE_CURVE ( 'NONE', #2186, #1953, #945, .T. ) ;
#7009 = ADVANCED_FACE ( 'NONE', ( #9842 ), #951, .F. ) ;
#7010 = ADVANCED_FACE ( 'NONE', ( #9836 ), #9839, .F. ) ;
#7011 = ADVANCED_FACE ( 'NONE', ( #9825, #9823 ), #965, .F. ) ;
#7012 = ADVANCED_FACE ( 'NONE', ( #9828 ), #973, .F. ) ;
#7013 = ADVANCED_FACE ( 'NONE', ( #9822 ), #9818, .T. ) ;
#7014 = ADVANCED_FACE ( 'NONE', ( #9819 ), #9809, .F. ) ;
#7015 = ADVANCED_FACE ( 'NONE', ( #9813 ), #993, .F. ) ;
#7016 = ADVANCED_FACE ( 'NONE', ( #9803 ), #999, .F. ) ;
#7017 = ADVANCED_FACE ( 'NONE', ( #9800 ), #157, .T. ) ;
#7018 = ADVANCED_FACE ( 'NONE', ( #9772 ), #1006, .F. ) ;
#7019 = ADVANCED_FACE ( 'NONE', ( #9770 ), #1010, .F. ) ;
#7020 = ADVANCED_FACE ( 'NONE', ( #9787 ), #108, .T. ) ;
#7021 = ADVANCED_FACE ( 'NONE', ( #9759 ), #1017, .F. ) ;
#7022 = ADVANCED_FACE ( 'NONE', ( #9758 ), #1021, .F. ) ;
#7023 = ADVANCED_FACE ( 'NONE', ( #9764 ), #1025, .T. ) ;
#7024 = ADVANCED_FACE ( 'NONE', ( #9754 ), #1029, .F. ) ;
#7025 = ADVANCED_FACE ( 'NONE', ( #9752 ), #249, .F. ) ;
#7026 = ADVANCED_FACE ( 'NONE', ( #9749 ), #1036, .F. ) ;
#7027 = ADVANCED_FACE ( 'NONE', ( #9747 ), #1040, .F. ) ;
#7028 = EDGE_CURVE ( 'NONE', #1628, #1625, #1044, .T. ) ;
#7029 = ADVANCED_FACE ( 'NONE', ( #9745 ), #1047, .F. ) ;
#7030 = ADVANCED_FACE ( 'NONE', ( #9727 ), #1051, .F. ) ;
#7031 = ADVANCED_FACE ( 'NONE', ( #9739 ), #1055, .F. ) ;
#7032 = ADVANCED_FACE ( 'NONE', ( #9723 ), #9717, .F. ) ;
#7033 = ADVANCED_FACE ( 'NONE', ( #9719 ), #1062, .T. ) ;
#7034 = ADVANCED_FACE ( 'NONE', ( #9714 ), #1066, .F. ) ;
#7035 = ADVANCED_FACE ( 'NONE', ( #9712 ), #1070, .T. ) ;
#7036 = ADVANCED_FACE ( 'NONE', ( #9706 ), #1074, .T. ) ;
#7037 = ADVANCED_FACE ( 'NONE', ( #9704 ), #1078, .T. ) ;
#7038 = ADVANCED_FACE ( 'NONE', ( #9702 ), #1082, .F. ) ;
#7039 = ADVANCED_FACE ( 'NONE', ( #9699 ), #9695, .T. ) ;
#7040 = EDGE_CURVE ( 'NONE', #1395, #5509, #1089, .T. ) ;
#7041 = ADVANCED_FACE ( 'NONE', ( #9696 ), #1092, .F. ) ;
#7042 = ADVANCED_FACE ( 'NONE', ( #9679 ), #1096, .F. ) ;
#7043 = ADVANCED_FACE ( 'NONE', ( #9692 ), #1100, .T. ) ;
#7044 = ADVANCED_FACE ( 'NONE', ( #9678, #9670 ), #1104, .F. ) ;
#7045 = ADVANCED_FACE ( 'NONE', ( #9667 ), #1108, .F. ) ;
#7046 = ADVANCED_FACE ( 'NONE', ( #9666 ), #118, .F. ) ;
#7047 = ADVANCED_FACE ( 'NONE', ( #9658 ), #1115, .T. ) ;
#7048 = ADVANCED_FACE ( 'NONE', ( #9653 ), #1119, .T. ) ;
#7049 = ADVANCED_FACE ( 'NONE', ( #9661 ), #1123, .F. ) ;
#7050 = ADVANCED_FACE ( 'NONE', ( #9644 ), #9639, .T. ) ;
#7051 = ADVANCED_FACE ( 'NONE', ( #9641 ), #1130, .T. ) ;
#7052 = ADVANCED_FACE ( 'NONE', ( #9636 ), #1134, .F. ) ;
#7053 = ADVANCED_FACE ( 'NONE', ( #9634 ), #1138, .F. ) ;
#7054 = EDGE_CURVE ( 'NONE', #1380, #5015, #1142, .T. ) ;
#7055 = EDGE_CURVE ( 'NONE', #5594, #5723, #1146, .T. ) ;
#7056 = EDGE_CURVE ( 'NONE', #5096, #5514, #195, .T. ) ;
#7057 = ADVANCED_FACE ( 'NONE', ( #9623 ), #114, .F. ) ;
#7058 = ADVANCED_FACE ( 'NONE', ( #9608 ), #214, .F. ) ;
#7059 = EDGE_CURVE ( 'NONE', #2076, #1380, #1157, .T. ) ;
#7060 = ADVANCED_FACE ( 'NONE', ( #9606 ), #1160, .F. ) ;
#7061 = ADVANCED_FACE ( 'NONE', ( #9590 ), #1164, .F. ) ;
#7062 = ADVANCED_FACE ( 'NONE', ( #9600 ), #9585, .T. ) ;
#7063 = ADVANCED_FACE ( 'NONE', ( #9587 ), #1171, .F. ) ;
#7064 = ADVANCED_FACE ( 'NONE', ( #9580, #9573 ), #1175, .T. ) ;
#7065 = ADVANCED_FACE ( 'NONE', ( #9570 ), #239, .F. ) ;
#7066 = EDGE_CURVE ( 'NONE', #2008, #1370, #187, .T. ) ;
#7067 = EDGE_CURVE ( 'NONE', #1953, #2134, #1186, .T. ) ;
#7068 = ADVANCED_FACE ( 'NONE', ( #9566 ), #1185, .F. ) ;
#7069 = EDGE_CURVE ( 'NONE', #1347, #2076, #1192, .T. ) ;
#7070 = ADVANCED_FACE ( 'NONE', ( #9547 ), #120, .T. ) ;
#7071 = EDGE_CURVE ( 'NONE', #5517, #5540, #109, .T. ) ;
#7072 = EDGE_CURVE ( 'NONE', #1914, #2186, #1202, .T. ) ;
#7073 = ADVANCED_FACE ( 'NONE', ( #9538 ), #1201, .F. ) ;
#7074 = ADVANCED_FACE ( 'NONE', ( #9532 ), #1208, .T. ) ;
#7075 = ADVANCED_FACE ( 'NONE', ( #9535 ), #1212, .F. ) ;
#7076 = EDGE_CURVE ( 'NONE', #2198, #2073, #1216, .T. ) ;
#7077 = ADVANCED_FACE ( 'NONE', ( #9531 ), #1219, .T. ) ;
#7078 = EDGE_CURVE ( 'NONE', #5015, #5173, #1223, .T. ) ;
#7079 = ADVANCED_FACE ( 'NONE', ( #9520 ), #119, .F. ) ;
#7080 = ADVANCED_FACE ( 'NONE', ( #9527 ), #9514, .F. ) ;
#7081 = ADVANCED_FACE ( 'NONE', ( #9519 ), #9511, .F. ) ;
#7082 = ADVANCED_FACE ( 'NONE', ( #9513 ), #1235, .F. ) ;
#7083 = EDGE_CURVE ( 'NONE', #1405, #1362, #1239, .T. ) ;
#7084 = ADVANCED_FACE ( 'NONE', ( #9509 ), #9503, .T. ) ;
#7085 = ADVANCED_FACE ( 'NONE', ( #9497, #9495 ), #3893, .F. ) ;
#7086 = ADVANCED_FACE ( 'NONE', ( #9496 ), #9500, .F. ) ;
#7087 = ADVANCED_FACE ( 'NONE', ( #9494 ), #3635, .F. ) ;
#7088 = ADVANCED_FACE ( 'NONE', ( #9490 ), #3416, .F. ) ;
#7089 = EDGE_CURVE ( 'NONE', #4873, #1395, #121, .T. ) ;
#7090 = ADVANCED_FACE ( 'NONE', ( #9479 ), #3942, .F. ) ;
#7091 = EDGE_CURVE ( 'NONE', #1635, #1697, #192, .T. ) ;
#7092 = ADVANCED_FACE ( 'NONE', ( #9487 ), #9475, .F. ) ;
#7093 = ADVANCED_FACE ( 'NONE', ( #9473 ), #3405, .F. ) ;
#7094 = ADVANCED_FACE ( 'NONE', ( #9476 ), #9470, .T. ) ;
#7095 = ADVANCED_FACE ( 'NONE', ( #9472 ), #3828, .F. ) ;
#7096 = ADVANCED_FACE ( 'NONE', ( #9467 ), #3487, .F. ) ;
#7097 = ADVANCED_FACE ( 'NONE', ( #9466 ), #280, .F. ) ;
#7098 = EDGE_CURVE ( 'NONE', #1362, #1347, #193, .T. ) ;
#7099 = EDGE_CURVE ( 'NONE', #5607, #2198, #3358, .T. ) ;
#7100 = ADVANCED_FACE ( 'NONE', ( #9451 ), #3809, .F. ) ;
#7101 = ADVANCED_FACE ( 'NONE', ( #9427 ), #3694, .F. ) ;
#7102 = ADVANCED_FACE ( 'NONE', ( #9433 ), #206, .T. ) ;
#7103 = ADVANCED_FACE ( 'NONE', ( #9411 ), #3399, .F. ) ;
#7104 = ADVANCED_FACE ( 'NONE', ( #9408 ), #103, .F. ) ;
#7105 = ADVANCED_FACE ( 'NONE', ( #9398 ), #9392, .T. ) ;
#7106 = ADVANCED_FACE ( 'NONE', ( #9395 ), #3281, .F. ) ;
#7107 = ADVANCED_FACE ( 'NONE', ( #9388 ), #3414, .F. ) ;
#7108 = ADVANCED_FACE ( 'NONE', ( #9385 ), #3294, .F. ) ;
#7109 = EDGE_CURVE ( 'NONE', #1645, #1385, #3923, .T. ) ;
#7110 = EDGE_CURVE ( 'NONE', #1625, #1405, #3917, .T. ) ;
#7111 = EDGE_CURVE ( 'NONE', #1640, #1628, #3398, .T. ) ;
#7112 = ADVANCED_FACE ( 'NONE', ( #9374 ), #9365, .T. ) ;
#7113 = EDGE_CURVE ( 'NONE', #4875, #5067, #3481, .T. ) ;
#7114 = EDGE_CURVE ( 'NONE', #1881, #2113, #3342, .T. ) ;
#7115 = EDGE_CURVE ( 'NONE', #5509, #5492, #3912, .T. ) ;
#7116 = ADVANCED_FACE ( 'NONE', ( #9341 ), #3543, .F. ) ;
#7117 = EDGE_CURVE ( 'NONE', #2134, #1914, #3643, .T. ) ;
#7118 = EDGE_CURVE ( 'NONE', #5540, #4875, #3293, .T. ) ;
#7119 = ADVANCED_FACE ( 'NONE', ( #9314 ), #3826, .T. ) ;
#7120 = ADVANCED_FACE ( 'NONE', ( #9295 ), #171, .T. ) ;
#7121 = ADVANCED_FACE ( 'NONE', ( #9293 ), #3859, .F. ) ;
#7122 = ADVANCED_FACE ( 'NONE', ( #9291 ), #9286, .T. ) ;
#7123 = ADVANCED_FACE ( 'NONE', ( #9302 ), #3883, .F. ) ;
#7124 = ADVANCED_FACE ( 'NONE', ( #9282 ), #9275, .T. ) ;
#7125 = EDGE_CURVE ( 'NONE', #2388, #2232, #3328, .T. ) ;
#7126 = EDGE_CURVE ( 'NONE', #1365, #1648, #3362, .T. ) ;
#7127 = ADVANCED_FACE ( 'NONE', ( #9279 ), #3352, .T. ) ;
#7128 = ADVANCED_FACE ( 'NONE', ( #9255 ), #9263, .T. ) ;
#7129 = ADVANCED_FACE ( 'NONE', ( #9260 ), #9248, .F. ) ;
#7130 = ADVANCED_FACE ( 'NONE', ( #9252 ), #3434, .F. ) ;
#7131 = EDGE_CURVE ( 'NONE', #5568, #5594, #3429, .T. ) ;
#7132 = ADVANCED_FACE ( 'NONE', ( #9244 ), #9240, .F. ) ;
#7133 = ADVANCED_FACE ( 'NONE', ( #9237 ), #3940, .F. ) ;
#7134 = EDGE_CURVE ( 'NONE', #5173, #5607, #269, .T. ) ;
#7135 = ADVANCED_FACE ( 'NONE', ( #9234 ), #9232, .F. ) ;
#7136 = ADVANCED_FACE ( 'NONE', ( #9229 ), #3905, .F. ) ;
#7137 = ADVANCED_FACE ( 'NONE', ( #9239 ), #3785, .F. ) ;
#7138 = ADVANCED_FACE ( 'NONE', ( #9228 ), #9202, .F. ) ;
#7139 = ADVANCED_FACE ( 'NONE', ( #9215, #9182 ), #3910, .T. ) ;
#7140 = ADVANCED_FACE ( 'NONE', ( #9188 ), #9190, .T. ) ;
#7141 = ADVANCED_FACE ( 'NONE', ( #9177 ), #3573, .F. ) ;
#7142 = EDGE_CURVE ( 'NONE', #2113, #1739, #3493, .T. ) ;
#7143 = ADVANCED_FACE ( 'NONE', ( #9151 ), #9130, .T. ) ;
#7144 = ADVANCED_FACE ( 'NONE', ( #9105 ), #24, .F. ) ;
#7145 = ADVANCED_FACE ( 'NONE', ( #9095 ), #3911, .F. ) ;
#7146 = ADVANCED_FACE ( 'NONE', ( #9079 ), #3581, .T. ) ;
#7147 = ADVANCED_FACE ( 'NONE', ( #9115 ), #3654, .T. ) ;
#7148 = ADVANCED_FACE ( 'NONE', ( #9067 ), #9051, .F. ) ;
#7149 = ADVANCED_FACE ( 'NONE', ( #9055 ), #284, .F. ) ;
#7150 = ADVANCED_FACE ( 'NONE', ( #9024 ), #3868, .F. ) ;
#7151 = ADVANCED_FACE ( 'NONE', ( #9014 ), #9003, .T. ) ;
#7152 = ADVANCED_FACE ( 'NONE', ( #9038, #8981 ), #3928, .F. ) ;
#7153 = ADVANCED_FACE ( 'NONE', ( #8986 ), #8989, .T. ) ;
#7154 = ADVANCED_FACE ( 'NONE', ( #8975 ), #8907, .F. ) ;
#7155 = ADVANCED_FACE ( 'NONE', ( #8900 ), #8890, .F. ) ;
#7156 = ADVANCED_FACE ( 'NONE', ( #8959 ), #3717, .F. ) ;
#7157 = ADVANCED_FACE ( 'NONE', ( #8886 ), #8877, .F. ) ;
#7158 = ADVANCED_FACE ( 'NONE', ( #8883 ), #3340, .T. ) ;
#7159 = ADVANCED_FACE ( 'NONE', ( #8870 ), #315, .F. ) ;
#7160 = ADVANCED_FACE ( 'NONE', ( #8846 ), #3354, .T. ) ;
#7161 = ADVANCED_FACE ( 'NONE', ( #8834 ), #42, .F. ) ;
#7162 = EDGE_CURVE ( 'NONE', #1648, #1645, #3276, .T. ) ;
#7163 = EDGE_CURVE ( 'NONE', #1378, #5912, #160, .T. ) ;
#7164 = EDGE_CURVE ( 'NONE', #5492, #5016, #3688, .T. ) ;
#7165 = ADVANCED_FACE ( 'NONE', ( #8863 ), #126, .F. ) ;
#7166 = ADVANCED_FACE ( 'NONE', ( #8755 ), #8734, .T. ) ;
#7167 = ADVANCED_FACE ( 'NONE', ( #8821 ), #3302, .F. ) ;
#7168 = ADVANCED_FACE ( 'NONE', ( #8730 ), #8714, .T. ) ;
#7169 = ADVANCED_FACE ( 'NONE', ( #8727 ), #3857, .F. ) ;
#7170 = ADVANCED_FACE ( 'NONE', ( #8707 ), #3872, .T. ) ;
#7171 = ADVANCED_FACE ( 'NONE', ( #8702 ), #8674, .T. ) ;
#7172 = ADVANCED_FACE ( 'NONE', ( #8678 ), #3371, .F. ) ;
#7173 = ADVANCED_FACE ( 'NONE', ( #8663 ), #3383, .F. ) ;
#7174 = ADVANCED_FACE ( 'NONE', ( #8657 ), #104, .T. ) ;
#7175 = ADVANCED_FACE ( 'NONE', ( #8629 ), #3801, .F. ) ;
#7176 = ADVANCED_FACE ( 'NONE', ( #8624 ), #3623, .F. ) ;
#7177 = ADVANCED_FACE ( 'NONE', ( #8640 ), #3246, .F. ) ;
#7178 = ADVANCED_FACE ( 'NONE', ( #8610 ), #3417, .F. ) ;
#7179 = ADVANCED_FACE ( 'NONE', ( #8592 ), #3813, .F. ) ;
#7180 = ADVANCED_FACE ( 'NONE', ( #8586 ), #8578, .T. ) ;
#7181 = ADVANCED_FACE ( 'NONE', ( #8582 ), #3463, .T. ) ;
#7182 = ADVANCED_FACE ( 'NONE', ( #8573 ), #3753, .F. ) ;
#7183 = ADVANCED_FACE ( 'NONE', ( #8570 ), #8557, .T. ) ;
#7184 = ADVANCED_FACE ( 'NONE', ( #8560 ), #34, .T. ) ;
#7185 = ADVANCED_FACE ( 'NONE', ( #8548, #8539 ), #3847, .F. ) ;
#7186 = ADVANCED_FACE ( 'NONE', ( #8542 ), #3447, .T. ) ;
#7187 = ADVANCED_FACE ( 'NONE', ( #8537 ), #3830, .F. ) ;
#7188 = ADVANCED_FACE ( 'NONE', ( #8534 ), #3575, .T. ) ;
#7189 = ADVANCED_FACE ( 'NONE', ( #8531 ), #268, .T. ) ;
#7190 = ADVANCED_FACE ( 'NONE', ( #8523 ), #248, .F. ) ;
#7191 = ADVANCED_FACE ( 'NONE', ( #8527 ), #3755, .F. ) ;
#7192 = ADVANCED_FACE ( 'NONE', ( #8519 ), #8516, .F. ) ;
#7193 = ADVANCED_FACE ( 'NONE', ( #8522 ), #3267, .T. ) ;
#7194 = ADVANCED_FACE ( 'NONE', ( #8512 ), #66, .F. ) ;
#7195 = ADVANCED_FACE ( 'NONE', ( #8511 ), #3315, .F. ) ;
#7196 = ADVANCED_FACE ( 'NONE', ( #8505 ), #8497, .F. ) ;
#7197 = ADVANCED_FACE ( 'NONE', ( #8503 ), #243, .T. ) ;
#7198 = ADVANCED_FACE ( 'NONE', ( #8491 ), #28, .T. ) ;
#7199 = ADVANCED_FACE ( 'NONE', ( #8492 ), #8481, .T. ) ;
#7200 = ADVANCED_FACE ( 'NONE', ( #8483 ), #8475, .F. ) ;
#7201 = ADVANCED_FACE ( 'NONE', ( #8479 ), #3749, .F. ) ;
#7202 = ADVANCED_FACE ( 'NONE', ( #8474 ), #102, .T. ) ;
#7203 = ADVANCED_FACE ( 'NONE', ( #8463, #8459 ), #3908, .F. ) ;
#7204 = ADVANCED_FACE ( 'NONE', ( #8472, #8461 ), #3727, .F. ) ;
#7205 = ADVANCED_FACE ( 'NONE', ( #8453 ), #8457, .T. ) ;
#7206 = ADVANCED_FACE ( 'NONE', ( #8451 ), #3479, .T. ) ;
#7207 = ADVANCED_FACE ( 'NONE', ( #8445 ), #244, .T. ) ;
#7208 = ADVANCED_FACE ( 'NONE', ( #8438 ), #8433, .F. ) ;
#7209 = ADVANCED_FACE ( 'NONE', ( #8436 ), #8426, .T. ) ;
#7210 = ADVANCED_FACE ( 'NONE', ( #8430, #8414, #8409 ), #3425, .T. ) ;
#7211 = ADVANCED_FACE ( 'NONE', ( #8411, #8416 ), #3913, .T. ) ;
#7212 = ADVANCED_FACE ( 'NONE', ( #8424 ), #3836, .T. ) ;
#7213 = ADVANCED_FACE ( 'NONE', ( #8403 ), #8396, .F. ) ;
#7214 = ADVANCED_FACE ( 'NONE', ( #8398 ), #8390, .F. ) ;
#7215 = ADVANCED_FACE ( 'NONE', ( #8392 ), #3231, .T. ) ;
#7216 = ADVANCED_FACE ( 'NONE', ( #8388 ), #61, .T. ) ;
#7217 = ADVANCED_FACE ( 'NONE', ( #8380 ), #3245, .T. ) ;
#7218 = ADVANCED_FACE ( 'NONE', ( #8379, #8377 ), #3253, .F. ) ;
#7219 = ADVANCED_FACE ( 'NONE', ( #8374 ), #8386, .T. ) ;
#7220 =( GEOMETRIC_REPRESENTATION_CONTEXT ( 3 ) GLOBAL_UNCERTAINTY_ASSIGNED_CONTEXT ( ( #4827 ) ) GLOBAL_UNIT_ASSIGNED_CONTEXT ( ( #3373, #3377, #3381 ) ) REPRESENTATION_CONTEXT ( 'NONE', 'WORKASPACE' ) );
#7221 =( GEOMETRIC_REPRESENTATION_CONTEXT ( 3 ) GLOBAL_UNCERTAINTY_ASSIGNED_CONTEXT ( ( #4822 ) ) GLOBAL_UNIT_ASSIGNED_CONTEXT ( ( #3326, #3330, #3334 ) ) REPRESENTATION_CONTEXT ( 'NONE', 'WORKASPACE' ) );
#7222 =( GEOMETRIC_REPRESENTATION_CONTEXT ( 3 ) GLOBAL_UNCERTAINTY_ASSIGNED_CONTEXT ( ( #4819 ) ) GLOBAL_UNIT_ASSIGNED_CONTEXT ( ( #3309, #3313, #3317 ) ) REPRESENTATION_CONTEXT ( 'NONE', 'WORKASPACE' ) );
#7223 =( GEOMETRIC_REPRESENTATION_CONTEXT ( 3 ) GLOBAL_UNCERTAINTY_ASSIGNED_CONTEXT ( ( #4826 ) ) GLOBAL_UNIT_ASSIGNED_CONTEXT ( ( #3292, #3296, #3300 ) ) REPRESENTATION_CONTEXT ( 'NONE', 'WORKASPACE' ) );
#7224 =( GEOMETRIC_REPRESENTATION_CONTEXT ( 3 ) GLOBAL_UNCERTAINTY_ASSIGNED_CONTEXT ( ( #4831 ) ) GLOBAL_UNIT_ASSIGNED_CONTEXT ( ( #3269, #3273, #3277 ) ) REPRESENTATION_CONTEXT ( 'NONE', 'WORKASPACE' ) );
#7225 = CARTESIAN_POINT ( 'NONE',  ( 295.2500000000000000, 0.0000000000000000000, 0.0000000000000000000 ) ) ;
#7226 = LINE ( 'NONE', #7228, #2845 ) ;
#7227 = CARTESIAN_POINT ( 'NONE',  ( -147.5000000000000300, -19.99999999999999600, -26.50000000000000000 ) ) ;
#7228 = CARTESIAN_POINT ( 'NONE',  ( 12.75000000000000000, 21.75000000000000000, 13.49999999999996400 ) ) ;
#7229 = CARTESIAN_POINT ( 'NONE',  ( 9.904330988104222500E-015, -21.99999999999997200, -40.50000000000000000 ) ) ;
#7230 = DIRECTION ( 'NONE',  ( 1.000000000000000000, 0.0000000000000000000, 0.0000000000000000000 ) ) ;
#7231 = CARTESIAN_POINT ( 'NONE',  ( 17.00000000000000000, -21.49999999999998900, -52.75000000000000000 ) ) ;
#7232 = LINE ( 'NONE', #7234, #2844 ) ;
#7233 = DIRECTION ( 'NONE',  ( -0.7071067811865660000, -0.4999999999999880700, -0.4999999999999860700 ) ) ;
#7234 = CARTESIAN_POINT ( 'NONE',  ( 12.75000000000000000, 21.75000000000000000, -13.49999999999999100 ) ) ;
#7235 = LINE ( 'NONE', #7703, #3072 ) ;
#7236 = DIRECTION ( 'NONE',  ( -1.000000000000000000, 0.0000000000000000000, 0.0000000000000000000 ) ) ;
#7237 = DIRECTION ( 'NONE',  ( -0.7071067811865474600, 0.0000000000000000000, -0.7071067811865474600 ) ) ;
#7238 = LINE ( 'NONE', #7240, #2843 ) ;
#7239 = DIRECTION ( 'NONE',  ( -0.7071067811865648900, 0.05163327766451474700, -0.7052191181736317000 ) ) ;
#7240 = CARTESIAN_POINT ( 'NONE',  ( -12.49999999999999800, 21.75000000000000000, 13.49999999999996400 ) ) ;
#7241 = LINE ( 'NONE', #7557, #2846 ) ;
#7242 = DIRECTION ( 'NONE',  ( 0.0000000000000000000, 0.0000000000000000000, 1.000000000000000000 ) ) ;
#7243 = CARTESIAN_POINT ( 'NONE',  ( -12.75000000000000000, -12.74999999999999600, 32.00000000000000000 ) ) ;
#7244 = LINE ( 'NONE', #7246, #2842 ) ;
#7245 = CARTESIAN_POINT ( 'NONE',  ( -270.9010560600410700, 10.23203275374300800, -14.99999999999999800 ) ) ;
#7246 = CARTESIAN_POINT ( 'NONE',  ( 12.49999999999999800, 21.75000000000000000, -23.00000000000000000 ) ) ;
#7247 = CARTESIAN_POINT ( 'NONE',  ( 181.5233701033256800, -9.813344993062447200, -27.84792695679114200 ) ) ;
#7248 = DIRECTION ( 'NONE',  ( 0.0000000000000000000, -1.000000000000000000, -1.012977212249230700E-016 ) ) ;
#7249 = DIRECTION ( 'NONE',  ( 0.0000000000000000000, 0.7071067811865672200, -0.7071067811865279200 ) ) ;
#7250 = LINE ( 'NONE', #7252, #2841 ) ;
#7251 = CARTESIAN_POINT ( 'NONE',  ( 16.87500000000000400, -21.24999999999997500, -52.87499999999999300 ) ) ;
#7252 = CARTESIAN_POINT ( 'NONE',  ( 12.75000000000000000, 10.74999999999997300, -23.00000000000000000 ) ) ;
#7253 = CARTESIAN_POINT ( 'NONE',  ( 190.4456268569853100, -16.32653451011335800, 65.09424928755683500 ) ) ;
#7254 = DIRECTION ( 'NONE',  ( 1.000000000000000000, 0.0000000000000000000, 0.0000000000000000000 ) ) ;
#7255 = DIRECTION ( 'NONE',  ( 0.0000000000000000000, -0.1736481776669305300, 0.9848077530122080200 ) ) ;
#7256 = LINE ( 'NONE', #7258, #2840 ) ;
#7257 = CARTESIAN_POINT ( 'NONE',  ( -12.62499999999999800, -22.00000000000000000, 52.87500000000000000 ) ) ;
#7258 = CARTESIAN_POINT ( 'NONE',  ( -12.75000000000000000, -3.499999999999993800, -23.00000000000000400 ) ) ;
#7259 = DIRECTION ( 'NONE',  ( -0.0000000000000000000, 0.9848077530122082400, 0.1736481776669303300 ) ) ;
#7260 = DIRECTION ( 'NONE',  ( -1.000000000000000000, 0.0000000000000000000, 0.0000000000000000000 ) ) ;
#7261 = DIRECTION ( 'NONE',  ( 0.0000000000000000000, 0.9848077530122080200, 0.1736481776669305500 ) ) ;
#7262 = LINE ( 'NONE', #7264, #2839 ) ;
#7263 = LINE ( 'NONE', #7643, #2989 ) ;
#7264 = CARTESIAN_POINT ( 'NONE',  ( -12.49999999999999800, 10.74999999999997300, -23.00000000000000000 ) ) ;
#7265 = LINE ( 'NONE', #7293, #2985 ) ;
#7266 = DIRECTION ( 'NONE',  ( 0.0000000000000000000, 1.000000000000000000, 1.012977212249230700E-016 ) ) ;
#7267 = CARTESIAN_POINT ( 'NONE',  ( 179.7348640128498400, -13.23539600382364000, -47.31221203487619000 ) ) ;
#7268 = LINE ( 'NONE', #7270, #2837 ) ;
#7269 = DIRECTION ( 'NONE',  ( 0.0000000000000000000, 0.0000000000000000000, -1.000000000000000000 ) ) ;
#7270 = CARTESIAN_POINT ( 'NONE',  ( 12.49999999999999800, -12.49999999999999500, -23.00000000000000400 ) ) ;
#7271 = DIRECTION ( 'NONE',  ( 0.0000000000000000000, 0.9848077530122080200, 0.1736481776669305500 ) ) ;
#7272 = DIRECTION ( 'NONE',  ( 0.0000000000000000000, 2.891205793294679300E-016, -1.000000000000000000 ) ) ;
#7273 = DIRECTION ( 'NONE',  ( -1.000000000000000000, -0.0000000000000000000, -0.0000000000000000000 ) ) ;
#7274 = LINE ( 'NONE', #7276, #2836 ) ;
#7275 = DIRECTION ( 'NONE',  ( -0.7071067811865254800, 0.7071067811865695600, 0.0000000000000000000 ) ) ;
#7276 = CARTESIAN_POINT ( 'NONE',  ( 12.75000000000000000, -12.49999999999999300, -32.00000000000000000 ) ) ;
#7277 = CARTESIAN_POINT ( 'NONE',  ( 179.7348640128498400, 0.05950866184112682500, -44.96796163637263500 ) ) ;
#7278 = DIRECTION ( 'NONE',  ( 1.000000000000000000, -0.0000000000000000000, -0.0000000000000000000 ) ) ;
#7279 = LINE ( 'NONE', #7315, #2675 ) ;
#7280 = LINE ( 'NONE', #7282, #2835 ) ;
#7281 = CARTESIAN_POINT ( 'NONE',  ( -295.2500000000000000, 0.0000000000000000000, 3.404411764705957700 ) ) ;
#7282 = CARTESIAN_POINT ( 'NONE',  ( 12.75000000000000000, -12.49999999999998800, -52.75000000000000000 ) ) ;
#7283 = DIRECTION ( 'NONE',  ( 0.7071067811865272600, -0.7071067811865678900, 0.0000000000000000000 ) ) ;
#7284 = DIRECTION ( 'NONE',  ( -1.000000000000000000, 0.0000000000000000000, 0.0000000000000000000 ) ) ;
#7285 = DIRECTION ( 'NONE',  ( 1.000000000000000000, -0.0000000000000000000, -0.0000000000000000000 ) ) ;
#7286 = LINE ( 'NONE', #7288, #2834 ) ;
#7287 = DIRECTION ( 'NONE',  ( -0.0000000000000000000, -0.7568230077691600100, -0.6536198703460919200 ) ) ;
#7288 = CARTESIAN_POINT ( 'NONE',  ( -12.49999999999999800, -12.49999999999999300, -32.00000000000000000 ) ) ;
#7289 = DIRECTION ( 'NONE',  ( -0.7071067811865474600, -0.0000000000000000000, 0.7071067811865474600 ) ) ;
#7290 = DIRECTION ( 'NONE',  ( 0.0000000000000000000, -2.891205793294679300E-016, 1.000000000000000000 ) ) ;
#7291 = DIRECTION ( 'NONE',  ( 0.0000000000000000000, 0.9848077530122082400, 0.1736481776669303900 ) ) ;
#7292 = DIRECTION ( 'NONE',  ( 0.0000000000000000000, -1.000000000000000000, -2.891205793294679300E-016 ) ) ;
#7293 = CARTESIAN_POINT ( 'NONE',  ( -96.50000000000000000, -30.00000000000000000, -16.24999999999999600 ) ) ;
#7294 = DIRECTION ( 'NONE',  ( 0.0000000000000000000, 4.081702296416013000E-016, -1.000000000000000000 ) ) ;
#7295 = DIRECTION ( 'NONE',  ( 0.7071067811865487900, -0.7071067811865463500, -2.279799648044648300E-015 ) ) ;
#7296 = CARTESIAN_POINT ( 'NONE',  ( 9.904330988104222500E-015, -22.24999999999998900, -40.50000000000000000 ) ) ;
#7297 = LINE ( 'NONE', #7471, #2913 ) ;
#7298 = LINE ( 'NONE', #7300, #2833 ) ;
#7299 = LINE ( 'NONE', #7545, #3095 ) ;
#7300 = CARTESIAN_POINT ( 'NONE',  ( 12.49999999999999800, -12.49999999999998800, -53.00000000000000000 ) ) ;
#7301 = DIRECTION ( 'NONE',  ( -1.000000000000000000, -0.0000000000000000000, -0.0000000000000000000 ) ) ;
#7302 = DIRECTION ( 'NONE',  ( 0.0000000000000000000, -1.000000000000000000, 0.0000000000000000000 ) ) ;
#7303 = LINE ( 'NONE', #8197, #3065 ) ;
#7304 = LINE ( 'NONE', #7306, #2832 ) ;
#7305 = CARTESIAN_POINT ( 'NONE',  ( 270.2500000000000000, 0.0000000000000000000, 0.0000000000000000000 ) ) ;
#7306 = CARTESIAN_POINT ( 'NONE',  ( 12.75000000000000000, -12.74999999999998800, -53.00000000000000000 ) ) ;
#7307 = DIRECTION ( 'NONE',  ( -0.0000000000000000000, -0.7071067811865474600, 0.7071067811865474600 ) ) ;
#7308 = DIRECTION ( 'NONE',  ( 1.000000000000000000, 0.0000000000000000000, 0.0000000000000000000 ) ) ;
#7309 = CARTESIAN_POINT ( 'NONE',  ( -145.0000000000000300, -17.99999999999999600, 11.00000000000000000 ) ) ;
#7310 = LINE ( 'NONE', #7312, #2831 ) ;
#7311 = CARTESIAN_POINT ( 'NONE',  ( 12.49999999999999800, -21.99999999999999600, -14.25000000000000500 ) ) ;
#7312 = CARTESIAN_POINT ( 'NONE',  ( 12.75000000000000000, -21.99999999999998600, -53.00000000000000000 ) ) ;
#7313 = DIRECTION ( 'NONE',  ( 0.0000000000000000000, 1.000000000000000000, 0.0000000000000000000 ) ) ;
#7314 = DIRECTION ( 'NONE',  ( -1.000000000000000000, -0.0000000000000000000, 0.0000000000000000000 ) ) ;
#7315 = CARTESIAN_POINT ( 'NONE',  ( -16.89403064545502900, -21.25028289140537700, -20.75113290111114800 ) ) ;
#7316 = LINE ( 'NONE', #7318, #2830 ) ;
#7317 = DIRECTION ( 'NONE',  ( 0.0000000000000000000, 0.0000000000000000000, 1.000000000000000000 ) ) ;
#7318 = CARTESIAN_POINT ( 'NONE',  ( -12.49999999999999800, -12.49999999999998800, -53.00000000000000000 ) ) ;
#7319 = DIRECTION ( 'NONE',  ( -1.260942051197116400E-016, -0.6535858405091211600, -0.7568523958381751000 ) ) ;
#7320 = DIRECTION ( 'NONE',  ( 0.0000000000000000000, 1.000000000000000000, 0.0000000000000000000 ) ) ;
#7321 = CARTESIAN_POINT ( 'NONE',  ( 12.75000000000000000, -12.74999999999999300, -1.641214795501964100E-015 ) ) ;
#7322 = LINE ( 'NONE', #7324, #2828 ) ;
#7323 = LINE ( 'NONE', #7231, #2667 ) ;
#7324 = CARTESIAN_POINT ( 'NONE',  ( 12.49999999999999800, -22.24999999999998600, -53.00000000000000000 ) ) ;
#7325 = DIRECTION ( 'NONE',  ( 0.0000000000000000000, -1.000000000000000000, 0.0000000000000000000 ) ) ;
#7326 = DIRECTION ( 'NONE',  ( 0.0000000000000000000, -2.686023446673766400E-016, 1.000000000000000000 ) ) ;
#7327 = LINE ( 'NONE', #7699, #3087 ) ;
#7328 = LINE ( 'NONE', #7330, #2827 ) ;
#7329 = DIRECTION ( 'NONE',  ( 0.0000000000000000000, 0.9848077530122082400, 0.1736481776669304400 ) ) ;
#7330 = CARTESIAN_POINT ( 'NONE',  ( 12.75000000000000000, -22.24999999999998600, -52.75000000000000000 ) ) ;
#7331 = PLANE ( 'NONE',  #2787 ) ;
#7332 = DIRECTION ( 'NONE',  ( 1.000000000000000000, 0.0000000000000000000, 0.0000000000000000000 ) ) ;
#7333 = DIRECTION ( 'NONE',  ( -0.0000000000000000000, -0.9848077530122080200, -0.1736481776669304400 ) ) ;
#7334 = LINE ( 'NONE', #7336, #2825 ) ;
#7335 = CARTESIAN_POINT ( 'NONE',  ( 12.49999999999999800, -12.49999999999999800, 52.75000000000000000 ) ) ;
#7336 = CARTESIAN_POINT ( 'NONE',  ( 12.75000000000000000, -22.24999999999999600, -14.50000000000000500 ) ) ;
#7337 = CARTESIAN_POINT ( 'NONE',  ( 19.93677318898368300, 14.17999532491586100, -25.11322681101615500 ) ) ;
#7338 = DIRECTION ( 'NONE',  ( -1.000000000000000000, 0.0000000000000000000, 0.0000000000000000000 ) ) ;
#7339 = CARTESIAN_POINT ( 'NONE',  ( 277.7499999999999400, 0.0000000000000000000, 0.0000000000000000000 ) ) ;
#7340 = DIRECTION ( 'NONE',  ( -0.0000000000000000000, 1.000000000000000000, 2.686023446673766400E-016 ) ) ;
#7341 = CARTESIAN_POINT ( 'NONE',  ( -12.75000000000000000, -22.00000000000000000, 53.00000000000000000 ) ) ;
#7342 = DIRECTION ( 'NONE',  ( 0.0000000000000000000, 0.0000000000000000000, 1.000000000000000000 ) ) ;
#7343 = DIRECTION ( 'NONE',  ( 0.0000000000000000000, 0.0000000000000000000, 1.000000000000000000 ) ) ;
#7344 = CARTESIAN_POINT ( 'NONE',  ( 12.49999999999999800, -1.084202172485504400E-014, -1.666998409216799400E-016 ) ) ;
#7345 = CARTESIAN_POINT ( 'NONE',  ( -107.5000000000000000, -30.00000000000000000, 14.25000000000000000 ) ) ;
#7346 = LINE ( 'NONE', #7348, #2824 ) ;
#7347 = DIRECTION ( 'NONE',  ( -0.7071067811865292500, 0.0000000000000000000, 0.7071067811865657800 ) ) ;
#7348 = CARTESIAN_POINT ( 'NONE',  ( -12.49999999999999800, -22.24999999999998600, -53.00000000000000000 ) ) ;
#7349 = CARTESIAN_POINT ( 'NONE',  ( -12.49999999999999800, -22.25000000000000000, 52.75000000000000000 ) ) ;
#7350 = DIRECTION ( 'NONE',  ( 0.0000000000000000000, 2.686023446673766400E-016, -1.000000000000000000 ) ) ;
#7351 = DIRECTION ( 'NONE',  ( 0.0000000000000000000, -1.000000000000000000, 0.0000000000000000000 ) ) ;
#7352 = LINE ( 'NONE', #7354, #2822 ) ;
#7353 = DIRECTION ( 'NONE',  ( 1.000000000000000000, 0.0000000000000000000, -0.0000000000000000000 ) ) ;
#7354 = CARTESIAN_POINT ( 'NONE',  ( 12.49999999999999800, -22.24999999999999600, -14.25000000000000500 ) ) ;
#7355 = CARTESIAN_POINT ( 'NONE',  ( 221.9999999999999700, 0.0000000000000000000, 24.00000000000000400 ) ) ;
#7356 = DIRECTION ( 'NONE',  ( 0.0000000000000000000, 1.000000000000000000, 2.338953001317043400E-016 ) ) ;
#7357 = DIRECTION ( 'NONE',  ( 0.0000000000000000000, 0.0000000000000000000, 1.000000000000000000 ) ) ;
#7358 = LINE ( 'NONE', #7360, #2821 ) ;
#7359 = CARTESIAN_POINT ( 'NONE',  ( -160.5000000000000300, -66.00694377477768200, -16.24999999999998900 ) ) ;
#7360 = CARTESIAN_POINT ( 'NONE',  ( 12.75000000000000000, -21.99999999999999600, -14.25000000000000500 ) ) ;
#7361 = DIRECTION ( 'NONE',  ( 0.0000000000000000000, 0.0000000000000000000, -1.000000000000000000 ) ) ;
#7362 = DIRECTION ( 'NONE',  ( 1.000000000000000000, 0.0000000000000000000, 0.0000000000000000000 ) ) ;
#7363 = CARTESIAN_POINT ( 'NONE',  ( 16.75000000000000000, -21.49999999999998900, -52.75000000000000000 ) ) ;
#7364 = LINE ( 'NONE', #7366, #2820 ) ;
#7365 = CARTESIAN_POINT ( 'NONE',  ( 17.00000000000000000, 21.72322330470338900, 21.72322330470331400 ) ) ;
#7366 = CARTESIAN_POINT ( 'NONE',  ( -12.49999999999999800, -22.24999999999999600, -14.25000000000000500 ) ) ;
#7367 = CARTESIAN_POINT ( 'NONE',  ( -147.0000000000000300, -66.00694377477768200, 12.25000000000000500 ) ) ;
#7368 = DIRECTION ( 'NONE',  ( 0.0000000000000000000, -1.000000000000000000, -2.338953001317043400E-016 ) ) ;
#7369 = CARTESIAN_POINT ( 'NONE',  ( 190.7331641145459900, -26.42233611586633700, 66.34634244015852300 ) ) ;
#7370 = DIRECTION ( 'NONE',  ( 1.000000000000000000, -0.0000000000000000000, -0.0000000000000000000 ) ) ;
#7371 = LINE ( 'NONE', #7713, #3090 ) ;
#7372 = DIRECTION ( 'NONE',  ( 0.0000000000000000000, 0.0000000000000000000, 1.000000000000000000 ) ) ;
#7373 = LINE ( 'NONE', #7355, #3057 ) ;
#7374 = CARTESIAN_POINT ( 'NONE',  ( -12.49999999999999800, -1.084202172485504400E-014, -1.666998409216799400E-016 ) ) ;
#7375 = CARTESIAN_POINT ( 'NONE',  ( -271.2499999999999400, 10.82820391385385300, -14.99999999999999800 ) ) ;
#7376 = LINE ( 'NONE', #7378, #2818 ) ;
#7377 = CARTESIAN_POINT ( 'NONE',  ( 145.4999999999999700, -28.00000000000000000, -26.49999999999999300 ) ) ;
#7378 = CARTESIAN_POINT ( 'NONE',  ( 12.75000000000000000, 1.734723475976807100E-015, -14.25000000000000000 ) ) ;
#7379 = DIRECTION ( 'NONE',  ( 0.0000000000000000000, 0.0000000000000000000, 1.000000000000000000 ) ) ;
#7380 = DIRECTION ( 'NONE',  ( -1.000000000000000000, -0.0000000000000000000, -0.0000000000000000000 ) ) ;
#7381 = DIRECTION ( 'NONE',  ( -0.0000000000000000000, -0.9848077530122080200, -0.1736481776669304400 ) ) ;
#7382 = LINE ( 'NONE', #7384, #2817 ) ;
#7383 = CARTESIAN_POINT ( 'NONE',  ( 111.4999999999999700, -28.00000000000000000, -26.49999999999999300 ) ) ;
#7384 = CARTESIAN_POINT ( 'NONE',  ( 12.75000000000000000, -1.582067810090848100E-015, 14.25000000000000000 ) ) ;
#7385 = DIRECTION ( 'NONE',  ( -0.09584575252022790900, 0.1728487359030508000, -0.9802738934708752300 ) ) ;
#7386 = DIRECTION ( 'NONE',  ( -1.000000000000000000, -0.0000000000000000000, -0.0000000000000000000 ) ) ;
#7387 = DIRECTION ( 'NONE',  ( 0.0000000000000000000, -1.239088197126291100E-016, -1.000000000000000000 ) ) ;
#7388 = DIRECTION ( 'NONE',  ( -1.000000000000000000, 0.0000000000000000000, 0.0000000000000000000 ) ) ;
#7389 = DIRECTION ( 'NONE',  ( -1.000000000000000000, 0.0000000000000000000, 0.0000000000000000000 ) ) ;
#7390 = DIRECTION ( 'NONE',  ( 0.0000000000000000000, 0.0000000000000000000, 1.000000000000000000 ) ) ;
#7391 = DIRECTION ( 'NONE',  ( 0.0000000000000000000, 0.0000000000000000000, -1.000000000000000000 ) ) ;
#7392 = CARTESIAN_POINT ( 'NONE',  ( 9.904330988104222500E-015, -12.49999999999999600, 40.50000000000000000 ) ) ;
#7393 = DIRECTION ( 'NONE',  ( 1.000000000000000000, -0.0000000000000000000, -0.0000000000000000000 ) ) ;
#7394 = LINE ( 'NONE', #7396, #2815 ) ;
#7395 = DIRECTION ( 'NONE',  ( 0.0000000000000000000, 1.000000000000000000, 0.0000000000000000000 ) ) ;
#7396 = CARTESIAN_POINT ( 'NONE',  ( 9.904330988104222500E-015, 21.75000000000000000, 36.25000000000000000 ) ) ;
#7397 = CARTESIAN_POINT ( 'NONE',  ( -100.9108910891089300, -24.60891089108908900, -16.24999999999999600 ) ) ;
#7398 = DIRECTION ( 'NONE',  ( -0.0000000000000000000, -1.000000000000000000, -0.0000000000000000000 ) ) ;
#7399 = CARTESIAN_POINT ( 'NONE',  ( 188.5719345887001500, -22.52476338347039700, 44.24210906228369600 ) ) ;
#7400 = DIRECTION ( 'NONE',  ( 0.0000000000000000000, -1.000000000000000000, -1.156482317317871700E-016 ) ) ;
#7401 = DIRECTION ( 'NONE',  ( 0.0000000000000000000, 0.9848077530122080200, 0.1736481776669304100 ) ) ;
#7402 = DIRECTION ( 'NONE',  ( 0.0000000000000000000, 0.0000000000000000000, -1.000000000000000000 ) ) ;
#7403 = DIRECTION ( 'NONE',  ( 0.0000000000000000000, -1.404634393503488000E-016, 1.000000000000000000 ) ) ;
#7404 = CARTESIAN_POINT ( 'NONE',  ( 9.904330988104222500E-015, -12.49999999999999100, -40.50000000000000000 ) ) ;
#7405 = PLANE ( 'NONE',  #3077 ) ;
#7406 = LINE ( 'NONE', #7408, #2813 ) ;
#7407 = DIRECTION ( 'NONE',  ( 0.9953961983671785200, 0.01664344026225328700, -0.09438964017520980200 ) ) ;
#7408 = CARTESIAN_POINT ( 'NONE',  ( 1.042480587774184700E-014, 21.75000000000000000, 44.75000000000000700 ) ) ;
#7409 = CARTESIAN_POINT ( 'NONE',  ( -271.2499999999999400, -10.82820391385385300, -14.99999999999999800 ) ) ;
#7410 = DIRECTION ( 'NONE',  ( -0.0000000000000000000, -1.000000000000000000, -0.0000000000000000000 ) ) ;
#7411 = DIRECTION ( 'NONE',  ( -0.0000000000000000000, 1.000000000000000000, -0.0000000000000000000 ) ) ;
#7412 = LINE ( 'NONE', #7414, #2812 ) ;
#7413 = DIRECTION ( 'NONE',  ( -0.7071067811865660000, 0.4999999999999880700, 0.4999999999999860700 ) ) ;
#7414 = CARTESIAN_POINT ( 'NONE',  ( 9.904330988104222500E-015, 21.75000000000000000, -44.75000000000000700 ) ) ;
#7415 = LINE ( 'NONE', #7337, #2784 ) ;
#7416 = DIRECTION ( 'NONE',  ( -0.0000000000000000000, -1.000000000000000000, -0.0000000000000000000 ) ) ;
#7417 = CARTESIAN_POINT ( 'NONE',  ( 16.89498694754895800, -21.35501305245103500, -20.87337205758673900 ) ) ;
#7418 = DIRECTION ( 'NONE',  ( 0.0000000000000000000, -1.000000000000000000, -2.891205793294679300E-016 ) ) ;
#7419 = DIRECTION ( 'NONE',  ( 0.0000000000000000000, 0.0000000000000000000, 1.000000000000000000 ) ) ;
#7420 = DIRECTION ( 'NONE',  ( 0.0000000000000000000, 4.081702296416013000E-016, -1.000000000000000000 ) ) ;
#7421 = DIRECTION ( 'NONE',  ( 3.016910393003143800E-016, 0.0000000000000000000, -1.000000000000000000 ) ) ;
#7422 = CARTESIAN_POINT ( 'NONE',  ( 9.904330988104222500E-015, -22.24999999999998900, -40.50000000000000000 ) ) ;
#7423 = CARTESIAN_POINT ( 'NONE',  ( -270.5663331514288100, -9.628023402755445700, -14.99999999999999800 ) ) ;
#7424 = LINE ( 'NONE', #7426, #2810 ) ;
#7425 = DIRECTION ( 'NONE',  ( 1.000000000000000000, 0.0000000000000000000, 0.0000000000000000000 ) ) ;
#7426 = CARTESIAN_POINT ( 'NONE',  ( 1.042480587774184700E-014, 21.75000000000000000, -36.25000000000000000 ) ) ;
#7427 = CARTESIAN_POINT ( 'NONE',  ( -12.75000000000000000, 15.80671337560872100, -18.30251022438907800 ) ) ;
#7428 = DIRECTION ( 'NONE',  ( -0.0000000000000000000, -1.000000000000000000, -0.0000000000000000000 ) ) ;
#7429 = DIRECTION ( 'NONE',  ( 0.0000000000000000000, -0.7568230077691600100, -0.6536198703460919200 ) ) ;
#7430 = LINE ( 'NONE', #7432, #2808 ) ;
#7431 = LINE ( 'NONE', #7749, #3064 ) ;
#7432 = CARTESIAN_POINT ( 'NONE',  ( 9.904330988104222500E-015, -21.99999999999997200, -44.75000000000000700 ) ) ;
#7433 = DIRECTION ( 'NONE',  ( -1.000000000000000000, -0.0000000000000000000, 0.0000000000000000000 ) ) ;
#7434 = DIRECTION ( 'NONE',  ( 0.0000000000000000000, -0.7071067811865279200, -0.7071067811865672200 ) ) ;
#7435 = DIRECTION ( 'NONE',  ( -0.09584575252022790900, 0.1728487359030508000, -0.9802738934708752300 ) ) ;
#7436 = DIRECTION ( 'NONE',  ( -0.0000000000000000000, 1.000000000000000000, 2.686023446673766400E-016 ) ) ;
#7437 = CARTESIAN_POINT ( 'NONE',  ( -16.74999999999998600, -11.49999999999999800, 28.30000000000000400 ) ) ;
#7438 = DIRECTION ( 'NONE',  ( 0.0000000000000000000, 0.0000000000000000000, 1.000000000000000000 ) ) ;
#7439 = CARTESIAN_POINT ( 'NONE',  ( -12.75000000000000000, -3.499999999999992900, -22.75000000000000400 ) ) ;
#7440 = CARTESIAN_POINT ( 'NONE',  ( 9.904330988104222500E-015, -21.99999999999997200, -40.50000000000000000 ) ) ;
#7441 = CARTESIAN_POINT ( 'NONE',  ( 190.4456268569853100, -35.48104530620101100, 61.71679223193499600 ) ) ;
#7442 = DIRECTION ( 'NONE',  ( 0.0000000000000000000, -1.000000000000000000, 0.0000000000000000000 ) ) ;
#7443 = PLANE ( 'NONE',  #2910 ) ;
#7444 = DIRECTION ( 'NONE',  ( 0.0000000000000000000, 0.0000000000000000000, 1.000000000000000000 ) ) ;
#7445 = LINE ( 'NONE', #7487, #3070 ) ;
#7446 = CARTESIAN_POINT ( 'NONE',  ( 9.904330988104222500E-015, -22.25000000000000000, 40.50000000000000000 ) ) ;
#7447 = DIRECTION ( 'NONE',  ( -1.000000000000000000, -0.0000000000000000000, -0.0000000000000000000 ) ) ;
#7448 = LINE ( 'NONE', #7450, #2807 ) ;
#7449 = PLANE ( 'NONE',  #3053 ) ;
#7450 = CARTESIAN_POINT ( 'NONE',  ( 1.042480587774184700E-014, -21.99999999999997200, -36.25000000000000000 ) ) ;
#7451 = DIRECTION ( 'NONE',  ( 0.0000000000000000000, 0.9848077530122081300, 0.1736481776669302500 ) ) ;
#7452 = DIRECTION ( 'NONE',  ( 8.659560562355175700E-017, -0.7071067811865279200, 0.7071067811865672200 ) ) ;
#7453 = LINE ( 'NONE', #7251, #2678 ) ;
#7454 = LINE ( 'NONE', #7456, #2805 ) ;
#7455 = CARTESIAN_POINT ( 'NONE',  ( 12.49999999999999800, -22.00000000000000000, 53.00000000000000000 ) ) ;
#7456 = CARTESIAN_POINT ( 'NONE',  ( 9.904330988104222500E-015, -22.00000000000000000, 36.25000000000000000 ) ) ;
#7457 = DIRECTION ( 'NONE',  ( -0.7071067811865474600, -0.0000000000000000000, 0.7071067811865474600 ) ) ;
#7458 = DIRECTION ( 'NONE',  ( 0.0000000000000000000, -0.7071067811865474600, -0.7071067811865474600 ) ) ;
#7459 = DIRECTION ( 'NONE',  ( -0.0000000000000000000, 1.000000000000000000, 1.224646799147353200E-016 ) ) ;
#7460 = DIRECTION ( 'NONE',  ( -0.0000000000000000000, 1.000000000000000000, 0.0000000000000000000 ) ) ;
#7461 = DIRECTION ( 'NONE',  ( 0.0000000000000000000, -0.7071067811865671100, 0.7071067811865279200 ) ) ;
#7462 = DIRECTION ( 'NONE',  ( 0.0000000000000000000, 0.0000000000000000000, 1.000000000000000000 ) ) ;
#7463 = LINE ( 'NONE', #7243, #2780 ) ;
#7464 = CARTESIAN_POINT ( 'NONE',  ( 9.904330988104222500E-015, -22.00000000000000000, 40.50000000000000000 ) ) ;
#7465 = LINE ( 'NONE', #7589, #3092 ) ;
#7466 = DIRECTION ( 'NONE',  ( 0.0000000000000000000, -1.000000000000000000, 0.0000000000000000000 ) ) ;
#7467 = LINE ( 'NONE', #7359, #3074 ) ;
#7468 = DIRECTION ( 'NONE',  ( 0.0000000000000000000, 0.0000000000000000000, 1.000000000000000000 ) ) ;
#7469 = DIRECTION ( 'NONE',  ( -1.000000000000000000, 0.0000000000000000000, 0.0000000000000000000 ) ) ;
#7470 = CARTESIAN_POINT ( 'NONE',  ( 159.6979756844743900, 30.04195763753433800, -12.01021988902397600 ) ) ;
#7471 = CARTESIAN_POINT ( 'NONE',  ( 12.49999999999999800, -22.25000000000000000, 14.49999999999999800 ) ) ;
#7472 = LINE ( 'NONE', #7474, #2804 ) ;
#7473 = CARTESIAN_POINT ( 'NONE',  ( 111.4999999999999700, -2.602085213965210600E-015, -26.49999999999999600 ) ) ;
#7474 = CARTESIAN_POINT ( 'NONE',  ( 1.042480587774184700E-014, -22.00000000000000000, 44.75000000000000700 ) ) ;
#7475 = CARTESIAN_POINT ( 'NONE',  ( -12.75000000000000000, -21.99999999999999600, -14.25000000000000500 ) ) ;
#7476 = DIRECTION ( 'NONE',  ( 8.659560562354932900E-017, -0.7071067811865474600, 0.7071067811865474600 ) ) ;
#7477 = PLANE ( 'NONE',  #2742 ) ;
#7478 = LINE ( 'NONE', #7480, #2803 ) ;
#7479 = CARTESIAN_POINT ( 'NONE',  ( 12.75000000000000000, -7.450539872945330300E-015, -14.50000000000000000 ) ) ;
#7480 = CARTESIAN_POINT ( 'NONE',  ( 153.9244729925781300, 40.87484292066868400, -10.10008993468776800 ) ) ;
#7481 = DIRECTION ( 'NONE',  ( -0.7062288165502053100, 0.001885319234856025100, -0.7079811468149976900 ) ) ;
#7482 = DIRECTION ( 'NONE',  ( 0.5000000000000002200, -0.1503837331804349900, 0.8528685319524431700 ) ) ;
#7483 = LINE ( 'NONE', #7665, #3088 ) ;
#7484 = LINE ( 'NONE', #7486, #2802 ) ;
#7485 = CARTESIAN_POINT ( 'NONE',  ( -12.75000000000000000, -22.25000000000000000, 14.49999999999999800 ) ) ;
#7486 = CARTESIAN_POINT ( 'NONE',  ( 156.8112243385262400, 41.74308380900333000, -15.02412869974877000 ) ) ;
#7487 = CARTESIAN_POINT ( 'NONE',  ( 18.70666157430502000, 14.68952423894854000, 26.34333842569488100 ) ) ;
#7488 = DIRECTION ( 'NONE',  ( -0.4999999999999985600, -0.1503837331804359400, 0.8528685319524438300 ) ) ;
#7489 = CARTESIAN_POINT ( 'NONE',  ( -110.0000000000000000, -17.99999999999999600, 11.00000000000000000 ) ) ;
#7490 = LINE ( 'NONE', #7492, #2801 ) ;
#7491 = DIRECTION ( 'NONE',  ( -0.09584575252022790900, 0.1728487359030508000, -0.9802738934708752300 ) ) ;
#7492 = CARTESIAN_POINT ( 'NONE',  ( 153.9244729925781300, 40.87484292066868400, -10.10008993468776800 ) ) ;
#7493 = DIRECTION ( 'NONE',  ( 0.0000000000000000000, 1.000000000000000000, 0.0000000000000000000 ) ) ;
#7494 = DIRECTION ( 'NONE',  ( -0.0000000000000000000, -0.9848077530122080200, -0.1736481776669305000 ) ) ;
#7495 = DIRECTION ( 'NONE',  ( 1.000000000000000000, 0.0000000000000000000, -3.016910393003143800E-016 ) ) ;
#7496 = LINE ( 'NONE', #7498, #2800 ) ;
#7497 = DIRECTION ( 'NONE',  ( -0.09584575252022790900, 0.1728487359030508000, -0.9802738934708752300 ) ) ;
#7498 = CARTESIAN_POINT ( 'NONE',  ( 162.5847270304225000, 41.74308380900333000, -15.02412869974877000 ) ) ;
#7499 = PLANE ( 'NONE',  #3016 ) ;
#7500 = DIRECTION ( 'NONE',  ( -1.000000000000000000, 0.0000000000000000000, 0.0000000000000000000 ) ) ;
#7501 = CARTESIAN_POINT ( 'NONE',  ( 188.3020243155255900, 29.04650754319818200, 22.42911054903982300 ) ) ;
#7502 = LINE ( 'NONE', #7504, #2799 ) ;
#7503 = CARTESIAN_POINT ( 'NONE',  ( -277.7499999999999400, -18.50000000000000000, -14.99999999999999800 ) ) ;
#7504 = CARTESIAN_POINT ( 'NONE',  ( 156.8112243385262400, 41.74308380900333000, -15.02412869974877000 ) ) ;
#7505 = DIRECTION ( 'NONE',  ( 0.6785983445458269000, -0.2810846377148326100, 0.6785983445458618800 ) ) ;
#7506 = DIRECTION ( 'NONE',  ( -0.0000000000000000000, -0.9848077530122080200, -0.1736481776669305000 ) ) ;
#7507 = CARTESIAN_POINT ( 'NONE',  ( 181.9872391970752100, -10.64988896471294800, -23.10365033905885200 ) ) ;
#7508 = LINE ( 'NONE', #7510, #2798 ) ;
#7509 = DIRECTION ( 'NONE',  ( -0.7071067811865329200, 0.0000000000000000000, -0.7071067811865622300 ) ) ;
#7510 = CARTESIAN_POINT ( 'NONE',  ( 165.4714783763706100, 40.87484292066868400, -10.10008993468776400 ) ) ;
#7511 = DIRECTION ( 'NONE',  ( -0.7071067811865285900, 0.7071067811865665600, 9.932265047341965800E-017 ) ) ;
#7512 = DIRECTION ( 'NONE',  ( -0.4999999999999983300, 0.1503837331804358500, -0.8528685319524440500 ) ) ;
#7513 = DIRECTION ( 'NONE',  ( 0.0000000000000000000, 1.000000000000000000, 0.0000000000000000000 ) ) ;
#7514 = LINE ( 'NONE', #7516, #2869 ) ;
#7515 = LINE ( 'NONE', #7349, #3086 ) ;
#7516 = CARTESIAN_POINT ( 'NONE',  ( 162.5847270304225000, 41.74308380900333000, -15.02412869974877000 ) ) ;
#7517 = CARTESIAN_POINT ( 'NONE',  ( 17.00000000000000000, -8.439108465539024200E-015, 28.04999999999999000 ) ) ;
#7518 = DIRECTION ( 'NONE',  ( -0.0000000000000000000, -0.9848077530122080200, -0.1736481776669305000 ) ) ;
#7519 = DIRECTION ( 'NONE',  ( 0.0000000000000000000, 0.0000000000000000000, -1.000000000000000000 ) ) ;
#7520 = LINE ( 'NONE', #7522, #2870 ) ;
#7521 = CARTESIAN_POINT ( 'NONE',  ( -16.74999999999998600, -11.75000000000001600, 53.00000000000000000 ) ) ;
#7522 = CARTESIAN_POINT ( 'NONE',  ( 16.87500000000000000, -11.62499999999999600, -52.74999999999999300 ) ) ;
#7523 = LINE ( 'NONE', #7549, #3013 ) ;
#7524 = DIRECTION ( 'NONE',  ( 0.7071067811865272600, -0.7071067811865678900, 3.778621678743700700E-014 ) ) ;
#7525 = CARTESIAN_POINT ( 'NONE',  ( -16.74999999999998600, 1.387389149315768600, -18.94927838595341300 ) ) ;
#7526 = LINE ( 'NONE', #7528, #2763 ) ;
#7527 = CARTESIAN_POINT ( 'NONE',  ( 188.3020243155255900, 29.04650754319818200, 22.42911054903982300 ) ) ;
#7528 = CARTESIAN_POINT ( 'NONE',  ( 16.75000000000000000, -21.50000000000000000, 20.87499999999999600 ) ) ;
#7529 = DIRECTION ( 'NONE',  ( 0.0000000000000000000, 0.0000000000000000000, 1.000000000000000000 ) ) ;
#7530 = DIRECTION ( 'NONE',  ( -0.7062288165501725600, -0.7062288165502118600, 0.04981683799911413400 ) ) ;
#7531 = DIRECTION ( 'NONE',  ( 0.0000000000000000000, 0.0000000000000000000, 1.000000000000000000 ) ) ;
#7532 = LINE ( 'NONE', #7534, #2774 ) ;
#7533 = DIRECTION ( 'NONE',  ( 0.7071067811865500200, 0.7071067811865451300, 0.0000000000000000000 ) ) ;
#7534 = CARTESIAN_POINT ( 'NONE',  ( -16.87499999999999300, -21.37500000000000000, 52.74999999999999300 ) ) ;
#7535 = DIRECTION ( 'NONE',  ( 0.0000000000000000000, 0.0000000000000000000, 1.000000000000000000 ) ) ;
#7536 = DIRECTION ( 'NONE',  ( -0.7071067811865672200, 0.7071067811865279200, 3.913229066790551600E-014 ) ) ;
#7537 = DIRECTION ( 'NONE',  ( -0.7071067811865205900, -0.05163327766451807100, -0.7052191181736756600 ) ) ;
#7538 = LINE ( 'NONE', #7540, #2732 ) ;
#7539 = CARTESIAN_POINT ( 'NONE',  ( 295.2500000000000000, 4.169201970626743400E-016, -3.404411764705957700 ) ) ;
#7540 = CARTESIAN_POINT ( 'NONE',  ( -17.00000000000000000, -11.75000000000000900, -37.79999999999999700 ) ) ;
#7541 = LINE ( 'NONE', #7267, #2882 ) ;
#7542 = DIRECTION ( 'NONE',  ( 0.7071067811865279200, 0.7071067811865672200, 0.0000000000000000000 ) ) ;
#7543 = DIRECTION ( 'NONE',  ( -1.260942051196956200E-016, 0.6535858405091212700, 0.7568523958381749800 ) ) ;
#7544 = LINE ( 'NONE', #7546, #2871 ) ;
#7545 = CARTESIAN_POINT ( 'NONE',  ( 12.49999999999999800, -12.49999999999999800, 52.75000000000000000 ) ) ;
#7546 = CARTESIAN_POINT ( 'NONE',  ( 16.75000000000000000, -11.49999999999999500, -37.79999999999999700 ) ) ;
#7547 = DIRECTION ( 'NONE',  ( -0.0000000000000000000, 0.7071067811865474600, -0.7071067811865474600 ) ) ;
#7548 = DIRECTION ( 'NONE',  ( 0.7071067811865302500, -0.7071067811865646700, 0.0000000000000000000 ) ) ;
#7549 = CARTESIAN_POINT ( 'NONE',  ( 221.9999999999999700, 2.939152317953648300E-015, -24.00000000000000400 ) ) ;
#7550 = LINE ( 'NONE', #7552, #2873 ) ;
#7551 = CARTESIAN_POINT ( 'NONE',  ( -149.5000000000000300, -66.00694377477768200, -16.24999999999999300 ) ) ;
#7552 = CARTESIAN_POINT ( 'NONE',  ( 16.87500000000000000, -21.37499999999999600, 52.74999999999998600 ) ) ;
#7553 = DIRECTION ( 'NONE',  ( -0.09584575252022789500, 0.1728487359030507800, -0.9802738934708751200 ) ) ;
#7554 = DIRECTION ( 'NONE',  ( -0.7071067811865279200, -0.7071067811865670000, -1.922962686383670300E-016 ) ) ;
#7555 = CARTESIAN_POINT ( 'NONE',  ( 17.00000000000000000, -11.75000000000001600, 53.00000000000000000 ) ) ;
#7556 = LINE ( 'NONE', #7558, #2874 ) ;
#7557 = CARTESIAN_POINT ( 'NONE',  ( 12.49999999999999800, 21.75000000000000000, 23.00000000000000000 ) ) ;
#7558 = CARTESIAN_POINT ( 'NONE',  ( -16.74999999999998600, -21.25000000000000000, 53.00000000000000000 ) ) ;
#7559 = LINE ( 'NONE', #8231, #3066 ) ;
#7560 = DIRECTION ( 'NONE',  ( 1.837086636568429500E-016, 0.7071067811865279200, 0.7071067811865670000 ) ) ;
#7561 = LINE ( 'NONE', #7585, #2881 ) ;
#7562 = LINE ( 'NONE', #7564, #2875 ) ;
#7563 = DIRECTION ( 'NONE',  ( 0.0000000000000000000, 0.1736481776669302800, -0.9848077530122081300 ) ) ;
#7564 = CARTESIAN_POINT ( 'NONE',  ( 16.75000000000000000, -21.25000000000000000, 53.00000000000000000 ) ) ;
#7565 = CARTESIAN_POINT ( 'NONE',  ( 17.00000000000000000, 1.405644269701503500, -19.19861099629492100 ) ) ;
#7566 = DIRECTION ( 'NONE',  ( -0.0000000000000000000, -0.7071067811865279200, -0.7071067811865671100 ) ) ;
#7567 = LINE ( 'NONE', #7475, #2556 ) ;
#7568 = LINE ( 'NONE', #7570, #2876 ) ;
#7569 = DIRECTION ( 'NONE',  ( 0.0000000000000000000, -1.000000000000000000, 0.0000000000000000000 ) ) ;
#7570 = CARTESIAN_POINT ( 'NONE',  ( -16.74999999999998600, -21.23025000142891000, 20.60525000142892100 ) ) ;
#7571 = DIRECTION ( 'NONE',  ( 0.0000000000000000000, 1.000000000000000000, 0.0000000000000000000 ) ) ;
#7572 = DIRECTION ( 'NONE',  ( -0.7030349748083093400, -0.05553975899154961500, 0.7089831869427091200 ) ) ;
#7573 = LINE ( 'NONE', #7479, #2987 ) ;
#7574 = LINE ( 'NONE', #7576, #2877 ) ;
#7575 = CARTESIAN_POINT ( 'NONE',  ( -294.2500000000000000, 0.0000000000000000000, 0.0000000000000000000 ) ) ;
#7576 = CARTESIAN_POINT ( 'NONE',  ( 16.89498694754897900, -21.24170396945657700, 20.75146364914454000 ) ) ;
#7577 = DIRECTION ( 'NONE',  ( 0.0000000000000000000, 1.000000000000000000, 0.0000000000000000000 ) ) ;
#7578 = DIRECTION ( 'NONE',  ( -0.7030349748082733700, 0.05553975899150816200, -0.7089831869427482000 ) ) ;
#7579 = LINE ( 'NONE', #7417, #2684 ) ;
#7580 = LINE ( 'NONE', #7582, #2775 ) ;
#7581 = LINE ( 'NONE', #7335, #3084 ) ;
#7582 = CARTESIAN_POINT ( 'NONE',  ( -16.74999999999998600, -21.23025000142891000, 20.60525000142892100 ) ) ;
#7583 = CARTESIAN_POINT ( 'NONE',  ( -270.9010560600410700, -10.23203275374301000, -14.99999999999999800 ) ) ;
#7584 = DIRECTION ( 'NONE',  ( 1.260942051197167700E-016, -0.7071067811865656700, 0.7071067811865292500 ) ) ;
#7585 = CARTESIAN_POINT ( 'NONE',  ( -305.7499999999999400, 1.622657008870242900E-015, -13.25000000000000000 ) ) ;
#7586 = LINE ( 'NONE', #7588, #2766 ) ;
#7587 = DIRECTION ( 'NONE',  ( 0.0000000000000000000, -0.7071067811865279200, -0.7071067811865672200 ) ) ;
#7588 = CARTESIAN_POINT ( 'NONE',  ( 16.75000000000000000, -21.50000000000000000, 20.87499999999999600 ) ) ;
#7589 = CARTESIAN_POINT ( 'NONE',  ( 159.6979756844743900, 35.27108283286196400, -4.234054401356526200 ) ) ;
#7590 = DIRECTION ( 'NONE',  ( -2.950158885122153900E-016, 0.7071067811865656700, -0.7071067811865293700 ) ) ;
#7591 = DIRECTION ( 'NONE',  ( -1.000000000000000000, 0.0000000000000000000, -0.0000000000000000000 ) ) ;
#7592 = LINE ( 'NONE', #7594, #2765 ) ;
#7593 = DIRECTION ( 'NONE',  ( -1.000000000000000000, -0.0000000000000000000, -0.0000000000000000000 ) ) ;
#7594 = CARTESIAN_POINT ( 'NONE',  ( -16.89403064545504300, -21.35596935454495000, 20.86484018895377400 ) ) ;
#7595 = PLANE ( 'NONE',  #2778 ) ;
#7596 = DIRECTION ( 'NONE',  ( -0.7062288165502104100, 0.7062288165501711100, -0.04981683799915324900 ) ) ;
#7597 = LINE ( 'NONE', #7637, #3054 ) ;
#7598 = LINE ( 'NONE', #7600, #2702 ) ;
#7599 = DIRECTION ( 'NONE',  ( 0.0000000000000000000, 0.0000000000000000000, -1.000000000000000000 ) ) ;
#7600 = CARTESIAN_POINT ( 'NONE',  ( -17.00000000000000000, -1.999999999999995800, -28.05000000000000400 ) ) ;
#7601 = CARTESIAN_POINT ( 'NONE',  ( -12.49999999999999800, -22.25000000000000000, 52.75000000000000000 ) ) ;
#7602 = DIRECTION ( 'NONE',  ( 0.7071067811865672200, 0.0000000000000000000, -0.7071067811865279200 ) ) ;
#7603 = CARTESIAN_POINT ( 'NONE',  ( -12.75000000000000000, 21.50000000000000000, -13.49999999999999100 ) ) ;
#7604 = LINE ( 'NONE', #7606, #2729 ) ;
#7605 = CARTESIAN_POINT ( 'NONE',  ( 145.4999999999999700, 3.245206837629298900E-015, 26.49999999999999600 ) ) ;
#7606 = CARTESIAN_POINT ( 'NONE',  ( -14.17496180728672800, 16.56661574305087800, -30.87503819271310900 ) ) ;
#7607 = DIRECTION ( 'NONE',  ( -0.09584575252022790900, 0.1728487359030508000, -0.9802738934708752300 ) ) ;
#7608 = DIRECTION ( 'NONE',  ( 0.6785983445458473300, 0.2810846377149163700, -0.6785983445458070300 ) ) ;
#7609 = CARTESIAN_POINT ( 'NONE',  ( -108.0000000000000000, -30.00000000000000000, 12.25000000000000200 ) ) ;
#7610 = LINE ( 'NONE', #7612, #2740 ) ;
#7611 = DIRECTION ( 'NONE',  ( -1.000000000000000000, 0.0000000000000000000, 0.0000000000000000000 ) ) ;
#7612 = CARTESIAN_POINT ( 'NONE',  ( -16.74999999999998600, -21.25000000000000000, 53.00000000000000000 ) ) ;
#7613 = DIRECTION ( 'NONE',  ( -0.7071067811865672200, 0.0000000000000000000, -0.7071067811865279200 ) ) ;
#7614 = DIRECTION ( 'NONE',  ( -0.7071067811865671100, 0.0000000000000000000, -0.7071067811865279200 ) ) ;
#7615 = CARTESIAN_POINT ( 'NONE',  ( -270.5663331514288100, 9.628023402755436800, -14.99999999999999800 ) ) ;
#7616 = LINE ( 'NONE', #7618, #2728 ) ;
#7617 = DIRECTION ( 'NONE',  ( 0.0000000000000000000, 0.0000000000000000000, -1.000000000000000000 ) ) ;
#7618 = CARTESIAN_POINT ( 'NONE',  ( 16.75000000000000000, -1.999999999999995800, -28.30000000000000400 ) ) ;
#7619 = DIRECTION ( 'NONE',  ( 0.0000000000000000000, -1.000000000000000000, -2.338953001317043400E-016 ) ) ;
#7620 = DIRECTION ( 'NONE',  ( 0.7071067811865279200, 0.0000000000000000000, 0.7071067811865672200 ) ) ;
#7621 = LINE ( 'NONE', #7551, #3068 ) ;
#7622 = LINE ( 'NONE', #7624, #2731 ) ;
#7623 = DIRECTION ( 'NONE',  ( -0.7071067811865474600, -0.7071067811865474600, -0.0000000000000000000 ) ) ;
#7624 = CARTESIAN_POINT ( 'NONE',  ( -16.74999999999998600, -11.75000000000001600, 53.00000000000000000 ) ) ;
#7625 = LINE ( 'NONE', #7807, #2670 ) ;
#7626 = DIRECTION ( 'NONE',  ( -0.7071067811865672200, 3.913229066790551600E-014, -0.7071067811865279200 ) ) ;
#7627 = DIRECTION ( 'NONE',  ( 0.0000000000000000000, -1.000000000000000000, 1.012977212249230700E-016 ) ) ;
#7628 = LINE ( 'NONE', #7630, #2736 ) ;
#7629 = DIRECTION ( 'NONE',  ( 0.0000000000000000000, 0.0000000000000000000, 1.000000000000000000 ) ) ;
#7630 = CARTESIAN_POINT ( 'NONE',  ( 16.75000000000000000, -21.25000000000000000, 53.00000000000000000 ) ) ;
#7631 = CARTESIAN_POINT ( 'NONE',  ( -16.74999999999998600, -11.50000000000000200, 53.00000000000000000 ) ) ;
#7632 = DIRECTION ( 'NONE',  ( -0.7071067811865279200, -3.913229066790551600E-014, 0.7071067811865672200 ) ) ;
#7633 = LINE ( 'NONE', #7455, #3081 ) ;
#7634 = LINE ( 'NONE', #7636, #2739 ) ;
#7635 = CARTESIAN_POINT ( 'NONE',  ( -110.0000000000000000, -30.00000000000000000, 12.25000000000000200 ) ) ;
#7636 = CARTESIAN_POINT ( 'NONE',  ( -16.75000000000000000, -11.49999999999998900, -52.75000000000000000 ) ) ;
#7637 = CARTESIAN_POINT ( 'NONE',  ( -108.0000000000000000, 0.0000000000000000000, 16.25000000000000000 ) ) ;
#7638 = DIRECTION ( 'NONE',  ( 0.7071067811865272600, 0.7071067811865678900, 1.373829456084048500E-015 ) ) ;
#7639 = DIRECTION ( 'NONE',  ( -1.000000000000000000, -0.0000000000000000000, -0.0000000000000000000 ) ) ;
#7640 = LINE ( 'NONE', #7642, #2741 ) ;
#7641 = DIRECTION ( 'NONE',  ( 0.6785983445458259000, -0.6785983445458636500, 0.2810846377148311100 ) ) ;
#7642 = CARTESIAN_POINT ( 'NONE',  ( 16.75000000000000000, -11.75000000000000400, -53.00000000000000000 ) ) ;
#7643 = CARTESIAN_POINT ( 'NONE',  ( 188.3020243155255900, 29.35159397346470900, 29.33703514837262500 ) ) ;
#7644 = DIRECTION ( 'NONE',  ( -0.0000000000000000000, 0.7071067811865671100, 0.7071067811865279200 ) ) ;
#7645 = CARTESIAN_POINT ( 'NONE',  ( 17.00000000000000000, -11.50000000000000200, 53.00000000000000000 ) ) ;
#7646 = LINE ( 'NONE', #7648, #2754 ) ;
#7647 = LINE ( 'NONE', #7341, #2762 ) ;
#7648 = CARTESIAN_POINT ( 'NONE',  ( -16.75000000000000000, -11.49999999999998900, -52.75000000000000000 ) ) ;
#7649 = DIRECTION ( 'NONE',  ( -0.7739572992033211300, -0.6332377902572626800, -2.334959819707143500E-016 ) ) ;
#7650 = DIRECTION ( 'NONE',  ( 3.913331431794926700E-014, -0.7071067811865672200, -0.7071067811865279200 ) ) ;
#7651 = CARTESIAN_POINT ( 'NONE',  ( -109.5000000000000000, -18.00000000000000000, -16.25000000000000000 ) ) ;
#7652 = LINE ( 'NONE', #7654, #2746 ) ;
#7653 = DIRECTION ( 'NONE',  ( 0.0000000000000000000, 0.0000000000000000000, -1.000000000000000000 ) ) ;
#7654 = CARTESIAN_POINT ( 'NONE',  ( 162.4198073659914900, 31.48599788639967700, -20.19977909921020800 ) ) ;
#7655 = LINE ( 'NONE', #7565, #2688 ) ;
#7656 = DIRECTION ( 'NONE',  ( -0.9503881556156734700, 0.05401612701846388700, -0.3063406791259752900 ) ) ;
#7657 = LINE ( 'NONE', #7503, #2988 ) ;
#7658 = DIRECTION ( 'NONE',  ( -0.0000000000000000000, 0.9848077530122082400, 0.1736481776669303300 ) ) ;
#7659 = LINE ( 'NONE', #7397, #3062 ) ;
#7660 = DIRECTION ( 'NONE',  ( 0.0000000000000000000, 0.1736481776669301900, -0.9848077530122080200 ) ) ;
#7661 = CARTESIAN_POINT ( 'NONE',  ( -16.74999999999998600, -21.50000000000000000, -20.89547203953948800 ) ) ;
#7662 = CARTESIAN_POINT ( 'NONE',  ( 174.0000000000000000, 27.08221320783573600, 4.775324885840586100 ) ) ;
#7663 = DIRECTION ( 'NONE',  ( 0.0000000000000000000, 0.0000000000000000000, 1.000000000000000000 ) ) ;
#7664 = LINE ( 'NONE', #7666, #2745 ) ;
#7665 = CARTESIAN_POINT ( 'NONE',  ( 12.75000000000000000, -1.197251567549161600E-014, 14.50000000000000000 ) ) ;
#7666 = CARTESIAN_POINT ( 'NONE',  ( 153.7057021036851000, 26.57918848772670700, 7.628119835813125200 ) ) ;
#7667 = DIRECTION ( 'NONE',  ( 0.0000000000000000000, -1.224646799147353200E-016, 1.000000000000000000 ) ) ;
#7668 = DIRECTION ( 'NONE',  ( 0.1413075078270903100, -0.1719057486207266300, 0.9749259468404994900 ) ) ;
#7669 = CARTESIAN_POINT ( 'NONE',  ( -16.74999999999998600, -2.000000000000000400, 28.30000000000000400 ) ) ;
#7670 = LINE ( 'NONE', #7672, #2747 ) ;
#7671 = DIRECTION ( 'NONE',  ( 0.0000000000000000000, -0.1736481776669305300, 0.9848077530122080200 ) ) ;
#7672 = CARTESIAN_POINT ( 'NONE',  ( 167.7786704422465800, 23.78154978185779800, 23.49431736626636500 ) ) ;
#7673 = CARTESIAN_POINT ( 'NONE',  ( 190.1580895994246400, -25.38524370044802900, 60.46469907933327200 ) ) ;
#7674 = DIRECTION ( 'NONE',  ( 0.9503881556156723600, -0.05401612701846455300, 0.3063406791259785100 ) ) ;
#7675 = CARTESIAN_POINT ( 'NONE',  ( -108.0000000000000000, -30.00000000000000000, -12.25000000000000200 ) ) ;
#7676 = LINE ( 'NONE', #7678, #2752 ) ;
#7677 = PLANE ( 'NONE',  #2872 ) ;
#7678 = CARTESIAN_POINT ( 'NONE',  ( -12.49999999999999800, 21.75000000000000000, -13.49999999999999100 ) ) ;
#7679 = DIRECTION ( 'NONE',  ( 0.0000000000000000000, 0.0000000000000000000, 1.000000000000000000 ) ) ;
#7680 = DIRECTION ( 'NONE',  ( -0.0000000000000000000, 0.7568230077691600100, 0.6536198703460919200 ) ) ;
#7681 = CARTESIAN_POINT ( 'NONE',  ( -96.50000000000000000, 0.0000000000000000000, 14.24999999999999600 ) ) ;
#7682 = DIRECTION ( 'NONE',  ( 0.0000000000000000000, 0.9848077530122082400, 0.1736481776669303900 ) ) ;
#7683 = DIRECTION ( 'NONE',  ( 0.0000000000000000000, -0.1736481776669303300, 0.9848077530122080200 ) ) ;
#7684 = DIRECTION ( 'NONE',  ( 0.0000000000000000000, -0.1736481776669304400, 0.9848077530122080200 ) ) ;
#7685 = DIRECTION ( 'NONE',  ( 0.0000000000000000000, -1.000000000000000000, -1.239088197126290800E-016 ) ) ;
#7686 = CARTESIAN_POINT ( 'NONE',  ( 159.6979756844743900, 30.04195763753435600, -12.01021988902398300 ) ) ;
#7687 = CARTESIAN_POINT ( 'NONE',  ( -12.75000000000000000, -3.499999999999992900, -32.00000000000000000 ) ) ;
#7688 = LINE ( 'NONE', #7690, #2750 ) ;
#7689 = DIRECTION ( 'NONE',  ( -0.09584575252022789500, 0.1728487359030507800, -0.9802738934708751200 ) ) ;
#7690 = CARTESIAN_POINT ( 'NONE',  ( 151.5307582383964900, 29.83952085992950700, -10.86214387257161600 ) ) ;
#7691 = LINE ( 'NONE', #7257, #3067 ) ;
#7692 = DIRECTION ( 'NONE',  ( 0.1413075078270902300, -0.1719057486207266100, 0.9749259468404994900 ) ) ;
#7693 = DIRECTION ( 'NONE',  ( 0.0000000000000000000, 0.9848077530122081300, 0.1736481776669298300 ) ) ;
#7694 = DIRECTION ( 'NONE',  ( 0.0000000000000000000, 0.9848077530122082400, 0.1736481776669303900 ) ) ;
#7695 = DIRECTION ( 'NONE',  ( -0.9953961983671785200, -0.01664344026225316900, 0.09438964017520983000 ) ) ;
#7696 = DIRECTION ( 'NONE',  ( 0.0000000000000000000, -0.1736481776669303300, 0.9848077530122080200 ) ) ;
#7697 = CARTESIAN_POINT ( 'NONE',  ( -17.00000000000000000, 21.72322330470338900, 21.72322330470331400 ) ) ;
#7698 = CARTESIAN_POINT ( 'NONE',  ( 9.904330988104222500E-015, -21.24999999999998200, -40.50000000000000000 ) ) ;
#7699 = CARTESIAN_POINT ( 'NONE',  ( 16.75000000000000000, -21.25066738965852100, -20.60674487961427200 ) ) ;
#7700 = LINE ( 'NONE', #7702, #2748 ) ;
#7701 = DIRECTION ( 'NONE',  ( -0.5773502691895937600, 0.5773502691896257300, 0.5773502691896578200 ) ) ;
#7702 = CARTESIAN_POINT ( 'NONE',  ( -16.87499999999999300, -11.75000000000000400, -52.87500000000000000 ) ) ;
#7703 = CARTESIAN_POINT ( 'NONE',  ( 18.89548807467788200, 26.85451192532200400, -13.91130974155863800 ) ) ;
#7704 = DIRECTION ( 'NONE',  ( 0.7071067811865670000, 1.922962686383670300E-016, -0.7071067811865279200 ) ) ;
#7705 = LINE ( 'NONE', #7631, #2908 ) ;
#7706 = DIRECTION ( 'NONE',  ( 0.0000000000000000000, -1.000000000000000000, 0.0000000000000000000 ) ) ;
#7707 = DIRECTION ( 'NONE',  ( -0.7071067811865254800, -0.05163327766451780700, 0.7052191181736707800 ) ) ;
#7708 = DIRECTION ( 'NONE',  ( 0.0000000000000000000, 0.0000000000000000000, 1.000000000000000000 ) ) ;
#7709 = DIRECTION ( 'NONE',  ( 0.7071067811865279200, -1.009555410351422200E-014, 0.7071067811865670000 ) ) ;
#7710 = CARTESIAN_POINT ( 'NONE',  ( 174.0000000000000000, 27.08221320783573600, 4.775324885840586100 ) ) ;
#7711 = DIRECTION ( 'NONE',  ( -0.0000000000000000000, 0.7071067811865474600, 0.7071067811865474600 ) ) ;
#7712 = LINE ( 'NONE', #7714, #2743 ) ;
#7713 = CARTESIAN_POINT ( 'NONE',  ( 179.7348640128498400, -20.86765608966826600, -48.65798541179490400 ) ) ;
#7714 = CARTESIAN_POINT ( 'NONE',  ( 180.2213295577533900, 30.38287663381367300, -13.94366759458518600 ) ) ;
#7715 = CARTESIAN_POINT ( 'NONE',  ( 17.00000000000000000, -11.75000000000002300, -4.292813371838179800E-015 ) ) ;
#7716 = DIRECTION ( 'NONE',  ( -0.9503881556156731400, 0.05401612701846415100, -0.3063406791259761200 ) ) ;
#7717 = DIRECTION ( 'NONE',  ( 0.0000000000000000000, -1.000000000000000000, -1.012977212249230700E-016 ) ) ;
#7718 = DIRECTION ( 'NONE',  ( 0.0000000000000000000, 0.9848077530122082400, 0.1736481776669303900 ) ) ;
#7719 = DIRECTION ( 'NONE',  ( 0.0000000000000000000, -1.000000000000000000, 0.0000000000000000000 ) ) ;
#7720 = DIRECTION ( 'NONE',  ( 0.0000000000000000000, -0.1736481776669303900, 0.9848077530122079100 ) ) ;
#7721 = CARTESIAN_POINT ( 'NONE',  ( 159.6979756844743900, 30.04195763753435600, -12.01021988902398300 ) ) ;
#7722 = CARTESIAN_POINT ( 'NONE',  ( 188.3020243155255900, 24.12246877813711500, 21.56086966070516200 ) ) ;
#7723 = DIRECTION ( 'NONE',  ( -1.000000000000000000, -0.0000000000000000000, -0.0000000000000000000 ) ) ;
#7724 = LINE ( 'NONE', #7726, #2738 ) ;
#7725 = DIRECTION ( 'NONE',  ( 1.000000000000000000, 0.0000000000000000000, 0.0000000000000000000 ) ) ;
#7726 = CARTESIAN_POINT ( 'NONE',  ( 179.7348640128498400, -13.23539600382364000, -47.31221203487619000 ) ) ;
#7727 = DIRECTION ( 'NONE',  ( -0.7071067811865474600, -4.594930671301531500E-016, -0.7071067811865474600 ) ) ;
#7728 = DIRECTION ( 'NONE',  ( -0.09584575252022789500, 0.1728487359030507800, -0.9802738934708751200 ) ) ;
#7729 = DIRECTION ( 'NONE',  ( -0.09440271605066571900, 0.0000000000000000000, -0.9955340914314573200 ) ) ;
#7730 = LINE ( 'NONE', #7732, #2730 ) ;
#7731 = CARTESIAN_POINT ( 'NONE',  ( -108.0000000000000000, -30.00000000000000000, -14.25000000000000200 ) ) ;
#7732 = CARTESIAN_POINT ( 'NONE',  ( 196.4692417616035400, 24.32490555574196700, 20.41279364425276600 ) ) ;
#7733 = CARTESIAN_POINT ( 'NONE',  ( 16.75000000000000000, -1.999999999999994900, -37.79999999999999700 ) ) ;
#7734 = DIRECTION ( 'NONE',  ( -0.1413075078270941700, 0.1719057486207266100, -0.9749259468404988200 ) ) ;
#7735 = DIRECTION ( 'NONE',  ( 0.0000000000000000000, 0.0000000000000000000, 1.000000000000000000 ) ) ;
#7736 = LINE ( 'NONE', #7738, #2756 ) ;
#7737 = PLANE ( 'NONE',  #3061 ) ;
#7738 = CARTESIAN_POINT ( 'NONE',  ( 17.00000000000000000, -11.49999999999999500, -37.79999999999999700 ) ) ;
#7739 = CARTESIAN_POINT ( 'NONE',  ( -17.00000000000000000, -1.999999999999999600, 37.79999999999999700 ) ) ;
#7740 = DIRECTION ( 'NONE',  ( 1.000000000000000000, -0.0000000000000000000, -0.0000000000000000000 ) ) ;
#7741 = DIRECTION ( 'NONE',  ( 0.7030349748082896900, 0.7030349748083180000, 0.1071617860646929100 ) ) ;
#7742 = DIRECTION ( 'NONE',  ( 0.0000000000000000000, 0.9848077530122082400, 0.1736481776669303900 ) ) ;
#7743 = DIRECTION ( 'NONE',  ( -0.08300485652735384300, -0.3427124802020315400, -0.9357661832459247500 ) ) ;
#7744 = DIRECTION ( 'NONE',  ( 0.0000000000000000000, -0.1736481776669305500, 0.9848077530122081300 ) ) ;
#7745 = CARTESIAN_POINT ( 'NONE',  ( 188.6964418734911500, -29.39675281075889800, 44.34339700465063300 ) ) ;
#7746 = CARTESIAN_POINT ( 'NONE',  ( 174.0000000000000000, 0.0000000000000000000, 0.0000000000000000000 ) ) ;
#7747 = DIRECTION ( 'NONE',  ( 0.0000000000000000000, -1.239088197126290800E-016, 1.000000000000000000 ) ) ;
#7748 = LINE ( 'NONE', #7750, #2757 ) ;
#7749 = CARTESIAN_POINT ( 'NONE',  ( 12.49999999999999800, -22.25000000000000000, 14.49999999999999800 ) ) ;
#7750 = CARTESIAN_POINT ( 'NONE',  ( 12.75000000000000000, 10.58659503241342200, 22.81079424805770400 ) ) ;
#7751 = DIRECTION ( 'NONE',  ( 0.0000000000000000000, 1.000000000000000000, 7.796510004390144800E-017 ) ) ;
#7752 = DIRECTION ( 'NONE',  ( 0.0000000000000000000, -0.7568230077691598900, 0.6536198703460920400 ) ) ;
#7753 = DIRECTION ( 'NONE',  ( 0.5773502691896065200, -0.8164965809277396900, 0.0000000000000000000 ) ) ;
#7754 = LINE ( 'NONE', #7756, #2758 ) ;
#7755 = DIRECTION ( 'NONE',  ( 0.0000000000000000000, -2.686023446673766400E-016, 1.000000000000000000 ) ) ;
#7756 = CARTESIAN_POINT ( 'NONE',  ( -12.49999999999999800, -12.75000000000000000, 53.00000000000000000 ) ) ;
#7757 = DIRECTION ( 'NONE',  ( 0.0000000000000000000, 0.0000000000000000000, 1.000000000000000000 ) ) ;
#7758 = DIRECTION ( 'NONE',  ( 0.7071067811865474600, -4.903554850278077900E-015, 0.7071067811865474600 ) ) ;
#7759 = DIRECTION ( 'NONE',  ( 0.0000000000000000000, 0.9848077530122082400, 0.1736481776669304400 ) ) ;
#7760 = LINE ( 'NONE', #7762, #2733 ) ;
#7761 = LINE ( 'NONE', #7383, #2992 ) ;
#7762 = CARTESIAN_POINT ( 'NONE',  ( 167.6231372033027800, 23.69903319620833700, 23.96229217827700400 ) ) ;
#7763 = DIRECTION ( 'NONE',  ( -1.000000000000000000, 0.0000000000000000000, 0.0000000000000000000 ) ) ;
#7764 = DIRECTION ( 'NONE',  ( -0.0000000000000000000, -0.9848077530122080200, -0.1736481776669302800 ) ) ;
#7765 = DIRECTION ( 'NONE',  ( 0.0000000000000000000, 1.000000000000000000, 0.0000000000000000000 ) ) ;
#7766 = DIRECTION ( 'NONE',  ( 0.0000000000000000000, 0.9848077530122082400, 0.1736481776669303300 ) ) ;
#7767 = LINE ( 'NONE', #7661, #2685 ) ;
#7768 = DIRECTION ( 'NONE',  ( 0.0000000000000000000, -0.1736481776669303000, 0.9848077530122081300 ) ) ;
#7769 = DIRECTION ( 'NONE',  ( -0.6554728598887712400, 9.248762001936785100E-017, -0.7552187298718400200 ) ) ;
#7770 = CARTESIAN_POINT ( 'NONE',  ( 188.3020243155255900, -2.959744429698619500, 16.78554477486457200 ) ) ;
#7771 = LINE ( 'NONE', #7995, #3010 ) ;
#7772 = LINE ( 'NONE', #7774, #2735 ) ;
#7773 = DIRECTION ( 'NONE',  ( -0.7071067811865474600, 0.7071067811865474600, -0.0000000000000000000 ) ) ;
#7774 = CARTESIAN_POINT ( 'NONE',  ( 153.7057021036851000, 26.57918848772670700, 7.628119835813125200 ) ) ;
#7775 = DIRECTION ( 'NONE',  ( 0.0000000000000000000, 0.9848077530122080200, 0.1736481776669303900 ) ) ;
#7776 = DIRECTION ( 'NONE',  ( -0.0000000000000000000, -0.9848077530122080200, -0.1736481776669302800 ) ) ;
#7777 = LINE ( 'NONE', #7277, #3015 ) ;
#7778 = LINE ( 'NONE', #7780, #2666 ) ;
#7779 = DIRECTION ( 'NONE',  ( -0.09584575252022789500, 0.1728487359030507800, -0.9802738934708751200 ) ) ;
#7780 = CARTESIAN_POINT ( 'NONE',  ( 185.5801926340084500, 22.67842852927175900, 29.75042887089141900 ) ) ;
#7781 = DIRECTION ( 'NONE',  ( 0.0000000000000000000, 1.000000000000000000, -1.239088197126291100E-016 ) ) ;
#7782 = DIRECTION ( 'NONE',  ( -0.0000000000000000000, -0.9848077530122080200, -0.1736481776669302800 ) ) ;
#7783 = PLANE ( 'NONE',  #3017 ) ;
#7784 = LINE ( 'NONE', #7786, #2692 ) ;
#7785 = DIRECTION ( 'NONE',  ( -0.09584575252022790900, 0.1728487359030508000, -0.9802738934708752300 ) ) ;
#7786 = CARTESIAN_POINT ( 'NONE',  ( 167.6231372033027800, -3.383180011627384200, 19.18696729243642100 ) ) ;
#7787 = CARTESIAN_POINT ( 'NONE',  ( -270.2500000000000000, -9.013878188660115100, -14.99999999999999800 ) ) ;
#7788 = DIRECTION ( 'NONE',  ( 0.9503881556156734700, -0.05401612701846388700, 0.3063406791259752900 ) ) ;
#7789 = CARTESIAN_POINT ( 'NONE',  ( -270.2500000000000000, 9.013878188660115100, -14.99999999999999800 ) ) ;
#7790 = LINE ( 'NONE', #7792, #2698 ) ;
#7791 = DIRECTION ( 'NONE',  ( 0.6785983445458279000, -0.2810846377148280600, -0.6785983445458629900 ) ) ;
#7792 = CARTESIAN_POINT ( 'NONE',  ( 196.9642246371234600, 24.33717445135437200, 20.34321327961927800 ) ) ;
#7793 = LINE ( 'NONE', #7311, #2911 ) ;
#7794 = DIRECTION ( 'NONE',  ( -0.0000000000000000000, -0.9848077530122080200, -0.1736481776669302800 ) ) ;
#7795 = DIRECTION ( 'NONE',  ( 0.0000000000000000000, -1.156482317317871700E-016, 1.000000000000000000 ) ) ;
#7796 = DIRECTION ( 'NONE',  ( 0.0000000000000000000, 0.9848077530122082400, 0.1736481776669303300 ) ) ;
#7797 = DIRECTION ( 'NONE',  ( -0.7071067811865678900, -0.7071067811865272600, -2.483066261835353200E-016 ) ) ;
#7798 = DIRECTION ( 'NONE',  ( 0.0000000000000000000, -0.1736481776669303000, 0.9848077530122081300 ) ) ;
#7799 = PLANE ( 'NONE',  #3055 ) ;
#7800 = CARTESIAN_POINT ( 'NONE',  ( 174.0000000000000000, 0.0000000000000000000, 0.0000000000000000000 ) ) ;
#7801 = LINE ( 'NONE', #7601, #2895 ) ;
#7802 = LINE ( 'NONE', #7804, #2691 ) ;
#7803 = LINE ( 'NONE', #7603, #2676 ) ;
#7804 = CARTESIAN_POINT ( 'NONE',  ( 194.2942978963148700, 27.58523792794474600, 1.922529935867970400 ) ) ;
#7805 = LINE ( 'NONE', #7439, #2439 ) ;
#7806 = DIRECTION ( 'NONE',  ( -0.0000000000000000000, -0.9848077530122080200, -0.1736481776669302800 ) ) ;
#7807 = CARTESIAN_POINT ( 'NONE',  ( 17.00000000000000000, 1.405644269701499200, 19.19861099629492400 ) ) ;
#7808 = LINE ( 'NONE', #7810, #2693 ) ;
#7809 = LINE ( 'NONE', #7669, #2990 ) ;
#7810 = CARTESIAN_POINT ( 'NONE',  ( 196.9642246371234600, -2.745038756481351000, 15.56788839377869500 ) ) ;
#7811 = CARTESIAN_POINT ( 'NONE',  ( 188.3020243155255900, 30.52371917271649300, 22.68958281554022000 ) ) ;
#7812 = DIRECTION ( 'NONE',  ( -0.1413075078270957200, 0.1719057486207265200, -0.9749259468404987100 ) ) ;
#7813 = DIRECTION ( 'NONE',  ( 0.0000000000000000000, 1.000000000000000000, 0.0000000000000000000 ) ) ;
#7814 = LINE ( 'NONE', #7816, #2697 ) ;
#7815 = CARTESIAN_POINT ( 'NONE',  ( -294.2500000000000000, 10.82820391385385300, 14.99999999999999800 ) ) ;
#7816 = CARTESIAN_POINT ( 'NONE',  ( 180.3768627966972000, 30.46539321946310600, -14.41164240659583800 ) ) ;
#7817 = CARTESIAN_POINT ( 'NONE',  ( 190.4456268569853100, -25.90378990815718700, 63.40552075974591200 ) ) ;
#7818 = DIRECTION ( 'NONE',  ( -0.0000000000000000000, -0.9848077530122080200, -0.1736481776669302800 ) ) ;
#7819 = CARTESIAN_POINT ( 'NONE',  ( -12.49999999999999800, -3.499999999999992900, -32.00000000000000000 ) ) ;
#7820 = DIRECTION ( 'NONE',  ( -0.0000000000000000000, 0.9848077530122082400, 0.1736481776669303300 ) ) ;
#7821 = LINE ( 'NONE', #7525, #2679 ) ;
#7822 = DIRECTION ( 'NONE',  ( 0.0000000000000000000, 0.1736481776669303000, -0.9848077530122081300 ) ) ;
#7823 = LINE ( 'NONE', #7815, #3079 ) ;
#7824 = CARTESIAN_POINT ( 'NONE',  ( 159.6979756844743900, 2.959744429698617300, -16.78554477486455800 ) ) ;
#7825 = DIRECTION ( 'NONE',  ( 0.0000000000000000000, 1.000000000000000000, 0.0000000000000000000 ) ) ;
#7826 = LINE ( 'NONE', #7828, #2700 ) ;
#7827 = PLANE ( 'NONE',  #3042 ) ;
#7828 = CARTESIAN_POINT ( 'NONE',  ( 162.4198073659914900, 31.48599788639967700, -20.19977909921021100 ) ) ;
#7829 = CARTESIAN_POINT ( 'NONE',  ( 1.534784443791288800, -11.41494986665070000, 36.52457320464489500 ) ) ;
#7830 = DIRECTION ( 'NONE',  ( -0.0000000000000000000, -0.9848077530122080200, -0.1736481776669302800 ) ) ;
#7831 = LINE ( 'NONE', #7881, #3043 ) ;
#7832 = LINE ( 'NONE', #7834, #2701 ) ;
#7833 = DIRECTION ( 'NONE',  ( 0.0000000000000000000, 1.000000000000000000, 0.0000000000000000000 ) ) ;
#7834 = CARTESIAN_POINT ( 'NONE',  ( 162.4198073659914900, 4.403784678563956100, -24.97510398505079000 ) ) ;
#7835 = PLANE ( 'NONE',  #2995 ) ;
#7836 = DIRECTION ( 'NONE',  ( -0.9503881556156734700, 0.05401612701846388700, -0.3063406791259752900 ) ) ;
#7837 = DIRECTION ( 'NONE',  ( 0.0000000000000000000, 0.9848077530122082400, 0.1736481776669304400 ) ) ;
#7838 = DIRECTION ( 'NONE',  ( -0.0000000000000000000, 0.9848077530122082400, 0.1736481776669303300 ) ) ;
#7839 = CARTESIAN_POINT ( 'NONE',  ( -12.75000000000000000, -12.49999999999999600, 32.00000000000000000 ) ) ;
#7840 = DIRECTION ( 'NONE',  ( 0.0000000000000000000, 0.1736481776669303000, -0.9848077530122080200 ) ) ;
#7841 = LINE ( 'NONE', #8175, #2854 ) ;
#7842 = CARTESIAN_POINT ( 'NONE',  ( 159.6979756844743900, 30.04195763753433800, -12.01021988902397600 ) ) ;
#7843 = LINE ( 'NONE', #8157, #2850 ) ;
#7844 = LINE ( 'NONE', #7846, #2704 ) ;
#7845 = DIRECTION ( 'NONE',  ( 1.000000000000000000, -0.0000000000000000000, -0.0000000000000000000 ) ) ;
#7846 = CARTESIAN_POINT ( 'NONE',  ( 153.7057021036851000, -0.5030247201090145600, 2.852794949972542200 ) ) ;
#7847 = CARTESIAN_POINT ( 'NONE',  ( -96.50000000000000000, 0.0000000000000000000, -16.24999999999999600 ) ) ;
#7848 = DIRECTION ( 'NONE',  ( 0.1413075078270903100, -0.1719057486207266300, 0.9749259468404994900 ) ) ;
#7849 = DIRECTION ( 'NONE',  ( 1.000000000000000000, 0.0000000000000000000, 0.0000000000000000000 ) ) ;
#7850 = LINE ( 'NONE', #7852, #2712 ) ;
#7851 = CARTESIAN_POINT ( 'NONE',  ( 12.75000000000000000, -3.499999999999992900, -32.00000000000000000 ) ) ;
#7852 = CARTESIAN_POINT ( 'NONE',  ( 167.7786704422465800, 28.70558854691884000, 24.36255825460101600 ) ) ;
#7853 = LINE ( 'NONE', #7847, #2792 ) ;
#7854 = DIRECTION ( 'NONE',  ( -0.0000000000000000000, -0.9848077530122080200, -0.1736481776669303600 ) ) ;
#7855 = DIRECTION ( 'NONE',  ( -1.000000000000000000, 0.0000000000000000000, -3.016910393003143800E-016 ) ) ;
#7856 = LINE ( 'NONE', #7858, #2711 ) ;
#7857 = DIRECTION ( 'NONE',  ( 1.000000000000000000, 0.0000000000000000000, 0.0000000000000000000 ) ) ;
#7858 = CARTESIAN_POINT ( 'NONE',  ( 154.2006849792049600, 31.51549614840017800, 8.426780359514303600 ) ) ;
#7859 = DIRECTION ( 'NONE',  ( 1.000000000000000000, 0.0000000000000000000, -3.016910393003140900E-016 ) ) ;
#7860 = DIRECTION ( 'NONE',  ( -0.0000000000000000000, -0.9848077530122080200, -0.1736481776669303600 ) ) ;
#7861 = DIRECTION ( 'NONE',  ( 0.0000000000000000000, 0.0000000000000000000, -1.000000000000000000 ) ) ;
#7862 = LINE ( 'NONE', #7864, #2710 ) ;
#7863 = DIRECTION ( 'NONE',  ( 3.016910393003140900E-016, -0.0000000000000000000, 1.000000000000000000 ) ) ;
#7864 = CARTESIAN_POINT ( 'NONE',  ( 185.7357258729522900, 27.68498387998225900, 30.15069494721544500 ) ) ;
#7865 = CARTESIAN_POINT ( 'NONE',  ( -160.5000000000000300, -66.00694377477768200, -14.24999999999998900 ) ) ;
#7866 = DIRECTION ( 'NONE',  ( -0.0000000000000000000, -0.9848077530122080200, -0.1736481776669303600 ) ) ;
#7867 = DIRECTION ( 'NONE',  ( 0.0000000000000000000, 0.0000000000000000000, 1.000000000000000000 ) ) ;
#7868 = LINE ( 'NONE', #7870, #2709 ) ;
#7869 = CARTESIAN_POINT ( 'NONE',  ( 17.00000000000000000, -11.49999999999998900, -52.75000000000000000 ) ) ;
#7870 = CARTESIAN_POINT ( 'NONE',  ( 9.904330988104222500E-015, -21.24999999999997500, 36.25000000000000000 ) ) ;
#7871 = LINE ( 'NONE', #7897, #3035 ) ;
#7872 = DIRECTION ( 'NONE',  ( 0.0000000000000000000, -0.7071067811865474600, -0.7071067811865474600 ) ) ;
#7873 = DIRECTION ( 'NONE',  ( 1.000000000000000000, -0.0000000000000000000, -0.0000000000000000000 ) ) ;
#7874 = LINE ( 'NONE', #7876, #2708 ) ;
#7875 = CARTESIAN_POINT ( 'NONE',  ( 16.75000000000000000, -1.999999999999999600, 37.79999999999999700 ) ) ;
#7876 = CARTESIAN_POINT ( 'NONE',  ( -16.75000000000000000, -11.49999999999999500, -37.79999999999999700 ) ) ;
#7877 = DIRECTION ( 'NONE',  ( 0.0000000000000000000, 1.000000000000000000, 0.0000000000000000000 ) ) ;
#7878 = DIRECTION ( 'NONE',  ( 0.0000000000000000000, -3.511585983758719900E-016, 1.000000000000000000 ) ) ;
#7879 = DIRECTION ( 'NONE',  ( 0.0000000000000000000, -1.000000000000000000, 0.0000000000000000000 ) ) ;
#7880 = LINE ( 'NONE', #7882, #2707 ) ;
#7881 = CARTESIAN_POINT ( 'NONE',  ( 12.75000000000000000, -1.084202172485504400E-014, 52.75000000000000000 ) ) ;
#7882 = CARTESIAN_POINT ( 'NONE',  ( 145.4999999999999700, -21.50000000000000000, -20.62500000000000000 ) ) ;
#7883 = PLANE ( 'NONE',  #3052 ) ;
#7884 = DIRECTION ( 'NONE',  ( 0.0000000000000000000, 8.410780489584522900E-017, -1.000000000000000000 ) ) ;
#7885 = DIRECTION ( 'NONE',  ( -0.0000000000000000000, -1.000000000000000000, -0.0000000000000000000 ) ) ;
#7886 = LINE ( 'NONE', #7888, #2705 ) ;
#7887 = DIRECTION ( 'NONE',  ( 0.0000000000000000000, -1.000000000000000000, -1.404634393503488000E-016 ) ) ;
#7888 = CARTESIAN_POINT ( 'NONE',  ( 111.4999999999999700, -21.50000000000000000, 20.62499999999999600 ) ) ;
#7889 = DIRECTION ( 'NONE',  ( -1.000000000000000000, -0.0000000000000000000, -0.0000000000000000000 ) ) ;
#7890 = DIRECTION ( 'NONE',  ( 0.0000000000000000000, -0.9973304413659687100, 0.07302048154293511200 ) ) ;
#7891 = DIRECTION ( 'NONE',  ( 0.0000000000000000000, 1.404634393503488000E-016, -1.000000000000000000 ) ) ;
#7892 = DIRECTION ( 'NONE',  ( -0.0000000000000000000, 0.9848077530122082400, 0.1736481776669303300 ) ) ;
#7893 = DIRECTION ( 'NONE',  ( 0.0000000000000000000, 0.0000000000000000000, 1.000000000000000000 ) ) ;
#7894 = DIRECTION ( 'NONE',  ( 0.0000000000000000000, 0.1736481776669301900, -0.9848077530122080200 ) ) ;
#7895 = CARTESIAN_POINT ( 'NONE',  ( 17.00000000000000000, -11.49999999999999800, 28.30000000000000400 ) ) ;
#7896 = CARTESIAN_POINT ( 'NONE',  ( 9.904330988104222500E-015, -11.49999999999999300, -40.50000000000000000 ) ) ;
#7897 = CARTESIAN_POINT ( 'NONE',  ( -143.0000000000000300, -17.99999999999999600, -9.000000000000000000 ) ) ;
#7898 = LINE ( 'NONE', #7900, #2720 ) ;
#7899 = DIRECTION ( 'NONE',  ( 1.000000000000000000, 0.0000000000000000000, -0.0000000000000000000 ) ) ;
#7900 = CARTESIAN_POINT ( 'NONE',  ( 196.4692417616035400, 29.24894432080300900, 21.28103453258741600 ) ) ;
#7901 = CARTESIAN_POINT ( 'NONE',  ( 2.098156931127012300, -11.44720804989491300, 36.79091399580775600 ) ) ;
#7902 = DIRECTION ( 'NONE',  ( -0.0000000000000000000, -0.9848077530122080200, -0.1736481776669303600 ) ) ;
#7903 = CARTESIAN_POINT ( 'NONE',  ( 1.233753735142569600, -11.39964824983689200, 36.42109859440831300 ) ) ;
#7904 = DIRECTION ( 'NONE',  ( 0.0000000000000000000, -1.000000000000000000, -3.511585983758719900E-016 ) ) ;
#7905 = CARTESIAN_POINT ( 'NONE',  ( 0.6256780659739998900, -11.37863812397796100, 36.28477617281418300 ) ) ;
#7906 = DIRECTION ( 'NONE',  ( 0.0000000000000000000, 4.081702296416013000E-016, -1.000000000000000000 ) ) ;
#7907 = CARTESIAN_POINT ( 'NONE',  ( -12.75000000000000000, -1.084202172485504400E-014, -1.666998409216799400E-016 ) ) ;
#7908 = CARTESIAN_POINT ( 'NONE',  ( 9.904330988104222500E-015, -21.49999999999999300, -40.50000000000000000 ) ) ;
#7909 = CARTESIAN_POINT ( 'NONE',  ( 3.282148686455276000, -11.50000000000000000, 37.79999999999999700 ) ) ;
#7910 = LINE ( 'NONE', #7912, #2719 ) ;
#7911 = CARTESIAN_POINT ( 'NONE',  ( 2.363449344973160400, -11.46422402947741200, 36.95375249480093100 ) ) ;
#7912 = CARTESIAN_POINT ( 'NONE',  ( 167.7786704422465800, 28.70558854691884000, 24.36255825460101600 ) ) ;
#7913 = CARTESIAN_POINT ( 'NONE',  ( 3.084293323105074400, -11.50000000000000000, 37.55948491817481700 ) ) ;
#7914 = DIRECTION ( 'NONE',  ( 0.9503881556156723600, -0.05401612701846455300, 0.3063406791259785100 ) ) ;
#7915 = CARTESIAN_POINT ( 'NONE',  ( 2.860523311630517100, -11.49089070462092900, 37.34101748057968700 ) ) ;
#7916 = LINE ( 'NONE', #7918, #2718 ) ;
#7917 = DIRECTION ( 'NONE',  ( 0.0000000000000000000, 0.0000000000000000000, -1.000000000000000000 ) ) ;
#7918 = CARTESIAN_POINT ( 'NONE',  ( 9.904330988104222500E-015, 29.00000000000000000, -44.75000000000000700 ) ) ;
#7919 = DIRECTION ( 'NONE',  ( -1.000000000000000000, 0.0000000000000000000, 0.0000000000000000000 ) ) ;
#7920 = DIRECTION ( 'NONE',  ( -0.0000000000000000000, -1.000000000000000000, -0.0000000000000000000 ) ) ;
#7921 = PLANE ( 'NONE',  #3038 ) ;
#7922 = LINE ( 'NONE', #7924, #2716 ) ;
#7923 = DIRECTION ( 'NONE',  ( 0.0000000000000000000, 0.0000000000000000000, 1.000000000000000000 ) ) ;
#7924 = CARTESIAN_POINT ( 'NONE',  ( 162.5847270304225000, 35.57496714377909800, -5.957467969127925800 ) ) ;
#7925 = DIRECTION ( 'NONE',  ( -1.000000000000000000, -0.0000000000000000000, -0.0000000000000000000 ) ) ;
#7926 = DIRECTION ( 'NONE',  ( 0.4999999999999968400, 0.1503837331804353800, -0.8528685319524450500 ) ) ;
#7927 = CARTESIAN_POINT ( 'NONE',  ( -160.5000000000000300, -66.00694377477768200, 16.25000000000001100 ) ) ;
#7928 = LINE ( 'NONE', #7930, #2715 ) ;
#7929 = CARTESIAN_POINT ( 'NONE',  ( -479.2140598934833000, 0.0000000000000000000, 0.0000000000000000000 ) ) ;
#7930 = CARTESIAN_POINT ( 'NONE',  ( 193.7993150207950100, 32.49700779739338700, 2.860351188836102000 ) ) ;
#7931 = DIRECTION ( 'NONE',  ( 1.000000000000000000, -0.0000000000000000000, 0.0000000000000000000 ) ) ;
#7932 = DIRECTION ( 'NONE',  ( -0.0000000000000000000, -0.9848077530122080200, -0.1736481776669303600 ) ) ;
#7933 = CARTESIAN_POINT ( 'NONE',  ( -149.5000000000000300, -66.00694377477768200, 14.24999999999999300 ) ) ;
#7934 = LINE ( 'NONE', #7936, #2714 ) ;
#7935 = CARTESIAN_POINT ( 'NONE',  ( -170.0000000000000300, 0.0000000000000000000, 0.0000000000000000000 ) ) ;
#7936 = CARTESIAN_POINT ( 'NONE',  ( 180.2213295577533900, 35.30691539887471500, -13.07542670625053600 ) ) ;
#7937 = DIRECTION ( 'NONE',  ( -1.000000000000000000, -0.0000000000000000000, -0.0000000000000000000 ) ) ;
#7938 = DIRECTION ( 'NONE',  ( -0.0000000000000000000, -0.9848077530122080200, -0.1736481776669303600 ) ) ;
#7939 = DIRECTION ( 'NONE',  ( 0.0000000000000000000, 0.0000000000000000000, 1.000000000000000000 ) ) ;
#7940 = LINE ( 'NONE', #7942, #2713 ) ;
#7941 = CARTESIAN_POINT ( 'NONE',  ( 17.00000000000000000, -11.75000000000001600, 37.79999999999999700 ) ) ;
#7942 = CARTESIAN_POINT ( 'NONE',  ( 162.2642741270476600, 36.32752006581129200, -18.86356339886491500 ) ) ;
#7943 = DIRECTION ( 'NONE',  ( -0.7071067811865665600, -0.7071067811865285900, 0.0000000000000000000 ) ) ;
#7944 = DIRECTION ( 'NONE',  ( -0.0000000000000000000, -0.9848077530122080200, -0.1736481776669303600 ) ) ;
#7945 = CARTESIAN_POINT ( 'NONE',  ( 9.904330988104222500E-015, 29.00000000000000000, 40.50000000000000000 ) ) ;
#7946 = LINE ( 'NONE', #7948, #2703 ) ;
#7947 = LINE ( 'NONE', #7941, #3047 ) ;
#7948 = CARTESIAN_POINT ( 'NONE',  ( 191.1887756614737300, 34.08711317293678200, 28.39503838010245900 ) ) ;
#7949 = DIRECTION ( 'NONE',  ( -1.000000000000000000, -1.794541526872561800E-016, -0.0000000000000000000 ) ) ;
#7950 = DIRECTION ( 'NONE',  ( -0.0000000000000000000, -0.9848077530122080200, -0.1736481776669305000 ) ) ;
#7951 = DIRECTION ( 'NONE',  ( 0.0000000000000000000, 0.0000000000000000000, 1.000000000000000000 ) ) ;
#7952 = DIRECTION ( 'NONE',  ( -0.0000000000000000000, 1.000000000000000000, 3.214931538489836000E-016 ) ) ;
#7953 = LINE ( 'NONE', #7933, #3022 ) ;
#7954 = DIRECTION ( 'NONE',  ( 0.0000000000000000000, 0.0000000000000000000, 1.000000000000000000 ) ) ;
#7955 = CARTESIAN_POINT ( 'NONE',  ( 0.3158631824575139400, -11.37269971779742900, 36.25000000000000000 ) ) ;
#7956 = CARTESIAN_POINT ( 'NONE',  ( -143.0000000000000300, -18.00000000000000000, 9.000000000000000000 ) ) ;
#7957 = CARTESIAN_POINT ( 'NONE',  ( 150.9999999999999700, 0.0000000000000000000, 0.0000000000000000000 ) ) ;
#7958 = LINE ( 'NONE', #7960, #2722 ) ;
#7959 = DIRECTION ( 'NONE',  ( 0.0000000000000000000, 0.0000000000000000000, 1.000000000000000000 ) ) ;
#7960 = CARTESIAN_POINT ( 'NONE',  ( 185.4152729695775000, 34.08711317293678200, 28.39503838010245900 ) ) ;
#7961 = CARTESIAN_POINT ( 'NONE',  ( -143.0000000000000000, -14.00000000000000000, 9.000000000000000000 ) ) ;
#7962 = DIRECTION ( 'NONE',  ( 1.000000000000000000, 0.0000000000000000000, 0.0000000000000000000 ) ) ;
#7963 = CARTESIAN_POINT ( 'NONE',  ( -149.0000000000000300, -66.00694377477768200, -12.25000000000000500 ) ) ;
#7964 = LINE ( 'NONE', #7966, #2689 ) ;
#7965 = DIRECTION ( 'NONE',  ( 0.0000000000000000000, -0.7071067811865672200, -0.7071067811865279200 ) ) ;
#7966 = CARTESIAN_POINT ( 'NONE',  ( 185.4152729695775000, 34.08711317293678200, 28.39503838010245900 ) ) ;
#7967 = DIRECTION ( 'NONE',  ( -1.000000000000000000, -0.0000000000000000000, -0.0000000000000000000 ) ) ;
#7968 = DIRECTION ( 'NONE',  ( -0.0000000000000000000, -0.9848077530122080200, -0.1736481776669305000 ) ) ;
#7969 = DIRECTION ( 'NONE',  ( 0.0000000000000000000, 1.000000000000000000, 0.0000000000000000000 ) ) ;
#7970 = LINE ( 'NONE', #7972, #2673 ) ;
#7971 = CARTESIAN_POINT ( 'NONE',  ( 9.904330988104222500E-015, -11.37269971779742900, 36.25000000000000000 ) ) ;
#7972 = CARTESIAN_POINT ( 'NONE',  ( 194.0755270074218700, 34.95535406127144300, 23.47099961504136800 ) ) ;
#7973 = DIRECTION ( 'NONE',  ( 0.0000000000000000000, 1.000000000000000000, 0.0000000000000000000 ) ) ;
#7974 = DIRECTION ( 'NONE',  ( -0.0000000000000000000, -0.9848077530122080200, -0.1736481776669305000 ) ) ;
#7975 = DIRECTION ( 'NONE',  ( 0.0000000000000000000, -0.7071067811865279200, 0.7071067811865672200 ) ) ;
#7976 = LINE ( 'NONE', #7978, #2724 ) ;
#7977 = DIRECTION ( 'NONE',  ( 0.0000000000000000000, 0.0000000000000000000, 1.000000000000000000 ) ) ;
#7978 = CARTESIAN_POINT ( 'NONE',  ( 191.1887756614737300, 34.08711317293678200, 28.39503838010245900 ) ) ;
#7979 = LINE ( 'NONE', #7961, #3024 ) ;
#7980 = DIRECTION ( 'NONE',  ( 0.4999999999999989500, 0.1503837331804355500, -0.8528685319524437200 ) ) ;
#7981 = DIRECTION ( 'NONE',  ( 0.0000000000000000000, 0.0000000000000000000, -1.000000000000000000 ) ) ;
#7982 = LINE ( 'NONE', #7984, #2725 ) ;
#7983 = CARTESIAN_POINT ( 'NONE',  ( -96.50000000000000000, -30.00000000000000000, 14.24999999999999600 ) ) ;
#7984 = CARTESIAN_POINT ( 'NONE',  ( 191.1887756614737800, 35.82359494960609000, 18.54696084998036900 ) ) ;
#7985 = LINE ( 'NONE', #7983, #3041 ) ;
#7986 = DIRECTION ( 'NONE',  ( -0.0000000000000000000, -0.9848077530122080200, -0.1736481776669305000 ) ) ;
#7987 = LINE ( 'NONE', #7745, #3059 ) ;
#7988 = LINE ( 'NONE', #7990, #2726 ) ;
#7989 = CARTESIAN_POINT ( 'NONE',  ( -16.74999999999998600, -1.084202172485504400E-014, -1.666998409216799400E-016 ) ) ;
#7990 = CARTESIAN_POINT ( 'NONE',  ( 194.0755270074218700, 34.95535406127144300, 23.47099961504136800 ) ) ;
#7991 = LINE ( 'NONE', #7681, #2993 ) ;
#7992 = DIRECTION ( 'NONE',  ( -0.4999999999999987800, 0.1503837331804360500, -0.8528685319524437200 ) ) ;
#7993 = DIRECTION ( 'NONE',  ( 0.0000000000000000000, 0.0000000000000000000, -1.000000000000000000 ) ) ;
#7994 = LINE ( 'NONE', #7996, #2727 ) ;
#7995 = CARTESIAN_POINT ( 'NONE',  ( 14.30825915843074400, 19.94174084156925300, -12.67240221912472700 ) ) ;
#7996 = CARTESIAN_POINT ( 'NONE',  ( 185.4152729695774700, 35.82359494960609000, 18.54696084998036600 ) ) ;
#7997 = PLANE ( 'NONE',  #3051 ) ;
#7998 = DIRECTION ( 'NONE',  ( -0.0000000000000000000, -0.9848077530122080200, -0.1736481776669305000 ) ) ;
#7999 = LINE ( 'NONE', #7635, #3009 ) ;
#8000 = LINE ( 'NONE', #8002, #2723 ) ;
#8001 = DIRECTION ( 'NONE',  ( 0.6727538020706880200, -0.6727538020706882400, 0.3079036271284680800 ) ) ;
#8002 = CARTESIAN_POINT ( 'NONE',  ( 191.1887756614737800, 35.82359494960609000, 18.54696084998036900 ) ) ;
#8003 = PLANE ( 'NONE',  #2779 ) ;
#8004 = DIRECTION ( 'NONE',  ( -1.000000000000000000, 0.0000000000000000000, -6.009258394948588800E-016 ) ) ;
#8005 = CARTESIAN_POINT ( 'NONE',  ( -107.5000000000000000, -17.99999999999998200, 16.24999999999996800 ) ) ;
#8006 = LINE ( 'NONE', #8008, #2695 ) ;
#8007 = LINE ( 'NONE', #8005, #2790 ) ;
#8008 = CARTESIAN_POINT ( 'NONE',  ( 182.5285216236293300, 34.95535406127144300, 23.47099961504140000 ) ) ;
#8009 = LINE ( 'NONE', #7427, #2891 ) ;
#8010 = DIRECTION ( 'NONE',  ( -0.0000000000000000000, -0.9848077530122080200, -0.1736481776669305000 ) ) ;
#8011 = DIRECTION ( 'NONE',  ( 0.0000000000000000000, 1.000000000000000000, 0.0000000000000000000 ) ) ;
#8012 = LINE ( 'NONE', #8014, #2694 ) ;
#8013 = CARTESIAN_POINT ( 'NONE',  ( -12.75000000000000000, -12.49999999999999800, 52.75000000000000000 ) ) ;
#8014 = CARTESIAN_POINT ( 'NONE',  ( 185.4152729695774700, 35.82359494960609000, 18.54696084998036600 ) ) ;
#8015 = LINE ( 'NONE', #7367, #2782 ) ;
#8016 = DIRECTION ( 'NONE',  ( -0.4999999999999998900, -0.1503837331804354600, 0.8528685319524432800 ) ) ;
#8017 = LINE ( 'NONE', #7321, #2769 ) ;
#8018 = LINE ( 'NONE', #8020, #2664 ) ;
#8019 = LINE ( 'NONE', #8013, #2760 ) ;
#8020 = CARTESIAN_POINT ( 'NONE',  ( 182.5285216236293300, 34.95535406127144300, 23.47099961504140000 ) ) ;
#8021 = DIRECTION ( 'NONE',  ( -0.0000000000000000000, -0.7568230077691598900, 0.6536198703460920400 ) ) ;
#8022 = DIRECTION ( 'NONE',  ( 0.5000000000000013300, -0.1503837331804356900, 0.8528685319524423900 ) ) ;
#8023 = CARTESIAN_POINT ( 'NONE',  ( -12.49999999999999800, 10.74999999999994700, 23.00000000000000000 ) ) ;
#8024 = LINE ( 'NONE', #8026, #2680 ) ;
#8025 = CARTESIAN_POINT ( 'NONE',  ( 12.49999999999999800, -3.499999999999992900, -32.00000000000000000 ) ) ;
#8026 = CARTESIAN_POINT ( 'NONE',  ( -114.0000000000000000, -15.99999999999999600, -9.000000000000000000 ) ) ;
#8027 = DIRECTION ( 'NONE',  ( 0.0000000000000000000, 0.0000000000000000000, 1.000000000000000000 ) ) ;
#8028 = DIRECTION ( 'NONE',  ( 1.000000000000000000, 1.196361017915039000E-016, -0.0000000000000000000 ) ) ;
#8029 = DIRECTION ( 'NONE',  ( -1.000000000000000000, -0.0000000000000000000, -0.0000000000000000000 ) ) ;
#8030 = LINE ( 'NONE', #8032, #2681 ) ;
#8031 = LINE ( 'NONE', #7485, #2761 ) ;
#8032 = CARTESIAN_POINT ( 'NONE',  ( 12.75000000000000000, 21.58659503241347700, -13.31079424805769800 ) ) ;
#8033 = LINE ( 'NONE', #8023, #2770 ) ;
#8034 = DIRECTION ( 'NONE',  ( 0.0000000000000000000, 0.7568230077691600100, 0.6536198703460919200 ) ) ;
#8035 = DIRECTION ( 'NONE',  ( 0.0000000000000000000, 1.000000000000000000, 0.0000000000000000000 ) ) ;
#8036 = LINE ( 'NONE', #8038, #2682 ) ;
#8037 = DIRECTION ( 'NONE',  ( 0.5773502691896524900, -0.5773502691895964200, -0.5773502691896285100 ) ) ;
#8038 = CARTESIAN_POINT ( 'NONE',  ( 12.75000000000000000, 21.50000000000000000, -1.666998409216799400E-016 ) ) ;
#8039 = DIRECTION ( 'NONE',  ( 0.0000000000000000000, -1.000000000000000000, -7.796510004390144800E-017 ) ) ;
#8040 = DIRECTION ( 'NONE',  ( 0.0000000000000000000, 0.0000000000000000000, 1.000000000000000000 ) ) ;
#8041 = CARTESIAN_POINT ( 'NONE',  ( -149.0000000000000300, -30.00000000000000000, 12.25000000000000500 ) ) ;
#8042 = LINE ( 'NONE', #8044, #2671 ) ;
#8043 = CARTESIAN_POINT ( 'NONE',  ( 12.49999999999999800, 10.74999999999997500, -23.00000000000000000 ) ) ;
#8044 = CARTESIAN_POINT ( 'NONE',  ( 162.5847270304225000, 40.00660203233403700, -5.176051169626738600 ) ) ;
#8045 = LINE ( 'NONE', #8043, #2767 ) ;
#8046 = DIRECTION ( 'NONE',  ( -0.0000000000000000000, -0.9848077530122080200, -0.1736481776669305000 ) ) ;
#8047 = LINE ( 'NONE', #7345, #2771 ) ;
#8048 = LINE ( 'NONE', #8050, #2674 ) ;
#8049 = DIRECTION ( 'NONE',  ( 0.0000000000000000000, -1.239088197126290800E-016, -1.000000000000000000 ) ) ;
#8050 = CARTESIAN_POINT ( 'NONE',  ( 156.8112243385262700, 40.00660203233403700, -5.176051169626738600 ) ) ;
#8051 = DIRECTION ( 'NONE',  ( 0.0000000000000000000, 1.000000000000000000, -1.239088197126290800E-016 ) ) ;
#8052 = DIRECTION ( 'NONE',  ( 1.000000000000000000, 0.0000000000000000000, 0.0000000000000000000 ) ) ;
#8053 = CARTESIAN_POINT ( 'NONE',  ( 105.9999999999999900, 0.0000000000000000000, 0.0000000000000000000 ) ) ;
#8054 = LINE ( 'NONE', #8056, #2672 ) ;
#8055 = CARTESIAN_POINT ( 'NONE',  ( 174.0000000000000000, 27.08221320783572100, 4.775324885840583500 ) ) ;
#8056 = CARTESIAN_POINT ( 'NONE',  ( 156.8112243385262700, 40.00660203233403700, -5.176051169626738600 ) ) ;
#8057 = DIRECTION ( 'NONE',  ( 1.000000000000000000, 0.0000000000000000000, 0.0000000000000000000 ) ) ;
#8058 = DIRECTION ( 'NONE',  ( -0.0000000000000000000, -0.9848077530122080200, -0.1736481776669305000 ) ) ;
#8059 = LINE ( 'NONE', #8101, #3007 ) ;
#8060 = LINE ( 'NONE', #8062, #2521 ) ;
#8061 = CARTESIAN_POINT ( 'NONE',  ( -149.0000000000000300, -19.99999999999999600, -12.25000000000000500 ) ) ;
#8062 = CARTESIAN_POINT ( 'NONE',  ( 165.4714783763706100, 40.87484292066868400, -10.10008993468776400 ) ) ;
#8063 = DIRECTION ( 'NONE',  ( 0.0000000000000000000, 0.0000000000000000000, -1.000000000000000000 ) ) ;
#8064 = DIRECTION ( 'NONE',  ( -0.0000000000000000000, -0.9848077530122080200, -0.1736481776669305000 ) ) ;
#8065 = LINE ( 'NONE', #8067, #2994 ) ;
#8066 = LINE ( 'NONE', #8068, #2568 ) ;
#8067 = CARTESIAN_POINT ( 'NONE',  ( -96.50000000000000000, -30.00000000000000000, 16.24999999999999600 ) ) ;
#8068 = CARTESIAN_POINT ( 'NONE',  ( 162.5847270304225000, 40.00660203233403700, -5.176051169626738600 ) ) ;
#8069 = DIRECTION ( 'NONE',  ( 0.0000000000000000000, 0.9848077530122081300, 0.1736481776669304400 ) ) ;
#8070 = DIRECTION ( 'NONE',  ( 0.4999999999999968400, 0.1503837331804353800, -0.8528685319524450500 ) ) ;
#8071 = CARTESIAN_POINT ( 'NONE',  ( 271.2500000000001100, 0.0000000000000000000, 0.0000000000000000000 ) ) ;
#8072 = LINE ( 'NONE', #8074, #2557 ) ;
#8073 = LINE ( 'NONE', #8099, #3006 ) ;
#8074 = CARTESIAN_POINT ( 'NONE',  ( -147.0000000000000300, -18.00000000000002500, 9.000000000000000000 ) ) ;
#8075 = LINE ( 'NONE', #8077, #2997 ) ;
#8076 = DIRECTION ( 'NONE',  ( -0.0000000000000000000, -0.0000000000000000000, -1.000000000000000000 ) ) ;
#8077 = CARTESIAN_POINT ( 'NONE',  ( -110.0000000000000000, -30.00000000000000000, -12.25000000000000200 ) ) ;
#8078 = DIRECTION ( 'NONE',  ( -0.0000000000000000000, -0.0000000000000000000, -1.000000000000000000 ) ) ;
#8079 = DIRECTION ( 'NONE',  ( -0.0000000000000000000, -0.0000000000000000000, 1.000000000000000000 ) ) ;
#8080 = DIRECTION ( 'NONE',  ( -1.000000000000000000, 0.0000000000000000000, 0.0000000000000000000 ) ) ;
#8081 = DIRECTION ( 'NONE',  ( -0.0000000000000000000, 0.7071067811865489100, 0.7071067811865461300 ) ) ;
#8082 = CARTESIAN_POINT ( 'NONE',  ( -147.0000000000000300, -17.99999999999999600, -11.00000000000000000 ) ) ;
#8083 = DIRECTION ( 'NONE',  ( -0.0000000000000000000, -0.7071067811865671100, 0.7071067811865279200 ) ) ;
#8084 = DIRECTION ( 'NONE',  ( 1.000000000000000000, -0.0000000000000000000, 0.0000000000000000000 ) ) ;
#8085 = CARTESIAN_POINT ( 'NONE',  ( 270.2500000000000000, 0.0000000000000000000, 0.0000000000000000000 ) ) ;
#8086 = DIRECTION ( 'NONE',  ( 0.0000000000000000000, 0.0000000000000000000, 1.000000000000000000 ) ) ;
#8087 = DIRECTION ( 'NONE',  ( 1.000000000000000000, 0.0000000000000000000, 0.0000000000000000000 ) ) ;
#8088 = CARTESIAN_POINT ( 'NONE',  ( -147.5000000000000300, -18.00000000000000000, -14.24999999999999300 ) ) ;
#8089 = DIRECTION ( 'NONE',  ( -0.09584575252022790900, 0.1728487359030508000, -0.9802738934708752300 ) ) ;
#8090 = LINE ( 'NONE', #8092, #2565 ) ;
#8091 = LINE ( 'NONE', #8093, #3004 ) ;
#8092 = CARTESIAN_POINT ( 'NONE',  ( -114.0000000000000000, -15.99999999999999600, 9.000000000000000000 ) ) ;
#8093 = CARTESIAN_POINT ( 'NONE',  ( 181.5233701033256800, 4.466367425614564900, -25.33002838062065400 ) ) ;
#8094 = DIRECTION ( 'NONE',  ( -0.0000000000000000000, -0.0000000000000000000, -1.000000000000000000 ) ) ;
#8095 = DIRECTION ( 'NONE',  ( 0.08300485652735381500, 0.3427124802020343800, 0.9357661832459236400 ) ) ;
#8096 = LINE ( 'NONE', #8098, #2567 ) ;
#8097 = DIRECTION ( 'NONE',  ( 0.0000000000000000000, 0.0000000000000000000, -1.000000000000000000 ) ) ;
#8098 = CARTESIAN_POINT ( 'NONE',  ( -149.0000000000000300, -66.00694377477768200, -14.25000000000000200 ) ) ;
#8099 = CARTESIAN_POINT ( 'NONE',  ( -107.5000000000000000, 0.0000000000000000000, 12.25000000000000200 ) ) ;
#8100 = DIRECTION ( 'NONE',  ( 0.0000000000000000000, 1.000000000000000000, 0.0000000000000000000 ) ) ;
#8101 = CARTESIAN_POINT ( 'NONE',  ( 153.9244729925781300, 36.44320803211374500, -10.88150673418895500 ) ) ;
#8102 = LINE ( 'NONE', #8104, #2654 ) ;
#8103 = DIRECTION ( 'NONE',  ( 0.0000000000000000000, -0.1736481776669305300, 0.9848077530122080200 ) ) ;
#8104 = CARTESIAN_POINT ( 'NONE',  ( -112.0000000000000000, -19.99999999999999600, -12.25000000000000200 ) ) ;
#8105 = LINE ( 'NONE', #8107, #3002 ) ;
#8106 = DIRECTION ( 'NONE',  ( 0.0000000000000000000, 0.0000000000000000000, 1.000000000000000000 ) ) ;
#8107 = CARTESIAN_POINT ( 'NONE',  ( -305.7499999999999400, 0.0000000000000000000, 13.25000000000000000 ) ) ;
#8108 = LINE ( 'NONE', #8110, #2558 ) ;
#8109 = DIRECTION ( 'NONE',  ( 1.000000000000000000, 0.0000000000000000000, 0.0000000000000000000 ) ) ;
#8110 = CARTESIAN_POINT ( 'NONE',  ( 145.4999999999999700, -28.00000000000000000, 26.49999999999999300 ) ) ;
#8111 = CARTESIAN_POINT ( 'NONE',  ( 180.6933215380521200, -8.316431030021764300, -36.33734790091566700 ) ) ;
#8112 = DIRECTION ( 'NONE',  ( 1.000000000000000000, 0.0000000000000000000, 0.0000000000000000000 ) ) ;
#8113 = CARTESIAN_POINT ( 'NONE',  ( 16.75000000000000000, -11.50000000000000200, 52.75000000000000000 ) ) ;
#8114 = LINE ( 'NONE', #8116, #2569 ) ;
#8115 = LINE ( 'NONE', #8113, #3001 ) ;
#8116 = CARTESIAN_POINT ( 'NONE',  ( 12.49999999999999800, -3.499999999999993800, -23.00000000000000400 ) ) ;
#8117 = DIRECTION ( 'NONE',  ( 0.0000000000000000000, 0.0000000000000000000, -1.000000000000000000 ) ) ;
#8118 = DIRECTION ( 'NONE',  ( 0.7071067811865474600, 0.0000000000000000000, 0.7071067811865474600 ) ) ;
#8119 = DIRECTION ( 'NONE',  ( -0.6554728598887712400, 0.0000000000000000000, 0.7552187298718400200 ) ) ;
#8120 = LINE ( 'NONE', #8122, #2650 ) ;
#8121 = LINE ( 'NONE', #8123, #2999 ) ;
#8122 = CARTESIAN_POINT ( 'NONE',  ( 17.00000000000000000, -21.24999999999997500, -53.00000000000000000 ) ) ;
#8123 = CARTESIAN_POINT ( 'NONE',  ( -16.75000000000000000, 29.00000000000000000, -14.80000000000001800 ) ) ;
#8124 = DIRECTION ( 'NONE',  ( -1.000000000000000000, -0.0000000000000000000, 0.0000000000000000000 ) ) ;
#8125 = DIRECTION ( 'NONE',  ( 0.5000000000000002200, -0.1503837331804349900, 0.8528685319524431700 ) ) ;
#8126 = LINE ( 'NONE', #8128, #2573 ) ;
#8127 = DIRECTION ( 'NONE',  ( 0.0000000000000000000, 0.0000000000000000000, -1.000000000000000000 ) ) ;
#8128 = CARTESIAN_POINT ( 'NONE',  ( -10.58619715143929000, 11.46202367239747700, -24.91380284856069900 ) ) ;
#8129 = CARTESIAN_POINT ( 'NONE',  ( 9.904330988104222500E-015, -12.49999999999999100, -40.50000000000000000 ) ) ;
#8130 = DIRECTION ( 'NONE',  ( 0.6838386415071158200, 0.2544197806056149900, -0.6838386415071124900 ) ) ;
#8131 = DIRECTION ( 'NONE',  ( 0.0000000000000000000, 1.000000000000000000, -1.012977212249230700E-016 ) ) ;
#8132 = LINE ( 'NONE', #8134, #2575 ) ;
#8133 = DIRECTION ( 'NONE',  ( -1.000000000000000000, 0.0000000000000000000, 0.0000000000000000000 ) ) ;
#8134 = CARTESIAN_POINT ( 'NONE',  ( 145.4999999999999700, -28.00000000000000000, -26.49999999999999300 ) ) ;
#8135 = LINE ( 'NONE', #8173, #2853 ) ;
#8136 = DIRECTION ( 'NONE',  ( 1.000000000000000000, 0.0000000000000000000, 0.0000000000000000000 ) ) ;
#8137 = DIRECTION ( 'NONE',  ( 0.0000000000000000000, -1.156482317317871700E-016, 1.000000000000000000 ) ) ;
#8138 = DIRECTION ( 'NONE',  ( 3.016910393003140900E-016, -0.0000000000000000000, 1.000000000000000000 ) ) ;
#8139 = LINE ( 'NONE', #8163, #2856 ) ;
#8140 = DIRECTION ( 'NONE',  ( 1.000000000000000000, 0.0000000000000000000, 0.0000000000000000000 ) ) ;
#8141 = LINE ( 'NONE', #8149, #2851 ) ;
#8142 = CARTESIAN_POINT ( 'NONE',  ( 105.9999999999999900, 0.0000000000000000000, 0.0000000000000000000 ) ) ;
#8143 = DIRECTION ( 'NONE',  ( 0.0000000000000000000, -1.000000000000000000, 0.0000000000000000000 ) ) ;
#8144 = LINE ( 'NONE', #8146, #2579 ) ;
#8145 = LINE ( 'NONE', #7839, #2852 ) ;
#8146 = CARTESIAN_POINT ( 'NONE',  ( -12.75000000000000000, -3.499999999999993800, -22.75000000000000400 ) ) ;
#8147 = DIRECTION ( 'NONE',  ( 0.0000000000000000000, 0.0000000000000000000, -1.000000000000000000 ) ) ;
#8148 = DIRECTION ( 'NONE',  ( 0.7071067811865474600, 0.0000000000000000000, -0.7071067811865474600 ) ) ;
#8149 = CARTESIAN_POINT ( 'NONE',  ( -12.49999999999999800, -12.49999999999999800, 53.00000000000000000 ) ) ;
#8150 = LINE ( 'NONE', #8152, #2577 ) ;
#8151 = DIRECTION ( 'NONE',  ( 0.0000000000000000000, 1.000000000000000000, 0.0000000000000000000 ) ) ;
#8152 = CARTESIAN_POINT ( 'NONE',  ( -479.2140598934833000, 0.0000000000000000000, 16.87500000000000000 ) ) ;
#8153 = DIRECTION ( 'NONE',  ( 0.0000000000000000000, -0.0000000000000000000, -1.000000000000000000 ) ) ;
#8154 = DIRECTION ( 'NONE',  ( -1.000000000000000000, -0.0000000000000000000, -0.0000000000000000000 ) ) ;
#8155 = DIRECTION ( 'NONE',  ( 0.0000000000000000000, -1.000000000000000000, 0.0000000000000000000 ) ) ;
#8156 = DIRECTION ( 'NONE',  ( -1.000000000000000000, -0.0000000000000000000, 0.0000000000000000000 ) ) ;
#8157 = CARTESIAN_POINT ( 'NONE',  ( 12.49999999999999800, 21.75000000000000000, 23.00000000000000000 ) ) ;
#8158 = DIRECTION ( 'NONE',  ( 0.0000000000000000000, 0.0000000000000000000, 1.000000000000000000 ) ) ;
#8159 = DIRECTION ( 'NONE',  ( 0.0000000000000000000, -1.000000000000000000, -1.156482317317871700E-016 ) ) ;
#8160 = CARTESIAN_POINT ( 'NONE',  ( -113.9999999999999900, -17.99999999999999600, 9.000000000000000000 ) ) ;
#8161 = CARTESIAN_POINT ( 'NONE',  ( 12.49999999999999800, -12.49999999999999800, 53.00000000000000000 ) ) ;
#8162 = LINE ( 'NONE', #8164, #2574 ) ;
#8163 = CARTESIAN_POINT ( 'NONE',  ( -12.49999999999999800, -22.25000000000000000, 53.00000000000000000 ) ) ;
#8164 = CARTESIAN_POINT ( 'NONE',  ( 145.4999999999999700, 0.0000000000000000000, -26.49999999999999600 ) ) ;
#8165 = LINE ( 'NONE', #8253, #2857 ) ;
#8166 = DIRECTION ( 'NONE',  ( 1.000000000000000000, 0.0000000000000000000, 0.0000000000000000000 ) ) ;
#8167 = DIRECTION ( 'NONE',  ( -1.000000000000000000, 0.0000000000000000000, 0.0000000000000000000 ) ) ;
#8168 = DIRECTION ( 'NONE',  ( -0.0000000000000000000, -0.0000000000000000000, -1.000000000000000000 ) ) ;
#8169 = DIRECTION ( 'NONE',  ( 0.0000000000000000000, 0.0000000000000000000, 1.000000000000000000 ) ) ;
#8170 = DIRECTION ( 'NONE',  ( 1.000000000000000000, 0.0000000000000000000, 0.0000000000000000000 ) ) ;
#8171 = DIRECTION ( 'NONE',  ( 0.0000000000000000000, 1.156482317317871700E-016, -1.000000000000000000 ) ) ;
#8172 = CARTESIAN_POINT ( 'NONE',  ( -3.282148686455256000, -11.50000000000000000, 37.79999999999999700 ) ) ;
#8173 = CARTESIAN_POINT ( 'NONE',  ( 12.75000000000000000, -12.49999999999999800, 52.75000000000000000 ) ) ;
#8174 = CARTESIAN_POINT ( 'NONE',  ( -3.082521614928518600, -11.49999999999999600, 37.55733121089170400 ) ) ;
#8175 = CARTESIAN_POINT ( 'NONE',  ( 12.49999999999999800, -12.49999999999999500, 23.00000000000000400 ) ) ;
#8176 = CARTESIAN_POINT ( 'NONE',  ( -2.859440225459743500, -11.49082266078306900, 37.34032543640765300 ) ) ;
#8177 = LINE ( 'NONE', #8161, #2859 ) ;
#8178 = CARTESIAN_POINT ( 'NONE',  ( -2.367097189879109600, -11.46442961408263500, 36.95644350341972700 ) ) ;
#8179 = DIRECTION ( 'NONE',  ( -0.0000000000000000000, 1.000000000000000000, 0.0000000000000000000 ) ) ;
#8180 = CARTESIAN_POINT ( 'NONE',  ( -2.097238814362355300, -11.44715532766822400, 36.79047661879001700 ) ) ;
#8181 = DIRECTION ( 'NONE',  ( -1.000000000000000000, 0.0000000000000000000, 0.0000000000000000000 ) ) ;
#8182 = CARTESIAN_POINT ( 'NONE',  ( -1.535628144698322900, -11.41499832791488700, 36.52497540115513200 ) ) ;
#8183 = CARTESIAN_POINT ( 'NONE',  ( 12.49999999999999800, -22.25000000000000000, 53.00000000000000000 ) ) ;
#8184 = CARTESIAN_POINT ( 'NONE',  ( -1.238417359963520200, -11.39983524617605700, 36.42233943826596500 ) ) ;
#8185 = DIRECTION ( 'NONE',  ( 0.0000000000000000000, 0.0000000000000000000, 1.000000000000000000 ) ) ;
#8186 = CARTESIAN_POINT ( 'NONE',  ( -0.6260305283663941700, -11.37862465360573000, 36.28466146178821800 ) ) ;
#8187 = CARTESIAN_POINT ( 'NONE',  ( -12.49999999999999800, -22.25000000000000000, 14.24999999999999800 ) ) ;
#8188 = CARTESIAN_POINT ( 'NONE',  ( -0.3151344409638641700, -11.37269971779742800, 36.25000000000000700 ) ) ;
#8189 = LINE ( 'NONE', #8183, #2861 ) ;
#8190 = CARTESIAN_POINT ( 'NONE',  ( 9.904330988104222500E-015, -11.37269971779742900, 36.25000000000000000 ) ) ;
#8191 = DIRECTION ( 'NONE',  ( 0.0000000000000000000, 0.0000000000000000000, -1.000000000000000000 ) ) ;
#8192 = CARTESIAN_POINT ( 'NONE',  ( -113.9999999999999900, -17.99999999999999600, -9.000000000000000000 ) ) ;
#8193 = DIRECTION ( 'NONE',  ( -0.5773502691896065200, -0.8164965809277396900, 0.0000000000000000000 ) ) ;
#8194 = LINE ( 'NONE', #8196, #2581 ) ;
#8195 = DIRECTION ( 'NONE',  ( 1.000000000000000000, 0.0000000000000000000, 0.0000000000000000000 ) ) ;
#8196 = CARTESIAN_POINT ( 'NONE',  ( -143.0000000000000300, -16.00000000000000000, 9.000000000000000000 ) ) ;
#8197 = CARTESIAN_POINT ( 'NONE',  ( 12.75000000000000000, -1.419612478252879500E-015, 14.50000000000000000 ) ) ;
#8198 = DIRECTION ( 'NONE',  ( -0.0000000000000000000, -0.0000000000000000000, -1.000000000000000000 ) ) ;
#8199 = DIRECTION ( 'NONE',  ( 0.0000000000000000000, 1.000000000000000000, 7.796510004390144800E-017 ) ) ;
#8200 = LINE ( 'NONE', #8202, #2571 ) ;
#8201 = CARTESIAN_POINT ( 'NONE',  ( 12.75000000000000000, -1.084202172485504400E-014, -52.75000000000000000 ) ) ;
#8202 = CARTESIAN_POINT ( 'NONE',  ( 145.4999999999999700, -28.00000000000000000, 26.49999999999999300 ) ) ;
#8203 = DIRECTION ( 'NONE',  ( 0.09440271605066555300, 0.0000000000000000000, 0.9955340914314573200 ) ) ;
#8204 = DIRECTION ( 'NONE',  ( 0.0000000000000000000, 0.0000000000000000000, -1.000000000000000000 ) ) ;
#8205 = LINE ( 'NONE', #8217, #2847 ) ;
#8206 = LINE ( 'NONE', #8208, #2580 ) ;
#8207 = LINE ( 'NONE', #8287, #2796 ) ;
#8208 = CARTESIAN_POINT ( 'NONE',  ( 151.5307582383964900, 34.76355962499054200, -9.993902984236966000 ) ) ;
#8209 = DIRECTION ( 'NONE',  ( -1.000000000000000000, 0.0000000000000000000, 0.0000000000000000000 ) ) ;
#8210 = DIRECTION ( 'NONE',  ( 0.1413075078270902300, -0.1719057486207266100, 0.9749259468404994900 ) ) ;
#8211 = LINE ( 'NONE', #8233, #2865 ) ;
#8212 = LINE ( 'NONE', #8214, #2585 ) ;
#8213 = CARTESIAN_POINT ( 'NONE',  ( 9.904330988104222500E-015, -22.25000000000000000, 40.50000000000000000 ) ) ;
#8214 = CARTESIAN_POINT ( 'NONE',  ( 180.2213295577533900, 35.30691539887471500, -13.07542670625053600 ) ) ;
#8215 = CARTESIAN_POINT ( 'NONE',  ( 12.75000000000000000, 10.74999999999994500, 23.00000000000000000 ) ) ;
#8216 = DIRECTION ( 'NONE',  ( -0.9503881556156731400, 0.05401612701846415100, -0.3063406791259761200 ) ) ;
#8217 = CARTESIAN_POINT ( 'NONE',  ( -12.49999999999999800, -3.499999999999996000, 23.00000000000000400 ) ) ;
#8218 = LINE ( 'NONE', #8220, #2584 ) ;
#8219 = CARTESIAN_POINT ( 'NONE',  ( 12.75000000000000000, -22.25000000000000000, 14.49999999999999800 ) ) ;
#8220 = CARTESIAN_POINT ( 'NONE',  ( 111.4999999999999700, -2.602085213965210600E-015, -26.49999999999999600 ) ) ;
#8221 = LINE ( 'NONE', #8225, #2866 ) ;
#8222 = DIRECTION ( 'NONE',  ( -1.000000000000000000, 0.0000000000000000000, 0.0000000000000000000 ) ) ;
#8223 = LINE ( 'NONE', #8281, #2849 ) ;
#8224 = LINE ( 'NONE', #8226, #2582 ) ;
#8225 = CARTESIAN_POINT ( 'NONE',  ( 12.75000000000000000, -22.00000000000000000, 14.24999999999999800 ) ) ;
#8226 = CARTESIAN_POINT ( 'NONE',  ( 111.4999999999999700, -2.602085213965210600E-015, 26.49999999999999600 ) ) ;
#8227 = LINE ( 'NONE', #8215, #2848 ) ;
#8228 = DIRECTION ( 'NONE',  ( -1.000000000000000000, 0.0000000000000000000, 0.0000000000000000000 ) ) ;
#8229 = LINE ( 'NONE', #8219, #2863 ) ;
#8230 = DIRECTION ( 'NONE',  ( -0.0000000000000000000, -0.0000000000000000000, -1.000000000000000000 ) ) ;
#8231 = CARTESIAN_POINT ( 'NONE',  ( 12.75000000000000000, -8.537498566988043700E-015, 22.75000000000000400 ) ) ;
#8232 = DIRECTION ( 'NONE',  ( 1.000000000000000000, 0.0000000000000000000, 0.0000000000000000000 ) ) ;
#8233 = CARTESIAN_POINT ( 'NONE',  ( -12.49999999999999800, -1.582067810090848100E-015, 14.25000000000000000 ) ) ;
#8234 = CARTESIAN_POINT ( 'NONE',  ( -149.0000000000000300, -30.00000000000000000, 12.25000000000000500 ) ) ;
#8235 = DIRECTION ( 'NONE',  ( -1.000000000000000000, 0.0000000000000000000, 0.0000000000000000000 ) ) ;
#8236 = LINE ( 'NONE', #8238, #2629 ) ;
#8237 = LINE ( 'NONE', #8187, #2862 ) ;
#8238 = CARTESIAN_POINT ( 'NONE',  ( -114.0000000000000000, -15.99999999999999600, 9.000000000000000000 ) ) ;
#8239 = CARTESIAN_POINT ( 'NONE',  ( 12.75000000000000000, -22.25000000000000000, 52.75000000000000000 ) ) ;
#8240 = DIRECTION ( 'NONE',  ( 1.000000000000000000, 1.196361017915039000E-016, -0.0000000000000000000 ) ) ;
#8241 = LINE ( 'NONE', #8239, #2860 ) ;
#8242 = LINE ( 'NONE', #8244, #2628 ) ;
#8243 = CARTESIAN_POINT ( 'NONE',  ( 12.75000000000000000, -22.00000000000000000, 53.00000000000000000 ) ) ;
#8244 = CARTESIAN_POINT ( 'NONE',  ( 150.9999999999999700, -28.00000000000000000, 26.49999999999999300 ) ) ;
#8245 = DIRECTION ( 'NONE',  ( 0.0000000000000000000, -1.000000000000000000, 1.012977212249230700E-016 ) ) ;
#8246 = DIRECTION ( 'NONE',  ( 0.0000000000000000000, 0.0000000000000000000, -1.000000000000000000 ) ) ;
#8247 = CARTESIAN_POINT ( 'NONE',  ( 9.904330988104222500E-015, -12.49999999999999600, 40.50000000000000000 ) ) ;
#8248 = LINE ( 'NONE', #8250, #2627 ) ;
#8249 = LINE ( 'NONE', #8243, #2858 ) ;
#8250 = CARTESIAN_POINT ( 'NONE',  ( -149.0000000000000300, 0.0000000000000000000, 16.24999999999999300 ) ) ;
#8251 = DIRECTION ( 'NONE',  ( -0.7071067811865657800, -6.057455473316878200E-017, -0.7071067811865292500 ) ) ;
#8252 = DIRECTION ( 'NONE',  ( -1.000000000000000000, 0.0000000000000000000, 1.508455196501570400E-015 ) ) ;
#8253 = CARTESIAN_POINT ( 'NONE',  ( 12.75000000000000000, -12.75000000000000000, 53.00000000000000000 ) ) ;
#8254 = LINE ( 'NONE', #8256, #2626 ) ;
#8255 = DIRECTION ( 'NONE',  ( 1.000000000000000000, 0.0000000000000000000, 0.0000000000000000000 ) ) ;
#8256 = CARTESIAN_POINT ( 'NONE',  ( -149.0000000000000300, -66.00694377477768200, 14.24999999999999300 ) ) ;
#8257 = LINE ( 'NONE', #8201, #2868 ) ;
#8258 = DIRECTION ( 'NONE',  ( 0.0000000000000000000, 1.000000000000000000, 0.0000000000000000000 ) ) ;
#8259 = DIRECTION ( 'NONE',  ( -1.000000000000000000, -0.0000000000000000000, 0.0000000000000000000 ) ) ;
#8260 = LINE ( 'NONE', #8262, #2624 ) ;
#8261 = DIRECTION ( 'NONE',  ( 0.0000000000000000000, -1.000000000000000000, -7.796510004390144800E-017 ) ) ;
#8262 = CARTESIAN_POINT ( 'NONE',  ( -131.5535275559258000, -44.68347745424247800, 14.24999999999996800 ) ) ;
#8263 = DIRECTION ( 'NONE',  ( 0.0000000000000000000, 0.0000000000000000000, 1.000000000000000000 ) ) ;
#8264 = DIRECTION ( 'NONE',  ( -0.7739572992033217900, 0.6332377902572616800, 1.167479909853571300E-015 ) ) ;
#8265 = DIRECTION ( 'NONE',  ( 0.0000000000000000000, -2.891205793294679300E-016, 1.000000000000000000 ) ) ;
#8266 = LINE ( 'NONE', #8268, #2623 ) ;
#8267 = LINE ( 'NONE', #8275, #2867 ) ;
#8268 = CARTESIAN_POINT ( 'NONE',  ( -145.0000000000000300, -66.00694377477768200, -12.25000000000000500 ) ) ;
#8269 = DIRECTION ( 'NONE',  ( 0.0000000000000000000, 1.000000000000000000, -0.0000000000000000000 ) ) ;
#8270 = DIRECTION ( 'NONE',  ( 0.0000000000000000000, 1.000000000000000000, 0.0000000000000000000 ) ) ;
#8271 = DIRECTION ( 'NONE',  ( 0.0000000000000000000, 2.686023446673766400E-016, -1.000000000000000000 ) ) ;
#8272 = LINE ( 'NONE', #8274, #2622 ) ;
#8273 = LINE ( 'NONE', #8277, #2797 ) ;
#8274 = CARTESIAN_POINT ( 'NONE',  ( -16.74999999999998600, -21.50000000000000000, -20.89547203953948800 ) ) ;
#8275 = CARTESIAN_POINT ( 'NONE',  ( 12.49999999999999800, -1.582067810090848100E-015, 14.25000000000000000 ) ) ;
#8276 = DIRECTION ( 'NONE',  ( 0.7030349748083257700, -0.7030349748082762600, -0.1071617860647315500 ) ) ;
#8277 = CARTESIAN_POINT ( 'NONE',  ( 12.75000000000000000, -22.00000000000000000, -6.075951423603963300E-015 ) ) ;
#8278 = LINE ( 'NONE', #8280, #2621 ) ;
#8279 = DIRECTION ( 'NONE',  ( -0.0000000000000000000, 0.7071067811865462400, -0.7071067811865489100 ) ) ;
#8280 = CARTESIAN_POINT ( 'NONE',  ( -145.0000000000000300, -19.99999999999999600, -12.25000000000000500 ) ) ;
#8281 = CARTESIAN_POINT ( 'NONE',  ( 12.75000000000000000, -3.499999999999997800, 23.00000000000000400 ) ) ;
#8282 = DIRECTION ( 'NONE',  ( 0.0000000000000000000, 0.0000000000000000000, 1.000000000000000000 ) ) ;
#8283 = LINE ( 'NONE', #8285, #2795 ) ;
#8284 = DIRECTION ( 'NONE',  ( 0.0000000000000000000, 1.000000000000000000, 0.0000000000000000000 ) ) ;
#8285 = CARTESIAN_POINT ( 'NONE',  ( 16.75000000000000000, 29.00000000000000000, 14.79999999999996300 ) ) ;
#8286 = DIRECTION ( 'NONE',  ( 0.0000000000000000000, 0.0000000000000000000, 1.000000000000000000 ) ) ;
#8287 = CARTESIAN_POINT ( 'NONE',  ( 12.75000000000000000, -12.75000000000000400, -3.852987227372394300E-015 ) ) ;
#8288 = CARTESIAN_POINT ( 'NONE',  ( 187.7379843482889000, -21.02081311889600100, 35.71278326919367900 ) ) ;
#8289 = CARTESIAN_POINT ( 'NONE',  ( 145.4999999999999700, 0.0000000000000000000, 0.0000000000000000000 ) ) ;
#8290 = LINE ( 'NONE', #8291, #2619 ) ;
#8291 = CARTESIAN_POINT ( 'NONE',  ( -160.5000000000000300, -30.00000000000000000, -16.24999999999998900 ) ) ;
#8292 = DIRECTION ( 'NONE',  ( -1.000000000000000000, 0.0000000000000000000, 3.016910393003140900E-016 ) ) ;
#8293 = LINE ( 'NONE', #8294, #2618 ) ;
#8294 = CARTESIAN_POINT ( 'NONE',  ( 156.8112243385262700, 35.57496714377909800, -5.957467969127925800 ) ) ;
#8295 = DIRECTION ( 'NONE',  ( 1.000000000000000000, 0.0000000000000000000, 0.0000000000000000000 ) ) ;
#8296 = DIRECTION ( 'NONE',  ( -0.09584575252022790900, 0.1728487359030508000, -0.9802738934708752300 ) ) ;
#8297 = DIRECTION ( 'NONE',  ( 0.0000000000000000000, 0.9848077530122080200, 0.1736481776669302800 ) ) ;
#8298 = CARTESIAN_POINT ( 'NONE',  ( 190.1580895994246400, -25.38524370044802900, 60.46469907933327200 ) ) ;
#8299 = DIRECTION ( 'NONE',  ( -0.09584575252022790900, 0.1728487359030508000, -0.9802738934708752300 ) ) ;
#8300 = DIRECTION ( 'NONE',  ( 0.0000000000000000000, 0.9848077530122080200, 0.1736481776669305500 ) ) ;
#8301 = CARTESIAN_POINT ( 'NONE',  ( 180.6933215380521200, -8.316431030021764300, -36.33734790091566700 ) ) ;
#8302 = LINE ( 'NONE', #8303, #2615 ) ;
#8303 = CARTESIAN_POINT ( 'NONE',  ( 150.9999999999999700, -21.50000000000000000, 20.62499999999999600 ) ) ;
#8304 = DIRECTION ( 'NONE',  ( -1.000000000000000000, -0.0000000000000000000, -0.0000000000000000000 ) ) ;
#8305 = DIRECTION ( 'NONE',  ( -0.09584575252022790900, 0.1728487359030508000, -0.9802738934708752300 ) ) ;
#8306 = DIRECTION ( 'NONE',  ( 0.0000000000000000000, 0.9848077530122081300, 0.1736481776669304400 ) ) ;
#8307 = CARTESIAN_POINT ( 'NONE',  ( -170.0000000000000300, 0.0000000000000000000, 0.0000000000000000000 ) ) ;
#8308 = LINE ( 'NONE', #8309, #2614 ) ;
#8309 = CARTESIAN_POINT ( 'NONE',  ( 179.7348640128498400, 16.80124046304871400, -42.01594261603481300 ) ) ;
#8310 = DIRECTION ( 'NONE',  ( -0.09584575252022789500, 0.1728487359030507800, -0.9802738934708751200 ) ) ;
#8311 = LINE ( 'NONE', #8312, #2613 ) ;
#8312 = CARTESIAN_POINT ( 'NONE',  ( -149.0000000000000300, -66.00694377477768200, 16.25000000000000000 ) ) ;
#8313 = DIRECTION ( 'NONE',  ( 0.0000000000000000000, 1.000000000000000000, 0.0000000000000000000 ) ) ;
#8314 = LINE ( 'NONE', #8315, #2612 ) ;
#8315 = CARTESIAN_POINT ( 'NONE',  ( -149.0000000000000300, -30.00000000000000000, 16.24999999999999300 ) ) ;
#8316 = DIRECTION ( 'NONE',  ( 1.000000000000000000, 0.0000000000000000000, -1.508455196501570400E-015 ) ) ;
#8317 = LINE ( 'NONE', #8318, #2611 ) ;
#8318 = CARTESIAN_POINT ( 'NONE',  ( 16.75000000000000000, -21.25066738965852100, -20.60674487961427200 ) ) ;
#8319 = DIRECTION ( 'NONE',  ( -0.7062288165501673400, -0.001885319234897600400, 0.7079811468150353200 ) ) ;
#8320 = LINE ( 'NONE', #8321, #2610 ) ;
#8321 = CARTESIAN_POINT ( 'NONE',  ( 196.9642246371234600, 24.33717445135437200, 20.34321327961927800 ) ) ;
#8322 = DIRECTION ( 'NONE',  ( -0.1413075078270957200, 0.1719057486207265200, -0.9749259468404987100 ) ) ;
#8323 = LINE ( 'NONE', #8324, #2609 ) ;
#8324 = CARTESIAN_POINT ( 'NONE',  ( -479.2140598934833000, 0.0000000000000000000, 14.00000000000000000 ) ) ;
#8325 = DIRECTION ( 'NONE',  ( -1.000000000000000000, -0.0000000000000000000, -0.0000000000000000000 ) ) ;
#8326 = LINE ( 'NONE', #8327, #2608 ) ;
#8327 = CARTESIAN_POINT ( 'NONE',  ( 150.9999999999999700, 1.387389149315769300, -18.94927838595340600 ) ) ;
#8328 = DIRECTION ( 'NONE',  ( -1.000000000000000000, -0.0000000000000000000, -0.0000000000000000000 ) ) ;
#8329 = LINE ( 'NONE', #8330, #2606 ) ;
#8330 = CARTESIAN_POINT ( 'NONE',  ( 1.042480587774184700E-014, 29.00000000000000000, 44.75000000000000700 ) ) ;
#8331 = DIRECTION ( 'NONE',  ( -0.0000000000000000000, -1.000000000000000000, -0.0000000000000000000 ) ) ;
#8332 = AXIS2_PLACEMENT_3D ( 'NONE', #6136, #6135, #6134 ) ;
#8333 = VECTOR ( 'NONE', #6028, 1000.000000000000100 ) ;
#8334 = APPROVAL_PERSON_ORGANIZATION ( #3638, #172, #3642 ) ;
#8335 = AXIS2_PLACEMENT_3D ( 'NONE', #6116, #6114, #6113 ) ;
#8336 = VECTOR ( 'NONE', #6192, 1000.000000000000000 ) ;
#8337 = AXIS2_PLACEMENT_3D ( 'NONE', #6144, #6143, #6142 ) ;
#8338 = VECTOR ( 'NONE', #6895, 1000.000000000000000 ) ;
#8339 = APPROVAL_PERSON_ORGANIZATION ( #3574, #63, #3578 ) ;
#8340 = VECTOR ( 'NONE', #6155, 1000.000000000000000 ) ;
#8341 = VECTOR ( 'NONE', #446, 1000.000000000000100 ) ;
#8342 = VECTOR ( 'NONE', #666, 1000.000000000000000 ) ;
#8343 = AXIS2_PLACEMENT_3D ( 'NONE', #956, #430, #894 ) ;
#8344 = CYLINDRICAL_SURFACE ( 'NONE', #8813, 9.500000000000001800 ) ;
#8345 = AXIS2_PLACEMENT_3D ( 'NONE', #6411, #6575, #6378 ) ;
#8346 = VECTOR ( 'NONE', #6058, 1000.000000000000000 ) ;
#8347 = APPROVAL_PERSON_ORGANIZATION ( #3510, #30, #3514 ) ;
#8348 = AXIS2_PLACEMENT_3D ( 'NONE', #6021, #6008, #6007 ) ;
#8349 = VECTOR ( 'NONE', #6012, 1000.000000000000000 ) ;
#8350 = AXIS2_PLACEMENT_3D ( 'NONE', #3386, #3388, #3390 ) ;
#8351 = VECTOR ( 'NONE', #6018, 1000.000000000000000 ) ;
#8352 = AXIS2_PLACEMENT_3D ( 'NONE', #6510, #6333, #6217 ) ;
#8353 = VECTOR ( 'NONE', #6015, 1000.000000000000000 ) ;
#8354 = AXIS2_PLACEMENT_3D ( 'NONE', #3365, #3367, #3369 ) ;
#8355 = VECTOR ( 'NONE', #5999, 1000.000000000000100 ) ;
#8356 = APPROVAL_PERSON_ORGANIZATION ( #3703, #235, #3707 ) ;
#8357 = AXIS2_PLACEMENT_3D ( 'NONE', #3359, #3361, #3363 ) ;
#8358 = AXIS2_PLACEMENT_3D ( 'NONE', #3353, #3355, #3357 ) ;
#8359 = AXIS2_PLACEMENT_3D ( 'NONE', #3347, #3349, #3351 ) ;
#8360 = AXIS2_PLACEMENT_3D ( 'NONE', #3341, #3343, #3345 ) ;
#8361 = AXIS2_PLACEMENT_3D ( 'NONE', #6055, #6054, #6053 ) ;
#8362 = FACE_OUTER_BOUND ( 'NONE', #5358, .T. ) ;
#8363 = VECTOR ( 'NONE', #6076, 1000.000000000000000 ) ;
#8364 = AXIS2_PLACEMENT_3D ( 'NONE', #6082, #6081, #6080 ) ;
#8365 = VECTOR ( 'NONE', #6083, 1000.000000000000000 ) ;
#8366 = CYLINDRICAL_SURFACE ( 'NONE', #8417, 26.49999999999999600 ) ;
#8367 = VECTOR ( 'NONE', #6091, 1000.000000000000000 ) ;
#8368 = AXIS2_PLACEMENT_3D ( 'NONE', #3282, #3284, #3286 ) ;
#8369 = VECTOR ( 'NONE', #6041, 1000.000000000000000 ) ;
#8370 = AXIS2_PLACEMENT_3D ( 'NONE', #6079, #6075, #6074 ) ;
#8371 = AXIS2_PLACEMENT_3D ( 'NONE', #3261, #3263, #3265 ) ;
#8372 = AXIS2_PLACEMENT_3D ( 'NONE', #3255, #3257, #3259 ) ;
#8373 = AXIS2_PLACEMENT_3D ( 'NONE', #6624, #6490, #6586 ) ;
#8374 = FACE_OUTER_BOUND ( 'NONE', #5200, .T. ) ;
#8375 = VECTOR ( 'NONE', #6022, 1000.000000000000000 ) ;
#8376 = VECTOR ( 'NONE', #6207, 1000.000000000000000 ) ;
#8377 = FACE_OUTER_BOUND ( 'NONE', #5323, .T. ) ;
#8378 = AXIS2_PLACEMENT_3D ( 'NONE', #3247, #3249, #3251 ) ;
#8379 = FACE_BOUND ( 'NONE', #5325, .T. ) ;
#8380 = FACE_OUTER_BOUND ( 'NONE', #5299, .T. ) ;
#8381 = AXIS2_PLACEMENT_3D ( 'NONE', #6928, #6906, #6926 ) ;
#8382 = AXIS2_PLACEMENT_3D ( 'NONE', #3239, #3241, #3243 ) ;
#8383 = AXIS2_PLACEMENT_3D ( 'NONE', #3233, #3235, #3237 ) ;
#8384 = VECTOR ( 'NONE', #6097, 1000.000000000000000 ) ;
#8385 = VECTOR ( 'NONE', #6186, 1000.000000000000000 ) ;
#8386 = CYLINDRICAL_SURFACE ( 'NONE', #8371, 6.750000000000002700 ) ;
#8387 = VECTOR ( 'NONE', #6094, 1000.000000000000100 ) ;
#8388 = FACE_OUTER_BOUND ( 'NONE', #5206, .T. ) ;
#8389 = AXIS2_PLACEMENT_3D ( 'NONE', #6061, #6057, #6056 ) ;
#8390 = CYLINDRICAL_SURFACE ( 'NONE', #8391, 2.000000000000000000 ) ;
#8391 = AXIS2_PLACEMENT_3D ( 'NONE', #3225, #3227, #3229 ) ;
#8392 = FACE_OUTER_BOUND ( 'NONE', #5335, .T. ) ;
#8393 = VECTOR ( 'NONE', #6103, 1000.000000000000000 ) ;
#8394 = AXIS2_PLACEMENT_3D ( 'NONE', #3931, #3547, #3223 ) ;
#8395 = AXIS2_PLACEMENT_3D ( 'NONE', #6141, #6140, #6137 ) ;
#8396 = CYLINDRICAL_SURFACE ( 'NONE', #8394, 4.250000000000003600 ) ;
#8397 = AXIS2_PLACEMENT_3D ( 'NONE', #706, #870, #354 ) ;
#8398 = FACE_OUTER_BOUND ( 'NONE', #5485, .T. ) ;
#8399 = AXIS2_PLACEMENT_3D ( 'NONE', #6216, #6215, #6214 ) ;
#8400 = AXIS2_PLACEMENT_3D ( 'NONE', #6027, #6026, #6025 ) ;
#8401 = AXIS2_PLACEMENT_3D ( 'NONE', #3391, #3662, #3331 ) ;
#8402 = FACE_OUTER_BOUND ( 'NONE', #5342, .T. ) ;
#8403 = FACE_OUTER_BOUND ( 'NONE', #5459, .T. ) ;
#8404 = FACE_OUTER_BOUND ( 'NONE', #5471, .T. ) ;
#8405 = AXIS2_PLACEMENT_3D ( 'NONE', #3935, #3939, #3906 ) ;
#8406 = VECTOR ( 'NONE', #6107, 1000.000000000000000 ) ;
#8407 = FACE_OUTER_BOUND ( 'NONE', #5447, .T. ) ;
#8408 = AXIS2_PLACEMENT_3D ( 'NONE', #3376, #3704, #3709 ) ;
#8409 = FACE_BOUND ( 'NONE', #5372, .T. ) ;
#8410 = VECTOR ( 'NONE', #6128, 1000.000000000000000 ) ;
#8411 = FACE_OUTER_BOUND ( 'NONE', #5371, .T. ) ;
#8412 = AXIS2_PLACEMENT_3D ( 'NONE', #6112, #6111, #6110 ) ;
#8413 = VECTOR ( 'NONE', #6149, 1000.000000000000100 ) ;
#8414 = FACE_OUTER_BOUND ( 'NONE', #5369, .T. ) ;
#8415 = AXIS2_PLACEMENT_3D ( 'NONE', #6106, #6102, #6101 ) ;
#8416 = FACE_BOUND ( 'NONE', #5284, .T. ) ;
#8417 = AXIS2_PLACEMENT_3D ( 'NONE', #6132, #6118, #6117 ) ;
#8418 = PRODUCT_DEFINITION_FORMATION_WITH_SPECIFIED_SOURCE ( 'ANY', '', #1246, .NOT_KNOWN. ) ;
#8419 = CC_DESIGN_APPROVAL ( #174, ( #8423 ) ) ;
#8420 = APPROVAL_PERSON_ORGANIZATION ( #3556, #174, #3560 ) ;
#8421 = CALENDAR_DATE ( 2012, 11, 5 ) ;
#8422 = COORDINATED_UNIVERSAL_TIME_OFFSET ( 0, 0, .AHEAD. ) ;
#8423 = SECURITY_CLASSIFICATION ( '', '', #3546 ) ;
#8424 = FACE_OUTER_BOUND ( 'NONE', #5454, .T. ) ;
#8425 = VECTOR ( 'NONE', #6122, 1000.000000000000000 ) ;
#8426 = CYLINDRICAL_SURFACE ( 'NONE', #8427, 24.00000000000000400 ) ;
#8427 = AXIS2_PLACEMENT_3D ( 'NONE', #3629, #3537, #3385 ) ;
#8428 = CALENDAR_DATE ( 2012, 11, 5 ) ;
#8429 = CC_DESIGN_APPROVAL ( #261, ( #8418 ) ) ;
#8430 = FACE_BOUND ( 'NONE', #5370, .T. ) ;
#8431 = CALENDAR_DATE ( 2012, 11, 5 ) ;
#8432 = COORDINATED_UNIVERSAL_TIME_OFFSET ( 0, 0, .AHEAD. ) ;
#8433 = CYLINDRICAL_SURFACE ( 'NONE', #8442, 2.000000000000001800 ) ;
#8434 = VECTOR ( 'NONE', #6125, 999.9999999999998900 ) ;
#8435 = APPROVAL_PERSON_ORGANIZATION ( #3528, #261, #3532 ) ;
#8436 = FACE_OUTER_BOUND ( 'NONE', #5376, .T. ) ;
#8437 = VECTOR ( 'NONE', #6119, 1000.000000000000200 ) ;
#8438 = FACE_OUTER_BOUND ( 'NONE', #5405, .T. ) ;
#8439 = AXIS2_PLACEMENT_3D ( 'NONE', #3428, #3855, #3839 ) ;
#8440 = AXIS2_PLACEMENT_3D ( 'NONE', #3916, #3941, #3721 ) ;
#8441 = AXIS2_PLACEMENT_3D ( 'NONE', #6164, #6160, #6159 ) ;
#8442 = AXIS2_PLACEMENT_3D ( 'NONE', #3344, #3861, #3866 ) ;
#8443 = VECTOR ( 'NONE', #6038, 1000.000000000000000 ) ;
#8444 = COORDINATED_UNIVERSAL_TIME_OFFSET ( 0, 0, .AHEAD. ) ;
#8445 = FACE_OUTER_BOUND ( 'NONE', #5225, .T. ) ;
#8446 = AXIS2_PLACEMENT_3D ( 'NONE', #500, #378, #522 ) ;
#8447 = AXIS2_PLACEMENT_3D ( 'NONE', #3279, #3348, #3473 ) ;
#8448 = CALENDAR_DATE ( 2012, 11, 5 ) ;
#8449 = AXIS2_PLACEMENT_3D ( 'NONE', #3696, #3275, #3708 ) ;
#8450 = AXIS2_PLACEMENT_3D ( 'NONE', #992, #966, #914 ) ;
#8451 = FACE_OUTER_BOUND ( 'NONE', #5198, .T. ) ;
#8452 = AXIS2_PLACEMENT_3D ( 'NONE', #6511, #6601, #6569 ) ;
#8453 = FACE_OUTER_BOUND ( 'NONE', #5201, .T. ) ;
#8454 = AXIS2_PLACEMENT_3D ( 'NONE', #6200, #6294, #6419 ) ;
#8455 = COORDINATED_UNIVERSAL_TIME_OFFSET ( 0, 0, .AHEAD. ) ;
#8456 = AXIS2_PLACEMENT_3D ( 'NONE', #3451, #3254, #3250 ) ;
#8457 = CYLINDRICAL_SURFACE ( 'NONE', #8447, 6.750000000000000900 ) ;
#8458 = VECTOR ( 'NONE', #6888, 1000.000000000000000 ) ;
#8459 = FACE_OUTER_BOUND ( 'NONE', #5330, .T. ) ;
#8460 = FACE_OUTER_BOUND ( 'NONE', #5533, .T. ) ;
#8461 = FACE_OUTER_BOUND ( 'NONE', #5347, .T. ) ;
#8462 = FACE_OUTER_BOUND ( 'NONE', #5256, .T. ) ;
#8463 = FACE_BOUND ( 'NONE', #5186, .T. ) ;
#8464 = VECTOR ( 'NONE', #6463, 1000.000000000000000 ) ;
#8465 = CC_DESIGN_SECURITY_CLASSIFICATION ( #8575, ( #8572 ) ) ;
#8466 = CALENDAR_DATE ( 2012, 11, 5 ) ;
#8467 = AXIS2_PLACEMENT_3D ( 'NONE', #3316, #3563, #3862 ) ;
#8468 = FACE_OUTER_BOUND ( 'NONE', #5503, .T. ) ;
#8469 = AXIS2_PLACEMENT_3D ( 'NONE', #3311, #3431, #3627 ) ;
#8470 = AXIS2_PLACEMENT_3D ( 'NONE', #6913, #6921, #6923 ) ;
#8471 = CC_DESIGN_APPROVAL ( #303, ( #8575 ) ) ;
#8472 = FACE_BOUND ( 'NONE', #5349, .T. ) ;
#8473 = AXIS2_PLACEMENT_3D ( 'NONE', #6925, #6927, #6929 ) ;
#8474 = FACE_OUTER_BOUND ( 'NONE', #5224, .T. ) ;
#8475 = CYLINDRICAL_SURFACE ( 'NONE', #8477, 4.250000000000003600 ) ;
#8476 = FACE_OUTER_BOUND ( 'NONE', #5510, .T. ) ;
#8477 = AXIS2_PLACEMENT_3D ( 'NONE', #3729, #3583, #3768 ) ;
#8478 = AXIS2_PLACEMENT_3D ( 'NONE', #6496, #6716, #6693 ) ;
#8479 = FACE_OUTER_BOUND ( 'NONE', #5328, .T. ) ;
#8480 = AXIS2_PLACEMENT_3D ( 'NONE', #6170, #6133, #6171 ) ;
#8481 = CYLINDRICAL_SURFACE ( 'NONE', #8487, 6.749999999999978700 ) ;
#8482 = AXIS2_PLACEMENT_3D ( 'NONE', #6922, #6918, #6765 ) ;
#8483 = FACE_OUTER_BOUND ( 'NONE', #5461, .T. ) ;
#8484 = VECTOR ( 'NONE', #6934, 1000.000000000000000 ) ;
#8485 = AXIS2_PLACEMENT_3D ( 'NONE', #3711, #3763, #3332 ) ;
#8486 = AXIS2_PLACEMENT_3D ( 'NONE', #6936, #6904, #6896 ) ;
#8487 = AXIS2_PLACEMENT_3D ( 'NONE', #3336, #3360, #3491 ) ;
#8488 = AXIS2_PLACEMENT_3D ( 'NONE', #3501, #3652, #3904 ) ;
#8489 = VECTOR ( 'NONE', #6830, 1000.000000000000000 ) ;
#8490 = CALENDAR_DATE ( 2012, 11, 5 ) ;
#8491 = FACE_OUTER_BOUND ( 'NONE', #5417, .T. ) ;
#8492 = FACE_OUTER_BOUND ( 'NONE', #5425, .T. ) ;
#8493 = VECTOR ( 'NONE', #6201, 1000.000000000000000 ) ;
#8494 = AXIS2_PLACEMENT_3D ( 'NONE', #6902, #6944, #6932 ) ;
#8495 = AXIS2_PLACEMENT_3D ( 'NONE', #3531, #3733, #3517 ) ;
#8496 = VECTOR ( 'NONE', #6009, 1000.000000000000000 ) ;
#8497 = CYLINDRICAL_SURFACE ( 'NONE', #8495, 2.000000000000000000 ) ;
#8498 = AXIS2_PLACEMENT_3D ( 'NONE', #6910, #6942, #6892 ) ;
#8499 = AXIS2_PLACEMENT_3D ( 'NONE', #3932, #3308, #3776 ) ;
#8500 = AXIS2_PLACEMENT_3D ( 'NONE', #6182, #6181, #6180 ) ;
#8501 = VECTOR ( 'NONE', #6914, 1000.000000000000000 ) ;
#8502 = COORDINATED_UNIVERSAL_TIME_OFFSET ( 0, 0, .AHEAD. ) ;
#8503 = FACE_OUTER_BOUND ( 'NONE', #5428, .T. ) ;
#8504 = AXIS2_PLACEMENT_3D ( 'NONE', #6931, #456, #526 ) ;
#8505 = FACE_OUTER_BOUND ( 'NONE', #5484, .T. ) ;
#8506 = VECTOR ( 'NONE', #6035, 1000.000000000000100 ) ;
#8507 = AXIS2_PLACEMENT_3D ( 'NONE', #3443, #3559, #3943 ) ;
#8508 = VECTOR ( 'NONE', #6908, 1000.000000000000200 ) ;
#8509 = AXIS2_PLACEMENT_3D ( 'NONE', #3567, #3407, #3509 ) ;
#8510 = AXIS2_PLACEMENT_3D ( 'NONE', #6894, #6940, #6889 ) ;
#8511 = FACE_OUTER_BOUND ( 'NONE', #5565, .T. ) ;
#8512 = FACE_OUTER_BOUND ( 'NONE', #5436, .T. ) ;
#8513 = SPHERICAL_SURFACE ( 'NONE', #8510, 13.00000000000000000 ) ;
#8514 = VECTOR ( 'NONE', #698, 1000.000000000000000 ) ;
#8515 = AXIS2_PLACEMENT_3D ( 'NONE', #3924, #3240, #3260 ) ;
#8516 = CYLINDRICAL_SURFACE ( 'NONE', #8515, 2.000000000000000000 ) ;
#8517 = AXIS2_PLACEMENT_3D ( 'NONE', #6873, #6507, #6695 ) ;
#8518 = AXIS2_PLACEMENT_3D ( 'NONE', #3615, #3226, #3849 ) ;
#8519 = FACE_OUTER_BOUND ( 'NONE', #5564, .T. ) ;
#8520 = VECTOR ( 'NONE', #6879, 1000.000000000000100 ) ;
#8521 = AXIS2_PLACEMENT_3D ( 'NONE', #3236, #3420, #3404 ) ;
#8522 = FACE_OUTER_BOUND ( 'NONE', #5269, .T. ) ;
#8523 = FACE_OUTER_BOUND ( 'NONE', #5465, .T. ) ;
#8524 = AXIS2_PLACEMENT_3D ( 'NONE', #3845, #3374, #3287 ) ;
#8525 = VECTOR ( 'NONE', #6183, 1000.000000000000000 ) ;
#8526 = CC_DESIGN_APPROVAL ( #30, ( #93 ) ) ;
#8527 = FACE_OUTER_BOUND ( 'NONE', #5534, .T. ) ;
#8528 = FACE_OUTER_BOUND ( 'NONE', #5480, .T. ) ;
#8529 = AXIS2_PLACEMENT_3D ( 'NONE', #3864, #3788, #3437 ) ;
#8530 = FACE_OUTER_BOUND ( 'NONE', #5215, .T. ) ;
#8531 = FACE_OUTER_BOUND ( 'NONE', #5228, .T. ) ;
#8532 = VECTOR ( 'NONE', #6138, 1000.000000000000000 ) ;
#8533 = AXIS2_PLACEMENT_3D ( 'NONE', #3884, #3869, #3427 ) ;
#8534 = FACE_OUTER_BOUND ( 'NONE', #5219, .T. ) ;
#8535 = AXIS2_PLACEMENT_3D ( 'NONE', #3690, #3895, #3780 ) ;
#8536 = FACE_OUTER_BOUND ( 'NONE', #5488, .T. ) ;
#8537 = FACE_OUTER_BOUND ( 'NONE', #5213, .T. ) ;
#8538 = AXIS2_PLACEMENT_3D ( 'NONE', #6493, #6427, #6537 ) ;
#8539 = FACE_BOUND ( 'NONE', #5204, .T. ) ;
#8540 = VECTOR ( 'NONE', #6084, 1000.000000000000000 ) ;
#8541 = AXIS2_PLACEMENT_3D ( 'NONE', #6819, #6033, #6607 ) ;
#8542 = FACE_OUTER_BOUND ( 'NONE', #5266, .T. ) ;
#8543 = VECTOR ( 'NONE', #6881, 1000.000000000000000 ) ;
#8544 = AXIS2_PLACEMENT_3D ( 'NONE', #3418, #3676, #3507 ) ;
#8545 = CC_DESIGN_SECURITY_CLASSIFICATION ( #8423, ( #8418 ) ) ;
#8546 = AXIS2_PLACEMENT_3D ( 'NONE', #3670, #3735, #3319 ) ;
#8547 = AXIS2_PLACEMENT_3D ( 'NONE', #6691, #6283, #6667 ) ;
#8548 = FACE_OUTER_BOUND ( 'NONE', #5202, .T. ) ;
#8549 = FACE_OUTER_BOUND ( 'NONE', #5566, .T. ) ;
#8550 = AXIS2_PLACEMENT_3D ( 'NONE', #3934, #3270, #3879 ) ;
#8551 = VECTOR ( 'NONE', #6634, 1000.000000000000100 ) ;
#8552 = COORDINATED_UNIVERSAL_TIME_OFFSET ( 0, 0, .AHEAD. ) ;
#8553 = AXIS2_PLACEMENT_3D ( 'NONE', #770, #816, #968 ) ;
#8554 = COORDINATED_UNIVERSAL_TIME_OFFSET ( 0, 0, .AHEAD. ) ;
#8555 = CALENDAR_DATE ( 2012, 11, 5 ) ;
#8556 = APPROVAL_PERSON_ORGANIZATION ( #3446, #281, #3450 ) ;
#8557 = CYLINDRICAL_SURFACE ( 'NONE', #8550, 6.749999999999978700 ) ;
#8558 = APPROVAL_PERSON_ORGANIZATION ( #3464, #241, #3468 ) ;
#8559 = COORDINATED_UNIVERSAL_TIME_OFFSET ( 0, 0, .AHEAD. ) ;
#8560 = FACE_OUTER_BOUND ( 'NONE', #5544, .T. ) ;
#8561 = VECTOR ( 'NONE', #6472, 1000.000000000000100 ) ;
#8562 = CALENDAR_DATE ( 2012, 11, 5 ) ;
#8563 = COORDINATED_UNIVERSAL_TIME_OFFSET ( 0, 0, .AHEAD. ) ;
#8564 = AXIS2_PLACEMENT_3D ( 'NONE', #3909, #3271, #3397 ) ;
#8565 = CYLINDRICAL_SURFACE ( 'NONE', #8567, 16.87500000000000000 ) ;
#8566 = AXIS2_PLACEMENT_3D ( 'NONE', #3511, #3633, #3278 ) ;
#8567 = AXIS2_PLACEMENT_3D ( 'NONE', #6856, #6450, #6562 ) ;
#8568 = CALENDAR_DATE ( 2012, 11, 5 ) ;
#8569 = CC_DESIGN_APPROVAL ( #281, ( #314 ) ) ;
#8570 = FACE_OUTER_BOUND ( 'NONE', #5207, .T. ) ;
#8571 = FACE_OUTER_BOUND ( 'NONE', #5456, .T. ) ;
#8572 = PRODUCT_DEFINITION_FORMATION_WITH_SPECIFIED_SOURCE ( 'ANY', '', #1243, .NOT_KNOWN. ) ;
#8573 = FACE_OUTER_BOUND ( 'NONE', #5282, .T. ) ;
#8574 = CYLINDRICAL_SURFACE ( 'NONE', #8587, 16.87500000000000000 ) ;
#8575 = SECURITY_CLASSIFICATION ( '', '', #3482 ) ;
#8576 = AXIS2_PLACEMENT_3D ( 'NONE', #3607, #3892, #3579 ) ;
#8577 = AXIS2_PLACEMENT_3D ( 'NONE', #6423, #6403, #6386 ) ;
#8578 = CYLINDRICAL_SURFACE ( 'NONE', #8576, 8.750000000000008900 ) ;
#8579 = VECTOR ( 'NONE', #6046, 1000.000000000000000 ) ;
#8580 = CC_DESIGN_APPROVAL ( #241, ( #8572 ) ) ;
#8581 = AXIS2_PLACEMENT_3D ( 'NONE', #6522, #6351, #6305 ) ;
#8582 = FACE_OUTER_BOUND ( 'NONE', #5242, .T. ) ;
#8583 = AXIS2_PLACEMENT_3D ( 'NONE', #6148, #6147, #6146 ) ;
#8584 = AXIS2_PLACEMENT_3D ( 'NONE', #3860, #3379, #3903 ) ;
#8585 = FACE_OUTER_BOUND ( 'NONE', #5257, .T. ) ;
#8586 = FACE_OUTER_BOUND ( 'NONE', #5280, .T. ) ;
#8587 = AXIS2_PLACEMENT_3D ( 'NONE', #6174, #6643, #6062 ) ;
#8588 = APPROVAL_PERSON_ORGANIZATION ( #3492, #303, #3496 ) ;
#8589 = COORDINATED_UNIVERSAL_TIME_OFFSET ( 0, 0, .AHEAD. ) ;
#8590 = AXIS2_PLACEMENT_3D ( 'NONE', #3350, #3637, #3262 ) ;
#8591 = AXIS2_PLACEMENT_3D ( 'NONE', #6862, #6139, #6085 ) ;
#8592 = FACE_OUTER_BOUND ( 'NONE', #5341, .T. ) ;
#8594 = ORIENTED_EDGE ( 'NONE', *, *, #4217, .F. ) ;
#8593 = COORDINATED_UNIVERSAL_TIME_OFFSET ( 0, 0, .AHEAD. ) ;
#8595 = ORIENTED_EDGE ( 'NONE', *, *, #4110, .F. ) ;
#8596 = CALENDAR_DATE ( 2012, 11, 5 ) ;
#8597 = ORIENTED_EDGE ( 'NONE', *, *, #4729, .T. ) ;
#8598 = CALENDAR_DATE ( 2012, 11, 5 ) ;
#8599 = ORIENTED_EDGE ( 'NONE', *, *, #4154, .T. ) ;
#8600 = AXIS2_PLACEMENT_3D ( 'NONE', #690, #812, #798 ) ;
#8601 = ORIENTED_EDGE ( 'NONE', *, *, #4532, .T. ) ;
#8602 = ORIENTED_EDGE ( 'NONE', *, *, #4006, .F. ) ;
#8603 = ORIENTED_EDGE ( 'NONE', *, *, #4110, .T. ) ;
#8605 = ORIENTED_EDGE ( 'NONE', *, *, #4155, .F. ) ;
#8604 = AXIS2_PLACEMENT_3D ( 'NONE', #3551, #3327, #3759 ) ;
#8607 = ORIENTED_EDGE ( 'NONE', *, *, #4114, .F. ) ;
#8606 = AXIS2_PLACEMENT_3D ( 'NONE', #6671, #6199, #6131 ) ;
#8608 = ORIENTED_EDGE ( 'NONE', *, *, #4144, .F. ) ;
#8609 = ORIENTED_EDGE ( 'NONE', *, *, #4407, .F. ) ;
#8610 = FACE_OUTER_BOUND ( 'NONE', #5332, .T. ) ;
#8611 = ORIENTED_EDGE ( 'NONE', *, *, #4408, .T. ) ;
#8612 = CYLINDRICAL_SURFACE ( 'NONE', #8547, 9.500000000000001800 ) ;
#8613 = ORIENTED_EDGE ( 'NONE', *, *, #4077, .F. ) ;
#8614 = AXIS2_PLACEMENT_3D ( 'NONE', #3656, #3591, #3881 ) ;
#8615 = ORIENTED_EDGE ( 'NONE', *, *, #4093, .F. ) ;
#8616 = VECTOR ( 'NONE', #6399, 1000.000000000000000 ) ;
#8617 = ORIENTED_EDGE ( 'NONE', *, *, #4685, .F. ) ;
#8619 = ORIENTED_EDGE ( 'NONE', *, *, #4062, .F. ) ;
#8618 = AXIS2_PLACEMENT_3D ( 'NONE', #3597, #3784, #3890 ) ;
#8621 = ORIENTED_EDGE ( 'NONE', *, *, #4158, .F. ) ;
#8620 = FACE_OUTER_BOUND ( 'NONE', #5508, .T. ) ;
#8622 = ORIENTED_EDGE ( 'NONE', *, *, #4661, .T. ) ;
#8623 = ORIENTED_EDGE ( 'NONE', *, *, #4415, .F. ) ;
#8624 = FACE_OUTER_BOUND ( 'NONE', #5190, .T. ) ;
#8625 = ORIENTED_EDGE ( 'NONE', *, *, #4518, .F. ) ;
#8626 = ORIENTED_EDGE ( 'NONE', *, *, #4721, .T. ) ;
#8627 = FACE_OUTER_BOUND ( 'NONE', #5368, .T. ) ;
#8628 = ORIENTED_EDGE ( 'NONE', *, *, #3985, .F. ) ;
#8629 = FACE_OUTER_BOUND ( 'NONE', #5243, .T. ) ;
#8630 = ORIENTED_EDGE ( 'NONE', *, *, #3978, .F. ) ;
#8631 = ORIENTED_EDGE ( 'NONE', *, *, #4051, .T. ) ;
#8632 = ORIENTED_EDGE ( 'NONE', *, *, #4701, .T. ) ;
#8633 = ORIENTED_EDGE ( 'NONE', *, *, #4432, .T. ) ;
#8634 = AXIS2_PLACEMENT_3D ( 'NONE', #3436, #3244, #3238 ) ;
#8635 = ORIENTED_EDGE ( 'NONE', *, *, #4778, .F. ) ;
#8636 = ORIENTED_EDGE ( 'NONE', *, *, #4387, .F. ) ;
#8637 = ORIENTED_EDGE ( 'NONE', *, *, #4422, .F. ) ;
#8638 = VECTOR ( 'NONE', #6031, 1000.000000000000000 ) ;
#8639 = ORIENTED_EDGE ( 'NONE', *, *, #4699, .T. ) ;
#8640 = FACE_OUTER_BOUND ( 'NONE', #5350, .T. ) ;
#8641 = ORIENTED_EDGE ( 'NONE', *, *, #4430, .F. ) ;
#8642 = ORIENTED_EDGE ( 'NONE', *, *, #4122, .T. ) ;
#8643 = ORIENTED_EDGE ( 'NONE', *, *, #4053, .F. ) ;
#8644 = FACE_OUTER_BOUND ( 'NONE', #5353, .T. ) ;
#8645 = ORIENTED_EDGE ( 'NONE', *, *, #4026, .F. ) ;
#8646 = VECTOR ( 'NONE', #6595, 1000.000000000000000 ) ;
#8647 = ORIENTED_EDGE ( 'NONE', *, *, #3969, .T. ) ;
#8648 = ORIENTED_EDGE ( 'NONE', *, *, #4665, .F. ) ;
#8649 = AXIS2_PLACEMENT_3D ( 'NONE', #3841, #3875, #3822 ) ;
#8650 = ORIENTED_EDGE ( 'NONE', *, *, #4423, .T. ) ;
#8651 = ORIENTED_EDGE ( 'NONE', *, *, #4396, .T. ) ;
#8653 = ORIENTED_EDGE ( 'NONE', *, *, #3950, .F. ) ;
#8652 = AXIS2_PLACEMENT_3D ( 'NONE', #3423, #3565, #3810 ) ;
#8655 = ORIENTED_EDGE ( 'NONE', *, *, #4705, .T. ) ;
#8654 = VECTOR ( 'NONE', #6177, 1000.000000000000000 ) ;
#8656 = ORIENTED_EDGE ( 'NONE', *, *, #4128, .T. ) ;
#8657 = FACE_OUTER_BOUND ( 'NONE', #5238, .T. ) ;
#8658 = ORIENTED_EDGE ( 'NONE', *, *, #4413, .T. ) ;
#8659 = AXIS2_PLACEMENT_3D ( 'NONE', #6176, #6175, #6173 ) ;
#8660 = ORIENTED_EDGE ( 'NONE', *, *, #4651, .T. ) ;
#8661 = VECTOR ( 'NONE', #6943, 1000.000000000000000 ) ;
#8662 = ORIENTED_EDGE ( 'NONE', *, *, #4063, .T. ) ;
#8663 = FACE_OUTER_BOUND ( 'NONE', #5416, .T. ) ;
#8664 = ORIENTED_EDGE ( 'NONE', *, *, #3952, .T. ) ;
#8665 = VECTOR ( 'NONE', #6161, 1000.000000000000000 ) ;
#8666 = ORIENTED_EDGE ( 'NONE', *, *, #4044, .T. ) ;
#8667 = ORIENTED_EDGE ( 'NONE', *, *, #4395, .F. ) ;
#8669 = ORIENTED_EDGE ( 'NONE', *, *, #4511, .T. ) ;
#8668 = AXIS2_PLACEMENT_3D ( 'NONE', #6006, #6005, #6004 ) ;
#8670 = ORIENTED_EDGE ( 'NONE', *, *, #4778, .T. ) ;
#8671 = AXIS2_PLACEMENT_3D ( 'NONE', #3298, #3925, #3409 ) ;
#8672 = ORIENTED_EDGE ( 'NONE', *, *, #4141, .F. ) ;
#8673 = ORIENTED_EDGE ( 'NONE', *, *, #3950, .T. ) ;
#8674 = CYLINDRICAL_SURFACE ( 'NONE', #8671, 17.50000000000001400 ) ;
#8675 = ORIENTED_EDGE ( 'NONE', *, *, #3971, .T. ) ;
#8676 = FACE_OUTER_BOUND ( 'NONE', #5395, .T. ) ;
#8677 = ORIENTED_EDGE ( 'NONE', *, *, #4152, .F. ) ;
#8678 = FACE_OUTER_BOUND ( 'NONE', #5272, .T. ) ;
#8679 = ORIENTED_EDGE ( 'NONE', *, *, #4015, .T. ) ;
#8680 = ORIENTED_EDGE ( 'NONE', *, *, #4128, .F. ) ;
#8681 = ORIENTED_EDGE ( 'NONE', *, *, #4053, .T. ) ;
#8682 = ORIENTED_EDGE ( 'NONE', *, *, #4063, .F. ) ;
#8683 = ORIENTED_EDGE ( 'NONE', *, *, #3952, .F. ) ;
#8684 = ORIENTED_EDGE ( 'NONE', *, *, #4651, .F. ) ;
#8685 = ORIENTED_EDGE ( 'NONE', *, *, #4026, .T. ) ;
#8686 = AXIS2_PLACEMENT_3D ( 'NONE', #3387, #3248, #3256 ) ;
#8687 = ORIENTED_EDGE ( 'NONE', *, *, #4015, .F. ) ;
#8688 = VECTOR ( 'NONE', #6168, 1000.000000000000000 ) ;
#8689 = ORIENTED_EDGE ( 'NONE', *, *, #4028, .T. ) ;
#8690 = ORIENTED_EDGE ( 'NONE', *, *, #4082, .T. ) ;
#8692 = ORIENTED_EDGE ( 'NONE', *, *, #4028, .F. ) ;
#8691 = FACE_OUTER_BOUND ( 'NONE', #5483, .T. ) ;
#8693 = ORIENTED_EDGE ( 'NONE', *, *, #4653, .T. ) ;
#8694 = VECTOR ( 'NONE', #814, 1000.000000000000200 ) ;
#8695 = ORIENTED_EDGE ( 'NONE', *, *, #4569, .F. ) ;
#8696 = AXIS2_PLACEMENT_3D ( 'NONE', #3297, #3527, #3874 ) ;
#8697 = ORIENTED_EDGE ( 'NONE', *, *, #4663, .F. ) ;
#8698 = AXIS2_PLACEMENT_3D ( 'NONE', #6167, #6166, #6165 ) ;
#8699 = ORIENTED_EDGE ( 'NONE', *, *, #4527, .F. ) ;
#8700 = ORIENTED_EDGE ( 'NONE', *, *, #4670, .F. ) ;
#8701 = ORIENTED_EDGE ( 'NONE', *, *, #4037, .F. ) ;
#8703 = ORIENTED_EDGE ( 'NONE', *, *, #4776, .F. ) ;
#8702 = FACE_OUTER_BOUND ( 'NONE', #5240, .T. ) ;
#8704 = ORIENTED_EDGE ( 'NONE', *, *, #4550, .T. ) ;
#8705 = ORIENTED_EDGE ( 'NONE', *, *, #4699, .F. ) ;
#8706 = ORIENTED_EDGE ( 'NONE', *, *, #4514, .F. ) ;
#8707 = FACE_OUTER_BOUND ( 'NONE', #5301, .T. ) ;
#8708 = ORIENTED_EDGE ( 'NONE', *, *, #4129, .F. ) ;
#8709 = ORIENTED_EDGE ( 'NONE', *, *, #4600, .T. ) ;
#8710 = ORIENTED_EDGE ( 'NONE', *, *, #4432, .F. ) ;
#8711 = AXIS2_PLACEMENT_3D ( 'NONE', #3242, #3648, #3832 ) ;
#8712 = ORIENTED_EDGE ( 'NONE', *, *, #3958, .T. ) ;
#8713 = ORIENTED_EDGE ( 'NONE', *, *, #4426, .F. ) ;
#8715 = ORIENTED_EDGE ( 'NONE', *, *, #4413, .F. ) ;
#8714 = CYLINDRICAL_SURFACE ( 'NONE', #8711, 23.75000000000002800 ) ;
#8716 = ORIENTED_EDGE ( 'NONE', *, *, #4422, .T. ) ;
#8717 = ORIENTED_EDGE ( 'NONE', *, *, #4562, .T. ) ;
#8718 = ORIENTED_EDGE ( 'NONE', *, *, #3987, .F. ) ;
#8719 = ORGANIZATION ( 'UNSPECIFIED', 'UNSPECIFIED', '' ) ;
#8720 = ORIENTED_EDGE ( 'NONE', *, *, #4073, .T. ) ;
#8721 = AXIS2_PLACEMENT_3D ( 'NONE', #3228, #3234, #3258 ) ;
#8722 = ORIENTED_EDGE ( 'NONE', *, *, #4522, .F. ) ;
#8723 = ORIENTED_EDGE ( 'NONE', *, *, #4527, .T. ) ;
#8724 = ORIENTED_EDGE ( 'NONE', *, *, #4548, .F. ) ;
#8725 = ORIENTED_EDGE ( 'NONE', *, *, #4455, .T. ) ;
#8726 = ORIENTED_EDGE ( 'NONE', *, *, #4430, .T. ) ;
#8727 = FACE_OUTER_BOUND ( 'NONE', #5413, .T. ) ;
#8728 = ORIENTED_EDGE ( 'NONE', *, *, #4428, .T. ) ;
#8729 = ORIENTED_EDGE ( 'NONE', *, *, #4603, .T. ) ;
#8730 = FACE_OUTER_BOUND ( 'NONE', #5434, .T. ) ;
#8731 = ORIENTED_EDGE ( 'NONE', *, *, #4559, .F. ) ;
#8732 = ORIENTED_EDGE ( 'NONE', *, *, #3958, .F. ) ;
#8733 = ORIENTED_EDGE ( 'NONE', *, *, #4787, .T. ) ;
#8735 = ORIENTED_EDGE ( 'NONE', *, *, #4815, .F. ) ;
#8734 = CYLINDRICAL_SURFACE ( 'NONE', #8740, 8.749999999999968000 ) ;
#8736 = ORIENTED_EDGE ( 'NONE', *, *, #4530, .F. ) ;
#8737 = ORIENTED_EDGE ( 'NONE', *, *, #4045, .F. ) ;
#8738 = ORIENTED_EDGE ( 'NONE', *, *, #4784, .F. ) ;
#8739 = ORIENTED_EDGE ( 'NONE', *, *, #4750, .T. ) ;
#8740 = AXIS2_PLACEMENT_3D ( 'NONE', #3435, #3307, #3301 ) ;
#8741 = ORIENTED_EDGE ( 'NONE', *, *, #4424, .T. ) ;
#8742 = ORIENTED_EDGE ( 'NONE', *, *, #4664, .T. ) ;
#8743 = ORIENTED_EDGE ( 'NONE', *, *, #4415, .T. ) ;
#8744 = ORIENTED_EDGE ( 'NONE', *, *, #4403, .T. ) ;
#8745 = ORIENTED_EDGE ( 'NONE', *, *, #4560, .F. ) ;
#8746 = ORIENTED_EDGE ( 'NONE', *, *, #4518, .T. ) ;
#8747 = VECTOR ( 'NONE', #3901, 1000.000000000000000 ) ;
#8748 = ORIENTED_EDGE ( 'NONE', *, *, #4519, .F. ) ;
#8749 = ORIENTED_EDGE ( 'NONE', *, *, #4780, .T. ) ;
#8750 = ORIENTED_EDGE ( 'NONE', *, *, #4568, .T. ) ;
#8751 = ORIENTED_EDGE ( 'NONE', *, *, #4522, .T. ) ;
#8752 = FACE_OUTER_BOUND ( 'NONE', #5557, .T. ) ;
#8753 = ORIENTED_EDGE ( 'NONE', *, *, #4707, .T. ) ;
#8754 = ORIENTED_EDGE ( 'NONE', *, *, #4569, .T. ) ;
#8756 = ORIENTED_EDGE ( 'NONE', *, *, #4528, .T. ) ;
#8755 = FACE_OUTER_BOUND ( 'NONE', #5383, .T. ) ;
#8757 = ORIENTED_EDGE ( 'NONE', *, *, #4565, .F. ) ;
#8758 = ORIENTED_EDGE ( 'NONE', *, *, #4757, .F. ) ;
#8759 = ORIENTED_EDGE ( 'NONE', *, *, #4447, .F. ) ;
#8760 = AXIS2_PLACEMENT_3D ( 'NONE', #6220, #6219, #6218 ) ;
#8761 = ORIENTED_EDGE ( 'NONE', *, *, #4441, .T. ) ;
#8762 = ORIENTED_EDGE ( 'NONE', *, *, #4553, .F. ) ;
#8763 = ORIENTED_EDGE ( 'NONE', *, *, #4531, .T. ) ;
#8765 = ORIENTED_EDGE ( 'NONE', *, *, #4439, .T. ) ;
#8764 = VECTOR ( 'NONE', #566, 1000.000000000000000 ) ;
#8766 = ORIENTED_EDGE ( 'NONE', *, *, #4520, .F. ) ;
#8767 = ORIENTED_EDGE ( 'NONE', *, *, #4520, .T. ) ;
#8768 = VECTOR ( 'NONE', #3459, 1000.000000000000000 ) ;
#8769 = ORIENTED_EDGE ( 'NONE', *, *, #4425, .F. ) ;
#8770 = ORIENTED_EDGE ( 'NONE', *, *, #4563, .T. ) ;
#8771 = FACE_OUTER_BOUND ( 'NONE', #5520, .T. ) ;
#8772 = ORIENTED_EDGE ( 'NONE', *, *, #4621, .T. ) ;
#8773 = AXIS2_PLACEMENT_3D ( 'NONE', #3595, #3304, #3272 ) ;
#8774 = ORIENTED_EDGE ( 'NONE', *, *, #3967, .F. ) ;
#8775 = ORIENTED_EDGE ( 'NONE', *, *, #4750, .F. ) ;
#8777 = ORIENTED_EDGE ( 'NONE', *, *, #4407, .T. ) ;
#8776 = FACE_OUTER_BOUND ( 'NONE', #5554, .T. ) ;
#8778 = ORIENTED_EDGE ( 'NONE', *, *, #4657, .F. ) ;
#8779 = ORIENTED_EDGE ( 'NONE', *, *, #4721, .F. ) ;
#8780 = ORIENTED_EDGE ( 'NONE', *, *, #4093, .T. ) ;
#8781 = ORIENTED_EDGE ( 'NONE', *, *, #4749, .T. ) ;
#8782 = ORIENTED_EDGE ( 'NONE', *, *, #4555, .F. ) ;
#8783 = ORIENTED_EDGE ( 'NONE', *, *, #4560, .T. ) ;
#8784 = ORIENTED_EDGE ( 'NONE', *, *, #4559, .T. ) ;
#8786 = ORIENTED_EDGE ( 'NONE', *, *, #4451, .F. ) ;
#8785 = VECTOR ( 'NONE', #384, 1000.000000000000000 ) ;
#8787 = ORIENTED_EDGE ( 'NONE', *, *, #4620, .T. ) ;
#8788 = ORIENTED_EDGE ( 'NONE', *, *, #4179, .T. ) ;
#8789 = ORIENTED_EDGE ( 'NONE', *, *, #4553, .T. ) ;
#8790 = ORIENTED_EDGE ( 'NONE', *, *, #4636, .T. ) ;
#8791 = ORIENTED_EDGE ( 'NONE', *, *, #4515, .T. ) ;
#8792 = ORIENTED_EDGE ( 'NONE', *, *, #4668, .F. ) ;
#8793 = ORIENTED_EDGE ( 'NONE', *, *, #4439, .F. ) ;
#8794 = ORIENTED_EDGE ( 'NONE', *, *, #4431, .T. ) ;
#8795 = ORIENTED_EDGE ( 'NONE', *, *, #4776, .T. ) ;
#8796 = ORIENTED_EDGE ( 'NONE', *, *, #4810, .T. ) ;
#8797 = ORIENTED_EDGE ( 'NONE', *, *, #4515, .F. ) ;
#8798 = ORIENTED_EDGE ( 'NONE', *, *, #4424, .F. ) ;
#8799 = ORIENTED_EDGE ( 'NONE', *, *, #4098, .F. ) ;
#8800 = ORIENTED_EDGE ( 'NONE', *, *, #4032, .T. ) ;
#8801 = ORIENTED_EDGE ( 'NONE', *, *, #4412, .T. ) ;
#8802 = ORIENTED_EDGE ( 'NONE', *, *, #4403, .F. ) ;
#8804 = ORIENTED_EDGE ( 'NONE', *, *, #4416, .T. ) ;
#8803 = VECTOR ( 'NONE', #6919, 1000.000000000000000 ) ;
#8805 = ORIENTED_EDGE ( 'NONE', *, *, #4658, .T. ) ;
#8806 = ORIENTED_EDGE ( 'NONE', *, *, #4398, .F. ) ;
#8807 = AXIS2_PLACEMENT_3D ( 'NONE', #960, #916, #908 ) ;
#8808 = ORIENTED_EDGE ( 'NONE', *, *, #4658, .F. ) ;
#8809 = ORIENTED_EDGE ( 'NONE', *, *, #4396, .F. ) ;
#8810 = ORIENTED_EDGE ( 'NONE', *, *, #4617, .T. ) ;
#8811 = ORIENTED_EDGE ( 'NONE', *, *, #4670, .T. ) ;
#8812 = ORIENTED_EDGE ( 'NONE', *, *, #4402, .F. ) ;
#8814 = ORIENTED_EDGE ( 'NONE', *, *, #4597, .F. ) ;
#8813 = AXIS2_PLACEMENT_3D ( 'NONE', #692, #810, #602 ) ;
#8815 = ORIENTED_EDGE ( 'NONE', *, *, #4566, .F. ) ;
#8816 = AXIS2_PLACEMENT_3D ( 'NONE', #3266, #3306, #3280 ) ;
#8817 = ORIENTED_EDGE ( 'NONE', *, *, #4549, .F. ) ;
#8818 = AXIS2_PLACEMENT_3D ( 'NONE', #900, #654, #520 ) ;
#8819 = ORIENTED_EDGE ( 'NONE', *, *, #4603, .F. ) ;
#8820 = ORIENTED_EDGE ( 'NONE', *, *, #3978, .T. ) ;
#8821 = FACE_OUTER_BOUND ( 'NONE', #5326, .T. ) ;
#8822 = ORIENTED_EDGE ( 'NONE', *, *, #4213, .T. ) ;
#8823 = ORIENTED_EDGE ( 'NONE', *, *, #4451, .T. ) ;
#8824 = ORIENTED_EDGE ( 'NONE', *, *, #4565, .T. ) ;
#8825 = ORIENTED_EDGE ( 'NONE', *, *, #4537, .F. ) ;
#8826 = ORIENTED_EDGE ( 'NONE', *, *, #4129, .T. ) ;
#8827 = AXIS2_PLACEMENT_3D ( 'NONE', #3557, #3674, #3593 ) ;
#8828 = ORIENTED_EDGE ( 'NONE', *, *, #4398, .T. ) ;
#8829 = ORIENTED_EDGE ( 'NONE', *, *, #4421, .F. ) ;
#8830 = AXIS2_PLACEMENT_3D ( 'NONE', #3898, #3805, #3539 ) ;
#8831 = ORIENTED_EDGE ( 'NONE', *, *, #4530, .T. ) ;
#8832 = AXIS2_PLACEMENT_3D ( 'NONE', #682, #426, #436 ) ;
#8833 = ORIENTED_EDGE ( 'NONE', *, *, #4416, .F. ) ;
#8835 = ORIENTED_EDGE ( 'NONE', *, *, #4564, .T. ) ;
#8834 = FACE_OUTER_BOUND ( 'NONE', #5250, .T. ) ;
#8836 = ORIENTED_EDGE ( 'NONE', *, *, #4661, .F. ) ;
#8837 = ORIENTED_EDGE ( 'NONE', *, *, #4419, .F. ) ;
#8838 = ORIENTED_EDGE ( 'NONE', *, *, #4098, .T. ) ;
#8839 = ORIENTED_EDGE ( 'NONE', *, *, #4419, .T. ) ;
#8840 = ORIENTED_EDGE ( 'NONE', *, *, #4685, .T. ) ;
#8841 = ORIENTED_EDGE ( 'NONE', *, *, #4468, .F. ) ;
#8842 = ORIENTED_EDGE ( 'NONE', *, *, #4512, .T. ) ;
#8843 = ORIENTED_EDGE ( 'NONE', *, *, #4567, .T. ) ;
#8844 = ORIENTED_EDGE ( 'NONE', *, *, #4737, .T. ) ;
#8845 = ORIENTED_EDGE ( 'NONE', *, *, #4397, .T. ) ;
#8846 = FACE_OUTER_BOUND ( 'NONE', #5504, .T. ) ;
#8847 = ORIENTED_EDGE ( 'NONE', *, *, #4737, .F. ) ;
#8848 = ORIENTED_EDGE ( 'NONE', *, *, #4412, .F. ) ;
#8849 = ORIENTED_EDGE ( 'NONE', *, *, #4213, .F. ) ;
#8850 = VECTOR ( 'NONE', #6937, 1000.000000000000000 ) ;
#8851 = ORIENTED_EDGE ( 'NONE', *, *, #4702, .T. ) ;
#8852 = AXIS2_PLACEMENT_3D ( 'NONE', #3495, #3929, #3641 ) ;
#8853 = ORIENTED_EDGE ( 'NONE', *, *, #4597, .T. ) ;
#8854 = ORIENTED_EDGE ( 'NONE', *, *, #4408, .F. ) ;
#8856 = ORIENTED_EDGE ( 'NONE', *, *, #4073, .F. ) ;
#8855 = AXIS2_PLACEMENT_3D ( 'NONE', #3441, #3902, #3384 ) ;
#8857 = ORIENTED_EDGE ( 'NONE', *, *, #4362, .F. ) ;
#8858 = ORIENTED_EDGE ( 'NONE', *, *, #4447, .T. ) ;
#8859 = ORIENTED_EDGE ( 'NONE', *, *, #4810, .F. ) ;
#8860 = ORIENTED_EDGE ( 'NONE', *, *, #4568, .F. ) ;
#8861 = ORIENTED_EDGE ( 'NONE', *, *, #4784, .T. ) ;
#8862 = ORIENTED_EDGE ( 'NONE', *, *, #4361, .T. ) ;
#8864 = ORIENTED_EDGE ( 'NONE', *, *, #4620, .F. ) ;
#8863 = FACE_OUTER_BOUND ( 'NONE', #5195, .T. ) ;
#8865 = ORIENTED_EDGE ( 'NONE', *, *, #4519, .T. ) ;
#8866 = ORIENTED_EDGE ( 'NONE', *, *, #4668, .T. ) ;
#8867 = ORIENTED_EDGE ( 'NONE', *, *, #4657, .T. ) ;
#8868 = ORIENTED_EDGE ( 'NONE', *, *, #4655, .T. ) ;
#8869 = ORIENTED_EDGE ( 'NONE', *, *, #4526, .T. ) ;
#8870 = FACE_OUTER_BOUND ( 'NONE', #5248, .T. ) ;
#8871 = ORIENTED_EDGE ( 'NONE', *, *, #4511, .F. ) ;
#8872 = ORIENTED_EDGE ( 'NONE', *, *, #4441, .F. ) ;
#8874 = ORIENTED_EDGE ( 'NONE', *, *, #4425, .T. ) ;
#8873 = AXIS2_PLACEMENT_3D ( 'NONE', #3329, #3894, #3378 ) ;
#8875 = ORIENTED_EDGE ( 'NONE', *, *, #4431, .F. ) ;
#8876 = ORIENTED_EDGE ( 'NONE', *, *, #4395, .T. ) ;
#8877 = CYLINDRICAL_SURFACE ( 'NONE', #8873, 14.25000000000000000 ) ;
#8878 = ORIENTED_EDGE ( 'NONE', *, *, #4647, .T. ) ;
#8879 = ORIENTED_EDGE ( 'NONE', *, *, #4709, .F. ) ;
#8880 = AXIS2_PLACEMENT_3D ( 'NONE', #3680, #3745, #3702 ) ;
#8881 = ORIENTED_EDGE ( 'NONE', *, *, #4563, .F. ) ;
#8882 = ORIENTED_EDGE ( 'NONE', *, *, #4158, .T. ) ;
#8883 = FACE_OUTER_BOUND ( 'NONE', #5385, .T. ) ;
#8884 = ORIENTED_EDGE ( 'NONE', *, *, #4296, .F. ) ;
#8885 = ORIENTED_EDGE ( 'NONE', *, *, #4613, .T. ) ;
#8887 = ORIENTED_EDGE ( 'NONE', *, *, #4295, .F. ) ;
#8886 = FACE_OUTER_BOUND ( 'NONE', #5191, .T. ) ;
#8888 = ORIENTED_EDGE ( 'NONE', *, *, #4390, .T. ) ;
#8889 = ORIENTED_EDGE ( 'NONE', *, *, #4393, .F. ) ;
#8890 = CYLINDRICAL_SURFACE ( 'NONE', #8903, 2.000000000000000000 ) ;
#8891 = ORIENTED_EDGE ( 'NONE', *, *, #4394, .F. ) ;
#8892 = CYLINDRICAL_SURFACE ( 'NONE', #8946, 14.00000000000000000 ) ;
#8893 = ORIENTED_EDGE ( 'NONE', *, *, #4368, .T. ) ;
#8894 = ORIENTED_EDGE ( 'NONE', *, *, #4392, .T. ) ;
#8895 = ORIENTED_EDGE ( 'NONE', *, *, #4390, .F. ) ;
#8896 = ORIENTED_EDGE ( 'NONE', *, *, #4433, .T. ) ;
#8897 = ORIENTED_EDGE ( 'NONE', *, *, #4391, .F. ) ;
#8898 = CC_DESIGN_APPROVAL ( #267, ( #9169 ) ) ;
#8899 = ORIENTED_EDGE ( 'NONE', *, *, #4386, .T. ) ;
#8900 = FACE_OUTER_BOUND ( 'NONE', #5382, .T. ) ;
#8901 = ORIENTED_EDGE ( 'NONE', *, *, #4385, .T. ) ;
#8902 = ORIENTED_EDGE ( 'NONE', *, *, #4380, .T. ) ;
#8903 = AXIS2_PLACEMENT_3D ( 'NONE', #3920, #3782, #3774 ) ;
#8904 = ORIENTED_EDGE ( 'NONE', *, *, #4378, .T. ) ;
#8905 = ORIENTED_EDGE ( 'NONE', *, *, #4374, .T. ) ;
#8906 = ORIENTED_EDGE ( 'NONE', *, *, #4383, .T. ) ;
#8908 = ORIENTED_EDGE ( 'NONE', *, *, #4382, .T. ) ;
#8907 = SPHERICAL_SURFACE ( 'NONE', #8917, 12.99999999999999300 ) ;
#8909 = ORIENTED_EDGE ( 'NONE', *, *, #4386, .F. ) ;
#8910 = ORIENTED_EDGE ( 'NONE', *, *, #4375, .F. ) ;
#8911 = ORIENTED_EDGE ( 'NONE', *, *, #4500, .T. ) ;
#8912 = ORIENTED_EDGE ( 'NONE', *, *, #4381, .T. ) ;
#8913 = CALENDAR_DATE ( 2012, 11, 5 ) ;
#8914 = ORIENTED_EDGE ( 'NONE', *, *, #4383, .F. ) ;
#8915 = COORDINATED_UNIVERSAL_TIME_OFFSET ( 0, 0, .AHEAD. ) ;
#8916 = ORIENTED_EDGE ( 'NONE', *, *, #4020, .T. ) ;
#8918 = ORIENTED_EDGE ( 'NONE', *, *, #4385, .F. ) ;
#8917 = AXIS2_PLACEMENT_3D ( 'NONE', #3878, #3793, #3760 ) ;
#8919 = ORIENTED_EDGE ( 'NONE', *, *, #4379, .T. ) ;
#8920 = ORIENTED_EDGE ( 'NONE', *, *, #4381, .F. ) ;
#8921 = ORIENTED_EDGE ( 'NONE', *, *, #4796, .T. ) ;
#8922 = ORIENTED_EDGE ( 'NONE', *, *, #4382, .F. ) ;
#8923 = AXIS2_PLACEMENT_3D ( 'NONE', #676, #668, #444 ) ;
#8924 = ORIENTED_EDGE ( 'NONE', *, *, #4376, .T. ) ;
#8925 = ORIENTED_EDGE ( 'NONE', *, *, #4379, .F. ) ;
#8926 = ORIENTED_EDGE ( 'NONE', *, *, #4544, .T. ) ;
#8927 = ORIENTED_EDGE ( 'NONE', *, *, #4380, .F. ) ;
#8929 = ORIENTED_EDGE ( 'NONE', *, *, #4372, .T. ) ;
#8928 = FACE_OUTER_BOUND ( 'NONE', #5424, .T. ) ;
#8930 = ORIENTED_EDGE ( 'NONE', *, *, #4376, .F. ) ;
#8931 = ORIENTED_EDGE ( 'NONE', *, *, #4378, .F. ) ;
#8932 = APPROVAL_PERSON_ORGANIZATION ( #3750, #71, #3754 ) ;
#8933 = ORIENTED_EDGE ( 'NONE', *, *, #4633, .T. ) ;
#8934 = ORIENTED_EDGE ( 'NONE', *, *, #4375, .T. ) ;
#8935 = CC_DESIGN_APPROVAL ( #15, ( #9683 ) ) ;
#8936 = ORIENTED_EDGE ( 'NONE', *, *, #4372, .F. ) ;
#8937 = ORGANIZATION ( 'NAUO-ORG1', 'UNSPECIFIED', 'UNSPECIFIED' ) ;
#8938 = ORIENTED_EDGE ( 'NONE', *, *, #4496, .T. ) ;
#8939 = ORIENTED_EDGE ( 'NONE', *, *, #4374, .F. ) ;
#8941 = ORIENTED_EDGE ( 'NONE', *, *, #4789, .T. ) ;
#8940 = CALENDAR_DATE ( 2012, 11, 5 ) ;
#8942 = ORIENTED_EDGE ( 'NONE', *, *, #4771, .F. ) ;
#8943 = ORIENTED_EDGE ( 'NONE', *, *, #4160, .F. ) ;
#8944 = ORIENTED_EDGE ( 'NONE', *, *, #4195, .T. ) ;
#8945 = ORIENTED_EDGE ( 'NONE', *, *, #4608, .T. ) ;
#8946 = AXIS2_PLACEMENT_3D ( 'NONE', #586, #592, #554 ) ;
#8947 = ORIENTED_EDGE ( 'NONE', *, *, #4013, .F. ) ;
#8948 = ORIENTED_EDGE ( 'NONE', *, *, #4174, .F. ) ;
#8949 = ORIENTED_EDGE ( 'NONE', *, *, #4534, .T. ) ;
#8950 = ORIENTED_EDGE ( 'NONE', *, *, #4417, .F. ) ;
#8951 = ORIENTED_EDGE ( 'NONE', *, *, #4357, .F. ) ;
#8952 = COORDINATED_UNIVERSAL_TIME_OFFSET ( 0, 0, .AHEAD. ) ;
#8953 = ORIENTED_EDGE ( 'NONE', *, *, #4325, .T. ) ;
#8954 = ORIENTED_EDGE ( 'NONE', *, *, #4801, .T. ) ;
#8955 = ORIENTED_EDGE ( 'NONE', *, *, #4371, .T. ) ;
#8956 = ORIENTED_EDGE ( 'NONE', *, *, #4605, .F. ) ;
#8957 = ORIENTED_EDGE ( 'NONE', *, *, #4781, .F. ) ;
#8958 = ORIENTED_EDGE ( 'NONE', *, *, #4370, .T. ) ;
#8960 = ORIENTED_EDGE ( 'NONE', *, *, #4326, .T. ) ;
#8959 = FACE_OUTER_BOUND ( 'NONE', #5251, .T. ) ;
#8961 = ORIENTED_EDGE ( 'NONE', *, *, #4371, .F. ) ;
#8962 = ORIENTED_EDGE ( 'NONE', *, *, #4329, .T. ) ;
#8963 = AXIS2_PLACEMENT_3D ( 'NONE', #3885, #3816, #3865 ) ;
#8964 = ORIENTED_EDGE ( 'NONE', *, *, #4369, .T. ) ;
#8965 = ORIENTED_EDGE ( 'NONE', *, *, #4418, .F. ) ;
#8966 = ORIENTED_EDGE ( 'NONE', *, *, #4370, .F. ) ;
#8967 = CC_DESIGN_SECURITY_CLASSIFICATION ( #8979, ( #9683 ) ) ;
#8968 = ORIENTED_EDGE ( 'NONE', *, *, #4330, .T. ) ;
#8970 = ORIENTED_EDGE ( 'NONE', *, *, #4364, .T. ) ;
#8969 = AXIS2_PLACEMENT_3D ( 'NONE', #3938, #3921, #3410 ) ;
#8971 = ORIENTED_EDGE ( 'NONE', *, *, #4624, .F. ) ;
#8972 = ORIENTED_EDGE ( 'NONE', *, *, #4369, .F. ) ;
#8973 = CC_DESIGN_SECURITY_CLASSIFICATION ( #9169, ( #9995 ) ) ;
#8974 = ORIENTED_EDGE ( 'NONE', *, *, #4332, .T. ) ;
#8975 = FACE_OUTER_BOUND ( 'NONE', #5528, .T. ) ;
#8976 = ORIENTED_EDGE ( 'NONE', *, *, #4358, .T. ) ;
#8977 = ORIENTED_EDGE ( 'NONE', *, *, #4449, .F. ) ;
#8978 = ORIENTED_EDGE ( 'NONE', *, *, #4364, .F. ) ;
#8979 = SECURITY_CLASSIFICATION ( '', '', #3740 ) ;
#8980 = ORIENTED_EDGE ( 'NONE', *, *, #4334, .T. ) ;
#8982 = ORIENTED_EDGE ( 'NONE', *, *, #4355, .T. ) ;
#8981 = FACE_OUTER_BOUND ( 'NONE', #5188, .T. ) ;
#8983 = ORIENTED_EDGE ( 'NONE', *, *, #4545, .F. ) ;
#8984 = ORIENTED_EDGE ( 'NONE', *, *, #4358, .F. ) ;
#8985 = ORIENTED_EDGE ( 'NONE', *, *, #4322, .T. ) ;
#8986 = FACE_OUTER_BOUND ( 'NONE', #5226, .T. ) ;
#8987 = ORIENTED_EDGE ( 'NONE', *, *, #4366, .F. ) ;
#8988 = ORIENTED_EDGE ( 'NONE', *, *, #4357, .T. ) ;
#8990 = ORIENTED_EDGE ( 'NONE', *, *, #4355, .F. ) ;
#8989 = CYLINDRICAL_SURFACE ( 'NONE', #8963, 17.50000000000001400 ) ;
#8991 = ORIENTED_EDGE ( 'NONE', *, *, #4324, .T. ) ;
#8992 = AXIS2_PLACEMENT_3D ( 'NONE', #6090, #6089, #6088 ) ;
#8993 = ORIENTED_EDGE ( 'NONE', *, *, #4741, .F. ) ;
#8994 = ORIENTED_EDGE ( 'NONE', *, *, #4344, .F. ) ;
#8995 = ORIENTED_EDGE ( 'NONE', *, *, #4346, .F. ) ;
#8996 = COORDINATED_UNIVERSAL_TIME_OFFSET ( 0, 0, .AHEAD. ) ;
#8997 = ORIENTED_EDGE ( 'NONE', *, *, #4348, .F. ) ;
#8998 = AXIS2_PLACEMENT_3D ( 'NONE', #3285, #3290, #3224 ) ;
#8999 = ORIENTED_EDGE ( 'NONE', *, *, #4350, .F. ) ;
#9000 = ORIENTED_EDGE ( 'NONE', *, *, #4352, .F. ) ;
#9001 = ORIENTED_EDGE ( 'NONE', *, *, #4462, .F. ) ;
#9002 = ORIENTED_EDGE ( 'NONE', *, *, #4354, .F. ) ;
#9003 = CYLINDRICAL_SURFACE ( 'NONE', #8998, 20.50000000000002500 ) ;
#9004 = ORIENTED_EDGE ( 'NONE', *, *, #4340, .F. ) ;
#9005 = ORIENTED_EDGE ( 'NONE', *, *, #4353, .F. ) ;
#9006 = ORIENTED_EDGE ( 'NONE', *, *, #4341, .F. ) ;
#9007 = ORIENTED_EDGE ( 'NONE', *, *, #4743, .T. ) ;
#9008 = ORIENTED_EDGE ( 'NONE', *, *, #4354, .T. ) ;
#9009 = ORIENTED_EDGE ( 'NONE', *, *, #4321, .F. ) ;
#9010 = ORIENTED_EDGE ( 'NONE', *, *, #4351, .T. ) ;
#9011 = AXIS2_PLACEMENT_3D ( 'NONE', #3747, #3471, #3795 ) ;
#9012 = ORIENTED_EDGE ( 'NONE', *, *, #4320, .F. ) ;
#9013 = ORIENTED_EDGE ( 'NONE', *, *, #4008, .F. ) ;
#9014 = FACE_OUTER_BOUND ( 'NONE', #5283, .T. ) ;
#9015 = ORIENTED_EDGE ( 'NONE', *, *, #4349, .T. ) ;
#9016 = ORIENTED_EDGE ( 'NONE', *, *, #4353, .T. ) ;
#9017 = ORIENTED_EDGE ( 'NONE', *, *, #4351, .F. ) ;
#9018 = ORIENTED_EDGE ( 'NONE', *, *, #4319, .F. ) ;
#9020 = ORIENTED_EDGE ( 'NONE', *, *, #4352, .T. ) ;
#9019 = AXIS2_PLACEMENT_3D ( 'NONE', #3897, #3230, #3320 ) ;
#9021 = ORIENTED_EDGE ( 'NONE', *, *, #4347, .T. ) ;
#9022 = ORIENTED_EDGE ( 'NONE', *, *, #4349, .F. ) ;
#9023 = ORIENTED_EDGE ( 'NONE', *, *, #4136, .F. ) ;
#9024 = FACE_OUTER_BOUND ( 'NONE', #5187, .T. ) ;
#9025 = ORIENTED_EDGE ( 'NONE', *, *, #4350, .T. ) ;
#9026 = ORIENTED_EDGE ( 'NONE', *, *, #4345, .T. ) ;
#9027 = ORIENTED_EDGE ( 'NONE', *, *, #4347, .F. ) ;
#9028 = ORIENTED_EDGE ( 'NONE', *, *, #4443, .F. ) ;
#9029 = ORIENTED_EDGE ( 'NONE', *, *, #4348, .T. ) ;
#9030 = ORIENTED_EDGE ( 'NONE', *, *, #4342, .T. ) ;
#9031 = CC_DESIGN_APPROVAL ( #74, ( #9036 ) ) ;
#9032 = ORIENTED_EDGE ( 'NONE', *, *, #4345, .F. ) ;
#9033 = ORIENTED_EDGE ( 'NONE', *, *, #4627, .F. ) ;
#9034 = CC_DESIGN_APPROVAL ( #71, ( #8979 ) ) ;
#9035 = ORIENTED_EDGE ( 'NONE', *, *, #4346, .T. ) ;
#9036 = SECURITY_CLASSIFICATION ( '', '', #3812 ) ;
#9037 = ORIENTED_EDGE ( 'NONE', *, *, #4339, .T. ) ;
#9038 = FACE_BOUND ( 'NONE', #5189, .T. ) ;
#9039 = ORIENTED_EDGE ( 'NONE', *, *, #4342, .F. ) ;
#9040 = ORIENTED_EDGE ( 'NONE', *, *, #4692, .F. ) ;
#9042 = ORIENTED_EDGE ( 'NONE', *, *, #4344, .T. ) ;
#9041 = AXIS2_PLACEMENT_3D ( 'NONE', #3601, #3599, #3631 ) ;
#9043 = ORIENTED_EDGE ( 'NONE', *, *, #4341, .T. ) ;
#9044 = ORIENTED_EDGE ( 'NONE', *, *, #4339, .F. ) ;
#9045 = ORIENTED_EDGE ( 'NONE', *, *, #4807, .F. ) ;
#9046 = ORIENTED_EDGE ( 'NONE', *, *, #4340, .T. ) ;
#9047 = SECURITY_CLASSIFICATION ( '', '', #3610 ) ;
#9048 = ORIENTED_EDGE ( 'NONE', *, *, #4334, .F. ) ;
#9049 = PRODUCT_DEFINITION_FORMATION_WITH_SPECIFIED_SOURCE ( 'ANY', '', #1247, .NOT_KNOWN. ) ;
#9050 = ORIENTED_EDGE ( 'NONE', *, *, #4332, .F. ) ;
#9052 = ORIENTED_EDGE ( 'NONE', *, *, #4329, .F. ) ;
#9051 = CYLINDRICAL_SURFACE ( 'NONE', #9041, 2.000000000000001800 ) ;
#9053 = ORIENTED_EDGE ( 'NONE', *, *, #4330, .F. ) ;
#9054 = ORIENTED_EDGE ( 'NONE', *, *, #4326, .F. ) ;
#9055 = FACE_OUTER_BOUND ( 'NONE', #5194, .T. ) ;
#9056 = ORIENTED_EDGE ( 'NONE', *, *, #4084, .F. ) ;
#9057 = ORIENTED_EDGE ( 'NONE', *, *, #4324, .F. ) ;
#9058 = ORIENTED_EDGE ( 'NONE', *, *, #4325, .F. ) ;
#9059 = AXIS2_PLACEMENT_3D ( 'NONE', #3660, #3645, #3453 ) ;
#9060 = ORIENTED_EDGE ( 'NONE', *, *, #4322, .F. ) ;
#9061 = ORIENTED_EDGE ( 'NONE', *, *, #4321, .T. ) ;
#9062 = ORIENTED_EDGE ( 'NONE', *, *, #4363, .T. ) ;
#9063 = ORIENTED_EDGE ( 'NONE', *, *, #4320, .T. ) ;
#9064 = ORIENTED_EDGE ( 'NONE', *, *, #4319, .T. ) ;
#9065 = CC_DESIGN_SECURITY_CLASSIFICATION ( #9222, ( #9994 ) ) ;
#9066 = ORIENTED_EDGE ( 'NONE', *, *, #4136, .T. ) ;
#9067 = FACE_OUTER_BOUND ( 'NONE', #5408, .T. ) ;
#9068 = ORIENTED_EDGE ( 'NONE', *, *, #4443, .T. ) ;
#9069 = AXIS2_PLACEMENT_3D ( 'NONE', #3668, #3907, #3843 ) ;
#9070 = ORIENTED_EDGE ( 'NONE', *, *, #4692, .T. ) ;
#9071 = ORIENTED_EDGE ( 'NONE', *, *, #4627, .T. ) ;
#9072 = ORIENTED_EDGE ( 'NONE', *, *, #4177, .F. ) ;
#9074 = ORIENTED_EDGE ( 'NONE', *, *, #4195, .F. ) ;
#9073 = AXIS2_PLACEMENT_3D ( 'NONE', #3609, #3613, #3589 ) ;
#9075 = ORIENTED_EDGE ( 'NONE', *, *, #4807, .T. ) ;
#9076 = ORIENTED_EDGE ( 'NONE', *, *, #4417, .T. ) ;
#9077 = ORIENTED_EDGE ( 'NONE', *, *, #3996, .T. ) ;
#9078 = ORIENTED_EDGE ( 'NONE', *, *, #4605, .T. ) ;
#9079 = FACE_OUTER_BOUND ( 'NONE', #5311, .T. ) ;
#9080 = ORIENTED_EDGE ( 'NONE', *, *, #4418, .T. ) ;
#9081 = ORIENTED_EDGE ( 'NONE', *, *, #4624, .T. ) ;
#9082 = ORIENTED_EDGE ( 'NONE', *, *, #4449, .T. ) ;
#9083 = AXIS2_PLACEMENT_3D ( 'NONE', #488, #492, #388 ) ;
#9084 = ORIENTED_EDGE ( 'NONE', *, *, #4366, .T. ) ;
#9085 = ORIENTED_EDGE ( 'NONE', *, *, #4545, .T. ) ;
#9086 = ORIENTED_EDGE ( 'NONE', *, *, #4753, .F. ) ;
#9087 = ORIENTED_EDGE ( 'NONE', *, *, #4741, .T. ) ;
#9088 = AXIS2_PLACEMENT_3D ( 'NONE', #3515, #3678, #3639 ) ;
#9089 = ORIENTED_EDGE ( 'NONE', *, *, #4534, .F. ) ;
#9090 = ORIENTED_EDGE ( 'NONE', *, *, #4544, .F. ) ;
#9091 = ORIENTED_EDGE ( 'NONE', *, *, #4796, .F. ) ;
#9092 = ORIENTED_EDGE ( 'NONE', *, *, #4020, .F. ) ;
#9094 = ORIENTED_EDGE ( 'NONE', *, *, #4496, .F. ) ;
#9093 = SECURITY_CLASSIFICATION ( '', '', #3837 ) ;
#9096 = ORIENTED_EDGE ( 'NONE', *, *, #4500, .F. ) ;
#9095 = FACE_OUTER_BOUND ( 'NONE', #5392, .T. ) ;
#9097 = ORIENTED_EDGE ( 'NONE', *, *, #4146, .T. ) ;
#9098 = ORIENTED_EDGE ( 'NONE', *, *, #4633, .F. ) ;
#9099 = CALENDAR_DATE ( 2012, 11, 5 ) ;
#9100 = ORIENTED_EDGE ( 'NONE', *, *, #4771, .T. ) ;
#9101 = ORIENTED_EDGE ( 'NONE', *, *, #4613, .F. ) ;
#9102 = ORIENTED_EDGE ( 'NONE', *, *, #4058, .F. ) ;
#9103 = CC_DESIGN_APPROVAL ( #172, ( #31 ) ) ;
#9104 = ORIENTED_EDGE ( 'NONE', *, *, #4694, .F. ) ;
#9106 = ORIENTED_EDGE ( 'NONE', *, *, #4433, .F. ) ;
#9105 = FACE_OUTER_BOUND ( 'NONE', #5214, .T. ) ;
#9107 = ORIENTED_EDGE ( 'NONE', *, *, #4143, .F. ) ;
#9108 = ORIENTED_EDGE ( 'NONE', *, *, #3954, .T. ) ;
#9109 = ORIENTED_EDGE ( 'NONE', *, *, #4368, .F. ) ;
#9110 = VECTOR ( 'NONE', #3483, 1000.000000000000100 ) ;
#9111 = ORIENTED_EDGE ( 'NONE', *, *, #4013, .T. ) ;
#9112 = ORIENTED_EDGE ( 'NONE', *, *, #4743, .F. ) ;
#9113 = COORDINATED_UNIVERSAL_TIME_OFFSET ( 0, 0, .AHEAD. ) ;
#9114 = ORIENTED_EDGE ( 'NONE', *, *, #4008, .T. ) ;
#9115 = FACE_OUTER_BOUND ( 'NONE', #5375, .T. ) ;
#9116 = ORIENTED_EDGE ( 'NONE', *, *, #4462, .T. ) ;
#9117 = ORIENTED_EDGE ( 'NONE', *, *, #4363, .F. ) ;
#9118 = ORIENTED_EDGE ( 'NONE', *, *, #4801, .F. ) ;
#9119 = ORIENTED_EDGE ( 'NONE', *, *, #4781, .T. ) ;
#9120 = ORIENTED_EDGE ( 'NONE', *, *, #4084, .T. ) ;
#9121 = CALENDAR_DATE ( 2012, 11, 5 ) ;
#9122 = ORIENTED_EDGE ( 'NONE', *, *, #3996, .F. ) ;
#9123 = ORIENTED_EDGE ( 'NONE', *, *, #4608, .F. ) ;
#9124 = ORIENTED_EDGE ( 'NONE', *, *, #4174, .T. ) ;
#9125 = ORIENTED_EDGE ( 'NONE', *, *, #4753, .T. ) ;
#9126 = ORIENTED_EDGE ( 'NONE', *, *, #3954, .F. ) ;
#9128 = ORIENTED_EDGE ( 'NONE', *, *, #4789, .F. ) ;
#9127 = APPROVAL_PERSON_ORGANIZATION ( #3775, #70, #3773 ) ;
#9129 = ORIENTED_EDGE ( 'NONE', *, *, #4160, .T. ) ;
#9130 = CYLINDRICAL_SURFACE ( 'NONE', #9148, 4.000000000000001800 ) ;
#9131 = ORIENTED_EDGE ( 'NONE', *, *, #4177, .T. ) ;
#9132 = ORIENTED_EDGE ( 'NONE', *, *, #4146, .F. ) ;
#9133 = ORIENTED_EDGE ( 'NONE', *, *, #4438, .T. ) ;
#9134 = ORGANIZATION ( 'NAUO-ORG3', 'UNSPECIFIED', 'UNSPECIFIED' ) ;
#9135 = ORIENTED_EDGE ( 'NONE', *, *, #4434, .T. ) ;
#9136 = COORDINATED_UNIVERSAL_TIME_OFFSET ( 0, 0, .AHEAD. ) ;
#9137 = ORIENTED_EDGE ( 'NONE', *, *, #4499, .F. ) ;
#9139 = ORIENTED_EDGE ( 'NONE', *, *, #4476, .T. ) ;
#9138 = CC_DESIGN_APPROVAL ( #70, ( #9222 ) ) ;
#9140 = ORIENTED_EDGE ( 'NONE', *, *, #4483, .T. ) ;
#9141 = ORIENTED_EDGE ( 'NONE', *, *, #4434, .F. ) ;
#9142 = ORIENTED_EDGE ( 'NONE', *, *, #3947, .F. ) ;
#9143 = AXIS2_PLACEMENT_3D ( 'NONE', #3505, #3569, #3555 ) ;
#9144 = ORIENTED_EDGE ( 'NONE', *, *, #4458, .F. ) ;
#9145 = ORIENTED_EDGE ( 'NONE', *, *, #4509, .T. ) ;
#9146 = ORGANIZATION ( 'NAUO-ORG2', 'UNSPECIFIED', 'UNSPECIFIED' ) ;
#9147 = ORIENTED_EDGE ( 'NONE', *, *, #4740, .T. ) ;
#9148 = AXIS2_PLACEMENT_3D ( 'NONE', #3535, #3525, #3545 ) ;
#9149 = ORIENTED_EDGE ( 'NONE', *, *, #4461, .F. ) ;
#9150 = ORIENTED_EDGE ( 'NONE', *, *, #4483, .F. ) ;
#9152 = ORIENTED_EDGE ( 'NONE', *, *, #4478, .T. ) ;
#9151 = FACE_OUTER_BOUND ( 'NONE', #5498, .T. ) ;
#9153 = ORIENTED_EDGE ( 'NONE', *, *, #4508, .T. ) ;
#9154 = ORIENTED_EDGE ( 'NONE', *, *, #4427, .T. ) ;
#9155 = ORIENTED_EDGE ( 'NONE', *, *, #4780, .F. ) ;
#9156 = ORIENTED_EDGE ( 'NONE', *, *, #4617, .F. ) ;
#9157 = AXIS2_PLACEMENT_3D ( 'NONE', #3900, #3561, #3621 ) ;
#9158 = ORIENTED_EDGE ( 'NONE', *, *, #4555, .T. ) ;
#9159 = ORIENTED_EDGE ( 'NONE', *, *, #4665, .T. ) ;
#9161 = ORIENTED_EDGE ( 'NONE', *, *, #4165, .F. ) ;
#9160 = CC_DESIGN_SECURITY_CLASSIFICATION ( #9036, ( #9996 ) ) ;
#9162 = ORIENTED_EDGE ( 'NONE', *, *, #4220, .F. ) ;
#9163 = ORIENTED_EDGE ( 'NONE', *, *, #4715, .F. ) ;
#9164 = CALENDAR_DATE ( 2012, 11, 5 ) ;
#9165 = ORIENTED_EDGE ( 'NONE', *, *, #4775, .F. ) ;
#9166 = ORIENTED_EDGE ( 'NONE', *, *, #4512, .F. ) ;
#9167 = COORDINATED_UNIVERSAL_TIME_OFFSET ( 0, 0, .AHEAD. ) ;
#9168 = ORIENTED_EDGE ( 'NONE', *, *, #4652, .T. ) ;
#9169 = SECURITY_CLASSIFICATION ( '', '', #3787 ) ;
#9171 = ORIENTED_EDGE ( 'NONE', *, *, #4152, .T. ) ;
#9170 = AXIS2_PLACEMENT_3D ( 'NONE', #3919, #3922, #3926 ) ;
#9172 = ORIENTED_EDGE ( 'NONE', *, *, #4644, .T. ) ;
#9173 = ORIENTED_EDGE ( 'NONE', *, *, #4526, .F. ) ;
#9174 = COORDINATED_UNIVERSAL_TIME_OFFSET ( 0, 0, .AHEAD. ) ;
#9175 = ORIENTED_EDGE ( 'NONE', *, *, #4799, .T. ) ;
#9176 = ORIENTED_EDGE ( 'NONE', *, *, #4012, .T. ) ;
#9177 = FACE_OUTER_BOUND ( 'NONE', #5562, .T. ) ;
#9178 = ORIENTED_EDGE ( 'NONE', *, *, #3989, .T. ) ;
#9179 = ORIENTED_EDGE ( 'NONE', *, *, #4155, .T. ) ;
#9180 = APPROVAL_PERSON_ORGANIZATION ( #3825, #74, #3823 ) ;
#9181 = ORIENTED_EDGE ( 'NONE', *, *, #4521, .F. ) ;
#9182 = FACE_BOUND ( 'NONE', #5258, .T. ) ;
#9183 = ORIENTED_EDGE ( 'NONE', *, *, #4095, .F. ) ;
#9184 = ORIENTED_EDGE ( 'NONE', *, *, #4532, .F. ) ;
#9186 = ORIENTED_EDGE ( 'NONE', *, *, #4021, .F. ) ;
#9185 = CC_DESIGN_APPROVAL ( #212, ( #9093 ) ) ;
#9187 = ORIENTED_EDGE ( 'NONE', *, *, #4090, .F. ) ;
#9188 = FACE_OUTER_BOUND ( 'NONE', #5525, .T. ) ;
#9189 = COORDINATED_UNIVERSAL_TIME_OFFSET ( 0, 0, .AHEAD. ) ;
#9191 = ORIENTED_EDGE ( 'NONE', *, *, #4402, .T. ) ;
#9190 = CYLINDRICAL_SURFACE ( 'NONE', #9157, 10.50000000000000000 ) ;
#9192 = ORIENTED_EDGE ( 'NONE', *, *, #4048, .F. ) ;
#9193 = ORIENTED_EDGE ( 'NONE', *, *, #4707, .F. ) ;
#9194 = ORIENTED_EDGE ( 'NONE', *, *, #4761, .T. ) ;
#9196 = ORIENTED_EDGE ( 'NONE', *, *, #4062, .T. ) ;
#9195 = COORDINATED_UNIVERSAL_TIME_OFFSET ( 0, 0, .AHEAD. ) ;
#9197 = ORIENTED_EDGE ( 'NONE', *, *, #4070, .T. ) ;
#9198 = ORIENTED_EDGE ( 'NONE', *, *, #4065, .T. ) ;
#9199 = AXIS2_PLACEMENT_3D ( 'NONE', #3770, #3731, #3914 ) ;
#9200 = ORIENTED_EDGE ( 'NONE', *, *, #4154, .F. ) ;
#9201 = ORIENTED_EDGE ( 'NONE', *, *, #4051, .F. ) ;
#9202 = CYLINDRICAL_SURFACE ( 'NONE', #9199, 2.000000000000001800 ) ;
#9203 = ORIENTED_EDGE ( 'NONE', *, *, #4787, .F. ) ;
#9205 = ORIENTED_EDGE ( 'NONE', *, *, #4671, .T. ) ;
#9204 = CALENDAR_DATE ( 2012, 11, 5 ) ;
#9206 = ORIENTED_EDGE ( 'NONE', *, *, #4204, .T. ) ;
#9207 = ORIENTED_EDGE ( 'NONE', *, *, #4118, .T. ) ;
#9208 = CALENDAR_DATE ( 2012, 11, 5 ) ;
#9209 = ORIENTED_EDGE ( 'NONE', *, *, #4706, .F. ) ;
#9210 = ORIENTED_EDGE ( 'NONE', *, *, #4400, .F. ) ;
#9211 = ORGANIZATION ( 'NAUO-ORG4', 'UNSPECIFIED', 'UNSPECIFIED' ) ;
#9212 = ORIENTED_EDGE ( 'NONE', *, *, #4006, .T. ) ;
#9214 = ORIENTED_EDGE ( 'NONE', *, *, #4659, .T. ) ;
#9213 = COORDINATED_UNIVERSAL_TIME_OFFSET ( 0, 0, .AHEAD. ) ;
#9216 = ORIENTED_EDGE ( 'NONE', *, *, #4649, .T. ) ;
#9215 = FACE_OUTER_BOUND ( 'NONE', #5260, .T. ) ;
#9217 = ORIENTED_EDGE ( 'NONE', *, *, #4220, .T. ) ;
#9218 = COORDINATED_UNIVERSAL_TIME_OFFSET ( 0, 0, .AHEAD. ) ;
#9219 = ORIENTED_EDGE ( 'NONE', *, *, #4812, .F. ) ;
#9220 = ORIENTED_EDGE ( 'NONE', *, *, #4609, .F. ) ;
#9221 = APPROVAL_PERSON_ORGANIZATION ( #3592, #246, #3596 ) ;
#9222 = SECURITY_CLASSIFICATION ( '', '', #3762 ) ;
#9223 = AXIS2_PLACEMENT_3D ( 'NONE', #3778, #3807, #3814 ) ;
#9224 = AXIS2_PLACEMENT_3D ( 'NONE', #3791, #3741, #3757 ) ;
#9225 = AXIS2_PLACEMENT_3D ( 'NONE', #6213, #6212, #6211 ) ;
#9226 = ORIENTED_EDGE ( 'NONE', *, *, #4521, .T. ) ;
#9227 = ORIENTED_EDGE ( 'NONE', *, *, #4065, .F. ) ;
#9228 = FACE_OUTER_BOUND ( 'NONE', #5527, .T. ) ;
#9229 = FACE_OUTER_BOUND ( 'NONE', #5197, .T. ) ;
#9230 = ORIENTED_EDGE ( 'NONE', *, *, #4508, .F. ) ;
#9231 = AXIS2_PLACEMENT_3D ( 'NONE', #3469, #3835, #3723 ) ;
#9232 = CYLINDRICAL_SURFACE ( 'NONE', #9231, 4.250000000000003600 ) ;
#9233 = ORIENTED_EDGE ( 'NONE', *, *, #4514, .T. ) ;
#9234 = FACE_OUTER_BOUND ( 'NONE', #5193, .T. ) ;
#9235 = AXIS2_PLACEMENT_3D ( 'NONE', #3863, #3647, #3853 ) ;
#9236 = AXIS2_PLACEMENT_3D ( 'NONE', #3625, #3930, #3617 ) ;
#9237 = FACE_OUTER_BOUND ( 'NONE', #5294, .T. ) ;
#9238 = VECTOR ( 'NONE', #3684, 1000.000000000000000 ) ;
#9239 = FACE_OUTER_BOUND ( 'NONE', #5297, .T. ) ;
#9240 = CYLINDRICAL_SURFACE ( 'NONE', #9242, 9.000000000000001800 ) ;
#9241 = AXIS2_PLACEMENT_3D ( 'NONE', #3382, #3419, #3426 ) ;
#9242 = AXIS2_PLACEMENT_3D ( 'NONE', #3751, #3933, #3937 ) ;
#9243 = ORIENTED_EDGE ( 'NONE', *, *, #4799, .F. ) ;
#9245 = ORIENTED_EDGE ( 'NONE', *, *, #4034, .T. ) ;
#9244 = FACE_OUTER_BOUND ( 'NONE', #5464, .T. ) ;
#9246 = ORIENTED_EDGE ( 'NONE', *, *, #4118, .F. ) ;
#9247 = ORIENTED_EDGE ( 'NONE', *, *, #4660, .F. ) ;
#9248 = CYLINDRICAL_SURFACE ( 'NONE', #9250, 4.250000000000003600 ) ;
#9249 = ORIENTED_EDGE ( 'NONE', *, *, #4648, .T. ) ;
#9250 = AXIS2_PLACEMENT_3D ( 'NONE', #3692, #3764, #3700 ) ;
#9251 = ORIENTED_EDGE ( 'NONE', *, *, #4005, .F. ) ;
#9252 = FACE_OUTER_BOUND ( 'NONE', #5227, .T. ) ;
#9253 = ORIENTED_EDGE ( 'NONE', *, *, #4308, .T. ) ;
#9254 = AXIS2_PLACEMENT_3D ( 'NONE', #3706, #3799, #3713 ) ;
#9255 = FACE_OUTER_BOUND ( 'NONE', #5236, .T. ) ;
#9256 = ORIENTED_EDGE ( 'NONE', *, *, #7076, .T. ) ;
#9257 = VECTOR ( 'NONE', #3439, 1000.000000000000000 ) ;
#9258 = ORIENTED_EDGE ( 'NONE', *, *, #7142, .T. ) ;
#9259 = ORIENTED_EDGE ( 'NONE', *, *, #6997, .T. ) ;
#9260 = FACE_OUTER_BOUND ( 'NONE', #5458, .T. ) ;
#9261 = VECTOR ( 'NONE', #3338, 1000.000000000000100 ) ;
#9262 = ORIENTED_EDGE ( 'NONE', *, *, #4114, .T. ) ;
#9263 = CYLINDRICAL_SURFACE ( 'NONE', #9254, 14.49999999999999500 ) ;
#9264 = ORIENTED_EDGE ( 'NONE', *, *, #4706, .T. ) ;
#9265 = ORIENTED_EDGE ( 'NONE', *, *, #4794, .F. ) ;
#9266 = ORIENTED_EDGE ( 'NONE', *, *, #4400, .T. ) ;
#9267 = ORIENTED_EDGE ( 'NONE', *, *, #3964, .F. ) ;
#9268 = AXIS2_PLACEMENT_3D ( 'NONE', #3445, #3461, #3475 ) ;
#9269 = ORIENTED_EDGE ( 'NONE', *, *, #4596, .F. ) ;
#9270 = ORIENTED_EDGE ( 'NONE', *, *, #3993, .T. ) ;
#9271 = ORIENTED_EDGE ( 'NONE', *, *, #3971, .F. ) ;
#9272 = AXIS2_PLACEMENT_3D ( 'NONE', #3871, #3323, #3346 ) ;
#9273 = ORIENTED_EDGE ( 'NONE', *, *, #3964, .T. ) ;
#9274 = ORIENTED_EDGE ( 'NONE', *, *, #4607, .T. ) ;
#9275 = CYLINDRICAL_SURFACE ( 'NONE', #9272, 8.249999999999971600 ) ;
#9276 = ORIENTED_EDGE ( 'NONE', *, *, #3985, .T. ) ;
#9277 = AXIS2_PLACEMENT_3D ( 'NONE', #3896, #3891, #3888 ) ;
#9278 = ORIENTED_EDGE ( 'NONE', *, *, #4644, .F. ) ;
#9280 = ORIENTED_EDGE ( 'NONE', *, *, #4659, .F. ) ;
#9279 = FACE_OUTER_BOUND ( 'NONE', #5402, .T. ) ;
#9281 = ORIENTED_EDGE ( 'NONE', *, *, #4141, .T. ) ;
#9282 = FACE_OUTER_BOUND ( 'NONE', #5441, .T. ) ;
#9283 = ORIENTED_EDGE ( 'NONE', *, *, #4027, .T. ) ;
#9284 = AXIS2_PLACEMENT_3D ( 'NONE', #3867, #3880, #3876 ) ;
#9285 = ORIENTED_EDGE ( 'NONE', *, *, #4652, .F. ) ;
#9287 = ORIENTED_EDGE ( 'NONE', *, *, #4794, .T. ) ;
#9286 = CYLINDRICAL_SURFACE ( 'NONE', #9284, 18.49999999999999600 ) ;
#9288 = ORIENTED_EDGE ( 'NONE', *, *, #4048, .T. ) ;
#9289 = AXIS2_PLACEMENT_3D ( 'NONE', #3786, #3772, #3858 ) ;
#9290 = ORIENTED_EDGE ( 'NONE', *, *, #4504, .T. ) ;
#9291 = FACE_OUTER_BOUND ( 'NONE', #5543, .T. ) ;
#9292 = ORIENTED_EDGE ( 'NONE', *, *, #4079, .T. ) ;
#9293 = FACE_OUTER_BOUND ( 'NONE', #5321, .T. ) ;
#9294 = ORIENTED_EDGE ( 'NONE', *, *, #3951, .T. ) ;
#9296 = ORIENTED_EDGE ( 'NONE', *, *, #4498, .T. ) ;
#9295 = FACE_OUTER_BOUND ( 'NONE', #5223, .T. ) ;
#9297 = ORIENTED_EDGE ( 'NONE', *, *, #4106, .F. ) ;
#9298 = ORIENTED_EDGE ( 'NONE', *, *, #4740, .F. ) ;
#9299 = VECTOR ( 'NONE', #3915, 1000.000000000000000 ) ;
#9300 = ORIENTED_EDGE ( 'NONE', *, *, #4473, .T. ) ;
#9301 = ORIENTED_EDGE ( 'NONE', *, *, #4435, .T. ) ;
#9302 = FACE_OUTER_BOUND ( 'NONE', #5439, .T. ) ;
#9303 = ORIENTED_EDGE ( 'NONE', *, *, #4331, .F. ) ;
#9304 = ORIENTED_EDGE ( 'NONE', *, *, #4498, .F. ) ;
#9306 = ORIENTED_EDGE ( 'NONE', *, *, #4610, .T. ) ;
#9305 = VECTOR ( 'NONE', #3295, 1000.000000000000000 ) ;
#9307 = ORIENTED_EDGE ( 'NONE', *, *, #4175, .T. ) ;
#9308 = ORIENTED_EDGE ( 'NONE', *, *, #4215, .F. ) ;
#9309 = AXIS2_PLACEMENT_3D ( 'NONE', #3739, #3686, #3252 ) ;
#9310 = ORIENTED_EDGE ( 'NONE', *, *, #4480, .F. ) ;
#9311 = ORIENTED_EDGE ( 'NONE', *, *, #4134, .T. ) ;
#9312 = ORIENTED_EDGE ( 'NONE', *, *, #4043, .T. ) ;
#9313 = ORIENTED_EDGE ( 'NONE', *, *, #4094, .F. ) ;
#9314 = FACE_OUTER_BOUND ( 'NONE', #5293, .T. ) ;
#9315 = ORIENTED_EDGE ( 'NONE', *, *, #4043, .F. ) ;
#9316 = ORIENTED_EDGE ( 'NONE', *, *, #4505, .F. ) ;
#9318 = ORIENTED_EDGE ( 'NONE', *, *, #4151, .T. ) ;
#9317 = VECTOR ( 'NONE', #3321, 1000.000000000000000 ) ;
#9319 = ORIENTED_EDGE ( 'NONE', *, *, #4437, .T. ) ;
#9320 = ORIENTED_EDGE ( 'NONE', *, *, #3972, .T. ) ;
#9321 = ORIENTED_EDGE ( 'NONE', *, *, #4178, .F. ) ;
#9322 = ORIENTED_EDGE ( 'NONE', *, *, #4437, .F. ) ;
#9323 = VECTOR ( 'NONE', #3394, 1000.000000000000000 ) ;
#9324 = ORIENTED_EDGE ( 'NONE', *, *, #4145, .F. ) ;
#9325 = ORIENTED_EDGE ( 'NONE', *, *, #4643, .T. ) ;
#9326 = ORIENTED_EDGE ( 'NONE', *, *, #4453, .T. ) ;
#9327 = ORIENTED_EDGE ( 'NONE', *, *, #4159, .T. ) ;
#9328 = ORIENTED_EDGE ( 'NONE', *, *, #4173, .F. ) ;
#9329 = VECTOR ( 'NONE', #3918, 1000.000000000000000 ) ;
#9330 = ORIENTED_EDGE ( 'NONE', *, *, #3991, .T. ) ;
#9331 = ORIENTED_EDGE ( 'NONE', *, *, #3972, .F. ) ;
#9332 = AXIS2_PLACEMENT_3D ( 'NONE', #3521, #3834, #3541 ) ;
#9333 = ORIENTED_EDGE ( 'NONE', *, *, #4159, .F. ) ;
#9334 = ORIENTED_EDGE ( 'NONE', *, *, #4001, .F. ) ;
#9335 = ORIENTED_EDGE ( 'NONE', *, *, #4460, .T. ) ;
#9336 = ORIENTED_EDGE ( 'NONE', *, *, #4472, .T. ) ;
#9338 = ORIENTED_EDGE ( 'NONE', *, *, #3963, .T. ) ;
#9337 = AXIS2_PLACEMENT_3D ( 'NONE', #3289, #3291, #3725 ) ;
#9339 = ORIENTED_EDGE ( 'NONE', *, *, #4448, .F. ) ;
#9340 = ORIENTED_EDGE ( 'NONE', *, *, #3991, .F. ) ;
#9341 = FACE_OUTER_BOUND ( 'NONE', #5324, .T. ) ;
#9342 = ORIENTED_EDGE ( 'NONE', *, *, #4458, .T. ) ;
#9343 = ORIENTED_EDGE ( 'NONE', *, *, #3963, .F. ) ;
#9344 = VECTOR ( 'NONE', #3743, 1000.000000000000100 ) ;
#9345 = ORIENTED_EDGE ( 'NONE', *, *, #4467, .F. ) ;
#9346 = ORIENTED_EDGE ( 'NONE', *, *, #3968, .T. ) ;
#9348 = ORIENTED_EDGE ( 'NONE', *, *, #3968, .F. ) ;
#9347 = AXIS2_PLACEMENT_3D ( 'NONE', #3886, #3577, #3761 ) ;
#9349 = ORIENTED_EDGE ( 'NONE', *, *, #4467, .T. ) ;
#9350 = ORIENTED_EDGE ( 'NONE', *, *, #3982, .F. ) ;
#9351 = VECTOR ( 'NONE', #3366, 1000.000000000000000 ) ;
#9352 = ORIENTED_EDGE ( 'NONE', *, *, #4050, .T. ) ;
#9353 = ORIENTED_EDGE ( 'NONE', *, *, #4472, .F. ) ;
#9354 = ORIENTED_EDGE ( 'NONE', *, *, #4448, .T. ) ;
#9355 = ORIENTED_EDGE ( 'NONE', *, *, #3980, .F. ) ;
#9356 = VECTOR ( 'NONE', #3870, 1000.000000000000000 ) ;
#9357 = ORIENTED_EDGE ( 'NONE', *, *, #3982, .T. ) ;
#9358 = ORIENTED_EDGE ( 'NONE', *, *, #4460, .F. ) ;
#9359 = ORIENTED_EDGE ( 'NONE', *, *, #4001, .T. ) ;
#9360 = ORIENTED_EDGE ( 'NONE', *, *, #4748, .F. ) ;
#9361 = ORIENTED_EDGE ( 'NONE', *, *, #3980, .T. ) ;
#9362 = ORIENTED_EDGE ( 'NONE', *, *, #4453, .F. ) ;
#9363 = ORIENTED_EDGE ( 'NONE', *, *, #4173, .T. ) ;
#9364 = ORIENTED_EDGE ( 'NONE', *, *, #4086, .F. ) ;
#9365 = CYLINDRICAL_SURFACE ( 'NONE', #9347, 7.500000000000002700 ) ;
#9366 = ORIENTED_EDGE ( 'NONE', *, *, #4748, .T. ) ;
#9367 = ORIENTED_EDGE ( 'NONE', *, *, #4643, .F. ) ;
#9368 = ORIENTED_EDGE ( 'NONE', *, *, #4145, .T. ) ;
#9369 = ORIENTED_EDGE ( 'NONE', *, *, #4086, .T. ) ;
#9370 = ORIENTED_EDGE ( 'NONE', *, *, #4151, .F. ) ;
#9371 = AXIS2_PLACEMENT_3D ( 'NONE', #3513, #3232, #3715 ) ;
#9372 = ORIENTED_EDGE ( 'NONE', *, *, #4134, .F. ) ;
#9373 = ORIENTED_EDGE ( 'NONE', *, *, #4178, .T. ) ;
#9374 = FACE_OUTER_BOUND ( 'NONE', #5430, .T. ) ;
#9375 = ORIENTED_EDGE ( 'NONE', *, *, #4610, .F. ) ;
#9376 = ORIENTED_EDGE ( 'NONE', *, *, #4505, .T. ) ;
#9378 = ORIENTED_EDGE ( 'NONE', *, *, #4175, .F. ) ;
#9377 = AXIS2_PLACEMENT_3D ( 'NONE', #3283, #3658, #3533 ) ;
#9379 = ORIENTED_EDGE ( 'NONE', *, *, #4480, .T. ) ;
#9380 = ORIENTED_EDGE ( 'NONE', *, *, #4631, .F. ) ;
#9381 = ORIENTED_EDGE ( 'NONE', *, *, #4094, .T. ) ;
#9382 = AXIS2_PLACEMENT_3D ( 'NONE', #3666, #3587, #3489 ) ;
#9383 = ORIENTED_EDGE ( 'NONE', *, *, #4473, .F. ) ;
#9384 = ORIENTED_EDGE ( 'NONE', *, *, #4331, .T. ) ;
#9385 = FACE_OUTER_BOUND ( 'NONE', #5560, .T. ) ;
#9386 = ORIENTED_EDGE ( 'NONE', *, *, #4180, .T. ) ;
#9387 = ORIENTED_EDGE ( 'NONE', *, *, #4060, .F. ) ;
#9389 = ORIENTED_EDGE ( 'NONE', *, *, #4478, .F. ) ;
#9388 = FACE_OUTER_BOUND ( 'NONE', #5320, .T. ) ;
#9390 = ORIENTED_EDGE ( 'NONE', *, *, #4106, .T. ) ;
#9391 = ORIENTED_EDGE ( 'NONE', *, *, #4168, .F. ) ;
#9392 = CYLINDRICAL_SURFACE ( 'NONE', #9423, 14.49999999999999500 ) ;
#9393 = ORIENTED_EDGE ( 'NONE', *, *, #4060, .T. ) ;
#9394 = ORIENTED_EDGE ( 'NONE', *, *, #4509, .F. ) ;
#9395 = FACE_OUTER_BOUND ( 'NONE', #5317, .T. ) ;
#9396 = ORIENTED_EDGE ( 'NONE', *, *, #4461, .T. ) ;
#9397 = ORIENTED_EDGE ( 'NONE', *, *, #4476, .F. ) ;
#9398 = FACE_OUTER_BOUND ( 'NONE', #5221, .T. ) ;
#9399 = ORIENTED_EDGE ( 'NONE', *, *, #4168, .T. ) ;
#9400 = ORIENTED_EDGE ( 'NONE', *, *, #4438, .F. ) ;
#9402 = ORIENTED_EDGE ( 'NONE', *, *, #4499, .T. ) ;
#9401 = AXIS2_PLACEMENT_3D ( 'NONE', #3303, #3851, #3467 ) ;
#9403 = ORIENTED_EDGE ( 'NONE', *, *, #4050, .F. ) ;
#9404 = ORIENTED_EDGE ( 'NONE', *, *, #3947, .T. ) ;
#9405 = AXIS2_PLACEMENT_3D ( 'NONE', #3553, #3337, #3899 ) ;
#9406 = ORIENTED_EDGE ( 'NONE', *, *, #4435, .F. ) ;
#9407 = ORIENTED_EDGE ( 'NONE', *, *, #4631, .T. ) ;
#9408 = FACE_OUTER_BOUND ( 'NONE', #5399, .T. ) ;
#9409 = ORIENTED_EDGE ( 'NONE', *, *, #4779, .F. ) ;
#9410 = ORIENTED_EDGE ( 'NONE', *, *, #4099, .T. ) ;
#9412 = ORIENTED_EDGE ( 'NONE', *, *, #4180, .F. ) ;
#9411 = FACE_OUTER_BOUND ( 'NONE', #5521, .T. ) ;
#9413 = ORIENTED_EDGE ( 'NONE', *, *, #4215, .T. ) ;
#9414 = ORIENTED_EDGE ( 'NONE', *, *, #4099, .F. ) ;
#9415 = ORIENTED_EDGE ( 'NONE', *, *, #4779, .T. ) ;
#9416 = CC_DESIGN_APPROVAL ( #39, ( #9821 ) ) ;
#9417 = ORIENTED_EDGE ( 'NONE', *, *, #4713, .F. ) ;
#9418 = AXIS2_PLACEMENT_3D ( 'NONE', #3605, #3477, #3324 ) ;
#9419 = ORIENTED_EDGE ( 'NONE', *, *, #4484, .F. ) ;
#9420 = ORIENTED_EDGE ( 'NONE', *, *, #4014, .T. ) ;
#9421 = CALENDAR_DATE ( 2012, 11, 5 ) ;
#9422 = ORIENTED_EDGE ( 'NONE', *, *, #4493, .T. ) ;
#9424 = ORIENTED_EDGE ( 'NONE', *, *, #4484, .T. ) ;
#9423 = AXIS2_PLACEMENT_3D ( 'NONE', #3401, #3457, #3264 ) ;
#9425 = ORIENTED_EDGE ( 'NONE', *, *, #4493, .F. ) ;
#9426 = ORIENTED_EDGE ( 'NONE', *, *, #4107, .T. ) ;
#9427 = FACE_OUTER_BOUND ( 'NONE', #5412, .T. ) ;
#9428 = ORIENTED_EDGE ( 'NONE', *, *, #4137, .F. ) ;
#9429 = ORIENTED_EDGE ( 'NONE', *, *, #4107, .F. ) ;
#9430 = VECTOR ( 'NONE', #3299, 1000.000000000000100 ) ;
#9431 = ORIENTED_EDGE ( 'NONE', *, *, #4137, .T. ) ;
#9432 = ORIENTED_EDGE ( 'NONE', *, *, #4713, .T. ) ;
#9433 = FACE_OUTER_BOUND ( 'NONE', #5218, .T. ) ;
#9434 = ORIENTED_EDGE ( 'NONE', *, *, #4014, .F. ) ;
#9435 = ORIENTED_EDGE ( 'NONE', *, *, #4531, .F. ) ;
#9436 = ORIENTED_EDGE ( 'NONE', *, *, #4600, .F. ) ;
#9437 = ORIENTED_EDGE ( 'NONE', *, *, #4427, .F. ) ;
#9438 = AXIS2_PLACEMENT_3D ( 'NONE', #3719, #3318, #3310 ) ;
#9439 = ORIENTED_EDGE ( 'NONE', *, *, #4636, .F. ) ;
#9440 = ORIENTED_EDGE ( 'NONE', *, *, #4702, .F. ) ;
#9441 = AXIS2_PLACEMENT_3D ( 'NONE', #3619, #3927, #3698 ) ;
#9442 = ORIENTED_EDGE ( 'NONE', *, *, #4749, .F. ) ;
#9443 = ORIENTED_EDGE ( 'NONE', *, *, #4564, .F. ) ;
#9444 = AXIS2_PLACEMENT_3D ( 'NONE', #3889, #3455, #3364 ) ;
#9445 = ORIENTED_EDGE ( 'NONE', *, *, #4653, .F. ) ;
#9446 = ORIENTED_EDGE ( 'NONE', *, *, #4729, .F. ) ;
#9448 = ORIENTED_EDGE ( 'NONE', *, *, #4070, .F. ) ;
#9447 = AXIS2_PLACEMENT_3D ( 'NONE', #3395, #3571, #3585 ) ;
#9449 = ORIENTED_EDGE ( 'NONE', *, *, #4034, .F. ) ;
#9450 = ORIENTED_EDGE ( 'NONE', *, *, #4012, .F. ) ;
#9451 = FACE_OUTER_BOUND ( 'NONE', #5312, .T. ) ;
#9452 = ORIENTED_EDGE ( 'NONE', *, *, #4504, .F. ) ;
#9453 = ORIENTED_EDGE ( 'NONE', *, *, #4763, .F. ) ;
#9454 = CALENDAR_DATE ( 2012, 11, 5 ) ;
#9455 = ORIENTED_EDGE ( 'NONE', *, *, #4104, .F. ) ;
#9456 = CALENDAR_DATE ( 2012, 11, 5 ) ;
#9457 = ORIENTED_EDGE ( 'NONE', *, *, #3989, .F. ) ;
#9459 = ORIENTED_EDGE ( 'NONE', *, *, #4664, .F. ) ;
#9458 = AXIS2_PLACEMENT_3D ( 'NONE', #3422, #3549, #3529 ) ;
#9460 = ORIENTED_EDGE ( 'NONE', *, *, #4122, .F. ) ;
#9461 = ORIENTED_EDGE ( 'NONE', *, *, #4655, .F. ) ;
#9462 = AXIS2_PLACEMENT_3D ( 'NONE', #3449, #3432, #3503 ) ;
#9463 = ORIENTED_EDGE ( 'NONE', *, *, #3993, .F. ) ;
#9464 = ORIENTED_EDGE ( 'NONE', *, *, #4455, .F. ) ;
#9465 = ORIENTED_EDGE ( 'NONE', *, *, #4079, .F. ) ;
#9466 = FACE_OUTER_BOUND ( 'NONE', #5211, .T. ) ;
#9467 = FACE_OUTER_BOUND ( 'NONE', #5545, .T. ) ;
#9468 = ORIENTED_EDGE ( 'NONE', *, *, #4609, .T. ) ;
#9469 = AXIS2_PLACEMENT_3D ( 'NONE', #3389, #3603, #3413 ) ;
#9470 = CYLINDRICAL_SURFACE ( 'NONE', #9469, 6.749999999999978700 ) ;
#9471 = AXIS2_PLACEMENT_3D ( 'NONE', #3393, #3402, #3820 ) ;
#9472 = FACE_OUTER_BOUND ( 'NONE', #5575, .T. ) ;
#9473 = FACE_OUTER_BOUND ( 'NONE', #5414, .T. ) ;
#9474 = AXIS2_PLACEMENT_3D ( 'NONE', #3664, #3356, #3372 ) ;
#9475 = CYLINDRICAL_SURFACE ( 'NONE', #9474, 2.000000000000001800 ) ;
#9476 = FACE_OUTER_BOUND ( 'NONE', #5209, .T. ) ;
#9477 = AXIS2_PLACEMENT_3D ( 'NONE', #3650, #3824, #3375 ) ;
#9478 = AXIS2_PLACEMENT_3D ( 'NONE', #3873, #3936, #3465 ) ;
#9479 = FACE_OUTER_BOUND ( 'NONE', #5309, .T. ) ;
#9480 = AXIS2_PLACEMENT_3D ( 'NONE', #3811, #3882, #3368 ) ;
#9481 = ORIENTED_EDGE ( 'NONE', *, *, #4021, .T. ) ;
#9483 = ORIENTED_EDGE ( 'NONE', *, *, #4165, .T. ) ;
#9482 = AXIS2_PLACEMENT_3D ( 'NONE', #3766, #3818, #3523 ) ;
#9484 = ORIENTED_EDGE ( 'NONE', *, *, #4562, .F. ) ;
#9485 = AXIS2_PLACEMENT_3D ( 'NONE', #3672, #3335, #3325 ) ;
#9486 = ORIENTED_EDGE ( 'NONE', *, *, #4607, .F. ) ;
#9487 = FACE_OUTER_BOUND ( 'NONE', #5574, .T. ) ;
#9488 = ORIENTED_EDGE ( 'NONE', *, *, #4769, .T. ) ;
#9489 = ORIENTED_EDGE ( 'NONE', *, *, #4596, .T. ) ;
#9490 = FACE_OUTER_BOUND ( 'NONE', #5307, .T. ) ;
#9491 = AXIS2_PLACEMENT_3D ( 'NONE', #3519, #3485, #3803 ) ;
#9492 = COORDINATED_UNIVERSAL_TIME_OFFSET ( 0, 0, .AHEAD. ) ;
#9493 = AXIS2_PLACEMENT_3D ( 'NONE', #3380, #3789, #3497 ) ;
#9494 = FACE_OUTER_BOUND ( 'NONE', #5314, .T. ) ;
#9495 = FACE_OUTER_BOUND ( 'NONE', #5549, .T. ) ;
#9496 = FACE_OUTER_BOUND ( 'NONE', #5400, .T. ) ;
#9497 = FACE_BOUND ( 'NONE', #5548, .T. ) ;
#9498 = VECTOR ( 'NONE', #1241, 1000.000000000000000 ) ;
#9499 = ORIENTED_EDGE ( 'NONE', *, *, #4793, .F. ) ;
#9501 = ORIENTED_EDGE ( 'NONE', *, *, #3969, .F. ) ;
#9500 = CYLINDRICAL_SURFACE ( 'NONE', #9491, 1.999999999999988000 ) ;
#9502 = ORIENTED_EDGE ( 'NONE', *, *, #4397, .F. ) ;
#9503 = CYLINDRICAL_SURFACE ( 'NONE', #9508, 7.500000000000002700 ) ;
#9504 = ORIENTED_EDGE ( 'NONE', *, *, #4156, .F. ) ;
#9505 = AXIS2_PLACEMENT_3D ( 'NONE', #1236, #1237, #1238 ) ;
#9506 = ORIENTED_EDGE ( 'NONE', *, *, #4421, .T. ) ;
#9507 = ORIENTED_EDGE ( 'NONE', *, *, #4536, .T. ) ;
#9508 = AXIS2_PLACEMENT_3D ( 'NONE', #1242, #3887, #3838 ) ;
#9509 = FACE_OUTER_BOUND ( 'NONE', #5205, .T. ) ;
#9510 = ORIENTED_EDGE ( 'NONE', *, *, #4032, .F. ) ;
#9511 = CYLINDRICAL_SURFACE ( 'NONE', #9512, 19.00000000000001100 ) ;
#9512 = AXIS2_PLACEMENT_3D ( 'NONE', #1232, #1233, #1234 ) ;
#9513 = FACE_OUTER_BOUND ( 'NONE', #5199, .T. ) ;
#9514 = CYLINDRICAL_SURFACE ( 'NONE', #9515, 4.250000000000003600 ) ;
#9516 = ORIENTED_EDGE ( 'NONE', *, *, #4179, .F. ) ;
#9515 = AXIS2_PLACEMENT_3D ( 'NONE', #1229, #1230, #1231 ) ;
#9517 = VECTOR ( 'NONE', #1225, 1000.000000000000100 ) ;
#9518 = ORIENTED_EDGE ( 'NONE', *, *, #4528, .F. ) ;
#9519 = FACE_OUTER_BOUND ( 'NONE', #5389, .T. ) ;
#9520 = FACE_OUTER_BOUND ( 'NONE', #5396, .T. ) ;
#9521 = ORIENTED_EDGE ( 'NONE', *, *, #4005, .T. ) ;
#9522 = VECTOR ( 'NONE', #1218, 1000.000000000000000 ) ;
#9523 = ORIENTED_EDGE ( 'NONE', *, *, #4647, .F. ) ;
#9524 = AXIS2_PLACEMENT_3D ( 'NONE', #1226, #1227, #1228 ) ;
#9525 = ORIENTED_EDGE ( 'NONE', *, *, #4090, .T. ) ;
#9526 = AXIS2_PLACEMENT_3D ( 'NONE', #1220, #1221, #1222 ) ;
#9527 = FACE_OUTER_BOUND ( 'NONE', #5192, .T. ) ;
#9529 = ORIENTED_EDGE ( 'NONE', *, *, #4428, .F. ) ;
#9528 = AXIS2_PLACEMENT_3D ( 'NONE', #1213, #1214, #1215 ) ;
#9530 = ORIENTED_EDGE ( 'NONE', *, *, #4705, .F. ) ;
#9531 = FACE_OUTER_BOUND ( 'NONE', #5453, .T. ) ;
#9532 = FACE_OUTER_BOUND ( 'NONE', #5290, .T. ) ;
#9533 = ORIENTED_EDGE ( 'NONE', *, *, #4082, .F. ) ;
#9534 = VECTOR ( 'NONE', #1204, 1000.000000000000000 ) ;
#9535 = FACE_OUTER_BOUND ( 'NONE', #5292, .T. ) ;
#9536 = ORIENTED_EDGE ( 'NONE', *, *, #4701, .F. ) ;
#9537 = AXIS2_PLACEMENT_3D ( 'NONE', #1205, #1206, #1207 ) ;
#9538 = FACE_OUTER_BOUND ( 'NONE', #5296, .T. ) ;
#9539 = ORIENTED_EDGE ( 'NONE', *, *, #4027, .F. ) ;
#9540 = VECTOR ( 'NONE', #1194, 1000.000000000000000 ) ;
#9541 = ORIENTED_EDGE ( 'NONE', *, *, #4077, .T. ) ;
#9542 = ORIENTED_EDGE ( 'NONE', *, *, #4649, .F. ) ;
#9543 = AXIS2_PLACEMENT_3D ( 'NONE', #1198, #1199, #1200 ) ;
#9544 = ORIENTED_EDGE ( 'NONE', *, *, #4297, .T. ) ;
#9545 = ORIENTED_EDGE ( 'NONE', *, *, #4731, .F. ) ;
#9546 = ORIENTED_EDGE ( 'NONE', *, *, #4306, .F. ) ;
#9547 = FACE_OUTER_BOUND ( 'NONE', #5237, .T. ) ;
#9548 = ORIENTED_EDGE ( 'NONE', *, *, #4044, .F. ) ;
#9549 = ORIENTED_EDGE ( 'NONE', *, *, #4317, .T. ) ;
#9550 = VECTOR ( 'NONE', #1188, 1000.000000000000000 ) ;
#9551 = ORIENTED_EDGE ( 'NONE', *, *, #7117, .T. ) ;
#9552 = AXIS2_PLACEMENT_3D ( 'NONE', #1209, #1210, #1211 ) ;
#9553 = ORIENTED_EDGE ( 'NONE', *, *, #7067, .T. ) ;
#9554 = ORIENTED_EDGE ( 'NONE', *, *, #7072, .T. ) ;
#9555 = ORIENTED_EDGE ( 'NONE', *, *, #4144, .T. ) ;
#9556 = AXIS2_PLACEMENT_3D ( 'NONE', #1189, #1190, #1191 ) ;
#9557 = ORIENTED_EDGE ( 'NONE', *, *, #7126, .T. ) ;
#9558 = ORIENTED_EDGE ( 'NONE', *, *, #7162, .T. ) ;
#9560 = ORIENTED_EDGE ( 'NONE', *, *, #6985, .T. ) ;
#9559 = AXIS2_PLACEMENT_3D ( 'NONE', #1182, #1183, #1184 ) ;
#9561 = ORIENTED_EDGE ( 'NONE', *, *, #4640, .F. ) ;
#9562 = AXIS2_PLACEMENT_3D ( 'NONE', #1195, #1196, #1197 ) ;
#9563 = ORIENTED_EDGE ( 'NONE', *, *, #7008, .T. ) ;
#9564 = AXIS2_PLACEMENT_3D ( 'NONE', #1176, #1177, #1178 ) ;
#9565 = ORIENTED_EDGE ( 'NONE', *, *, #7114, .T. ) ;
#9566 = FACE_OUTER_BOUND ( 'NONE', #5322, .T. ) ;
#9567 = ORIENTED_EDGE ( 'NONE', *, *, #7091, .T. ) ;
#9568 = ORIENTED_EDGE ( 'NONE', *, *, #4217, .T. ) ;
#9569 = ORIENTED_EDGE ( 'NONE', *, *, #6986, .T. ) ;
#9570 = FACE_OUTER_BOUND ( 'NONE', #5524, .T. ) ;
#9571 = ORIENTED_EDGE ( 'NONE', *, *, #3975, .T. ) ;
#9572 = ORIENTED_EDGE ( 'NONE', *, *, #6980, .T. ) ;
#9573 = FACE_BOUND ( 'NONE', #5253, .T. ) ;
#9574 = ORIENTED_EDGE ( 'NONE', *, *, #7069, .T. ) ;
#9575 = AXIS2_PLACEMENT_3D ( 'NONE', #1172, #1173, #1174 ) ;
#9576 = ORIENTED_EDGE ( 'NONE', *, *, #7083, .T. ) ;
#9578 = ORIENTED_EDGE ( 'NONE', *, *, #7098, .T. ) ;
#9577 = AXIS2_PLACEMENT_3D ( 'NONE', #1179, #1180, #1181 ) ;
#9579 = ORIENTED_EDGE ( 'NONE', *, *, #6982, .T. ) ;
#9580 = FACE_OUTER_BOUND ( 'NONE', #5255, .T. ) ;
#9581 = ORIENTED_EDGE ( 'NONE', *, *, #4388, .F. ) ;
#9582 = AXIS2_PLACEMENT_3D ( 'NONE', #1168, #1169, #1170 ) ;
#9583 = ORIENTED_EDGE ( 'NONE', *, *, #7115, .T. ) ;
#9584 = ORIENTED_EDGE ( 'NONE', *, *, #7164, .T. ) ;
#9585 = CYLINDRICAL_SURFACE ( 'NONE', #9582, 23.75000000000002800 ) ;
#9586 = ORIENTED_EDGE ( 'NONE', *, *, #4731, .T. ) ;
#9587 = FACE_OUTER_BOUND ( 'NONE', #5359, .T. ) ;
#9588 = ORIENTED_EDGE ( 'NONE', *, *, #4671, .F. ) ;
#9589 = ORIENTED_EDGE ( 'NONE', *, *, #3975, .F. ) ;
#9590 = FACE_OUTER_BOUND ( 'NONE', #5374, .T. ) ;
#9591 = ORIENTED_EDGE ( 'NONE', *, *, #4140, .T. ) ;
#9592 = VECTOR ( 'NONE', #1159, 1000.000000000000000 ) ;
#9593 = ORIENTED_EDGE ( 'NONE', *, *, #4426, .T. ) ;
#9594 = ORIENTED_EDGE ( 'NONE', *, *, #4464, .F. ) ;
#9595 = ORIENTED_EDGE ( 'NONE', *, *, #4387, .T. ) ;
#9596 = AXIS2_PLACEMENT_3D ( 'NONE', #1165, #1166, #1167 ) ;
#9597 = ORIENTED_EDGE ( 'NONE', *, *, #4663, .T. ) ;
#9598 = AXIS2_PLACEMENT_3D ( 'NONE', #704, #982, #954 ) ;
#9599 = ORIENTED_EDGE ( 'NONE', *, *, #3967, .T. ) ;
#9600 = FACE_OUTER_BOUND ( 'NONE', #5203, .T. ) ;
#9601 = ORIENTED_EDGE ( 'NONE', *, *, #4423, .F. ) ;
#9602 = ORIENTED_EDGE ( 'NONE', *, *, #4009, .T. ) ;
#9603 = AXIS2_PLACEMENT_3D ( 'NONE', #1154, #1155, #1156 ) ;
#9604 = ORIENTED_EDGE ( 'NONE', *, *, #4037, .T. ) ;
#9605 = ORIENTED_EDGE ( 'NONE', *, *, #4452, .T. ) ;
#9606 = FACE_OUTER_BOUND ( 'NONE', #5381, .T. ) ;
#9607 = ORIENTED_EDGE ( 'NONE', *, *, #4793, .T. ) ;
#9608 = FACE_OUTER_BOUND ( 'NONE', #5462, .T. ) ;
#9609 = ORIENTED_EDGE ( 'NONE', *, *, #4709, .T. ) ;
#9611 = ORIENTED_EDGE ( 'NONE', *, *, #4775, .T. ) ;
#9610 = VECTOR ( 'NONE', #1148, 1000.000000000000000 ) ;
#9612 = ORIENTED_EDGE ( 'NONE', *, *, #4761, .F. ) ;
#9613 = AXIS2_PLACEMENT_3D ( 'NONE', #1151, #1152, #1153 ) ;
#9614 = ORIENTED_EDGE ( 'NONE', *, *, #4757, .T. ) ;
#9615 = VECTOR ( 'NONE', #1144, 1000.000000000000000 ) ;
#9616 = ORIENTED_EDGE ( 'NONE', *, *, #4812, .T. ) ;
#9617 = ORIENTED_EDGE ( 'NONE', *, *, #4083, .T. ) ;
#9619 = ORIENTED_EDGE ( 'NONE', *, *, #4087, .T. ) ;
#9618 = AXIS2_PLACEMENT_3D ( 'NONE', #1145, #1149, #1150 ) ;
#9620 = ORIENTED_EDGE ( 'NONE', *, *, #4763, .T. ) ;
#9621 = ORIENTED_EDGE ( 'NONE', *, *, #4266, .F. ) ;
#9622 = ORIENTED_EDGE ( 'NONE', *, *, #4298, .T. ) ;
#9623 = FACE_OUTER_BOUND ( 'NONE', #5331, .T. ) ;
#9624 = ORIENTED_EDGE ( 'NONE', *, *, #4204, .F. ) ;
#9625 = ORIENTED_EDGE ( 'NONE', *, *, #4009, .F. ) ;
#9626 = ORIENTED_EDGE ( 'NONE', *, *, #4621, .F. ) ;
#9627 = AXIS2_PLACEMENT_3D ( 'NONE', #1139, #1140, #1141 ) ;
#9628 = ORIENTED_EDGE ( 'NONE', *, *, #4270, .F. ) ;
#9629 = AXIS2_PLACEMENT_3D ( 'NONE', #1161, #1162, #1163 ) ;
#9630 = AXIS2_PLACEMENT_3D ( 'NONE', #1135, #1136, #1137 ) ;
#9631 = ORIENTED_EDGE ( 'NONE', *, *, #3951, .F. ) ;
#9632 = AXIS2_PLACEMENT_3D ( 'NONE', #1131, #1132, #1133 ) ;
#9633 = ORIENTED_EDGE ( 'NONE', *, *, #4715, .T. ) ;
#9634 = FACE_OUTER_BOUND ( 'NONE', #5449, .T. ) ;
#9635 = ORIENTED_EDGE ( 'NONE', *, *, #4660, .T. ) ;
#9636 = FACE_OUTER_BOUND ( 'NONE', #5305, .T. ) ;
#9637 = ORIENTED_EDGE ( 'NONE', *, *, #4452, .F. ) ;
#9638 = AXIS2_PLACEMENT_3D ( 'NONE', #1127, #1128, #1129 ) ;
#9640 = ORIENTED_EDGE ( 'NONE', *, *, #4271, .F. ) ;
#9639 = CYLINDRICAL_SURFACE ( 'NONE', #9638, 4.000000000000001800 ) ;
#9641 = FACE_OUTER_BOUND ( 'NONE', #5303, .T. ) ;
#9642 = CALENDAR_DATE ( 2012, 11, 5 ) ;
#9643 = AXIS2_PLACEMENT_3D ( 'NONE', #1124, #1125, #1126 ) ;
#9644 = FACE_OUTER_BOUND ( 'NONE', #5497, .T. ) ;
#9645 = ORIENTED_EDGE ( 'NONE', *, *, #4489, .F. ) ;
#9646 = AXIS2_PLACEMENT_3D ( 'NONE', #1120, #1121, #1122 ) ;
#9647 = APPROVAL_PERSON_ORGANIZATION ( #3657, #86, #3661 ) ;
#9648 = AXIS2_PLACEMENT_3D ( 'NONE', #1116, #1117, #1118 ) ;
#9649 = ORIENTED_EDGE ( 'NONE', *, *, #3987, .T. ) ;
#9651 = ORIENTED_EDGE ( 'NONE', *, *, #4536, .F. ) ;
#9650 = COORDINATED_UNIVERSAL_TIME_OFFSET ( 0, 0, .AHEAD. ) ;
#9652 = ORIENTED_EDGE ( 'NONE', *, *, #4156, .T. ) ;
#9653 = FACE_OUTER_BOUND ( 'NONE', #5496, .T. ) ;
#9654 = ORIENTED_EDGE ( 'NONE', *, *, #4486, .F. ) ;
#9655 = APPROVAL_PERSON_ORGANIZATION ( #3685, #39, #3689 ) ;
#9656 = PRODUCT_DEFINITION_FORMATION_WITH_SPECIFIED_SOURCE ( 'ANY', '', #1245, .NOT_KNOWN. ) ;
#9657 = ORIENTED_EDGE ( 'NONE', *, *, #4773, .F. ) ;
#9658 = FACE_OUTER_BOUND ( 'NONE', #5500, .T. ) ;
#9660 = ORIENTED_EDGE ( 'NONE', *, *, #3965, .T. ) ;
#9659 = AXIS2_PLACEMENT_3D ( 'NONE', #1112, #1113, #1114 ) ;
#9661 = FACE_OUTER_BOUND ( 'NONE', #5501, .T. ) ;
#9662 = COORDINATED_UNIVERSAL_TIME_OFFSET ( 0, 0, .AHEAD. ) ;
#9663 = AXIS2_PLACEMENT_3D ( 'NONE', #1105, #1106, #1107 ) ;
#9664 = ORIENTED_EDGE ( 'NONE', *, *, #4183, .F. ) ;
#9665 = CALENDAR_DATE ( 2012, 11, 5 ) ;
#9666 = FACE_OUTER_BOUND ( 'NONE', #5357, .T. ) ;
#9667 = FACE_OUTER_BOUND ( 'NONE', #5196, .T. ) ;
#9668 = ORIENTED_EDGE ( 'NONE', *, *, #4471, .F. ) ;
#9669 = CC_DESIGN_SECURITY_CLASSIFICATION ( #9821, ( #9656 ) ) ;
#9671 = ORIENTED_EDGE ( 'NONE', *, *, #4250, .F. ) ;
#9670 = FACE_OUTER_BOUND ( 'NONE', #5361, .T. ) ;
#9672 = APPROVAL_PERSON_ORGANIZATION ( #3722, #15, #3726 ) ;
#9673 = ORIENTED_EDGE ( 'NONE', *, *, #4029, .T. ) ;
#9674 = CALENDAR_DATE ( 2012, 11, 5 ) ;
#9675 = COORDINATED_UNIVERSAL_TIME_OFFSET ( 0, 0, .AHEAD. ) ;
#9676 = AXIS2_PLACEMENT_3D ( 'NONE', #1109, #1110, #1111 ) ;
#9677 = AXIS2_PLACEMENT_3D ( 'NONE', #1101, #1102, #1103 ) ;
#9678 = FACE_BOUND ( 'NONE', #5261, .T. ) ;
#9679 = FACE_OUTER_BOUND ( 'NONE', #5398, .T. ) ;
#9680 = ORIENTED_EDGE ( 'NONE', *, *, #4247, .F. ) ;
#9681 = VECTOR ( 'NONE', #1091, 1000.000000000000000 ) ;
#9682 = ORIENTED_EDGE ( 'NONE', *, *, #4140, .F. ) ;
#9683 = PRODUCT_DEFINITION_FORMATION_WITH_SPECIFIED_SOURCE ( 'ANY', '', #1244, .NOT_KNOWN. ) ;
#9684 = AXIS2_PLACEMENT_3D ( 'NONE', #1097, #1098, #1099 ) ;
#9685 = ORIENTED_EDGE ( 'NONE', *, *, #4389, .F. ) ;
#9686 = CALENDAR_DATE ( 2012, 11, 5 ) ;
#9687 = CC_DESIGN_APPROVAL ( #235, ( #297 ) ) ;
#9688 = ORIENTED_EDGE ( 'NONE', *, *, #4477, .T. ) ;
#9689 = CALENDAR_DATE ( 2012, 11, 5 ) ;
#9690 = COORDINATED_UNIVERSAL_TIME_OFFSET ( 0, 0, .AHEAD. ) ;
#9691 = AXIS2_PLACEMENT_3D ( 'NONE', #1093, #1094, #1095 ) ;
#9692 = FACE_OUTER_BOUND ( 'NONE', #5339, .T. ) ;
#9693 = AXIS2_PLACEMENT_3D ( 'NONE', #1086, #1087, #1088 ) ;
#9694 = ORIENTED_EDGE ( 'NONE', *, *, #4088, .F. ) ;
#9695 = CYLINDRICAL_SURFACE ( 'NONE', #9693, 8.249999999999971600 ) ;
#9697 = ORIENTED_EDGE ( 'NONE', *, *, #4083, .F. ) ;
#9696 = FACE_OUTER_BOUND ( 'NONE', #5451, .T. ) ;
#9698 = AXIS2_PLACEMENT_3D ( 'NONE', #1083, #1084, #1085 ) ;
#9699 = FACE_OUTER_BOUND ( 'NONE', #5384, .T. ) ;
#9700 = ORIENTED_EDGE ( 'NONE', *, *, #4269, .F. ) ;
#9701 = AXIS2_PLACEMENT_3D ( 'NONE', #1079, #1080, #1081 ) ;
#9702 = FACE_OUTER_BOUND ( 'NONE', #5426, .T. ) ;
#9703 = AXIS2_PLACEMENT_3D ( 'NONE', #1075, #1076, #1077 ) ;
#9704 = FACE_OUTER_BOUND ( 'NONE', #5360, .T. ) ;
#9705 = AXIS2_PLACEMENT_3D ( 'NONE', #1071, #1072, #1073 ) ;
#9706 = FACE_OUTER_BOUND ( 'NONE', #5252, .T. ) ;
#9708 = ORIENTED_EDGE ( 'NONE', *, *, #3976, .T. ) ;
#9707 = AXIS2_PLACEMENT_3D ( 'NONE', #712, #902, #612 ) ;
#9709 = AXIS2_PLACEMENT_3D ( 'NONE', #1067, #1068, #1069 ) ;
#9710 = ORIENTED_EDGE ( 'NONE', *, *, #4275, .F. ) ;
#9711 = AXIS2_PLACEMENT_3D ( 'NONE', #1063, #1064, #1065 ) ;
#9712 = FACE_OUTER_BOUND ( 'NONE', #5526, .T. ) ;
#9713 = ORIENTED_EDGE ( 'NONE', *, *, #3965, .F. ) ;
#9714 = FACE_OUTER_BOUND ( 'NONE', #5249, .T. ) ;
#9715 = AXIS2_PLACEMENT_3D ( 'NONE', #1059, #1060, #1061 ) ;
#9716 = ORIENTED_EDGE ( 'NONE', *, *, #4123, .F. ) ;
#9717 = CYLINDRICAL_SURFACE ( 'NONE', #9715, 1.999999999999996700 ) ;
#9718 = CC_DESIGN_APPROVAL ( #77, ( #9047 ) ) ;
#9719 = FACE_OUTER_BOUND ( 'NONE', #5552, .T. ) ;
#9720 = AXIS2_PLACEMENT_3D ( 'NONE', #1056, #1057, #1058 ) ;
#9721 = ORIENTED_EDGE ( 'NONE', *, *, #4466, .T. ) ;
#9722 = CC_DESIGN_SECURITY_CLASSIFICATION ( #9047, ( #9049 ) ) ;
#9724 = ORIENTED_EDGE ( 'NONE', *, *, #4485, .F. ) ;
#9723 = FACE_OUTER_BOUND ( 'NONE', #5536, .T. ) ;
#9725 = ORIENTED_EDGE ( 'NONE', *, *, #4029, .F. ) ;
#9726 = COORDINATED_UNIVERSAL_TIME_OFFSET ( 0, 0, .AHEAD. ) ;
#9727 = FACE_OUTER_BOUND ( 'NONE', #5333, .T. ) ;
#9728 = VECTOR ( 'NONE', #1046, 1000.000000000000000 ) ;
#9729 = ORIENTED_EDGE ( 'NONE', *, *, #4203, .F. ) ;
#9730 = CYLINDRICAL_SURFACE ( 'NONE', #8412, 3.999999999999994700 ) ;
#9731 = AXIS2_PLACEMENT_3D ( 'NONE', #1052, #1053, #1054 ) ;
#9732 = ORIENTED_EDGE ( 'NONE', *, *, #4541, .T. ) ;
#9733 = ORIENTED_EDGE ( 'NONE', *, *, #4719, .F. ) ;
#9734 = AXIS2_PLACEMENT_3D ( 'NONE', #1048, #1049, #1050 ) ;
#9735 = ORIENTED_EDGE ( 'NONE', *, *, #4477, .F. ) ;
#9736 = CALENDAR_DATE ( 2012, 11, 5 ) ;
#9737 = AXIS2_PLACEMENT_3D ( 'NONE', #6052, #6051, #6050 ) ;
#9738 = ORIENTED_EDGE ( 'NONE', *, *, #7071, .T. ) ;
#9739 = FACE_OUTER_BOUND ( 'NONE', #5336, .T. ) ;
#9740 = ORIENTED_EDGE ( 'NONE', *, *, #4335, .F. ) ;
#9741 = ORIENTED_EDGE ( 'NONE', *, *, #4540, .T. ) ;
#9742 = AXIS2_PLACEMENT_3D ( 'NONE', #1041, #1042, #1043 ) ;
#9743 = AXIS2_PLACEMENT_3D ( 'NONE', #1037, #1038, #1039 ) ;
#9744 = ORIENTED_EDGE ( 'NONE', *, *, #4190, .T. ) ;
#9745 = FACE_OUTER_BOUND ( 'NONE', #5542, .T. ) ;
#9746 = ORIENTED_EDGE ( 'NONE', *, *, #4481, .F. ) ;
#9747 = FACE_OUTER_BOUND ( 'NONE', #5403, .T. ) ;
#9748 = AXIS2_PLACEMENT_3D ( 'NONE', #1033, #1034, #1035 ) ;
#9749 = FACE_OUTER_BOUND ( 'NONE', #5507, .T. ) ;
#9750 = AXIS2_PLACEMENT_3D ( 'NONE', #1030, #1031, #1032 ) ;
#9751 = ORIENTED_EDGE ( 'NONE', *, *, #4104, .T. ) ;
#9752 = FACE_OUTER_BOUND ( 'NONE', #5422, .T. ) ;
#9753 = AXIS2_PLACEMENT_3D ( 'NONE', #1026, #1027, #1028 ) ;
#9754 = FACE_OUTER_BOUND ( 'NONE', #5229, .T. ) ;
#9755 = AXIS2_PLACEMENT_3D ( 'NONE', #1022, #1023, #1024 ) ;
#9756 = AXIS2_PLACEMENT_3D ( 'NONE', #1018, #1019, #1020 ) ;
#9757 = ORIENTED_EDGE ( 'NONE', *, *, #4769, .F. ) ;
#9758 = FACE_OUTER_BOUND ( 'NONE', #5571, .T. ) ;
#9759 = FACE_OUTER_BOUND ( 'NONE', #5220, .T. ) ;
#9760 = APPROVAL_PERSON_ORGANIZATION ( #3850, #212, #3848 ) ;
#9761 = CALENDAR_DATE ( 2012, 11, 5 ) ;
#9762 = AXIS2_PLACEMENT_3D ( 'NONE', #1014, #1015, #1016 ) ;
#9763 = ORIENTED_EDGE ( 'NONE', *, *, #7066, .T. ) ;
#9764 = FACE_OUTER_BOUND ( 'NONE', #5222, .T. ) ;
#9765 = ORIENTED_EDGE ( 'NONE', *, *, #7109, .T. ) ;
#9766 = ORIENTED_EDGE ( 'NONE', *, *, #4611, .T. ) ;
#9767 = AXIS2_PLACEMENT_3D ( 'NONE', #1011, #1012, #1013 ) ;
#9768 = ORIENTED_EDGE ( 'NONE', *, *, #7110, .T. ) ;
#9769 = AXIS2_PLACEMENT_3D ( 'NONE', #1007, #1008, #1009 ) ;
#9771 = ORIENTED_EDGE ( 'NONE', *, *, #4539, .T. ) ;
#9770 = FACE_OUTER_BOUND ( 'NONE', #5355, .T. ) ;
#9772 = FACE_OUTER_BOUND ( 'NONE', #5262, .T. ) ;
#9773 = ORIENTED_EDGE ( 'NONE', *, *, #4615, .F. ) ;
#9774 = ORIENTED_EDGE ( 'NONE', *, *, #4305, .F. ) ;
#9775 = COORDINATED_UNIVERSAL_TIME_OFFSET ( 0, 0, .AHEAD. ) ;
#9776 = ORIENTED_EDGE ( 'NONE', *, *, #4095, .T. ) ;
#9777 = ORIENTED_EDGE ( 'NONE', *, *, #7028, .T. ) ;
#9778 = APPROVAL_PERSON_ORGANIZATION ( #3620, #77, #3624 ) ;
#9779 = ORIENTED_EDGE ( 'NONE', *, *, #6950, .T. ) ;
#9780 = CALENDAR_DATE ( 2012, 11, 5 ) ;
#9781 = ORIENTED_EDGE ( 'NONE', *, *, #7111, .T. ) ;
#9782 = ORIENTED_EDGE ( 'NONE', *, *, #7118, .T. ) ;
#9783 = AXIS2_PLACEMENT_3D ( 'NONE', #1003, #1004, #1005 ) ;
#9784 = ORIENTED_EDGE ( 'NONE', *, *, #7134, .T. ) ;
#9785 = ORIENTED_EDGE ( 'NONE', *, *, #7099, .T. ) ;
#9786 = ORIENTED_EDGE ( 'NONE', *, *, #7078, .T. ) ;
#9787 = FACE_OUTER_BOUND ( 'NONE', #5232, .T. ) ;
#9788 = ORIENTED_EDGE ( 'NONE', *, *, #7054, .T. ) ;
#9789 = ORIENTED_EDGE ( 'NONE', *, *, #7059, .T. ) ;
#9790 = ORIENTED_EDGE ( 'NONE', *, *, #7125, .T. ) ;
#9791 = ORIENTED_EDGE ( 'NONE', *, *, #6983, .T. ) ;
#9792 = ORIENTED_EDGE ( 'NONE', *, *, #7113, .T. ) ;
#9793 = ORIENTED_EDGE ( 'NONE', *, *, #4087, .F. ) ;
#9794 = ORIENTED_EDGE ( 'NONE', *, *, #7040, .T. ) ;
#9795 = AXIS2_PLACEMENT_3D ( 'NONE', #1000, #1001, #1002 ) ;
#9796 = ORIENTED_EDGE ( 'NONE', *, *, #6951, .T. ) ;
#9797 = ORIENTED_EDGE ( 'NONE', *, *, #7089, .T. ) ;
#9798 = ORIENTED_EDGE ( 'NONE', *, *, #7005, .T. ) ;
#9799 = AXIS2_PLACEMENT_3D ( 'NONE', #995, #997, #998 ) ;
#9800 = FACE_OUTER_BOUND ( 'NONE', #5239, .T. ) ;
#9801 = ORIENTED_EDGE ( 'NONE', *, *, #7131, .T. ) ;
#9802 = ORIENTED_EDGE ( 'NONE', *, *, #7055, .T. ) ;
#9803 = FACE_OUTER_BOUND ( 'NONE', #5344, .T. ) ;
#9804 = ORIENTED_EDGE ( 'NONE', *, *, #6990, .T. ) ;
#9805 = CALENDAR_DATE ( 2012, 11, 5 ) ;
#9807 = ORIENTED_EDGE ( 'NONE', *, *, #7056, .T. ) ;
#9806 = COORDINATED_UNIVERSAL_TIME_OFFSET ( 0, 0, .AHEAD. ) ;
#9808 = COORDINATED_UNIVERSAL_TIME_OFFSET ( 0, 0, .AHEAD. ) ;
#9809 = CYLINDRICAL_SURFACE ( 'NONE', #9811, 4.250000000000003600 ) ;
#9810 = APPROVAL_PERSON_ORGANIZATION ( #3800, #267, #3798 ) ;
#9811 = AXIS2_PLACEMENT_3D ( 'NONE', #987, #989, #991 ) ;
#9812 = CC_DESIGN_APPROVAL ( #63, ( #47 ) ) ;
#9813 = FACE_OUTER_BOUND ( 'NONE', #5329, .T. ) ;
#9814 = CALENDAR_DATE ( 2012, 11, 5 ) ;
#9815 = AXIS2_PLACEMENT_3D ( 'NONE', #981, #983, #985 ) ;
#9816 = AXIS2_PLACEMENT_3D ( 'NONE', #718, #946, #844 ) ;
#9817 = CC_DESIGN_SECURITY_CLASSIFICATION ( #9093, ( #9997 ) ) ;
#9818 = CYLINDRICAL_SURFACE ( 'NONE', #9815, 6.749999999999978700 ) ;
#9819 = FACE_OUTER_BOUND ( 'NONE', #5351, .T. ) ;
#9820 = AXIS2_PLACEMENT_3D ( 'NONE', #967, #969, #971 ) ;
#9821 = SECURITY_CLASSIFICATION ( '', '', #3675 ) ;
#9822 = FACE_OUTER_BOUND ( 'NONE', #5419, .T. ) ;
#9823 = FACE_BOUND ( 'NONE', #5452, .T. ) ;
#9824 = CALENDAR_DATE ( 2012, 11, 5 ) ;
#9825 = FACE_OUTER_BOUND ( 'NONE', #5291, .T. ) ;
#9826 = FACE_OUTER_BOUND ( 'NONE', #5429, .T. ) ;
#9827 = CC_DESIGN_APPROVAL ( #86, ( #9656 ) ) ;
#9828 = FACE_OUTER_BOUND ( 'NONE', #5327, .T. ) ;
#9829 = COORDINATED_UNIVERSAL_TIME_OFFSET ( 0, 0, .AHEAD. ) ;
#9830 = CALENDAR_DATE ( 2012, 11, 5 ) ;
#9831 = AXIS2_PLACEMENT_3D ( 'NONE', #959, #961, #963 ) ;
#9832 = COORDINATED_UNIVERSAL_TIME_OFFSET ( 0, 0, .AHEAD. ) ;
#9833 = CC_DESIGN_APPROVAL ( #246, ( #9049 ) ) ;
#9834 = AXIS2_PLACEMENT_3D ( 'NONE', #953, #955, #957 ) ;
#9835 = VECTOR ( 'NONE', #949, 1000.000000000000000 ) ;
#9836 = FACE_OUTER_BOUND ( 'NONE', #5362, .T. ) ;
#9837 = AXIS2_PLACEMENT_3D ( 'NONE', #975, #977, #979 ) ;
#9838 = AXIS2_PLACEMENT_3D ( 'NONE', #939, #941, #943 ) ;
#9839 = SPHERICAL_SURFACE ( 'NONE', #9831, 13.00000000000000000 ) ;
#9840 = FACE_OUTER_BOUND ( 'NONE', #5495, .T. ) ;
#9841 = VECTOR ( 'NONE', #929, 1000.000000000000000 ) ;
#9842 = FACE_OUTER_BOUND ( 'NONE', #5468, .T. ) ;
#9843 = AXIS2_PLACEMENT_3D ( 'NONE', #931, #933, #935 ) ;
#9844 = FACE_OUTER_BOUND ( 'NONE', #5572, .T. ) ;
#9845 = AXIS2_PLACEMENT_3D ( 'NONE', #919, #921, #923 ) ;
#9846 = CYLINDRICAL_SURFACE ( 'NONE', #9843, 2.000000000000001800 ) ;
#9847 = AXIS2_PLACEMENT_3D ( 'NONE', #913, #915, #917 ) ;
#9848 = FACE_OUTER_BOUND ( 'NONE', #5306, .T. ) ;
#9849 = AXIS2_PLACEMENT_3D ( 'NONE', #932, #352, #996 ) ;
#9850 = AXIS2_PLACEMENT_3D ( 'NONE', #905, #907, #909 ) ;
#9851 = FACE_OUTER_BOUND ( 'NONE', #5386, .T. ) ;
#9852 = AXIS2_PLACEMENT_3D ( 'NONE', #897, #899, #901 ) ;
#9853 = AXIS2_PLACEMENT_3D ( 'NONE', #889, #891, #893 ) ;
#9854 = FACE_OUTER_BOUND ( 'NONE', #5494, .T. ) ;
#9855 = FACE_OUTER_BOUND ( 'NONE', #5393, .T. ) ;
#9856 = CYLINDRICAL_SURFACE ( 'NONE', #9858, 2.000000000000000000 ) ;
#9857 = FACE_OUTER_BOUND ( 'NONE', #5563, .T. ) ;
#9858 = AXIS2_PLACEMENT_3D ( 'NONE', #881, #883, #885 ) ;
#9859 = CYLINDRICAL_SURFACE ( 'NONE', #9866, 2.000000000000000000 ) ;
#9860 = VECTOR ( 'NONE', #873, 1000.000000000000100 ) ;
#9861 = FACE_OUTER_BOUND ( 'NONE', #5388, .T. ) ;
#9862 = AXIS2_PLACEMENT_3D ( 'NONE', #863, #865, #867 ) ;
#9863 = FACE_OUTER_BOUND ( 'NONE', #5391, .T. ) ;
#9864 = FACE_BOUND ( 'NONE', #5518, .T. ) ;
#9865 = FACE_OUTER_BOUND ( 'NONE', #5387, .T. ) ;
#9866 = AXIS2_PLACEMENT_3D ( 'NONE', #875, #877, #879 ) ;
#9867 = AXIS2_PLACEMENT_3D ( 'NONE', #855, #857, #859 ) ;
#9868 = CYLINDRICAL_SURFACE ( 'NONE', #9867, 24.00000000000000400 ) ;
#9869 = AXIS2_PLACEMENT_3D ( 'NONE', #849, #851, #853 ) ;
#9870 = FACE_OUTER_BOUND ( 'NONE', #5516, .T. ) ;
#9871 = FACE_OUTER_BOUND ( 'NONE', #5377, .T. ) ;
#9872 = AXIS2_PLACEMENT_3D ( 'NONE', #841, #843, #845 ) ;
#9873 = AXIS2_PLACEMENT_3D ( 'NONE', #835, #837, #839 ) ;
#9874 = FACE_OUTER_BOUND ( 'NONE', #5499, .T. ) ;
#9875 = VECTOR ( 'NONE', #825, 1000.000000000000100 ) ;
#9876 = FACE_OUTER_BOUND ( 'NONE', #5373, .T. ) ;
#9877 = AXIS2_PLACEMENT_3D ( 'NONE', #827, #829, #831 ) ;
#9878 = FACE_OUTER_BOUND ( 'NONE', #5315, .T. ) ;
#9879 = AXIS2_PLACEMENT_3D ( 'NONE', #815, #817, #819 ) ;
#9880 = FACE_OUTER_BOUND ( 'NONE', #5246, .T. ) ;
#9881 = FACE_OUTER_BOUND ( 'NONE', #5245, .T. ) ;
#9882 = VECTOR ( 'NONE', #797, 1000.000000000000000 ) ;
#9883 = FACE_OUTER_BOUND ( 'NONE', #5469, .T. ) ;
#9884 = VECTOR ( 'NONE', #789, 1000.000000000000000 ) ;
#9885 = AXIS2_PLACEMENT_3D ( 'NONE', #799, #801, #803 ) ;
#9886 = VECTOR ( 'NONE', #777, 1000.000000000000000 ) ;
#9887 = AXIS2_PLACEMENT_3D ( 'NONE', #807, #809, #811 ) ;
#9888 = VECTOR ( 'NONE', #769, 1000.000000000000100 ) ;
#9889 = FACE_OUTER_BOUND ( 'NONE', #5505, .T. ) ;
#9890 = AXIS2_PLACEMENT_3D ( 'NONE', #779, #781, #783 ) ;
#9891 = FACE_OUTER_BOUND ( 'NONE', #5474, .T. ) ;
#9892 = VECTOR ( 'NONE', #757, 1000.000000000000000 ) ;
#9893 = CYLINDRICAL_SURFACE ( 'NONE', #9894, 4.000000000000003600 ) ;
#9894 = AXIS2_PLACEMENT_3D ( 'NONE', #759, #761, #763 ) ;
#9895 = AXIS2_PLACEMENT_3D ( 'NONE', #747, #749, #751 ) ;
#9896 = AXIS2_PLACEMENT_3D ( 'NONE', #739, #741, #743 ) ;
#9897 = FACE_OUTER_BOUND ( 'NONE', #5511, .T. ) ;
#9898 = FACE_OUTER_BOUND ( 'NONE', #5550, .T. ) ;
#9899 = AXIS2_PLACEMENT_3D ( 'NONE', #731, #733, #735 ) ;
#9900 = CYLINDRICAL_SURFACE ( 'NONE', #9899, 3.999999999999989800 ) ;
#9901 = AXIS2_PLACEMENT_3D ( 'NONE', #725, #727, #729 ) ;
#9902 = FACE_OUTER_BOUND ( 'NONE', #5308, .T. ) ;
#9903 = FACE_OUTER_BOUND ( 'NONE', #5519, .T. ) ;
#9904 = AXIS2_PLACEMENT_3D ( 'NONE', #717, #719, #721 ) ;
#9905 = CYLINDRICAL_SURFACE ( 'NONE', #9904, 9.000000000000001800 ) ;
#9906 = FACE_OUTER_BOUND ( 'NONE', #5216, .T. ) ;
#9907 = AXIS2_PLACEMENT_3D ( 'NONE', #711, #713, #715 ) ;
#9908 = AXIS2_PLACEMENT_3D ( 'NONE', #703, #705, #707 ) ;
#9909 = FACE_OUTER_BOUND ( 'NONE', #5466, .T. ) ;
#9910 = FACE_OUTER_BOUND ( 'NONE', #5513, .T. ) ;
#9911 = AXIS2_PLACEMENT_3D ( 'NONE', #695, #697, #699 ) ;
#9912 = CYLINDRICAL_SURFACE ( 'NONE', #9911, 8.749999999999968000 ) ;
#9913 = AXIS2_PLACEMENT_3D ( 'NONE', #689, #691, #693 ) ;
#9914 = FACE_OUTER_BOUND ( 'NONE', #5310, .T. ) ;
#9915 = FACE_OUTER_BOUND ( 'NONE', #5286, .T. ) ;
#9916 = AXIS2_PLACEMENT_3D ( 'NONE', #681, #683, #685 ) ;
#9917 = CYLINDRICAL_SURFACE ( 'NONE', #9916, 20.00000000000002800 ) ;
#9918 = FACE_OUTER_BOUND ( 'NONE', #5278, .T. ) ;
#9919 = AXIS2_PLACEMENT_3D ( 'NONE', #675, #677, #679 ) ;
#9920 = AXIS2_PLACEMENT_3D ( 'NONE', #667, #669, #671 ) ;
#9921 = FACE_OUTER_BOUND ( 'NONE', #5273, .T. ) ;
#9922 = FACE_OUTER_BOUND ( 'NONE', #5522, .T. ) ;
#9923 = AXIS2_PLACEMENT_3D ( 'NONE', #659, #661, #663 ) ;
#9924 = CYLINDRICAL_SURFACE ( 'NONE', #9923, 8.250000000000023100 ) ;
#9925 = FACE_OUTER_BOUND ( 'NONE', #5276, .T. ) ;
#9926 = AXIS2_PLACEMENT_3D ( 'NONE', #653, #655, #657 ) ;
#9927 = FACE_OUTER_BOUND ( 'NONE', #5267, .T. ) ;
#9928 = AXIS2_PLACEMENT_3D ( 'NONE', #645, #647, #649 ) ;
#9929 = FACE_OUTER_BOUND ( 'NONE', #5265, .T. ) ;
#9930 = AXIS2_PLACEMENT_3D ( 'NONE', #637, #639, #641 ) ;
#9931 = AXIS2_PLACEMENT_3D ( 'NONE', #629, #631, #633 ) ;
#9932 = FACE_OUTER_BOUND ( 'NONE', #5271, .T. ) ;
#9933 = FACE_OUTER_BOUND ( 'NONE', #5379, .T. ) ;
#9934 = CYLINDRICAL_SURFACE ( 'NONE', #9935, 6.750000000000000900 ) ;
#9935 = AXIS2_PLACEMENT_3D ( 'NONE', #621, #623, #625 ) ;
#9936 = FACE_OUTER_BOUND ( 'NONE', #5302, .T. ) ;
#9937 = AXIS2_PLACEMENT_3D ( 'NONE', #615, #617, #619 ) ;
#9938 = CYLINDRICAL_SURFACE ( 'NONE', #9937, 20.00000000000001100 ) ;
#9939 = AXIS2_PLACEMENT_3D ( 'NONE', #609, #611, #613 ) ;
#9940 = FACE_OUTER_BOUND ( 'NONE', #5444, .T. ) ;
#9941 = FACE_OUTER_BOUND ( 'NONE', #5304, .T. ) ;
#9942 = AXIS2_PLACEMENT_3D ( 'NONE', #601, #603, #605 ) ;
#9943 = CYLINDRICAL_SURFACE ( 'NONE', #9942, 6.750000000000002700 ) ;
#9944 = FACE_OUTER_BOUND ( 'NONE', #5378, .T. ) ;
#9945 = AXIS2_PLACEMENT_3D ( 'NONE', #595, #597, #599 ) ;
#9946 = FACE_OUTER_BOUND ( 'NONE', #5446, .T. ) ;
#9947 = AXIS2_PLACEMENT_3D ( 'NONE', #587, #589, #591 ) ;
#9948 = AXIS2_PLACEMENT_3D ( 'NONE', #579, #581, #583 ) ;
#9949 = FACE_OUTER_BOUND ( 'NONE', #5431, .T. ) ;
#9950 = FACE_OUTER_BOUND ( 'NONE', #5380, .T. ) ;
#9951 = AXIS2_PLACEMENT_3D ( 'NONE', #571, #573, #575 ) ;
#9952 = CYLINDRICAL_SURFACE ( 'NONE', #9951, 20.50000000000001800 ) ;
#9953 = FACE_OUTER_BOUND ( 'NONE', #5289, .T. ) ;
#9954 = AXIS2_PLACEMENT_3D ( 'NONE', #565, #567, #569 ) ;
#9955 = FACE_OUTER_BOUND ( 'NONE', #5285, .T. ) ;
#9956 = AXIS2_PLACEMENT_3D ( 'NONE', #549, #551, #553 ) ;
#9957 = VECTOR ( 'NONE', #547, 1000.000000000000000 ) ;
#9958 = AXIS2_PLACEMENT_3D ( 'NONE', #557, #559, #561 ) ;
#9959 = VECTOR ( 'NONE', #541, 1000.000000000000000 ) ;
#9960 = FACE_OUTER_BOUND ( 'NONE', #5287, .T. ) ;
#9961 = VECTOR ( 'NONE', #533, 1000.000000000000000 ) ;
#9962 = FACE_OUTER_BOUND ( 'NONE', #5300, .T. ) ;
#9963 = VECTOR ( 'NONE', #842, 1000.000000000000000 ) ;
#9964 = FACE_OUTER_BOUND ( 'NONE', #5551, .T. ) ;
#9965 = VECTOR ( 'NONE', #878, 1000.000000000000100 ) ;
#9966 = FACE_OUTER_BOUND ( 'NONE', #5433, .T. ) ;
#9967 = VECTOR ( 'NONE', #790, 1000.000000000000100 ) ;
#9968 = VECTOR ( 'NONE', #396, 1000.000000000000000 ) ;
#9969 = AXIS2_PLACEMENT_3D ( 'NONE', #523, #525, #527 ) ;
#9970 = VECTOR ( 'NONE', #514, 1000.000000000000000 ) ;
#9971 = VECTOR ( 'NONE', #508, 1000.000000000000000 ) ;
#9972 = AXIS2_PLACEMENT_3D ( 'NONE', #568, #562, #576 ) ;
#9973 = FACE_OUTER_BOUND ( 'NONE', #5438, .T. ) ;
#9974 = FACE_OUTER_BOUND ( 'NONE', #5268, .T. ) ;
#9975 = VECTOR ( 'NONE', #660, 1000.000000000000200 ) ;
#9976 = FACE_OUTER_BOUND ( 'NONE', #5482, .T. ) ;
#9977 = AXIS2_PLACEMENT_3D ( 'NONE', #338, #344, #854 ) ;
#9978 = AXIS2_PLACEMENT_3D ( 'NONE', #658, #716, #358 ) ;
#9979 = AXIS2_PLACEMENT_3D ( 'NONE', #372, #746, #846 ) ;
#9980 = CYLINDRICAL_SURFACE ( 'NONE', #9979, 18.49999999999999600 ) ;
#9981 = AXIS2_PLACEMENT_3D ( 'NONE', #634, #644, #726 ) ;
#9982 = FACE_OUTER_BOUND ( 'NONE', #5247, .T. ) ;
#9983 = FACE_OUTER_BOUND ( 'NONE', #5241, .T. ) ;
#9984 = VECTOR ( 'NONE', #470, 1000.000000000000200 ) ;
#9985 = FACE_OUTER_BOUND ( 'NONE', #5472, .T. ) ;
#9986 = VECTOR ( 'NONE', #530, 1000.000000000000000 ) ;
#9987 = AXIS2_PLACEMENT_3D ( 'NONE', #600, #538, #418 ) ;
#9988 = VECTOR ( 'NONE', #6196, 1000.000000000000100 ) ;
#9989 = AXIS2_PLACEMENT_3D ( 'NONE', #6002, #6397, #6519 ) ;
#9990 = FACE_OUTER_BOUND ( 'NONE', #5281, .T. ) ;
#9991 = AXIS2_PLACEMENT_3D ( 'NONE', #6158, #6154, #6153 ) ;
#9992 = AXIS2_PLACEMENT_3D ( 'NONE', #6204, #6191, #6190 ) ;
#9993 = VECTOR ( 'NONE', #778, 1000.000000000000000 ) ;
#9994 = NEXT_ASSEMBLY_USAGE_OCCURRENCE ( 'NAUO1', ' ', ' ', #314, #297, $ ) ;
#9995 = NEXT_ASSEMBLY_USAGE_OCCURRENCE ( 'NAUO2', ' ', ' ', #314, #31, $ ) ;
#9996 = NEXT_ASSEMBLY_USAGE_OCCURRENCE ( 'NAUO3', ' ', ' ', #314, #47, $ ) ;
#9997 = NEXT_ASSEMBLY_USAGE_OCCURRENCE ( 'NAUO4', ' ', ' ', #314, #93, $ ) ;
ENDSEC;
END-ISO-10303-21;
